timestamp_utc,epoch_ts,tick_total,tick_in_m1,tick_in_m5,bid,ask,spread_cents,spread_status,tick_delta_cents,tick_direction,disp_m1_cents,disp_m5_cents,tick_vel_per_sec,price_vel_cents_sec,pulse_move_cents,speed_tier,m5_open,m5_high,m5_low,m5_close,m5_ema9,m5_ema21,m5_ema_sep_cents,m5_trend,m5_range_cents,m1_open,m1_high,m1_low,m1_close,m1_elapsed_sec,shield_status,m1_range_cents,m1_body_cents,m1_uwick_cents,m1_lwick_cents,m1_uwick_pct,m1_lwick_pct,opp_wick_pct,wick_gate_status,breakout_trigger,dist_to_trigger_cents,breakout_triggered,recommended_track,active_pos_count,used_margin,margin_buffer,loss_floor_buffer,signal_valid,decision_reason
2026-09-04 21:02:36.564,1788555756.564,77179,70,307,4430.99,4431.07,8.0,PASS_<=10c,+0.0,FLAT,+0.0,+34.0,4.0,+0.00,0.00,SLOW,4430.65,4431.16,4430.60,4430.99,0.00,0.00,0.0,BULLISH,56.0,4430.99,4430.99,4430.99,4430.99,36,CLEARED_>=20s,1.0,0.0,0.0,0.0,0.0,0.0,0.0,PASS_<20%,0.00,0.0,NO,STANDBY_VEL_LOW,0,0.00,4590.00,815.02,FALSE,M1_DIRECTION_MISMATCH
2026-09-04 21:02:37.204,1788555757.204,77180,71,308,4430.99,4431.07,8.0,PASS_<=10c,+0.0,FLAT,+0.0,+34.0,3.9,+0.00,0.00,SLOW,4430.65,4431.16,4430.60,4430.99,0.00,0.00,0.0,BULLISH,56.0,4430.99,4430.99,4430.99,4430.99,37,CLEARED_>=20s,1.0,0.0,0.0,0.0,0.0,0.0,0.0,PASS_<20%,0.00,0.0,NO,STANDBY_VEL_LOW,0,0.00,4590.00,815.02,FALSE,M1_DIRECTION_MISMATCH
2026-09-04 21:02:37.699,1788555757.699,77181,72,309,4430.99,4431.07,8.0,PASS_<=10c,+0.0,FLAT,+0.0,+34.0,3.9,+0.00,0.00,SLOW,4430.65,4431.16,4430.60,4430.99,0.00,0.00,0.0,BULLISH,56.0,4430.99,4430.99,4430.99,4430.99,37,CLEARED_>=20s,1.0,0.0,0.0,0.0,0.0,0.0,0.0,PASS_<20%,0.00,0.0,NO,STANDBY_VEL_LOW,0,0.00,4590.00,815.02,FALSE,M1_DIRECTION_MISMATCH
2026-09-04 21:02:38.203,1788555758.203,77182,73,310,4430.99,4431.07,8.0,PASS_<=10c,+0.0,FLAT,+0.0,+34.0,3.9,+0.00,0.00,SLOW,4430.65,4431.16,4430.60,4430.99,0.00,0.00,0.0,BULLISH,56.0,4430.99,4430.99,4430.99,4430.99,38,CLEARED_>=20s,1.0,0.0,0.0,0.0,0.0,0.0,0.0,PASS_<20%,0.00,0.0,NO,STANDBY_VEL_LOW,0,0.00,4590.00,815.02,FALSE,M1_DIRECTION_MISMATCH
2026-09-04 21:02:38.721,1788555758.721,77183,74,311,4430.99,4431.07,8.0,PASS_<=10c,+0.0,FLAT,+0.0,+34.0,3.9,+0.00,0.00,SLOW,4430.65,4431.16,4430.60,4430.99,0.00,0.00,0.0,BULLISH,56.0,4430.99,4430.99,4430.99,4430.99,38,CLEARED_>=20s,1.0,0.0,0.0,0.0,0.0,0.0,0.0,PASS_<20%,0.00,0.0,NO,STANDBY_VEL_LOW,0,0.00,4590.00,815.02,FALSE,M1_DIRECTION_MISMATCH
2026-09-04 21:02:39.275,1788555759.276,77184,75,312,4430.99,4431.07,8.0,PASS_<=10c,+0.0,FLAT,+0.0,+34.0,3.9,+0.00,0.00,SLOW,4430.65,4431.16,4430.60,4430.99,0.00,0.00,0.0,BULLISH,56.0,4430.99,4430.99,4430.99,4430.99,39,CLEARED_>=20s,1.0,0.0,0.0,0.0,0.0,0.0,0.0,PASS_<20%,0.00,0.0,NO,STANDBY_VEL_LOW,0,0.00,4590.00,815.02,FALSE,M1_DIRECTION_MISMATCH
2026-09-04 21:02:39.778,1788555759.779,77185,76,313,4430.99,4431.07,8.0,PASS_<=10c,+0.0,FLAT,+0.0,+34.0,3.9,+0.00,0.00,SLOW,4430.65,4431.16,4430.60,4430.99,0.00,0.00,0.0,BULLISH,56.0,4430.99,4430.99,4430.99,4430.99,39,CLEARED_>=20s,1.0,0.0,0.0,0.0,0.0,0.0,0.0,PASS_<20%,0.00,0.0,NO,STANDBY_VEL_LOW,0,0.00,4590.00,815.02,FALSE,M1_DIRECTION_MISMATCH
2026-09-04 21:02:40.281,1788555760.282,77186,77,314,4430.99,4431.07,8.0,PASS_<=10c,+0.0,FLAT,+0.0,+34.0,3.9,+0.00,0.00,SLOW,4430.65,4431.16,4430.60,4430.99,0.00,0.00,0.0,BULLISH,56.0,4430.99,4430.99,4430.99,4430.99,40,CLEARED_>=20s,1.0,0.0,0.0,0.0,0.0,0.0,0.0,PASS_<20%,0.00,0.0,NO,STANDBY_VEL_LOW,0,0.00,4590.00,815.02,FALSE,M1_DIRECTION_MISMATCH
2026-09-04 21:02:40.784,1788555760.784,77187,78,315,4430.99,4431.07,8.0,PASS_<=10c,+0.0,FLAT,+0.0,+34.0,4.0,+0.00,0.00,SLOW,4430.65,4431.16,4430.60,4430.99,0.00,0.00,0.0,BULLISH,56.0,4430.99,4430.99,4430.99,4430.99,40,CLEARED_>=20s,1.0,0.0,0.0,0.0,0.0,0.0,0.0,PASS_<20%,0.00,0.0,NO,STANDBY_VEL_LOW,0,0.00,4590.00,815.02,FALSE,M1_DIRECTION_MISMATCH
2026-09-04 21:02:41.295,1788555761.296,77188,79,316,4430.99,4431.07,8.0,PASS_<=10c,+0.0,FLAT,+0.0,+34.0,4.0,+0.00,0.00,SLOW,4430.65,4431.16,4430.60,4430.99,0.00,0.00,0.0,BULLISH,56.0,4430.99,4430.99,4430.99,4430.99,41,CLEARED_>=20s,1.0,0.0,0.0,0.0,0.0,0.0,0.0,PASS_<20%,0.00,0.0,NO,STANDBY_VEL_LOW,0,0.00,4590.00,815.02,FALSE,M1_DIRECTION_MISMATCH
2026-09-04 21:02:41.798,1788555761.798,77189,80,317,4430.99,4431.07,8.0,PASS_<=10c,+0.0,FLAT,+0.0,+34.0,4.1,+0.00,0.00,SLOW,4430.65,4431.16,4430.60,4430.99,0.00,0.00,0.0,BULLISH,56.0,4430.99,4430.99,4430.99,4430.99,41,CLEARED_>=20s,1.0,0.0,0.0,0.0,0.0,0.0,0.0,PASS_<20%,0.00,0.0,NO,STANDBY_VEL_LOW,0,0.00,4590.00,815.02,FALSE,M1_DIRECTION_MISMATCH
2026-09-04 21:02:42.298,1788555762.298,77190,81,318,4430.99,4431.07,8.0,PASS_<=10c,+0.0,FLAT,+0.0,+34.0,4.1,+0.00,0.00,SLOW,4430.65,4431.16,4430.60,4430.99,0.00,0.00,0.0,BULLISH,56.0,4430.99,4430.99,4430.99,4430.99,42,CLEARED_>=20s,1.0,0.0,0.0,0.0,0.0,0.0,0.0,PASS_<20%,0.00,0.0,NO,STANDBY_VEL_LOW,0,0.00,4590.00,815.02,FALSE,M1_DIRECTION_MISMATCH
2026-09-04 21:02:42.804,1788555762.805,77191,82,319,4430.99,4431.07,8.0,PASS_<=10c,+0.0,FLAT,+0.0,+34.0,4.1,+0.00,0.00,SLOW,4430.65,4431.16,4430.60,4430.99,0.00,0.00,0.0,BULLISH,56.0,4430.99,4430.99,4430.99,4430.99,42,CLEARED_>=20s,1.0,0.0,0.0,0.0,0.0,0.0,0.0,PASS_<20%,0.00,0.0,NO,STANDBY_VEL_LOW,0,0.00,4590.00,815.02,FALSE,M1_DIRECTION_MISMATCH
2026-09-04 21:02:43.328,1788555763.328,77192,83,320,4430.99,4431.07,8.0,PASS_<=10c,+0.0,FLAT,+0.0,+34.0,4.1,+0.00,0.00,SLOW,4430.65,4431.16,4430.60,4430.99,0.00,0.00,0.0,BULLISH,56.0,4430.99,4430.99,4430.99,4430.99,43,CLEARED_>=20s,1.0,0.0,0.0,0.0,0.0,0.0,0.0,PASS_<20%,0.00,0.0,NO,STANDBY_VEL_LOW,0,0.00,4590.00,815.02,FALSE,M1_DIRECTION_MISMATCH
2026-09-04 21:02:43.850,1788555763.851,77193,84,321,4430.99,4431.07,8.0,PASS_<=10c,+0.0,FLAT,+0.0,+34.0,4.1,+0.00,0.00,SLOW,4430.65,4431.16,4430.60,4430.99,0.00,0.00,0.0,BULLISH,56.0,4430.99,4430.99,4430.99,4430.99,43,CLEARED_>=20s,1.0,0.0,0.0,0.0,0.0,0.0,0.0,PASS_<20%,0.00,0.0,NO,STANDBY_VEL_LOW,0,0.00,4590.00,815.02,FALSE,M1_DIRECTION_MISMATCH
2026-09-04 21:02:44.368,1788555764.368,77194,85,322,4430.99,4431.07,8.0,PASS_<=10c,+0.0,FLAT,+0.0,+34.0,4.1,+0.00,0.00,SLOW,4430.65,4431.16,4430.60,4430.99,0.00,0.00,0.0,BULLISH,56.0,4430.99,4430.99,4430.99,4430.99,44,CLEARED_>=20s,1.0,0.0,0.0,0.0,0.0,0.0,0.0,PASS_<20%,0.00,0.0,NO,STANDBY_VEL_LOW,0,0.00,4590.00,815.02,FALSE,M1_DIRECTION_MISMATCH
2026-09-04 21:02:44.939,1788555764.939,77195,86,323,4430.99,4431.07,8.0,PASS_<=10c,+0.0,FLAT,+0.0,+34.0,4.1,+0.00,0.00,SLOW,4430.65,4431.16,4430.60,4430.99,0.00,0.00,0.0,BULLISH,56.0,4430.99,4430.99,4430.99,4430.99,44,CLEARED_>=20s,1.0,0.0,0.0,0.0,0.0,0.0,0.0,PASS_<20%,0.00,0.0,NO,STANDBY_VEL_LOW,0,0.00,4590.00,815.02,FALSE,M1_DIRECTION_MISMATCH
2026-09-04 21:02:45.442,1788555765.443,77196,87,324,4430.99,4431.07,8.0,PASS_<=10c,+0.0,FLAT,+0.0,+34.0,4.1,+0.00,0.00,SLOW,4430.65,4431.16,4430.60,4430.99,0.00,0.00,0.0,BULLISH,56.0,4430.99,4430.99,4430.99,4430.99,45,CLEARED_>=20s,1.0,0.0,0.0,0.0,0.0,0.0,0.0,PASS_<20%,0.00,0.0,NO,STANDBY_VEL_LOW,0,0.00,4590.00,815.02,FALSE,M1_DIRECTION_MISMATCH
2026-09-04 21:02:46.131,1788555766.132,77197,88,325,4430.99,4431.07,8.0,PASS_<=10c,+0.0,FLAT,+0.0,+34.0,4.0,+0.00,0.00,SLOW,4430.65,4431.16,4430.60,4430.99,0.00,0.00,0.0,BULLISH,56.0,4430.99,4430.99,4430.99,4430.99,46,CLEARED_>=20s,1.0,0.0,0.0,0.0,0.0,0.0,0.0,PASS_<20%,0.00,0.0,NO,STANDBY_VEL_LOW,0,0.00,4590.00,815.02,FALSE,M1_DIRECTION_MISMATCH
2026-09-04 21:02:47.259,1788555767.259,77198,89,326,4430.99,4431.07,8.0,PASS_<=10c,+0.0,FLAT,+0.0,+34.0,3.8,+0.00,0.00,SLOW,4430.65,4431.16,4430.60,4430.99,0.00,0.00,0.0,BULLISH,56.0,4430.99,4430.99,4430.99,4430.99,47,CLEARED_>=20s,1.0,0.0,0.0,0.0,0.0,0.0,0.0,PASS_<20%,0.00,0.0,NO,STANDBY_VEL_LOW,0,0.00,4590.00,815.02,FALSE,M1_DIRECTION_MISMATCH
2026-09-04 21:02:47.946,1788555767.947,77199,90,327,4430.99,4431.07,8.0,PASS_<=10c,+0.0,FLAT,+0.0,+34.0,3.8,+0.00,0.00,SLOW,4430.65,4431.16,4430.60,4430.99,0.00,0.00,0.0,BULLISH,56.0,4430.99,4430.99,4430.99,4430.99,47,CLEARED_>=20s,1.0,0.0,0.0,0.0,0.0,0.0,0.0,PASS_<20%,0.00,0.0,NO,STANDBY_VEL_LOW,0,0.00,4590.00,815.02,FALSE,M1_DIRECTION_MISMATCH
2026-09-04 21:02:48.499,1788555768.500,77200,91,328,4430.99,4431.07,8.0,PASS_<=10c,+0.0,FLAT,+0.0,+34.0,3.8,+0.00,0.00,SLOW,4430.65,4431.16,4430.60,4430.99,0.00,0.00,0.0,BULLISH,56.0,4430.99,4430.99,4430.99,4430.99,48,CLEARED_>=20s,1.0,0.0,0.0,0.0,0.0,0.0,0.0,PASS_<20%,0.00,0.0,NO,STANDBY_VEL_LOW,0,0.00,4590.00,815.02,FALSE,M1_DIRECTION_MISMATCH
2026-09-04 21:02:49.189,1788555769.189,77201,92,329,4430.99,4431.07,8.0,PASS_<=10c,+0.0,FLAT,+0.0,+34.0,3.8,+0.00,0.00,SLOW,4430.65,4431.16,4430.60,4430.99,0.00,0.00,0.0,BULLISH,56.0,4430.99,4430.99,4430.99,4430.99,49,CLEARED_>=20s,1.0,0.0,0.0,0.0,0.0,0.0,0.0,PASS_<20%,0.00,0.0,NO,STANDBY_VEL_LOW,0,0.00,4590.00,815.02,FALSE,M1_DIRECTION_MISMATCH
2026-09-04 21:02:49.735,1788555769.736,77202,93,330,4430.99,4431.07,8.0,PASS_<=10c,+0.0,FLAT,+0.0,+34.0,3.8,+0.00,0.00,SLOW,4430.65,4431.16,4430.60,4430.99,0.00,0.00,0.0,BULLISH,56.0,4430.99,4430.99,4430.99,4430.99,49,CLEARED_>=20s,1.0,0.0,0.0,0.0,0.0,0.0,0.0,PASS_<20%,0.00,0.0,NO,STANDBY_VEL_LOW,0,0.00,4590.00,815.02,FALSE,M1_DIRECTION_MISMATCH
2026-09-04 21:02:50.836,1788555770.836,77203,94,331,4430.99,4431.07,8.0,PASS_<=10c,+0.0,FLAT,+0.0,+34.0,3.7,+0.00,0.00,SLOW,4430.65,4431.16,4430.60,4430.99,0.00,0.00,0.0,BULLISH,56.0,4430.99,4430.99,4430.99,4430.99,50,CLEARED_>=20s,1.0,0.0,0.0,0.0,0.0,0.0,0.0,PASS_<20%,0.00,0.0,NO,STANDBY_VEL_LOW,0,0.00,4590.00,815.02,FALSE,M1_DIRECTION_MISMATCH
2026-09-04 21:02:51.343,1788555771.343,77204,95,332,4430.99,4431.07,8.0,PASS_<=10c,+0.0,FLAT,+0.0,+34.0,3.7,+0.00,0.00,SLOW,4430.65,4431.16,4430.60,4430.99,0.00,0.00,0.0,BULLISH,56.0,4430.99,4430.99,4430.99,4430.99,51,CLEARED_>=20s,1.0,0.0,0.0,0.0,0.0,0.0,0.0,PASS_<20%,0.00,0.0,NO,STANDBY_VEL_LOW,0,0.00,4590.00,815.02,FALSE,M1_DIRECTION_MISMATCH
2026-09-04 21:02:51.892,1788555771.892,77205,96,333,4430.99,4431.07,8.0,PASS_<=10c,+0.0,FLAT,+0.0,+34.0,3.7,+0.00,0.00,SLOW,4430.65,4431.16,4430.60,4430.99,0.00,0.00,0.0,BULLISH,56.0,4430.99,4430.99,4430.99,4430.99,51,CLEARED_>=20s,1.0,0.0,0.0,0.0,0.0,0.0,0.0,PASS_<20%,0.00,0.0,NO,STANDBY_VEL_LOW,0,0.00,4590.00,815.02,FALSE,M1_DIRECTION_MISMATCH
2026-09-04 21:02:52.554,1788555772.555,77206,97,334,4430.99,4431.07,8.0,PASS_<=10c,+0.0,FLAT,+0.0,+34.0,3.7,+0.00,0.00,SLOW,4430.65,4431.16,4430.60,4430.99,0.00,0.00,0.0,BULLISH,56.0,4430.99,4430.99,4430.99,4430.99,52,CLEARED_>=20s,1.0,0.0,0.0,0.0,0.0,0.0,0.0,PASS_<20%,0.00,0.0,NO,STANDBY_VEL_LOW,0,0.00,4590.00,815.02,FALSE,M1_DIRECTION_MISMATCH
2026-09-04 21:02:53.195,1788555773.195,77207,98,335,4430.99,4431.07,8.0,PASS_<=10c,+0.0,FLAT,+0.0,+34.0,3.7,+0.00,0.00,SLOW,4430.65,4431.16,4430.60,4430.99,0.00,0.00,0.0,BULLISH,56.0,4430.99,4430.99,4430.99,4430.99,53,CLEARED_>=20s,1.0,0.0,0.0,0.0,0.0,0.0,0.0,PASS_<20%,0.00,0.0,NO,STANDBY_VEL_LOW,0,0.00,4590.00,815.02,FALSE,M1_DIRECTION_MISMATCH
2026-09-04 21:02:53.709,1788555773.710,77208,99,336,4430.99,4431.07,8.0,PASS_<=10c,+0.0,FLAT,+0.0,+34.0,3.7,+0.00,0.00,SLOW,4430.65,4431.16,4430.60,4430.99,0.00,0.00,0.0,BULLISH,56.0,4430.99,4430.99,4430.99,4430.99,53,CLEARED_>=20s,1.0,0.0,0.0,0.0,0.0,0.0,0.0,PASS_<20%,0.00,0.0,NO,STANDBY_VEL_LOW,0,0.00,4590.00,815.02,FALSE,M1_DIRECTION_MISMATCH
2026-09-04 21:02:54.717,1788555774.718,77209,100,337,4430.99,4431.07,8.0,PASS_<=10c,+0.0,FLAT,+0.0,+34.0,3.7,+0.00,0.00,SLOW,4430.65,4431.16,4430.60,4430.99,0.00,0.00,0.0,BULLISH,56.0,4430.99,4430.99,4430.99,4430.99,54,CLEARED_>=20s,1.0,0.0,0.0,0.0,0.0,0.0,0.0,PASS_<20%,0.00,0.0,NO,STANDBY_VEL_LOW,0,0.00,4590.00,815.02,FALSE,M1_DIRECTION_MISMATCH
2026-09-04 21:02:55.222,1788555775.223,77210,101,338,4430.99,4431.07,8.0,PASS_<=10c,+0.0,FLAT,+0.0,+34.0,3.7,+0.00,0.00,SLOW,4430.65,4431.16,4430.60,4430.99,0.00,0.00,0.0,BULLISH,56.0,4430.99,4430.99,4430.99,4430.99,55,CLEARED_>=20s,1.0,0.0,0.0,0.0,0.0,0.0,0.0,PASS_<20%,0.00,0.0,NO,STANDBY_VEL_LOW,0,0.00,4590.00,815.02,FALSE,M1_DIRECTION_MISMATCH
2026-09-04 21:02:55.725,1788555775.725,77211,102,339,4430.99,4431.07,8.0,PASS_<=10c,+0.0,FLAT,+0.0,+34.0,3.7,+0.00,0.00,SLOW,4430.65,4431.16,4430.60,4430.99,0.00,0.00,0.0,BULLISH,56.0,4430.99,4430.99,4430.99,4430.99,55,CLEARED_>=20s,1.0,0.0,0.0,0.0,0.0,0.0,0.0,PASS_<20%,0.00,0.0,NO,STANDBY_VEL_LOW,0,0.00,4590.00,815.02,FALSE,M1_DIRECTION_MISMATCH
2026-09-04 21:02:56.225,1788555776.226,77212,103,340,4430.99,4431.07,8.0,PASS_<=10c,+0.0,FLAT,+0.0,+34.0,3.7,+0.00,0.00,SLOW,4430.65,4431.16,4430.60,4430.99,0.00,0.00,0.0,BULLISH,56.0,4430.99,4430.99,4430.99,4430.99,56,CLEARED_>=20s,1.0,0.0,0.0,0.0,0.0,0.0,0.0,PASS_<20%,0.00,0.0,NO,STANDBY_VEL_LOW,0,0.00,4590.00,815.02,FALSE,M1_DIRECTION_MISMATCH
2026-09-04 21:02:56.730,1788555776.731,77213,104,341,4430.99,4431.07,8.0,PASS_<=10c,+0.0,FLAT,+0.0,+34.0,3.7,+0.00,0.00,SLOW,4430.65,4431.16,4430.60,4430.99,0.00,0.00,0.0,BULLISH,56.0,4430.99,4430.99,4430.99,4430.99,56,CLEARED_>=20s,1.0,0.0,0.0,0.0,0.0,0.0,0.0,PASS_<20%,0.00,0.0,NO,STANDBY_VEL_LOW,0,0.00,4590.00,815.02,FALSE,M1_DIRECTION_MISMATCH
2026-09-04 21:02:57.232,1788555777.233,77214,105,342,4430.99,4431.07,8.0,PASS_<=10c,+0.0,FLAT,+0.0,+34.0,3.7,+0.00,0.00,SLOW,4430.65,4431.16,4430.60,4430.99,0.00,0.00,0.0,BULLISH,56.0,4430.99,4430.99,4430.99,4430.99,57,CLEARED_>=20s,1.0,0.0,0.0,0.0,0.0,0.0,0.0,PASS_<20%,0.00,0.0,NO,STANDBY_VEL_LOW,0,0.00,4590.00,815.02,FALSE,M1_DIRECTION_MISMATCH
2026-09-04 21:02:57.734,1788555777.734,77215,106,343,4430.99,4431.07,8.0,PASS_<=10c,+0.0,FLAT,+0.0,+34.0,3.7,+0.00,0.00,SLOW,4430.65,4431.16,4430.60,4430.99,0.00,0.00,0.0,BULLISH,56.0,4430.99,4430.99,4430.99,4430.99,57,CLEARED_>=20s,1.0,0.0,0.0,0.0,0.0,0.0,0.0,PASS_<20%,0.00,0.0,NO,STANDBY_VEL_LOW,0,0.00,4590.00,815.02,FALSE,M1_DIRECTION_MISMATCH
2026-09-04 21:02:58.236,1788555778.236,77216,107,344,4430.99,4431.07,8.0,PASS_<=10c,+0.0,FLAT,+0.0,+34.0,3.8,+0.00,0.00,SLOW,4430.65,4431.16,4430.60,4430.99,0.00,0.00,0.0,BULLISH,56.0,4430.99,4430.99,4430.99,4430.99,58,CLEARED_>=20s,1.0,0.0,0.0,0.0,0.0,0.0,0.0,PASS_<20%,0.00,0.0,NO,STANDBY_VEL_LOW,0,0.00,4590.00,815.02,FALSE,M1_DIRECTION_MISMATCH
2026-09-04 21:02:58.737,1788555778.738,77217,108,345,4430.99,4431.07,8.0,PASS_<=10c,+0.0,FLAT,+0.0,+34.0,4.2,+0.00,0.00,SLOW,4430.65,4431.16,4430.60,4430.99,0.00,0.00,0.0,BULLISH,56.0,4430.99,4430.99,4430.99,4430.99,58,CLEARED_>=20s,1.0,0.0,0.0,0.0,0.0,0.0,0.0,PASS_<20%,0.00,0.0,NO,STANDBY_VEL_LOW,0,0.00,4590.00,815.02,FALSE,M1_DIRECTION_MISMATCH
2026-09-04 21:02:59.239,1788555779.239,77218,109,346,4430.99,4431.07,8.0,PASS_<=10c,+0.0,FLAT,+0.0,+34.0,4.2,+0.00,0.00,SLOW,4430.65,4431.16,4430.60,4430.99,0.00,0.00,0.0,BULLISH,56.0,4430.99,4430.99,4430.99,4430.99,59,CLEARED_>=20s,1.0,0.0,0.0,0.0,0.0,0.0,0.0,PASS_<20%,0.00,0.0,NO,STANDBY_VEL_LOW,0,0.00,4590.00,815.02,FALSE,M1_DIRECTION_MISMATCH
2026-09-04 21:02:59.741,1788555779.741,77219,110,347,4430.99,4431.07,8.0,PASS_<=10c,+0.0,FLAT,+0.0,+34.0,4.2,+0.00,0.00,SLOW,4430.65,4431.16,4430.60,4430.99,0.00,0.00,0.0,BULLISH,56.0,4430.99,4430.99,4430.99,4430.99,59,CLEARED_>=20s,1.0,0.0,0.0,0.0,0.0,0.0,0.0,PASS_<20%,0.00,0.0,NO,STANDBY_VEL_LOW,0,0.00,4590.00,815.02,FALSE,M1_DIRECTION_MISMATCH
2026-09-04 21:03:00.247,1788555780.248,77220,1,348,4430.99,4431.07,8.0,PASS_<=10c,+0.0,FLAT,+0.0,+34.0,4.2,+0.00,0.00,SLOW,4430.65,4431.16,4430.60,4430.99,0.00,0.00,0.0,BULLISH,56.0,4430.99,4430.99,4430.99,4430.99,0,ACTIVE_0s,1.0,0.0,0.0,0.0,0.0,0.0,0.0,PASS_<20%,0.00,0.0,NO,STANDBY_VEL_LOW,0,0.00,4590.00,815.02,FALSE,M1_DIRECTION_MISMATCH|OPENING_SHIELD_ACTIVE_0s
2026-09-04 21:03:00.742,1788555780.743,77221,2,349,4430.99,4431.07,8.0,PASS_<=10c,+0.0,FLAT,+0.0,+34.0,4.2,+0.00,0.00,SLOW,4430.65,4431.16,4430.60,4430.99,0.00,0.00,0.0,BULLISH,56.0,4430.99,4430.99,4430.99,4430.99,0,ACTIVE_0s,1.0,0.0,0.0,0.0,0.0,0.0,0.0,PASS_<20%,0.00,0.0,NO,STANDBY_VEL_LOW,0,0.00,4590.00,815.02,FALSE,M1_DIRECTION_MISMATCH|OPENING_SHIELD_ACTIVE_0s
2026-09-04 21:03:01.244,1788555781.244,77222,3,350,4430.99,4431.07,8.0,PASS_<=10c,+0.0,FLAT,+0.0,+34.0,4.2,+0.00,0.00,SLOW,4430.65,4431.16,4430.60,4430.99,0.00,0.00,0.0,BULLISH,56.0,4430.99,4430.99,4430.99,4430.99,1,ACTIVE_1s,1.0,0.0,0.0,0.0,0.0,0.0,0.0,PASS_<20%,0.00,0.0,NO,STANDBY_VEL_LOW,0,0.00,4590.00,815.02,FALSE,M1_DIRECTION_MISMATCH|OPENING_SHIELD_ACTIVE_1s
2026-09-04 21:03:01.746,1788555781.747,77223,4,351,4430.99,4431.07,8.0,PASS_<=10c,+0.0,FLAT,+0.0,+34.0,4.2,+0.00,0.00,SLOW,4430.65,4431.16,4430.60,4430.99,0.00,0.00,0.0,BULLISH,56.0,4430.99,4430.99,4430.99,4430.99,1,ACTIVE_1s,1.0,0.0,0.0,0.0,0.0,0.0,0.0,PASS_<20%,0.00,0.0,NO,STANDBY_VEL_LOW,0,0.00,4590.00,815.02,FALSE,M1_DIRECTION_MISMATCH|OPENING_SHIELD_ACTIVE_1s
2026-09-04 21:03:02.248,1788555782.249,77224,5,352,4430.99,4431.07,8.0,PASS_<=10c,+0.0,FLAT,+0.0,+34.0,4.2,+0.00,0.00,SLOW,4430.65,4431.16,4430.60,4430.99,0.00,0.00,0.0,BULLISH,56.0,4430.99,4430.99,4430.99,4430.99,2,ACTIVE_2s,1.0,0.0,0.0,0.0,0.0,0.0,0.0,PASS_<20%,0.00,0.0,NO,STANDBY_VEL_LOW,0,0.00,4590.00,815.02,FALSE,M1_DIRECTION_MISMATCH|OPENING_SHIELD_ACTIVE_2s
2026-09-04 21:03:02.750,1788555782.751,77225,6,353,4430.99,4431.07,8.0,PASS_<=10c,+0.0,FLAT,+0.0,+34.0,4.2,+0.00,0.00,SLOW,4430.65,4431.16,4430.60,4430.99,0.00,0.00,0.0,BULLISH,56.0,4430.99,4430.99,4430.99,4430.99,2,ACTIVE_2s,1.0,0.0,0.0,0.0,0.0,0.0,0.0,PASS_<20%,0.00,0.0,NO,STANDBY_VEL_LOW,0,0.00,4590.00,815.02,FALSE,M1_DIRECTION_MISMATCH|OPENING_SHIELD_ACTIVE_2s
2026-09-04 21:03:03.256,1788555783.256,77226,7,354,4430.99,4431.07,8.0,PASS_<=10c,+0.0,FLAT,+0.0,+34.0,4.2,+0.00,0.00,SLOW,4430.65,4431.16,4430.60,4430.99,0.00,0.00,0.0,BULLISH,56.0,4430.99,4430.99,4430.99,4430.99,3,ACTIVE_3s,1.0,0.0,0.0,0.0,0.0,0.0,0.0,PASS_<20%,0.00,0.0,NO,STANDBY_VEL_LOW,0,0.00,4590.00,815.02,FALSE,M1_DIRECTION_MISMATCH|OPENING_SHIELD_ACTIVE_3s
2026-09-04 21:03:03.755,1788555783.756,77227,8,355,4430.99,4431.07,8.0,PASS_<=10c,+0.0,FLAT,+0.0,+34.0,4.2,+0.00,0.00,SLOW,4430.65,4431.16,4430.60,4430.99,0.00,0.00,0.0,BULLISH,56.0,4430.99,4430.99,4430.99,4430.99,3,ACTIVE_3s,1.0,0.0,0.0,0.0,0.0,0.0,0.0,PASS_<20%,0.00,0.0,NO,STANDBY_VEL_LOW,0,0.00,4590.00,815.02,FALSE,M1_DIRECTION_MISMATCH|OPENING_SHIELD_ACTIVE_3s
2026-09-04 21:03:04.258,1788555784.258,77228,9,356,4430.99,4431.07,8.0,PASS_<=10c,+0.0,FLAT,+0.0,+34.0,4.2,+0.00,0.00,SLOW,4430.65,4431.16,4430.60,4430.99,0.00,0.00,0.0,BULLISH,56.0,4430.99,4430.99,4430.99,4430.99,4,ACTIVE_4s,1.0,0.0,0.0,0.0,0.0,0.0,0.0,PASS_<20%,0.00,0.0,NO,STANDBY_VEL_LOW,0,0.00,4590.00,815.02,FALSE,M1_DIRECTION_MISMATCH|OPENING_SHIELD_ACTIVE_4s
2026-09-04 21:03:04.769,1788555784.769,77229,10,357,4430.99,4431.07,8.0,PASS_<=10c,+0.0,FLAT,+0.0,+34.0,4.2,+0.00,0.00,SLOW,4430.65,4431.16,4430.60,4430.99,0.00,0.00,0.0,BULLISH,56.0,4430.99,4430.99,4430.99,4430.99,4,ACTIVE_4s,1.0,0.0,0.0,0.0,0.0,0.0,0.0,PASS_<20%,0.00,0.0,NO,STANDBY_VEL_LOW,0,0.00,4590.00,815.02,FALSE,M1_DIRECTION_MISMATCH|OPENING_SHIELD_ACTIVE_4s
2026-09-04 21:03:05.266,1788555785.266,77230,11,358,4430.99,4431.07,8.0,PASS_<=10c,+0.0,FLAT,+0.0,+34.0,4.2,+0.00,0.00,SLOW,4430.65,4431.16,4430.60,4430.99,0.00,0.00,0.0,BULLISH,56.0,4430.99,4430.99,4430.99,4430.99,5,ACTIVE_5s,1.0,0.0,0.0,0.0,0.0,0.0,0.0,PASS_<20%,0.00,0.0,NO,STANDBY_VEL_LOW,0,0.00,4590.00,815.02,FALSE,M1_DIRECTION_MISMATCH|OPENING_SHIELD_ACTIVE_5s
2026-09-04 21:03:05.767,1788555785.768,77231,12,359,4430.99,4431.07,8.0,PASS_<=10c,+0.0,FLAT,+0.0,+34.0,4.2,+0.00,0.00,SLOW,4430.65,4431.16,4430.60,4430.99,0.00,0.00,0.0,BULLISH,56.0,4430.99,4430.99,4430.99,4430.99,5,ACTIVE_5s,1.0,0.0,0.0,0.0,0.0,0.0,0.0,PASS_<20%,0.00,0.0,NO,STANDBY_VEL_LOW,0,0.00,4590.00,815.02,FALSE,M1_DIRECTION_MISMATCH|OPENING_SHIELD_ACTIVE_5s
2026-09-04 21:03:06.269,1788555786.269,77232,13,360,4430.99,4431.07,8.0,PASS_<=10c,+0.0,FLAT,+0.0,+34.0,4.2,+0.00,0.00,SLOW,4430.65,4431.16,4430.60,4430.99,0.00,0.00,0.0,BULLISH,56.0,4430.99,4430.99,4430.99,4430.99,6,ACTIVE_6s,1.0,0.0,0.0,0.0,0.0,0.0,0.0,PASS_<20%,0.00,0.0,NO,STANDBY_VEL_LOW,0,0.00,4590.00,815.02,FALSE,M1_DIRECTION_MISMATCH|OPENING_SHIELD_ACTIVE_6s
2026-09-04 21:03:06.770,1788555786.771,77233,14,361,4430.99,4431.07,8.0,PASS_<=10c,+0.0,FLAT,+0.0,+34.0,4.2,+0.00,0.00,SLOW,4430.65,4431.16,4430.60,4430.99,0.00,0.00,0.0,BULLISH,56.0,4430.99,4430.99,4430.99,4430.99,6,ACTIVE_6s,1.0,0.0,0.0,0.0,0.0,0.0,0.0,PASS_<20%,0.00,0.0,NO,STANDBY_VEL_LOW,0,0.00,4590.00,815.02,FALSE,M1_DIRECTION_MISMATCH|OPENING_SHIELD_ACTIVE_6s
2026-09-04 21:03:07.272,1788555787.273,77234,15,362,4430.99,4431.07,8.0,PASS_<=10c,+0.0,FLAT,+0.0,+34.0,4.2,+0.00,0.00,SLOW,4430.65,4431.16,4430.60,4430.99,0.00,0.00,0.0,BULLISH,56.0,4430.99,4430.99,4430.99,4430.99,7,ACTIVE_7s,1.0,0.0,0.0,0.0,0.0,0.0,0.0,PASS_<20%,0.00,0.0,NO,STANDBY_VEL_LOW,0,0.00,4590.00,815.02,FALSE,M1_DIRECTION_MISMATCH|OPENING_SHIELD_ACTIVE_7s
2026-09-04 21:03:07.779,1788555787.780,77235,16,363,4430.99,4431.07,8.0,PASS_<=10c,+0.0,FLAT,+0.0,+34.0,4.2,+0.00,0.00,SLOW,4430.65,4431.16,4430.60,4430.99,0.00,0.00,0.0,BULLISH,56.0,4430.99,4430.99,4430.99,4430.99,7,ACTIVE_7s,1.0,0.0,0.0,0.0,0.0,0.0,0.0,PASS_<20%,0.00,0.0,NO,STANDBY_VEL_LOW,0,0.00,4590.00,815.02,FALSE,M1_DIRECTION_MISMATCH|OPENING_SHIELD_ACTIVE_7s
2026-09-04 21:03:08.280,1788555788.281,77236,17,364,4430.99,4431.07,8.0,PASS_<=10c,+0.0,FLAT,+0.0,+34.0,4.2,+0.00,0.00,SLOW,4430.65,4431.16,4430.60,4430.99,0.00,0.00,0.0,BULLISH,56.0,4430.99,4430.99,4430.99,4430.99,8,ACTIVE_8s,1.0,0.0,0.0,0.0,0.0,0.0,0.0,PASS_<20%,0.00,0.0,NO,STANDBY_VEL_LOW,0,0.00,4590.00,815.02,FALSE,M1_DIRECTION_MISMATCH|OPENING_SHIELD_ACTIVE_8s
2026-09-04 21:03:08.781,1788555788.782,77237,18,365,4430.99,4431.07,8.0,PASS_<=10c,+0.0,FLAT,+0.0,+34.0,4.2,+0.00,0.00,SLOW,4430.65,4431.16,4430.60,4430.99,0.00,0.00,0.0,BULLISH,56.0,4430.99,4430.99,4430.99,4430.99,8,ACTIVE_8s,1.0,0.0,0.0,0.0,0.0,0.0,0.0,PASS_<20%,0.00,0.0,NO,STANDBY_VEL_LOW,0,0.00,4590.00,815.02,FALSE,M1_DIRECTION_MISMATCH|OPENING_SHIELD_ACTIVE_8s
2026-09-04 21:03:09.285,1788555789.285,77238,19,366,4430.99,4431.07,8.0,PASS_<=10c,+0.0,FLAT,+0.0,+34.0,4.2,+0.00,0.00,SLOW,4430.65,4431.16,4430.60,4430.99,0.00,0.00,0.0,BULLISH,56.0,4430.99,4430.99,4430.99,4430.99,9,ACTIVE_9s,1.0,0.0,0.0,0.0,0.0,0.0,0.0,PASS_<20%,0.00,0.0,NO,STANDBY_VEL_LOW,0,0.00,4590.00,815.02,FALSE,M1_DIRECTION_MISMATCH|OPENING_SHIELD_ACTIVE_9s
2026-09-04 21:03:09.786,1788555789.787,77239,20,367,4430.99,4431.07,8.0,PASS_<=10c,+0.0,FLAT,+0.0,+34.0,4.2,+0.00,0.00,SLOW,4430.65,4431.16,4430.60,4430.99,0.00,0.00,0.0,BULLISH,56.0,4430.99,4430.99,4430.99,4430.99,9,ACTIVE_9s,1.0,0.0,0.0,0.0,0.0,0.0,0.0,PASS_<20%,0.00,0.0,NO,STANDBY_VEL_LOW,0,0.00,4590.00,815.02,FALSE,M1_DIRECTION_MISMATCH|OPENING_SHIELD_ACTIVE_9s
2026-09-04 21:03:10.289,1788555790.289,77240,21,368,4430.99,4431.07,8.0,PASS_<=10c,+0.0,FLAT,+0.0,+34.0,4.2,+0.00,0.00,SLOW,4430.65,4431.16,4430.60,4430.99,0.00,0.00,0.0,BULLISH,56.0,4430.99,4430.99,4430.99,4430.99,10,ACTIVE_10s,1.0,0.0,0.0,0.0,0.0,0.0,0.0,PASS_<20%,0.00,0.0,NO,STANDBY_VEL_LOW,0,0.00,4590.00,815.02,FALSE,M1_DIRECTION_MISMATCH|OPENING_SHIELD_ACTIVE_10s
2026-09-04 21:03:10.790,1788555790.790,77241,22,369,4430.99,4431.07,8.0,PASS_<=10c,+0.0,FLAT,+0.0,+34.0,4.2,+0.00,0.00,SLOW,4430.65,4431.16,4430.60,4430.99,0.00,0.00,0.0,BULLISH,56.0,4430.99,4430.99,4430.99,4430.99,10,ACTIVE_10s,1.0,0.0,0.0,0.0,0.0,0.0,0.0,PASS_<20%,0.00,0.0,NO,STANDBY_VEL_LOW,0,0.00,4590.00,815.02,FALSE,M1_DIRECTION_MISMATCH|OPENING_SHIELD_ACTIVE_10s
2026-09-04 21:03:11.291,1788555791.292,77242,23,370,4430.99,4431.07,8.0,PASS_<=10c,+0.0,FLAT,+0.0,+34.0,4.2,+0.00,0.00,SLOW,4430.65,4431.16,4430.60,4430.99,0.00,0.00,0.0,BULLISH,56.0,4430.99,4430.99,4430.99,4430.99,11,ACTIVE_11s,1.0,0.0,0.0,0.0,0.0,0.0,0.0,PASS_<20%,0.00,0.0,NO,STANDBY_VEL_LOW,0,0.00,4590.00,815.02,FALSE,M1_DIRECTION_MISMATCH|OPENING_SHIELD_ACTIVE_11s
2026-09-04 21:03:11.795,1788555791.795,77243,24,371,4430.99,4431.07,8.0,PASS_<=10c,+0.0,FLAT,+0.0,+34.0,4.2,+0.00,0.00,SLOW,4430.65,4431.16,4430.60,4430.99,0.00,0.00,0.0,BULLISH,56.0,4430.99,4430.99,4430.99,4430.99,11,ACTIVE_11s,1.0,0.0,0.0,0.0,0.0,0.0,0.0,PASS_<20%,0.00,0.0,NO,STANDBY_VEL_LOW,0,0.00,4590.00,815.02,FALSE,M1_DIRECTION_MISMATCH|OPENING_SHIELD_ACTIVE_11s
2026-09-04 21:03:12.295,1788555792.296,77244,25,372,4430.99,4431.07,8.0,PASS_<=10c,+0.0,FLAT,+0.0,+34.0,4.2,+0.00,0.00,SLOW,4430.65,4431.16,4430.60,4430.99,0.00,0.00,0.0,BULLISH,56.0,4430.99,4430.99,4430.99,4430.99,12,ACTIVE_12s,1.0,0.0,0.0,0.0,0.0,0.0,0.0,PASS_<20%,0.00,0.0,NO,STANDBY_VEL_LOW,0,0.00,4590.00,815.02,FALSE,M1_DIRECTION_MISMATCH|OPENING_SHIELD_ACTIVE_12s
2026-09-04 21:03:12.798,1788555792.798,77245,26,373,4430.99,4431.07,8.0,PASS_<=10c,+0.0,FLAT,+0.0,+34.0,4.2,+0.00,0.00,SLOW,4430.65,4431.16,4430.60,4430.99,0.00,0.00,0.0,BULLISH,56.0,4430.99,4430.99,4430.99,4430.99,12,ACTIVE_12s,1.0,0.0,0.0,0.0,0.0,0.0,0.0,PASS_<20%,0.00,0.0,NO,STANDBY_VEL_LOW,0,0.00,4590.00,815.02,FALSE,M1_DIRECTION_MISMATCH|OPENING_SHIELD_ACTIVE_12s
2026-09-04 21:03:13.299,1788555793.300,77246,27,374,4430.99,4431.07,8.0,PASS_<=10c,+0.0,FLAT,+0.0,+34.0,4.2,+0.00,0.00,SLOW,4430.65,4431.16,4430.60,4430.99,0.00,0.00,0.0,BULLISH,56.0,4430.99,4430.99,4430.99,4430.99,13,ACTIVE_13s,1.0,0.0,0.0,0.0,0.0,0.0,0.0,PASS_<20%,0.00,0.0,NO,STANDBY_VEL_LOW,0,0.00,4590.00,815.02,FALSE,M1_DIRECTION_MISMATCH|OPENING_SHIELD_ACTIVE_13s
2026-09-04 21:03:13.805,1788555793.806,77247,28,375,4430.99,4431.07,8.0,PASS_<=10c,+0.0,FLAT,+0.0,+34.0,4.2,+0.00,0.00,SLOW,4430.65,4431.16,4430.60,4430.99,0.00,0.00,0.0,BULLISH,56.0,4430.99,4430.99,4430.99,4430.99,13,ACTIVE_13s,1.0,0.0,0.0,0.0,0.0,0.0,0.0,PASS_<20%,0.00,0.0,NO,STANDBY_VEL_LOW,0,0.00,4590.00,815.02,FALSE,M1_DIRECTION_MISMATCH|OPENING_SHIELD_ACTIVE_13s
2026-09-04 21:03:14.303,1788555794.303,77248,29,376,4430.99,4431.07,8.0,PASS_<=10c,+0.0,FLAT,+0.0,+34.0,4.2,+0.00,0.00,SLOW,4430.65,4431.16,4430.60,4430.99,0.00,0.00,0.0,BULLISH,56.0,4430.99,4430.99,4430.99,4430.99,14,ACTIVE_14s,1.0,0.0,0.0,0.0,0.0,0.0,0.0,PASS_<20%,0.00,0.0,NO,STANDBY_VEL_LOW,0,0.00,4590.00,815.02,FALSE,M1_DIRECTION_MISMATCH|OPENING_SHIELD_ACTIVE_14s
2026-09-04 21:03:14.803,1788555794.804,77249,30,377,4430.99,4431.07,8.0,PASS_<=10c,+0.0,FLAT,+0.0,+34.0,4.2,+0.00,0.00,SLOW,4430.65,4431.16,4430.60,4430.99,0.00,0.00,0.0,BULLISH,56.0,4430.99,4430.99,4430.99,4430.99,14,ACTIVE_14s,1.0,0.0,0.0,0.0,0.0,0.0,0.0,PASS_<20%,0.00,0.0,NO,STANDBY_VEL_LOW,0,0.00,4590.00,815.02,FALSE,M1_DIRECTION_MISMATCH|OPENING_SHIELD_ACTIVE_14s
2026-09-04 21:03:15.313,1788555795.314,77250,31,378,4430.99,4431.07,8.0,PASS_<=10c,+0.0,FLAT,+0.0,+34.0,4.2,+0.00,0.00,SLOW,4430.65,4431.16,4430.60,4430.99,0.00,0.00,0.0,BULLISH,56.0,4430.99,4430.99,4430.99,4430.99,15,ACTIVE_15s,1.0,0.0,0.0,0.0,0.0,0.0,0.0,PASS_<20%,0.00,0.0,NO,STANDBY_VEL_LOW,0,0.00,4590.00,815.02,FALSE,M1_DIRECTION_MISMATCH|OPENING_SHIELD_ACTIVE_15s
2026-09-04 21:03:15.806,1788555795.806,77251,32,379,4430.99,4431.07,8.0,PASS_<=10c,+0.0,FLAT,+0.0,+34.0,4.2,+0.00,0.00,SLOW,4430.65,4431.16,4430.60,4430.99,0.00,0.00,0.0,BULLISH,56.0,4430.99,4430.99,4430.99,4430.99,15,ACTIVE_15s,1.0,0.0,0.0,0.0,0.0,0.0,0.0,PASS_<20%,0.00,0.0,NO,STANDBY_VEL_LOW,0,0.00,4590.00,815.02,FALSE,M1_DIRECTION_MISMATCH|OPENING_SHIELD_ACTIVE_15s
2026-09-04 21:03:16.308,1788555796.309,77252,33,380,4430.99,4431.07,8.0,PASS_<=10c,+0.0,FLAT,+0.0,+34.0,4.2,+0.00,0.00,SLOW,4430.65,4431.16,4430.60,4430.99,0.00,0.00,0.0,BULLISH,56.0,4430.99,4430.99,4430.99,4430.99,16,ACTIVE_16s,1.0,0.0,0.0,0.0,0.0,0.0,0.0,PASS_<20%,0.00,0.0,NO,STANDBY_VEL_LOW,0,0.00,4590.00,815.02,FALSE,M1_DIRECTION_MISMATCH|OPENING_SHIELD_ACTIVE_16s
2026-09-04 21:03:16.811,1788555796.811,77253,34,381,4430.99,4431.07,8.0,PASS_<=10c,+0.0,FLAT,+0.0,+34.0,4.2,+0.00,0.00,SLOW,4430.65,4431.16,4430.60,4430.99,0.00,0.00,0.0,BULLISH,56.0,4430.99,4430.99,4430.99,4430.99,16,ACTIVE_16s,1.0,0.0,0.0,0.0,0.0,0.0,0.0,PASS_<20%,0.00,0.0,NO,STANDBY_VEL_LOW,0,0.00,4590.00,815.02,FALSE,M1_DIRECTION_MISMATCH|OPENING_SHIELD_ACTIVE_16s
2026-09-04 21:03:17.314,1788555797.314,77254,35,382,4430.99,4431.07,8.0,PASS_<=10c,+0.0,FLAT,+0.0,+34.0,4.2,+0.00,0.00,SLOW,4430.65,4431.16,4430.60,4430.99,0.00,0.00,0.0,BULLISH,56.0,4430.99,4430.99,4430.99,4430.99,17,ACTIVE_17s,1.0,0.0,0.0,0.0,0.0,0.0,0.0,PASS_<20%,0.00,0.0,NO,STANDBY_VEL_LOW,0,0.00,4590.00,815.02,FALSE,M1_DIRECTION_MISMATCH|OPENING_SHIELD_ACTIVE_17s
2026-09-04 21:03:17.814,1788555797.814,77255,36,383,4430.99,4431.07,8.0,PASS_<=10c,+0.0,FLAT,+0.0,+34.0,4.2,+0.00,0.00,SLOW,4430.65,4431.16,4430.60,4430.99,0.00,0.00,0.0,BULLISH,56.0,4430.99,4430.99,4430.99,4430.99,17,ACTIVE_17s,1.0,0.0,0.0,0.0,0.0,0.0,0.0,PASS_<20%,0.00,0.0,NO,STANDBY_VEL_LOW,0,0.00,4590.00,815.02,FALSE,M1_DIRECTION_MISMATCH|OPENING_SHIELD_ACTIVE_17s
2026-09-04 21:03:18.316,1788555798.317,77256,37,384,4430.99,4431.07,8.0,PASS_<=10c,+0.0,FLAT,+0.0,+34.0,4.2,+0.00,0.00,SLOW,4430.65,4431.16,4430.60,4430.99,0.00,0.00,0.0,BULLISH,56.0,4430.99,4430.99,4430.99,4430.99,18,ACTIVE_18s,1.0,0.0,0.0,0.0,0.0,0.0,0.0,PASS_<20%,0.00,0.0,NO,STANDBY_VEL_LOW,0,0.00,4590.00,815.02,FALSE,M1_DIRECTION_MISMATCH|OPENING_SHIELD_ACTIVE_18s
2026-09-04 21:03:18.818,1788555798.819,77257,38,385,4430.99,4431.07,8.0,PASS_<=10c,+0.0,FLAT,+0.0,+34.0,4.2,+0.00,0.00,SLOW,4430.65,4431.16,4430.60,4430.99,0.00,0.00,0.0,BULLISH,56.0,4430.99,4430.99,4430.99,4430.99,18,ACTIVE_18s,1.0,0.0,0.0,0.0,0.0,0.0,0.0,PASS_<20%,0.00,0.0,NO,STANDBY_VEL_LOW,0,0.00,4590.00,815.02,FALSE,M1_DIRECTION_MISMATCH|OPENING_SHIELD_ACTIVE_18s
2026-09-04 21:03:19.319,1788555799.320,77258,39,386,4430.99,4431.07,8.0,PASS_<=10c,+0.0,FLAT,+0.0,+34.0,4.2,+0.00,0.00,SLOW,4430.65,4431.16,4430.60,4430.99,0.00,0.00,0.0,BULLISH,56.0,4430.99,4430.99,4430.99,4430.99,19,ACTIVE_19s,1.0,0.0,0.0,0.0,0.0,0.0,0.0,PASS_<20%,0.00,0.0,NO,STANDBY_VEL_LOW,0,0.00,4590.00,815.02,FALSE,M1_DIRECTION_MISMATCH|OPENING_SHIELD_ACTIVE_19s
2026-09-04 21:03:19.860,1788555799.861,77259,40,387,4430.99,4431.07,8.0,PASS_<=10c,+0.0,FLAT,+0.0,+34.0,4.2,+0.00,0.00,SLOW,4430.65,4431.16,4430.60,4430.99,0.00,0.00,0.0,BULLISH,56.0,4430.99,4430.99,4430.99,4430.99,19,ACTIVE_19s,1.0,0.0,0.0,0.0,0.0,0.0,0.0,PASS_<20%,0.00,0.0,NO,STANDBY_VEL_LOW,0,0.00,4590.00,815.02,FALSE,M1_DIRECTION_MISMATCH|OPENING_SHIELD_ACTIVE_19s
2026-09-04 21:03:20.325,1788555800.326,77260,41,388,4430.99,4431.07,8.0,PASS_<=10c,+0.0,FLAT,+0.0,+34.0,4.2,+0.00,0.00,SLOW,4430.65,4431.16,4430.60,4430.99,0.00,0.00,0.0,BULLISH,56.0,4430.99,4430.99,4430.99,4430.99,20,CLEARED_>=20s,1.0,0.0,0.0,0.0,0.0,0.0,0.0,PASS_<20%,0.00,0.0,NO,STANDBY_VEL_LOW,0,0.00,4590.00,815.02,FALSE,M1_DIRECTION_MISMATCH
2026-09-04 21:03:20.828,1788555800.828,77261,42,389,4430.99,4431.07,8.0,PASS_<=10c,+0.0,FLAT,+0.0,+34.0,4.2,+0.00,0.00,SLOW,4430.65,4431.16,4430.60,4430.99,0.00,0.00,0.0,BULLISH,56.0,4430.99,4430.99,4430.99,4430.99,20,CLEARED_>=20s,1.0,0.0,0.0,0.0,0.0,0.0,0.0,PASS_<20%,0.00,0.0,NO,STANDBY_VEL_LOW,0,0.00,4590.00,815.02,FALSE,M1_DIRECTION_MISMATCH
2026-09-04 21:03:21.330,1788555801.330,77262,43,390,4430.99,4431.07,8.0,PASS_<=10c,+0.0,FLAT,+0.0,+34.0,4.2,+0.00,0.00,SLOW,4430.65,4431.16,4430.60,4430.99,0.00,0.00,0.0,BULLISH,56.0,4430.99,4430.99,4430.99,4430.99,21,CLEARED_>=20s,1.0,0.0,0.0,0.0,0.0,0.0,0.0,PASS_<20%,0.00,0.0,NO,STANDBY_VEL_LOW,0,0.00,4590.00,815.02,FALSE,M1_DIRECTION_MISMATCH
2026-09-04 21:03:21.831,1788555801.832,77263,44,391,4430.99,4431.07,8.0,PASS_<=10c,+0.0,FLAT,+0.0,+34.0,4.2,+0.00,0.00,SLOW,4430.65,4431.16,4430.60,4430.99,0.00,0.00,0.0,BULLISH,56.0,4430.99,4430.99,4430.99,4430.99,21,CLEARED_>=20s,1.0,0.0,0.0,0.0,0.0,0.0,0.0,PASS_<20%,0.00,0.0,NO,STANDBY_VEL_LOW,0,0.00,4590.00,815.02,FALSE,M1_DIRECTION_MISMATCH
2026-09-04 21:03:22.333,1788555802.334,77264,45,392,4430.99,4431.07,8.0,PASS_<=10c,+0.0,FLAT,+0.0,+34.0,4.2,+0.00,0.00,SLOW,4430.65,4431.16,4430.60,4430.99,0.00,0.00,0.0,BULLISH,56.0,4430.99,4430.99,4430.99,4430.99,22,CLEARED_>=20s,1.0,0.0,0.0,0.0,0.0,0.0,0.0,PASS_<20%,0.00,0.0,NO,STANDBY_VEL_LOW,0,0.00,4590.00,815.02,FALSE,M1_DIRECTION_MISMATCH
2026-09-04 21:03:22.835,1788555802.836,77265,46,393,4430.99,4431.07,8.0,PASS_<=10c,+0.0,FLAT,+0.0,+34.0,4.2,+0.00,0.00,SLOW,4430.65,4431.16,4430.60,4430.99,0.00,0.00,0.0,BULLISH,56.0,4430.99,4430.99,4430.99,4430.99,22,CLEARED_>=20s,1.0,0.0,0.0,0.0,0.0,0.0,0.0,PASS_<20%,0.00,0.0,NO,STANDBY_VEL_LOW,0,0.00,4590.00,815.02,FALSE,M1_DIRECTION_MISMATCH
2026-09-04 21:03:23.337,1788555803.337,77266,47,394,4430.99,4431.07,8.0,PASS_<=10c,+0.0,FLAT,+0.0,+34.0,4.2,+0.00,0.00,SLOW,4430.65,4431.16,4430.60,4430.99,0.00,0.00,0.0,BULLISH,56.0,4430.99,4430.99,4430.99,4430.99,23,CLEARED_>=20s,1.0,0.0,0.0,0.0,0.0,0.0,0.0,PASS_<20%,0.00,0.0,NO,STANDBY_VEL_LOW,0,0.00,4590.00,815.02,FALSE,M1_DIRECTION_MISMATCH
2026-09-04 21:03:23.840,1788555803.840,77267,48,395,4430.99,4431.07,8.0,PASS_<=10c,+0.0,FLAT,+0.0,+34.0,4.2,+0.00,0.00,SLOW,4430.65,4431.16,4430.60,4430.99,0.00,0.00,0.0,BULLISH,56.0,4430.99,4430.99,4430.99,4430.99,23,CLEARED_>=20s,1.0,0.0,0.0,0.0,0.0,0.0,0.0,PASS_<20%,0.00,0.0,NO,STANDBY_VEL_LOW,0,0.00,4590.00,815.02,FALSE,M1_DIRECTION_MISMATCH
2026-09-04 21:03:24.343,1788555804.344,77268,49,396,4430.99,4431.07,8.0,PASS_<=10c,+0.0,FLAT,+0.0,+34.0,4.2,+0.00,0.00,SLOW,4430.65,4431.16,4430.60,4430.99,0.00,0.00,0.0,BULLISH,56.0,4430.99,4430.99,4430.99,4430.99,24,CLEARED_>=20s,1.0,0.0,0.0,0.0,0.0,0.0,0.0,PASS_<20%,0.00,0.0,NO,STANDBY_VEL_LOW,0,0.00,4590.00,815.02,FALSE,M1_DIRECTION_MISMATCH
2026-09-04 21:03:24.841,1788555804.842,77269,50,397,4430.99,4431.07,8.0,PASS_<=10c,+0.0,FLAT,+0.0,+34.0,4.2,+0.00,0.00,SLOW,4430.65,4431.16,4430.60,4430.99,0.00,0.00,0.0,BULLISH,56.0,4430.99,4430.99,4430.99,4430.99,24,CLEARED_>=20s,1.0,0.0,0.0,0.0,0.0,0.0,0.0,PASS_<20%,0.00,0.0,NO,STANDBY_VEL_LOW,0,0.00,4590.00,815.02,FALSE,M1_DIRECTION_MISMATCH
2026-09-04 21:03:25.343,1788555805.344,77270,51,398,4430.99,4431.07,8.0,PASS_<=10c,+0.0,FLAT,+0.0,+34.0,4.2,+0.00,0.00,SLOW,4430.65,4431.16,4430.60,4430.99,0.00,0.00,0.0,BULLISH,56.0,4430.99,4430.99,4430.99,4430.99,25,CLEARED_>=20s,1.0,0.0,0.0,0.0,0.0,0.0,0.0,PASS_<20%,0.00,0.0,NO,STANDBY_VEL_LOW,0,0.00,4590.00,815.02,FALSE,M1_DIRECTION_MISMATCH
2026-09-04 21:03:25.847,1788555805.847,77271,52,399,4430.99,4431.07,8.0,PASS_<=10c,+0.0,FLAT,+0.0,+34.0,4.2,+0.00,0.00,SLOW,4430.65,4431.16,4430.60,4430.99,0.00,0.00,0.0,BULLISH,56.0,4430.99,4430.99,4430.99,4430.99,25,CLEARED_>=20s,1.0,0.0,0.0,0.0,0.0,0.0,0.0,PASS_<20%,0.00,0.0,NO,STANDBY_VEL_LOW,0,0.00,4590.00,815.02,FALSE,M1_DIRECTION_MISMATCH
2026-09-04 21:03:26.348,1788555806.349,77272,53,400,4430.99,4431.07,8.0,PASS_<=10c,+0.0,FLAT,+0.0,+34.0,4.2,+0.00,0.00,SLOW,4430.65,4431.16,4430.60,4430.99,0.00,0.00,0.0,BULLISH,56.0,4430.99,4430.99,4430.99,4430.99,26,CLEARED_>=20s,1.0,0.0,0.0,0.0,0.0,0.0,0.0,PASS_<20%,0.00,0.0,NO,STANDBY_VEL_LOW,0,0.00,4590.00,815.02,FALSE,M1_DIRECTION_MISMATCH
2026-09-04 21:03:26.852,1788555806.853,77273,54,401,4430.99,4431.07,8.0,PASS_<=10c,+0.0,FLAT,+0.0,+34.0,4.2,+0.00,0.00,SLOW,4430.65,4431.16,4430.60,4430.99,0.00,0.00,0.0,BULLISH,56.0,4430.99,4430.99,4430.99,4430.99,26,CLEARED_>=20s,1.0,0.0,0.0,0.0,0.0,0.0,0.0,PASS_<20%,0.00,0.0,NO,STANDBY_VEL_LOW,0,0.00,4590.00,815.02,FALSE,M1_DIRECTION_MISMATCH
2026-09-04 21:03:27.353,1788555807.354,77274,55,402,4430.99,4431.07,8.0,PASS_<=10c,+0.0,FLAT,+0.0,+34.0,4.2,+0.00,0.00,SLOW,4430.65,4431.16,4430.60,4430.99,0.00,0.00,0.0,BULLISH,56.0,4430.99,4430.99,4430.99,4430.99,27,CLEARED_>=20s,1.0,0.0,0.0,0.0,0.0,0.0,0.0,PASS_<20%,0.00,0.0,NO,STANDBY_VEL_LOW,0,0.00,4590.00,815.02,FALSE,M1_DIRECTION_MISMATCH
2026-09-04 21:03:27.856,1788555807.856,77275,56,403,4430.99,4431.07,8.0,PASS_<=10c,+0.0,FLAT,+0.0,+34.0,4.2,+0.00,0.00,SLOW,4430.65,4431.16,4430.60,4430.99,0.00,0.00,0.0,BULLISH,56.0,4430.99,4430.99,4430.99,4430.99,27,CLEARED_>=20s,1.0,0.0,0.0,0.0,0.0,0.0,0.0,PASS_<20%,0.00,0.0,NO,STANDBY_VEL_LOW,0,0.00,4590.00,815.02,FALSE,M1_DIRECTION_MISMATCH
2026-09-04 21:03:28.356,1788555808.357,77276,57,404,4430.99,4431.07,8.0,PASS_<=10c,+0.0,FLAT,+0.0,+34.0,4.2,+0.00,0.00,SLOW,4430.65,4431.16,4430.60,4430.99,0.00,0.00,0.0,BULLISH,56.0,4430.99,4430.99,4430.99,4430.99,28,CLEARED_>=20s,1.0,0.0,0.0,0.0,0.0,0.0,0.0,PASS_<20%,0.00,0.0,NO,STANDBY_VEL_LOW,0,0.00,4590.00,815.02,FALSE,M1_DIRECTION_MISMATCH
2026-09-04 21:03:28.859,1788555808.860,77277,58,405,4430.99,4431.07,8.0,PASS_<=10c,+0.0,FLAT,+0.0,+34.0,4.2,+0.00,0.00,SLOW,4430.65,4431.16,4430.60,4430.99,0.00,0.00,0.0,BULLISH,56.0,4430.99,4430.99,4430.99,4430.99,28,CLEARED_>=20s,1.0,0.0,0.0,0.0,0.0,0.0,0.0,PASS_<20%,0.00,0.0,NO,STANDBY_VEL_LOW,0,0.00,4590.00,815.02,FALSE,M1_DIRECTION_MISMATCH
2026-09-04 21:03:29.362,1788555809.362,77278,59,406,4430.99,4431.07,8.0,PASS_<=10c,+0.0,FLAT,+0.0,+34.0,4.2,+0.00,0.00,SLOW,4430.65,4431.16,4430.60,4430.99,0.00,0.00,0.0,BULLISH,56.0,4430.99,4430.99,4430.99,4430.99,29,CLEARED_>=20s,1.0,0.0,0.0,0.0,0.0,0.0,0.0,PASS_<20%,0.00,0.0,NO,STANDBY_VEL_LOW,0,0.00,4590.00,815.02,FALSE,M1_DIRECTION_MISMATCH
2026-09-04 21:03:29.865,1788555809.866,77279,60,407,4430.99,4431.07,8.0,PASS_<=10c,+0.0,FLAT,+0.0,+34.0,4.2,+0.00,0.00,SLOW,4430.65,4431.16,4430.60,4430.99,0.00,0.00,0.0,BULLISH,56.0,4430.99,4430.99,4430.99,4430.99,29,CLEARED_>=20s,1.0,0.0,0.0,0.0,0.0,0.0,0.0,PASS_<20%,0.00,0.0,NO,STANDBY_VEL_LOW,0,0.00,4590.00,815.02,FALSE,M1_DIRECTION_MISMATCH
2026-09-04 21:03:30.365,1788555810.366,77280,61,408,4430.99,4431.07,8.0,PASS_<=10c,+0.0,FLAT,+0.0,+34.0,4.2,+0.00,0.00,SLOW,4430.65,4431.16,4430.60,4430.99,0.00,0.00,0.0,BULLISH,56.0,4430.99,4430.99,4430.99,4430.99,30,CLEARED_>=20s,1.0,0.0,0.0,0.0,0.0,0.0,0.0,PASS_<20%,0.00,0.0,NO,STANDBY_VEL_LOW,0,0.00,4590.00,815.02,FALSE,M1_DIRECTION_MISMATCH
2026-09-04 21:03:30.869,1788555810.869,77281,62,409,4430.99,4431.07,8.0,PASS_<=10c,+0.0,FLAT,+0.0,+34.0,4.2,+0.00,0.00,SLOW,4430.65,4431.16,4430.60,4430.99,0.00,0.00,0.0,BULLISH,56.0,4430.99,4430.99,4430.99,4430.99,30,CLEARED_>=20s,1.0,0.0,0.0,0.0,0.0,0.0,0.0,PASS_<20%,0.00,0.0,NO,STANDBY_VEL_LOW,0,0.00,4590.00,815.02,FALSE,M1_DIRECTION_MISMATCH
2026-09-04 21:03:31.374,1788555811.374,77282,63,410,4430.99,4431.07,8.0,PASS_<=10c,+0.0,FLAT,+0.0,+34.0,4.2,+0.00,0.00,SLOW,4430.65,4431.16,4430.60,4430.99,0.00,0.00,0.0,BULLISH,56.0,4430.99,4430.99,4430.99,4430.99,31,CLEARED_>=20s,1.0,0.0,0.0,0.0,0.0,0.0,0.0,PASS_<20%,0.00,0.0,NO,STANDBY_VEL_LOW,0,0.00,4590.00,815.02,FALSE,M1_DIRECTION_MISMATCH
2026-09-04 21:03:31.874,1788555811.875,77283,64,411,4430.99,4431.07,8.0,PASS_<=10c,+0.0,FLAT,+0.0,+34.0,4.2,+0.00,0.00,SLOW,4430.65,4431.16,4430.60,4430.99,0.00,0.00,0.0,BULLISH,56.0,4430.99,4430.99,4430.99,4430.99,31,CLEARED_>=20s,1.0,0.0,0.0,0.0,0.0,0.0,0.0,PASS_<20%,0.00,0.0,NO,STANDBY_VEL_LOW,0,0.00,4590.00,815.02,FALSE,M1_DIRECTION_MISMATCH
2026-09-04 21:03:32.377,1788555812.378,77284,65,412,4430.99,4431.07,8.0,PASS_<=10c,+0.0,FLAT,+0.0,+34.0,4.2,+0.00,0.00,SLOW,4430.65,4431.16,4430.60,4430.99,0.00,0.00,0.0,BULLISH,56.0,4430.99,4430.99,4430.99,4430.99,32,CLEARED_>=20s,1.0,0.0,0.0,0.0,0.0,0.0,0.0,PASS_<20%,0.00,0.0,NO,STANDBY_VEL_LOW,0,0.00,4590.00,815.02,FALSE,M1_DIRECTION_MISMATCH
2026-09-04 21:03:32.878,1788555812.878,77285,66,413,4430.99,4431.07,8.0,PASS_<=10c,+0.0,FLAT,+0.0,+34.0,4.2,+0.00,0.00,SLOW,4430.65,4431.16,4430.60,4430.99,0.00,0.00,0.0,BULLISH,56.0,4430.99,4430.99,4430.99,4430.99,32,CLEARED_>=20s,1.0,0.0,0.0,0.0,0.0,0.0,0.0,PASS_<20%,0.00,0.0,NO,STANDBY_VEL_LOW,0,0.00,4590.00,815.02,FALSE,M1_DIRECTION_MISMATCH
2026-09-04 21:03:33.379,1788555813.380,77286,67,414,4430.99,4431.07,8.0,PASS_<=10c,+0.0,FLAT,+0.0,+34.0,4.2,+0.00,0.00,SLOW,4430.65,4431.16,4430.60,4430.99,0.00,0.00,0.0,BULLISH,56.0,4430.99,4430.99,4430.99,4430.99,33,CLEARED_>=20s,1.0,0.0,0.0,0.0,0.0,0.0,0.0,PASS_<20%,0.00,0.0,NO,STANDBY_VEL_LOW,0,0.00,4590.00,815.02,FALSE,M1_DIRECTION_MISMATCH
2026-09-04 21:03:33.882,1788555813.882,77287,68,415,4430.99,4431.07,8.0,PASS_<=10c,+0.0,FLAT,+0.0,+34.0,4.2,+0.00,0.00,SLOW,4430.65,4431.16,4430.60,4430.99,0.00,0.00,0.0,BULLISH,56.0,4430.99,4430.99,4430.99,4430.99,33,CLEARED_>=20s,1.0,0.0,0.0,0.0,0.0,0.0,0.0,PASS_<20%,0.00,0.0,NO,STANDBY_VEL_LOW,0,0.00,4590.00,815.02,FALSE,M1_DIRECTION_MISMATCH
2026-09-04 21:03:34.384,1788555814.385,77288,69,416,4430.99,4431.07,8.0,PASS_<=10c,+0.0,FLAT,+0.0,+34.0,4.2,+0.00,0.00,SLOW,4430.65,4431.16,4430.60,4430.99,0.00,0.00,0.0,BULLISH,56.0,4430.99,4430.99,4430.99,4430.99,34,CLEARED_>=20s,1.0,0.0,0.0,0.0,0.0,0.0,0.0,PASS_<20%,0.00,0.0,NO,STANDBY_VEL_LOW,0,0.00,4590.00,815.02,FALSE,M1_DIRECTION_MISMATCH
2026-09-04 21:03:34.885,1788555814.885,77289,70,417,4430.99,4431.07,8.0,PASS_<=10c,+0.0,FLAT,+0.0,+34.0,4.2,+0.00,0.00,SLOW,4430.65,4431.16,4430.60,4430.99,0.00,0.00,0.0,BULLISH,56.0,4430.99,4430.99,4430.99,4430.99,34,CLEARED_>=20s,1.0,0.0,0.0,0.0,0.0,0.0,0.0,PASS_<20%,0.00,0.0,NO,STANDBY_VEL_LOW,0,0.00,4590.00,815.02,FALSE,M1_DIRECTION_MISMATCH
2026-09-04 21:03:35.386,1788555815.387,77290,71,418,4430.99,4431.07,8.0,PASS_<=10c,+0.0,FLAT,+0.0,+34.0,4.2,+0.00,0.00,SLOW,4430.65,4431.16,4430.60,4430.99,0.00,0.00,0.0,BULLISH,56.0,4430.99,4430.99,4430.99,4430.99,35,CLEARED_>=20s,1.0,0.0,0.0,0.0,0.0,0.0,0.0,PASS_<20%,0.00,0.0,NO,STANDBY_VEL_LOW,0,0.00,4590.00,815.02,FALSE,M1_DIRECTION_MISMATCH
2026-09-04 21:03:35.888,1788555815.889,77291,72,419,4430.99,4431.07,8.0,PASS_<=10c,+0.0,FLAT,+0.0,+34.0,4.2,+0.00,0.00,SLOW,4430.65,4431.16,4430.60,4430.99,0.00,0.00,0.0,BULLISH,56.0,4430.99,4430.99,4430.99,4430.99,35,CLEARED_>=20s,1.0,0.0,0.0,0.0,0.0,0.0,0.0,PASS_<20%,0.00,0.0,NO,STANDBY_VEL_LOW,0,0.00,4590.00,815.02,FALSE,M1_DIRECTION_MISMATCH
2026-09-04 21:03:36.389,1788555816.390,77292,73,420,4430.99,4431.07,8.0,PASS_<=10c,+0.0,FLAT,+0.0,+34.0,4.2,+0.00,0.00,SLOW,4430.65,4431.16,4430.60,4430.99,0.00,0.00,0.0,BULLISH,56.0,4430.99,4430.99,4430.99,4430.99,36,CLEARED_>=20s,1.0,0.0,0.0,0.0,0.0,0.0,0.0,PASS_<20%,0.00,0.0,NO,STANDBY_VEL_LOW,0,0.00,4590.00,815.02,FALSE,M1_DIRECTION_MISMATCH
2026-09-04 21:03:36.892,1788555816.893,77293,74,421,4430.99,4431.07,8.0,PASS_<=10c,+0.0,FLAT,+0.0,+34.0,4.2,+0.00,0.00,SLOW,4430.65,4431.16,4430.60,4430.99,0.00,0.00,0.0,BULLISH,56.0,4430.99,4430.99,4430.99,4430.99,36,CLEARED_>=20s,1.0,0.0,0.0,0.0,0.0,0.0,0.0,PASS_<20%,0.00,0.0,NO,STANDBY_VEL_LOW,0,0.00,4590.00,815.02,FALSE,M1_DIRECTION_MISMATCH
2026-09-04 21:03:37.393,1788555817.394,77294,75,422,4430.99,4431.07,8.0,PASS_<=10c,+0.0,FLAT,+0.0,+34.0,4.2,+0.00,0.00,SLOW,4430.65,4431.16,4430.60,4430.99,0.00,0.00,0.0,BULLISH,56.0,4430.99,4430.99,4430.99,4430.99,37,CLEARED_>=20s,1.0,0.0,0.0,0.0,0.0,0.0,0.0,PASS_<20%,0.00,0.0,NO,STANDBY_VEL_LOW,0,0.00,4590.00,815.02,FALSE,M1_DIRECTION_MISMATCH
2026-09-04 21:03:37.896,1788555817.896,77295,76,423,4430.99,4431.07,8.0,PASS_<=10c,+0.0,FLAT,+0.0,+34.0,4.2,+0.00,0.00,SLOW,4430.65,4431.16,4430.60,4430.99,0.00,0.00,0.0,BULLISH,56.0,4430.99,4430.99,4430.99,4430.99,37,CLEARED_>=20s,1.0,0.0,0.0,0.0,0.0,0.0,0.0,PASS_<20%,0.00,0.0,NO,STANDBY_VEL_LOW,0,0.00,4590.00,815.02,FALSE,M1_DIRECTION_MISMATCH
2026-09-04 21:03:38.398,1788555818.398,77296,77,424,4430.99,4431.07,8.0,PASS_<=10c,+0.0,FLAT,+0.0,+34.0,4.2,+0.00,0.00,SLOW,4430.65,4431.16,4430.60,4430.99,0.00,0.00,0.0,BULLISH,56.0,4430.99,4430.99,4430.99,4430.99,38,CLEARED_>=20s,1.0,0.0,0.0,0.0,0.0,0.0,0.0,PASS_<20%,0.00,0.0,NO,STANDBY_VEL_LOW,0,0.00,4590.00,815.02,FALSE,M1_DIRECTION_MISMATCH
2026-09-04 21:03:38.900,1788555818.900,77297,78,425,4430.99,4431.07,8.0,PASS_<=10c,+0.0,FLAT,+0.0,+34.0,4.2,+0.00,0.00,SLOW,4430.65,4431.16,4430.60,4430.99,0.00,0.00,0.0,BULLISH,56.0,4430.99,4430.99,4430.99,4430.99,38,CLEARED_>=20s,1.0,0.0,0.0,0.0,0.0,0.0,0.0,PASS_<20%,0.00,0.0,NO,STANDBY_VEL_LOW,0,0.00,4590.00,815.02,FALSE,M1_DIRECTION_MISMATCH
2026-09-04 21:03:39.405,1788555819.405,77298,79,426,4430.99,4431.07,8.0,PASS_<=10c,+0.0,FLAT,+0.0,+34.0,4.2,+0.00,0.00,SLOW,4430.65,4431.16,4430.60,4430.99,0.00,0.00,0.0,BULLISH,56.0,4430.99,4430.99,4430.99,4430.99,39,CLEARED_>=20s,1.0,0.0,0.0,0.0,0.0,0.0,0.0,PASS_<20%,0.00,0.0,NO,STANDBY_VEL_LOW,0,0.00,4590.00,815.02,FALSE,M1_DIRECTION_MISMATCH
2026-09-04 21:03:39.908,1788555819.908,77299,80,427,4430.99,4431.07,8.0,PASS_<=10c,+0.0,FLAT,+0.0,+34.0,4.2,+0.00,0.00,SLOW,4430.65,4431.16,4430.60,4430.99,0.00,0.00,0.0,BULLISH,56.0,4430.99,4430.99,4430.99,4430.99,39,CLEARED_>=20s,1.0,0.0,0.0,0.0,0.0,0.0,0.0,PASS_<20%,0.00,0.0,NO,STANDBY_VEL_LOW,0,0.00,4590.00,815.02,FALSE,M1_DIRECTION_MISMATCH
2026-09-04 21:03:40.411,1788555820.411,77300,81,428,4430.99,4431.07,8.0,PASS_<=10c,+0.0,FLAT,+0.0,+34.0,4.2,+0.00,0.00,SLOW,4430.65,4431.16,4430.60,4430.99,0.00,0.00,0.0,BULLISH,56.0,4430.99,4430.99,4430.99,4430.99,40,CLEARED_>=20s,1.0,0.0,0.0,0.0,0.0,0.0,0.0,PASS_<20%,0.00,0.0,NO,STANDBY_VEL_LOW,0,0.00,4590.00,815.02,FALSE,M1_DIRECTION_MISMATCH
2026-09-04 21:03:40.911,1788555820.912,77301,82,429,4430.99,4431.07,8.0,PASS_<=10c,+0.0,FLAT,+0.0,+34.0,4.2,+0.00,0.00,SLOW,4430.65,4431.16,4430.60,4430.99,0.00,0.00,0.0,BULLISH,56.0,4430.99,4430.99,4430.99,4430.99,40,CLEARED_>=20s,1.0,0.0,0.0,0.0,0.0,0.0,0.0,PASS_<20%,0.00,0.0,NO,STANDBY_VEL_LOW,0,0.00,4590.00,815.02,FALSE,M1_DIRECTION_MISMATCH
2026-09-04 21:03:41.414,1788555821.414,77302,83,430,4430.99,4431.07,8.0,PASS_<=10c,+0.0,FLAT,+0.0,+34.0,4.2,+0.00,0.00,SLOW,4430.65,4431.16,4430.60,4430.99,0.00,0.00,0.0,BULLISH,56.0,4430.99,4430.99,4430.99,4430.99,41,CLEARED_>=20s,1.0,0.0,0.0,0.0,0.0,0.0,0.0,PASS_<20%,0.00,0.0,NO,STANDBY_VEL_LOW,0,0.00,4590.00,815.02,FALSE,M1_DIRECTION_MISMATCH
2026-09-04 21:03:41.915,1788555821.915,77303,84,431,4430.99,4431.07,8.0,PASS_<=10c,+0.0,FLAT,+0.0,+34.0,4.2,+0.00,0.00,SLOW,4430.65,4431.16,4430.60,4430.99,0.00,0.00,0.0,BULLISH,56.0,4430.99,4430.99,4430.99,4430.99,41,CLEARED_>=20s,1.0,0.0,0.0,0.0,0.0,0.0,0.0,PASS_<20%,0.00,0.0,NO,STANDBY_VEL_LOW,0,0.00,4590.00,815.02,FALSE,M1_DIRECTION_MISMATCH
2026-09-04 21:03:42.416,1788555822.416,77304,85,432,4430.99,4431.07,8.0,PASS_<=10c,+0.0,FLAT,+0.0,+34.0,4.2,+0.00,0.00,SLOW,4430.65,4431.16,4430.60,4430.99,0.00,0.00,0.0,BULLISH,56.0,4430.99,4430.99,4430.99,4430.99,42,CLEARED_>=20s,1.0,0.0,0.0,0.0,0.0,0.0,0.0,PASS_<20%,0.00,0.0,NO,STANDBY_VEL_LOW,0,0.00,4590.00,815.02,FALSE,M1_DIRECTION_MISMATCH
2026-09-04 21:03:42.918,1788555822.918,77305,86,433,4430.99,4431.07,8.0,PASS_<=10c,+0.0,FLAT,+0.0,+34.0,4.2,+0.00,0.00,SLOW,4430.65,4431.16,4430.60,4430.99,0.00,0.00,0.0,BULLISH,56.0,4430.99,4430.99,4430.99,4430.99,42,CLEARED_>=20s,1.0,0.0,0.0,0.0,0.0,0.0,0.0,PASS_<20%,0.00,0.0,NO,STANDBY_VEL_LOW,0,0.00,4590.00,815.02,FALSE,M1_DIRECTION_MISMATCH
2026-09-04 21:03:43.421,1788555823.422,77306,87,434,4430.99,4431.07,8.0,PASS_<=10c,+0.0,FLAT,+0.0,+34.0,4.2,+0.00,0.00,SLOW,4430.65,4431.16,4430.60,4430.99,0.00,0.00,0.0,BULLISH,56.0,4430.99,4430.99,4430.99,4430.99,43,CLEARED_>=20s,1.0,0.0,0.0,0.0,0.0,0.0,0.0,PASS_<20%,0.00,0.0,NO,STANDBY_VEL_LOW,0,0.00,4590.00,815.02,FALSE,M1_DIRECTION_MISMATCH
2026-09-04 21:03:43.922,1788555823.923,77307,88,435,4430.99,4431.07,8.0,PASS_<=10c,+0.0,FLAT,+0.0,+34.0,4.2,+0.00,0.00,SLOW,4430.65,4431.16,4430.60,4430.99,0.00,0.00,0.0,BULLISH,56.0,4430.99,4430.99,4430.99,4430.99,43,CLEARED_>=20s,1.0,0.0,0.0,0.0,0.0,0.0,0.0,PASS_<20%,0.00,0.0,NO,STANDBY_VEL_LOW,0,0.00,4590.00,815.02,FALSE,M1_DIRECTION_MISMATCH
2026-09-04 21:03:44.425,1788555824.425,77308,89,436,4430.99,4431.07,8.0,PASS_<=10c,+0.0,FLAT,+0.0,+34.0,4.2,+0.00,0.00,SLOW,4430.65,4431.16,4430.60,4430.99,0.00,0.00,0.0,BULLISH,56.0,4430.99,4430.99,4430.99,4430.99,44,CLEARED_>=20s,1.0,0.0,0.0,0.0,0.0,0.0,0.0,PASS_<20%,0.00,0.0,NO,STANDBY_VEL_LOW,0,0.00,4590.00,815.02,FALSE,M1_DIRECTION_MISMATCH
2026-09-04 21:03:44.927,1788555824.928,77309,90,437,4430.99,4431.07,8.0,PASS_<=10c,+0.0,FLAT,+0.0,+34.0,4.2,+0.00,0.00,SLOW,4430.65,4431.16,4430.60,4430.99,0.00,0.00,0.0,BULLISH,56.0,4430.99,4430.99,4430.99,4430.99,44,CLEARED_>=20s,1.0,0.0,0.0,0.0,0.0,0.0,0.0,PASS_<20%,0.00,0.0,NO,STANDBY_VEL_LOW,0,0.00,4590.00,815.02,FALSE,M1_DIRECTION_MISMATCH
2026-09-04 21:03:45.434,1788555825.434,77310,91,438,4430.99,4431.07,8.0,PASS_<=10c,+0.0,FLAT,+0.0,+34.0,4.2,+0.00,0.00,SLOW,4430.65,4431.16,4430.60,4430.99,0.00,0.00,0.0,BULLISH,56.0,4430.99,4430.99,4430.99,4430.99,45,CLEARED_>=20s,1.0,0.0,0.0,0.0,0.0,0.0,0.0,PASS_<20%,0.00,0.0,NO,STANDBY_VEL_LOW,0,0.00,4590.00,815.02,FALSE,M1_DIRECTION_MISMATCH
2026-09-04 21:03:45.934,1788555825.934,77311,92,439,4430.99,4431.07,8.0,PASS_<=10c,+0.0,FLAT,+0.0,+34.0,4.2,+0.00,0.00,SLOW,4430.65,4431.16,4430.60,4430.99,0.00,0.00,0.0,BULLISH,56.0,4430.99,4430.99,4430.99,4430.99,45,CLEARED_>=20s,1.0,0.0,0.0,0.0,0.0,0.0,0.0,PASS_<20%,0.00,0.0,NO,STANDBY_VEL_LOW,0,0.00,4590.00,815.02,FALSE,M1_DIRECTION_MISMATCH
2026-09-04 21:03:46.439,1788555826.439,77312,93,440,4430.99,4431.07,8.0,PASS_<=10c,+0.0,FLAT,+0.0,+34.0,4.2,+0.00,0.00,SLOW,4430.65,4431.16,4430.60,4430.99,0.00,0.00,0.0,BULLISH,56.0,4430.99,4430.99,4430.99,4430.99,46,CLEARED_>=20s,1.0,0.0,0.0,0.0,0.0,0.0,0.0,PASS_<20%,0.00,0.0,NO,STANDBY_VEL_LOW,0,0.00,4590.00,815.02,FALSE,M1_DIRECTION_MISMATCH
2026-09-04 21:03:46.941,1788555826.941,77313,94,441,4430.99,4431.07,8.0,PASS_<=10c,+0.0,FLAT,+0.0,+34.0,4.2,+0.00,0.00,SLOW,4430.65,4431.16,4430.60,4430.99,0.00,0.00,0.0,BULLISH,56.0,4430.99,4430.99,4430.99,4430.99,46,CLEARED_>=20s,1.0,0.0,0.0,0.0,0.0,0.0,0.0,PASS_<20%,0.00,0.0,NO,STANDBY_VEL_LOW,0,0.00,4590.00,815.02,FALSE,M1_DIRECTION_MISMATCH
2026-09-04 21:03:47.444,1788555827.444,77314,95,442,4430.99,4431.07,8.0,PASS_<=10c,+0.0,FLAT,+0.0,+34.0,4.2,+0.00,0.00,SLOW,4430.65,4431.16,4430.60,4430.99,0.00,0.00,0.0,BULLISH,56.0,4430.99,4430.99,4430.99,4430.99,47,CLEARED_>=20s,1.0,0.0,0.0,0.0,0.0,0.0,0.0,PASS_<20%,0.00,0.0,NO,STANDBY_VEL_LOW,0,0.00,4590.00,815.02,FALSE,M1_DIRECTION_MISMATCH
2026-09-04 21:03:47.945,1788555827.946,77315,96,443,4430.99,4431.07,8.0,PASS_<=10c,+0.0,FLAT,+0.0,+34.0,4.2,+0.00,0.00,SLOW,4430.65,4431.16,4430.60,4430.99,0.00,0.00,0.0,BULLISH,56.0,4430.99,4430.99,4430.99,4430.99,47,CLEARED_>=20s,1.0,0.0,0.0,0.0,0.0,0.0,0.0,PASS_<20%,0.00,0.0,NO,STANDBY_VEL_LOW,0,0.00,4590.00,815.02,FALSE,M1_DIRECTION_MISMATCH
2026-09-04 21:03:48.447,1788555828.447,77316,97,444,4430.99,4431.07,8.0,PASS_<=10c,+0.0,FLAT,+0.0,+34.0,4.2,+0.00,0.00,SLOW,4430.65,4431.16,4430.60,4430.99,0.00,0.00,0.0,BULLISH,56.0,4430.99,4430.99,4430.99,4430.99,48,CLEARED_>=20s,1.0,0.0,0.0,0.0,0.0,0.0,0.0,PASS_<20%,0.00,0.0,NO,STANDBY_VEL_LOW,0,0.00,4590.00,815.02,FALSE,M1_DIRECTION_MISMATCH
2026-09-04 21:03:48.949,1788555828.949,77317,98,445,4430.99,4431.07,8.0,PASS_<=10c,+0.0,FLAT,+0.0,+34.0,4.2,+0.00,0.00,SLOW,4430.65,4431.16,4430.60,4430.99,0.00,0.00,0.0,BULLISH,56.0,4430.99,4430.99,4430.99,4430.99,48,CLEARED_>=20s,1.0,0.0,0.0,0.0,0.0,0.0,0.0,PASS_<20%,0.00,0.0,NO,STANDBY_VEL_LOW,0,0.00,4590.00,815.02,FALSE,M1_DIRECTION_MISMATCH
2026-09-04 21:03:49.456,1788555829.457,77318,99,446,4430.99,4431.07,8.0,PASS_<=10c,+0.0,FLAT,+0.0,+34.0,4.2,+0.00,0.00,SLOW,4430.65,4431.16,4430.60,4430.99,0.00,0.00,0.0,BULLISH,56.0,4430.99,4430.99,4430.99,4430.99,49,CLEARED_>=20s,1.0,0.0,0.0,0.0,0.0,0.0,0.0,PASS_<20%,0.00,0.0,NO,STANDBY_VEL_LOW,0,0.00,4590.00,815.02,FALSE,M1_DIRECTION_MISMATCH
2026-09-04 21:03:49.958,1788555829.958,77319,100,447,4430.99,4431.07,8.0,PASS_<=10c,+0.0,FLAT,+0.0,+34.0,4.2,+0.00,0.00,SLOW,4430.65,4431.16,4430.60,4430.99,0.00,0.00,0.0,BULLISH,56.0,4430.99,4430.99,4430.99,4430.99,49,CLEARED_>=20s,1.0,0.0,0.0,0.0,0.0,0.0,0.0,PASS_<20%,0.00,0.0,NO,STANDBY_VEL_LOW,0,0.00,4590.00,815.02,FALSE,M1_DIRECTION_MISMATCH
2026-09-04 21:03:50.487,1788555830.488,77320,101,448,4430.99,4431.07,8.0,PASS_<=10c,+0.0,FLAT,+0.0,+34.0,4.2,+0.00,0.00,SLOW,4430.65,4431.16,4430.60,4430.99,0.00,0.00,0.0,BULLISH,56.0,4430.99,4430.99,4430.99,4430.99,50,CLEARED_>=20s,1.0,0.0,0.0,0.0,0.0,0.0,0.0,PASS_<20%,0.00,0.0,NO,STANDBY_VEL_LOW,0,0.00,4590.00,815.02,FALSE,M1_DIRECTION_MISMATCH
2026-09-04 21:03:51.067,1788555831.068,77321,102,449,4430.99,4431.07,8.0,PASS_<=10c,+0.0,FLAT,+0.0,+34.0,4.1,+0.00,0.00,SLOW,4430.65,4431.16,4430.60,4430.99,0.00,0.00,0.0,BULLISH,56.0,4430.99,4430.99,4430.99,4430.99,51,CLEARED_>=20s,1.0,0.0,0.0,0.0,0.0,0.0,0.0,PASS_<20%,0.00,0.0,NO,STANDBY_VEL_LOW,0,0.00,4590.00,815.02,FALSE,M1_DIRECTION_MISMATCH
2026-09-04 21:03:51.583,1788555831.583,77322,103,450,4430.99,4431.07,8.0,PASS_<=10c,+0.0,FLAT,+0.0,+34.0,4.1,+0.00,0.00,SLOW,4430.65,4431.16,4430.60,4430.99,0.00,0.00,0.0,BULLISH,56.0,4430.99,4430.99,4430.99,4430.99,51,CLEARED_>=20s,1.0,0.0,0.0,0.0,0.0,0.0,0.0,PASS_<20%,0.00,0.0,NO,STANDBY_VEL_LOW,0,0.00,4590.00,815.02,FALSE,M1_DIRECTION_MISMATCH
2026-09-04 21:03:52.084,1788555832.085,77323,104,451,4430.99,4431.07,8.0,PASS_<=10c,+0.0,FLAT,+0.0,+34.0,4.1,+0.00,0.00,SLOW,4430.65,4431.16,4430.60,4430.99,0.00,0.00,0.0,BULLISH,56.0,4430.99,4430.99,4430.99,4430.99,52,CLEARED_>=20s,1.0,0.0,0.0,0.0,0.0,0.0,0.0,PASS_<20%,0.00,0.0,NO,STANDBY_VEL_LOW,0,0.00,4590.00,815.02,FALSE,M1_DIRECTION_MISMATCH
2026-09-04 21:03:52.595,1788555832.595,77324,105,452,4430.99,4431.07,8.0,PASS_<=10c,+0.0,FLAT,+0.0,+34.0,4.1,+0.00,0.00,SLOW,4430.65,4431.16,4430.60,4430.99,0.00,0.00,0.0,BULLISH,56.0,4430.99,4430.99,4430.99,4430.99,52,CLEARED_>=20s,1.0,0.0,0.0,0.0,0.0,0.0,0.0,PASS_<20%,0.00,0.0,NO,STANDBY_VEL_LOW,0,0.00,4590.00,815.02,FALSE,M1_DIRECTION_MISMATCH
2026-09-04 21:03:53.097,1788555833.097,77325,106,453,4430.99,4431.07,8.0,PASS_<=10c,+0.0,FLAT,+0.0,+34.0,4.1,+0.00,0.00,SLOW,4430.65,4431.16,4430.60,4430.99,0.00,0.00,0.0,BULLISH,56.0,4430.99,4430.99,4430.99,4430.99,53,CLEARED_>=20s,1.0,0.0,0.0,0.0,0.0,0.0,0.0,PASS_<20%,0.00,0.0,NO,STANDBY_VEL_LOW,0,0.00,4590.00,815.02,FALSE,M1_DIRECTION_MISMATCH
2026-09-04 21:03:53.597,1788555833.598,77326,107,454,4430.99,4431.07,8.0,PASS_<=10c,+0.0,FLAT,+0.0,+34.0,4.1,+0.00,0.00,SLOW,4430.65,4431.16,4430.60,4430.99,0.00,0.00,0.0,BULLISH,56.0,4430.99,4430.99,4430.99,4430.99,53,CLEARED_>=20s,1.0,0.0,0.0,0.0,0.0,0.0,0.0,PASS_<20%,0.00,0.0,NO,STANDBY_VEL_LOW,0,0.00,4590.00,815.02,FALSE,M1_DIRECTION_MISMATCH
2026-09-04 21:03:54.282,1788555834.282,77327,108,455,4430.99,4431.07,8.0,PASS_<=10c,+0.0,FLAT,+0.0,+34.0,4.0,+0.00,0.00,SLOW,4430.65,4431.16,4430.60,4430.99,0.00,0.00,0.0,BULLISH,56.0,4430.99,4430.99,4430.99,4430.99,54,CLEARED_>=20s,1.0,0.0,0.0,0.0,0.0,0.0,0.0,PASS_<20%,0.00,0.0,NO,STANDBY_VEL_LOW,0,0.00,4590.00,815.02,FALSE,M1_DIRECTION_MISMATCH
2026-09-04 21:03:55.338,1788555835.338,77328,109,456,4430.99,4431.07,8.0,PASS_<=10c,+0.0,FLAT,+0.0,+34.0,3.9,+0.00,0.00,SLOW,4430.65,4431.16,4430.60,4430.99,0.00,0.00,0.0,BULLISH,56.0,4430.99,4430.99,4430.99,4430.99,55,CLEARED_>=20s,1.0,0.0,0.0,0.0,0.0,0.0,0.0,PASS_<20%,0.00,0.0,NO,STANDBY_VEL_LOW,0,0.00,4590.00,815.02,FALSE,M1_DIRECTION_MISMATCH
2026-09-04 21:03:55.896,1788555835.897,77329,110,457,4430.99,4431.07,8.0,PASS_<=10c,+0.0,FLAT,+0.0,+34.0,3.9,+0.00,0.00,SLOW,4430.65,4431.16,4430.60,4430.99,0.00,0.00,0.0,BULLISH,56.0,4430.99,4430.99,4430.99,4430.99,55,CLEARED_>=20s,1.0,0.0,0.0,0.0,0.0,0.0,0.0,PASS_<20%,0.00,0.0,NO,STANDBY_VEL_LOW,0,0.00,4590.00,815.02,FALSE,M1_DIRECTION_MISMATCH
2026-09-04 21:03:56.397,1788555836.397,77330,111,458,4430.99,4431.07,8.0,PASS_<=10c,+0.0,FLAT,+0.0,+34.0,3.9,+0.00,0.00,SLOW,4430.65,4431.16,4430.60,4430.99,0.00,0.00,0.0,BULLISH,56.0,4430.99,4430.99,4430.99,4430.99,56,CLEARED_>=20s,1.0,0.0,0.0,0.0,0.0,0.0,0.0,PASS_<20%,0.00,0.0,NO,STANDBY_VEL_LOW,0,0.00,4590.00,815.02,FALSE,M1_DIRECTION_MISMATCH
2026-09-04 21:03:56.899,1788555836.900,77331,112,459,4430.99,4431.07,8.0,PASS_<=10c,+0.0,FLAT,+0.0,+34.0,3.9,+0.00,0.00,SLOW,4430.65,4431.16,4430.60,4430.99,0.00,0.00,0.0,BULLISH,56.0,4430.99,4430.99,4430.99,4430.99,56,CLEARED_>=20s,1.0,0.0,0.0,0.0,0.0,0.0,0.0,PASS_<20%,0.00,0.0,NO,STANDBY_VEL_LOW,0,0.00,4590.00,815.02,FALSE,M1_DIRECTION_MISMATCH
2026-09-04 21:03:57.401,1788555837.402,77332,113,460,4430.99,4431.07,8.0,PASS_<=10c,+0.0,FLAT,+0.0,+34.0,3.9,+0.00,0.00,SLOW,4430.65,4431.16,4430.60,4430.99,0.00,0.00,0.0,BULLISH,56.0,4430.99,4430.99,4430.99,4430.99,57,CLEARED_>=20s,1.0,0.0,0.0,0.0,0.0,0.0,0.0,PASS_<20%,0.00,0.0,NO,STANDBY_VEL_LOW,0,0.00,4590.00,815.02,FALSE,M1_DIRECTION_MISMATCH
2026-09-04 21:03:57.902,1788555837.903,77333,114,461,4430.99,4431.07,8.0,PASS_<=10c,+0.0,FLAT,+0.0,+34.0,3.9,+0.00,0.00,SLOW,4430.65,4431.16,4430.60,4430.99,0.00,0.00,0.0,BULLISH,56.0,4430.99,4430.99,4430.99,4430.99,57,CLEARED_>=20s,1.0,0.0,0.0,0.0,0.0,0.0,0.0,PASS_<20%,0.00,0.0,NO,STANDBY_VEL_LOW,0,0.00,4590.00,815.02,FALSE,M1_DIRECTION_MISMATCH
2026-09-04 21:03:58.412,1788555838.412,77334,115,462,4430.99,4431.07,8.0,PASS_<=10c,+0.0,FLAT,+0.0,+34.0,3.9,+0.00,0.00,SLOW,4430.65,4431.16,4430.60,4430.99,0.00,0.00,0.0,BULLISH,56.0,4430.99,4430.99,4430.99,4430.99,58,CLEARED_>=20s,1.0,0.0,0.0,0.0,0.0,0.0,0.0,PASS_<20%,0.00,0.0,NO,STANDBY_VEL_LOW,0,0.00,4590.00,815.02,FALSE,M1_DIRECTION_MISMATCH
2026-09-04 21:03:58.910,1788555838.911,77335,116,463,4430.99,4431.07,8.0,PASS_<=10c,+0.0,FLAT,+0.0,+34.0,3.9,+0.00,0.00,SLOW,4430.65,4431.16,4430.60,4430.99,0.00,0.00,0.0,BULLISH,56.0,4430.99,4430.99,4430.99,4430.99,58,CLEARED_>=20s,1.0,0.0,0.0,0.0,0.0,0.0,0.0,PASS_<20%,0.00,0.0,NO,STANDBY_VEL_LOW,0,0.00,4590.00,815.02,FALSE,M1_DIRECTION_MISMATCH
2026-09-04 21:03:59.414,1788555839.415,77336,117,464,4430.99,4431.07,8.0,PASS_<=10c,+0.0,FLAT,+0.0,+34.0,3.9,+0.00,0.00,SLOW,4430.65,4431.16,4430.60,4430.99,0.00,0.00,0.0,BULLISH,56.0,4430.99,4430.99,4430.99,4430.99,59,CLEARED_>=20s,1.0,0.0,0.0,0.0,0.0,0.0,0.0,PASS_<20%,0.00,0.0,NO,STANDBY_VEL_LOW,0,0.00,4590.00,815.02,FALSE,M1_DIRECTION_MISMATCH
2026-09-04 21:03:59.912,1788555839.912,77337,118,465,4430.99,4431.07,8.0,PASS_<=10c,+0.0,FLAT,+0.0,+34.0,4.1,+0.00,0.00,SLOW,4430.65,4431.16,4430.60,4430.99,0.00,0.00,0.0,BULLISH,56.0,4430.99,4430.99,4430.99,4430.99,59,CLEARED_>=20s,1.0,0.0,0.0,0.0,0.0,0.0,0.0,PASS_<20%,0.00,0.0,NO,STANDBY_VEL_LOW,0,0.00,4590.00,815.02,FALSE,M1_DIRECTION_MISMATCH
2026-09-04 21:04:00.415,1788555840.415,77338,1,466,4430.99,4431.07,8.0,PASS_<=10c,+0.0,FLAT,+0.0,+34.0,4.2,+0.00,0.00,SLOW,4430.65,4431.16,4430.60,4430.99,0.00,0.00,0.0,BULLISH,56.0,4430.99,4430.99,4430.99,4430.99,0,ACTIVE_0s,1.0,0.0,0.0,0.0,0.0,0.0,0.0,PASS_<20%,0.00,0.0,NO,STANDBY_VEL_LOW,0,0.00,4590.00,815.02,FALSE,M1_DIRECTION_MISMATCH|OPENING_SHIELD_ACTIVE_0s
2026-09-04 21:04:00.928,1788555840.928,77339,2,467,4430.99,4431.07,8.0,PASS_<=10c,+0.0,FLAT,+0.0,+34.0,4.2,+0.00,0.00,SLOW,4430.65,4431.16,4430.60,4430.99,0.00,0.00,0.0,BULLISH,56.0,4430.99,4430.99,4430.99,4430.99,0,ACTIVE_0s,1.0,0.0,0.0,0.0,0.0,0.0,0.0,PASS_<20%,0.00,0.0,NO,STANDBY_VEL_LOW,0,0.00,4590.00,815.02,FALSE,M1_DIRECTION_MISMATCH|OPENING_SHIELD_ACTIVE_0s
2026-09-04 21:04:01.427,1788555841.427,77340,3,468,4430.99,4431.07,8.0,PASS_<=10c,+0.0,FLAT,+0.0,+34.0,4.2,+0.00,0.00,SLOW,4430.65,4431.16,4430.60,4430.99,0.00,0.00,0.0,BULLISH,56.0,4430.99,4430.99,4430.99,4430.99,1,ACTIVE_1s,1.0,0.0,0.0,0.0,0.0,0.0,0.0,PASS_<20%,0.00,0.0,NO,STANDBY_VEL_LOW,0,0.00,4590.00,815.02,FALSE,M1_DIRECTION_MISMATCH|OPENING_SHIELD_ACTIVE_1s
2026-09-04 21:04:01.954,1788555841.954,77341,4,469,4430.99,4431.07,8.0,PASS_<=10c,+0.0,FLAT,+0.0,+34.0,4.2,+0.00,0.00,SLOW,4430.65,4431.16,4430.60,4430.99,0.00,0.00,0.0,BULLISH,56.0,4430.99,4430.99,4430.99,4430.99,1,ACTIVE_1s,1.0,0.0,0.0,0.0,0.0,0.0,0.0,PASS_<20%,0.00,0.0,NO,STANDBY_VEL_LOW,0,0.00,4590.00,815.02,FALSE,M1_DIRECTION_MISMATCH|OPENING_SHIELD_ACTIVE_1s
2026-09-04 21:04:02.437,1788555842.437,77342,5,470,4430.99,4431.07,8.0,PASS_<=10c,+0.0,FLAT,+0.0,+34.0,4.2,+0.00,0.00,SLOW,4430.65,4431.16,4430.60,4430.99,0.00,0.00,0.0,BULLISH,56.0,4430.99,4430.99,4430.99,4430.99,2,ACTIVE_2s,1.0,0.0,0.0,0.0,0.0,0.0,0.0,PASS_<20%,0.00,0.0,NO,STANDBY_VEL_LOW,0,0.00,4590.00,815.02,FALSE,M1_DIRECTION_MISMATCH|OPENING_SHIELD_ACTIVE_2s
2026-09-04 21:04:02.938,1788555842.939,77343,6,471,4430.99,4431.07,8.0,PASS_<=10c,+0.0,FLAT,+0.0,+34.0,4.2,+0.00,0.00,SLOW,4430.65,4431.16,4430.60,4430.99,0.00,0.00,0.0,BULLISH,56.0,4430.99,4430.99,4430.99,4430.99,2,ACTIVE_2s,1.0,0.0,0.0,0.0,0.0,0.0,0.0,PASS_<20%,0.00,0.0,NO,STANDBY_VEL_LOW,0,0.00,4590.00,815.02,FALSE,M1_DIRECTION_MISMATCH|OPENING_SHIELD_ACTIVE_2s
2026-09-04 21:04:03.475,1788555843.475,77344,7,472,4430.99,4431.07,8.0,PASS_<=10c,+0.0,FLAT,+0.0,+34.0,4.2,+0.00,0.00,SLOW,4430.65,4431.16,4430.60,4430.99,0.00,0.00,0.0,BULLISH,56.0,4430.99,4430.99,4430.99,4430.99,3,ACTIVE_3s,1.0,0.0,0.0,0.0,0.0,0.0,0.0,PASS_<20%,0.00,0.0,NO,STANDBY_VEL_LOW,0,0.00,4590.00,815.02,FALSE,M1_DIRECTION_MISMATCH|OPENING_SHIELD_ACTIVE_3s
2026-09-04 21:04:03.985,1788555843.985,77345,8,473,4430.99,4431.07,8.0,PASS_<=10c,+0.0,FLAT,+0.0,+34.0,4.1,+0.00,0.00,SLOW,4430.65,4431.16,4430.60,4430.99,0.00,0.00,0.0,BULLISH,56.0,4430.99,4430.99,4430.99,4430.99,3,ACTIVE_3s,1.0,0.0,0.0,0.0,0.0,0.0,0.0,PASS_<20%,0.00,0.0,NO,STANDBY_VEL_LOW,0,0.00,4590.00,815.02,FALSE,M1_DIRECTION_MISMATCH|OPENING_SHIELD_ACTIVE_3s
2026-09-04 21:04:04.523,1788555844.523,77346,9,474,4430.99,4431.07,8.0,PASS_<=10c,+0.0,FLAT,+0.0,+34.0,4.1,+0.00,0.00,SLOW,4430.65,4431.16,4430.60,4430.99,0.00,0.00,0.0,BULLISH,56.0,4430.99,4430.99,4430.99,4430.99,4,ACTIVE_4s,1.0,0.0,0.0,0.0,0.0,0.0,0.0,PASS_<20%,0.00,0.0,NO,STANDBY_VEL_LOW,0,0.00,4590.00,815.02,FALSE,M1_DIRECTION_MISMATCH|OPENING_SHIELD_ACTIVE_4s
2026-09-04 21:04:05.016,1788555845.016,77347,10,475,4430.99,4431.07,8.0,PASS_<=10c,+0.0,FLAT,+0.0,+34.0,4.1,+0.00,0.00,SLOW,4430.65,4431.16,4430.60,4430.99,0.00,0.00,0.0,BULLISH,56.0,4430.99,4430.99,4430.99,4430.99,5,ACTIVE_5s,1.0,0.0,0.0,0.0,0.0,0.0,0.0,PASS_<20%,0.00,0.0,NO,STANDBY_VEL_LOW,0,0.00,4590.00,815.02,FALSE,M1_DIRECTION_MISMATCH|OPENING_SHIELD_ACTIVE_5s
2026-09-04 21:04:05.517,1788555845.518,77348,11,476,4430.99,4431.07,8.0,PASS_<=10c,+0.0,FLAT,+0.0,+34.0,4.1,+0.00,0.00,SLOW,4430.65,4431.16,4430.60,4430.99,0.00,0.00,0.0,BULLISH,56.0,4430.99,4430.99,4430.99,4430.99,5,ACTIVE_5s,1.0,0.0,0.0,0.0,0.0,0.0,0.0,PASS_<20%,0.00,0.0,NO,STANDBY_VEL_LOW,0,0.00,4590.00,815.02,FALSE,M1_DIRECTION_MISMATCH|OPENING_SHIELD_ACTIVE_5s
2026-09-04 21:04:06.020,1788555846.020,77349,12,477,4430.99,4431.07,8.0,PASS_<=10c,+0.0,FLAT,+0.0,+34.0,4.1,+0.00,0.00,SLOW,4430.65,4431.16,4430.60,4430.99,0.00,0.00,0.0,BULLISH,56.0,4430.99,4430.99,4430.99,4430.99,6,ACTIVE_6s,1.0,0.0,0.0,0.0,0.0,0.0,0.0,PASS_<20%,0.00,0.0,NO,STANDBY_VEL_LOW,0,0.00,4590.00,815.02,FALSE,M1_DIRECTION_MISMATCH|OPENING_SHIELD_ACTIVE_6s
2026-09-04 21:04:06.520,1788555846.521,77350,13,478,4430.99,4431.07,8.0,PASS_<=10c,+0.0,FLAT,+0.0,+34.0,4.1,+0.00,0.00,SLOW,4430.65,4431.16,4430.60,4430.99,0.00,0.00,0.0,BULLISH,56.0,4430.99,4430.99,4430.99,4430.99,6,ACTIVE_6s,1.0,0.0,0.0,0.0,0.0,0.0,0.0,PASS_<20%,0.00,0.0,NO,STANDBY_VEL_LOW,0,0.00,4590.00,815.02,FALSE,M1_DIRECTION_MISMATCH|OPENING_SHIELD_ACTIVE_6s
2026-09-04 21:04:07.023,1788555847.024,77351,14,479,4430.99,4431.07,8.0,PASS_<=10c,+0.0,FLAT,+0.0,+34.0,4.1,+0.00,0.00,SLOW,4430.65,4431.16,4430.60,4430.99,0.00,0.00,0.0,BULLISH,56.0,4430.99,4430.99,4430.99,4430.99,7,ACTIVE_7s,1.0,0.0,0.0,0.0,0.0,0.0,0.0,PASS_<20%,0.00,0.0,NO,STANDBY_VEL_LOW,0,0.00,4590.00,815.02,FALSE,M1_DIRECTION_MISMATCH|OPENING_SHIELD_ACTIVE_7s
2026-09-04 21:04:07.524,1788555847.525,77352,15,480,4430.99,4431.07,8.0,PASS_<=10c,+0.0,FLAT,+0.0,+34.0,4.1,+0.00,0.00,SLOW,4430.65,4431.16,4430.60,4430.99,0.00,0.00,0.0,BULLISH,56.0,4430.99,4430.99,4430.99,4430.99,7,ACTIVE_7s,1.0,0.0,0.0,0.0,0.0,0.0,0.0,PASS_<20%,0.00,0.0,NO,STANDBY_VEL_LOW,0,0.00,4590.00,815.02,FALSE,M1_DIRECTION_MISMATCH|OPENING_SHIELD_ACTIVE_7s
2026-09-04 21:04:08.028,1788555848.028,77353,16,481,4430.99,4431.07,8.0,PASS_<=10c,+0.0,FLAT,+0.0,+34.0,4.1,+0.00,0.00,SLOW,4430.65,4431.16,4430.60,4430.99,0.00,0.00,0.0,BULLISH,56.0,4430.99,4430.99,4430.99,4430.99,8,ACTIVE_8s,1.0,0.0,0.0,0.0,0.0,0.0,0.0,PASS_<20%,0.00,0.0,NO,STANDBY_VEL_LOW,0,0.00,4590.00,815.02,FALSE,M1_DIRECTION_MISMATCH|OPENING_SHIELD_ACTIVE_8s
2026-09-04 21:04:08.527,1788555848.528,77354,17,482,4430.99,4431.07,8.0,PASS_<=10c,+0.0,FLAT,+0.0,+34.0,4.2,+0.00,0.00,SLOW,4430.65,4431.16,4430.60,4430.99,0.00,0.00,0.0,BULLISH,56.0,4430.99,4430.99,4430.99,4430.99,8,ACTIVE_8s,1.0,0.0,0.0,0.0,0.0,0.0,0.0,PASS_<20%,0.00,0.0,NO,STANDBY_VEL_LOW,0,0.00,4590.00,815.02,FALSE,M1_DIRECTION_MISMATCH|OPENING_SHIELD_ACTIVE_8s
2026-09-04 21:04:09.029,1788555849.030,77355,18,483,4430.99,4431.07,8.0,PASS_<=10c,+0.0,FLAT,+0.0,+34.0,4.2,+0.00,0.00,SLOW,4430.65,4431.16,4430.60,4430.99,0.00,0.00,0.0,BULLISH,56.0,4430.99,4430.99,4430.99,4430.99,9,ACTIVE_9s,1.0,0.0,0.0,0.0,0.0,0.0,0.0,PASS_<20%,0.00,0.0,NO,STANDBY_VEL_LOW,0,0.00,4590.00,815.02,FALSE,M1_DIRECTION_MISMATCH|OPENING_SHIELD_ACTIVE_9s
2026-09-04 21:04:09.544,1788555849.545,77356,19,484,4430.99,4431.07,8.0,PASS_<=10c,+0.0,FLAT,+0.0,+34.0,4.2,+0.00,0.00,SLOW,4430.65,4431.16,4430.60,4430.99,0.00,0.00,0.0,BULLISH,56.0,4430.99,4430.99,4430.99,4430.99,9,ACTIVE_9s,1.0,0.0,0.0,0.0,0.0,0.0,0.0,PASS_<20%,0.00,0.0,NO,STANDBY_VEL_LOW,0,0.00,4590.00,815.02,FALSE,M1_DIRECTION_MISMATCH|OPENING_SHIELD_ACTIVE_9s
2026-09-04 21:04:10.055,1788555850.055,77357,20,485,4430.99,4431.07,8.0,PASS_<=10c,+0.0,FLAT,+0.0,+34.0,4.2,+0.00,0.00,SLOW,4430.65,4431.16,4430.60,4430.99,0.00,0.00,0.0,BULLISH,56.0,4430.99,4430.99,4430.99,4430.99,10,ACTIVE_10s,1.0,0.0,0.0,0.0,0.0,0.0,0.0,PASS_<20%,0.00,0.0,NO,STANDBY_VEL_LOW,0,0.00,4590.00,815.02,FALSE,M1_DIRECTION_MISMATCH|OPENING_SHIELD_ACTIVE_10s
2026-09-04 21:04:10.573,1788555850.573,77358,21,486,4430.99,4431.07,8.0,PASS_<=10c,+0.0,FLAT,+0.0,+34.0,4.2,+0.00,0.00,SLOW,4430.65,4431.16,4430.60,4430.99,0.00,0.00,0.0,BULLISH,56.0,4430.99,4430.99,4430.99,4430.99,10,ACTIVE_10s,1.0,0.0,0.0,0.0,0.0,0.0,0.0,PASS_<20%,0.00,0.0,NO,STANDBY_VEL_LOW,0,0.00,4590.00,815.02,FALSE,M1_DIRECTION_MISMATCH|OPENING_SHIELD_ACTIVE_10s
2026-09-04 21:04:11.074,1788555851.074,77359,22,487,4430.99,4431.07,8.0,PASS_<=10c,+0.0,FLAT,+0.0,+34.0,4.2,+0.00,0.00,SLOW,4430.65,4431.16,4430.60,4430.99,0.00,0.00,0.0,BULLISH,56.0,4430.99,4430.99,4430.99,4430.99,11,ACTIVE_11s,1.0,0.0,0.0,0.0,0.0,0.0,0.0,PASS_<20%,0.00,0.0,NO,STANDBY_VEL_LOW,0,0.00,4590.00,815.02,FALSE,M1_DIRECTION_MISMATCH|OPENING_SHIELD_ACTIVE_11s
2026-09-04 21:04:11.589,1788555851.590,77360,23,488,4430.99,4431.07,8.0,PASS_<=10c,+0.0,FLAT,+0.0,+34.0,4.2,+0.00,0.00,SLOW,4430.65,4431.16,4430.60,4430.99,0.00,0.00,0.0,BULLISH,56.0,4430.99,4430.99,4430.99,4430.99,11,ACTIVE_11s,1.0,0.0,0.0,0.0,0.0,0.0,0.0,PASS_<20%,0.00,0.0,NO,STANDBY_VEL_LOW,0,0.00,4590.00,815.02,FALSE,M1_DIRECTION_MISMATCH|OPENING_SHIELD_ACTIVE_11s
2026-09-04 21:04:12.076,1788555852.077,77361,24,489,4430.99,4431.07,8.0,PASS_<=10c,+0.0,FLAT,+0.0,+34.0,4.2,+0.00,0.00,SLOW,4430.65,4431.16,4430.60,4430.99,0.00,0.00,0.0,BULLISH,56.0,4430.99,4430.99,4430.99,4430.99,12,ACTIVE_12s,1.0,0.0,0.0,0.0,0.0,0.0,0.0,PASS_<20%,0.00,0.0,NO,STANDBY_VEL_LOW,0,0.00,4590.00,815.02,FALSE,M1_DIRECTION_MISMATCH|OPENING_SHIELD_ACTIVE_12s
2026-09-04 21:04:12.579,1788555852.580,77362,25,490,4430.99,4431.07,8.0,PASS_<=10c,+0.0,FLAT,+0.0,+34.0,4.2,+0.00,0.00,SLOW,4430.65,4431.16,4430.60,4430.99,0.00,0.00,0.0,BULLISH,56.0,4430.99,4430.99,4430.99,4430.99,12,ACTIVE_12s,1.0,0.0,0.0,0.0,0.0,0.0,0.0,PASS_<20%,0.00,0.0,NO,STANDBY_VEL_LOW,0,0.00,4590.00,815.02,FALSE,M1_DIRECTION_MISMATCH|OPENING_SHIELD_ACTIVE_12s
2026-09-04 21:04:13.081,1788555853.081,77363,26,491,4430.99,4431.07,8.0,PASS_<=10c,+0.0,FLAT,+0.0,+34.0,4.2,+0.00,0.00,SLOW,4430.65,4431.16,4430.60,4430.99,0.00,0.00,0.0,BULLISH,56.0,4430.99,4430.99,4430.99,4430.99,13,ACTIVE_13s,1.0,0.0,0.0,0.0,0.0,0.0,0.0,PASS_<20%,0.00,0.0,NO,STANDBY_VEL_LOW,0,0.00,4590.00,815.02,FALSE,M1_DIRECTION_MISMATCH|OPENING_SHIELD_ACTIVE_13s
2026-09-04 21:04:13.584,1788555853.584,77364,27,492,4430.99,4431.07,8.0,PASS_<=10c,+0.0,FLAT,+0.0,+34.0,4.2,+0.00,0.00,SLOW,4430.65,4431.16,4430.60,4430.99,0.00,0.00,0.0,BULLISH,56.0,4430.99,4430.99,4430.99,4430.99,13,ACTIVE_13s,1.0,0.0,0.0,0.0,0.0,0.0,0.0,PASS_<20%,0.00,0.0,NO,STANDBY_VEL_LOW,0,0.00,4590.00,815.02,FALSE,M1_DIRECTION_MISMATCH|OPENING_SHIELD_ACTIVE_13s
2026-09-04 21:04:14.086,1788555854.086,77365,28,493,4430.99,4431.07,8.0,PASS_<=10c,+0.0,FLAT,+0.0,+34.0,4.2,+0.00,0.00,SLOW,4430.65,4431.16,4430.60,4430.99,0.00,0.00,0.0,BULLISH,56.0,4430.99,4430.99,4430.99,4430.99,14,ACTIVE_14s,1.0,0.0,0.0,0.0,0.0,0.0,0.0,PASS_<20%,0.00,0.0,NO,STANDBY_VEL_LOW,0,0.00,4590.00,815.02,FALSE,M1_DIRECTION_MISMATCH|OPENING_SHIELD_ACTIVE_14s
2026-09-04 21:04:14.587,1788555854.588,77366,29,494,4430.99,4431.07,8.0,PASS_<=10c,+0.0,FLAT,+0.0,+34.0,4.2,+0.00,0.00,SLOW,4430.65,4431.16,4430.60,4430.99,0.00,0.00,0.0,BULLISH,56.0,4430.99,4430.99,4430.99,4430.99,14,ACTIVE_14s,1.0,0.0,0.0,0.0,0.0,0.0,0.0,PASS_<20%,0.00,0.0,NO,STANDBY_VEL_LOW,0,0.00,4590.00,815.02,FALSE,M1_DIRECTION_MISMATCH|OPENING_SHIELD_ACTIVE_14s
2026-09-04 21:04:15.094,1788555855.095,77367,30,495,4430.99,4431.07,8.0,PASS_<=10c,+0.0,FLAT,+0.0,+34.0,4.2,+0.00,0.00,SLOW,4430.65,4431.16,4430.60,4430.99,0.00,0.00,0.0,BULLISH,56.0,4430.99,4430.99,4430.99,4430.99,15,ACTIVE_15s,1.0,0.0,0.0,0.0,0.0,0.0,0.0,PASS_<20%,0.00,0.0,NO,STANDBY_VEL_LOW,0,0.00,4590.00,815.02,FALSE,M1_DIRECTION_MISMATCH|OPENING_SHIELD_ACTIVE_15s
2026-09-04 21:04:15.591,1788555855.591,77368,31,496,4430.99,4431.07,8.0,PASS_<=10c,+0.0,FLAT,+0.0,+34.0,4.2,+0.00,0.00,SLOW,4430.65,4431.16,4430.60,4430.99,0.00,0.00,0.0,BULLISH,56.0,4430.99,4430.99,4430.99,4430.99,15,ACTIVE_15s,1.0,0.0,0.0,0.0,0.0,0.0,0.0,PASS_<20%,0.00,0.0,NO,STANDBY_VEL_LOW,0,0.00,4590.00,815.02,FALSE,M1_DIRECTION_MISMATCH|OPENING_SHIELD_ACTIVE_15s
2026-09-04 21:04:16.104,1788555856.104,77369,32,497,4430.99,4431.07,8.0,PASS_<=10c,+0.0,FLAT,+0.0,+34.0,4.2,+0.00,0.00,SLOW,4430.65,4431.16,4430.60,4430.99,0.00,0.00,0.0,BULLISH,56.0,4430.99,4430.99,4430.99,4430.99,16,ACTIVE_16s,1.0,0.0,0.0,0.0,0.0,0.0,0.0,PASS_<20%,0.00,0.0,NO,STANDBY_VEL_LOW,0,0.00,4590.00,815.02,FALSE,M1_DIRECTION_MISMATCH|OPENING_SHIELD_ACTIVE_16s
2026-09-04 21:04:16.596,1788555856.597,77370,33,498,4430.99,4431.07,8.0,PASS_<=10c,+0.0,FLAT,+0.0,+34.0,4.2,+0.00,0.00,SLOW,4430.65,4431.16,4430.60,4430.99,0.00,0.00,0.0,BULLISH,56.0,4430.99,4430.99,4430.99,4430.99,16,ACTIVE_16s,1.0,0.0,0.0,0.0,0.0,0.0,0.0,PASS_<20%,0.00,0.0,NO,STANDBY_VEL_LOW,0,0.00,4590.00,815.02,FALSE,M1_DIRECTION_MISMATCH|OPENING_SHIELD_ACTIVE_16s
2026-09-04 21:04:17.097,1788555857.098,77371,34,499,4430.99,4431.07,8.0,PASS_<=10c,+0.0,FLAT,+0.0,+34.0,4.2,+0.00,0.00,SLOW,4430.65,4431.16,4430.60,4430.99,0.00,0.00,0.0,BULLISH,56.0,4430.99,4430.99,4430.99,4430.99,17,ACTIVE_17s,1.0,0.0,0.0,0.0,0.0,0.0,0.0,PASS_<20%,0.00,0.0,NO,STANDBY_VEL_LOW,0,0.00,4590.00,815.02,FALSE,M1_DIRECTION_MISMATCH|OPENING_SHIELD_ACTIVE_17s
2026-09-04 21:04:17.598,1788555857.599,77372,35,500,4430.99,4431.07,8.0,PASS_<=10c,+0.0,FLAT,+0.0,+34.0,4.2,+0.00,0.00,SLOW,4430.65,4431.16,4430.60,4430.99,0.00,0.00,0.0,BULLISH,56.0,4430.99,4430.99,4430.99,4430.99,17,ACTIVE_17s,1.0,0.0,0.0,0.0,0.0,0.0,0.0,PASS_<20%,0.00,0.0,NO,STANDBY_VEL_LOW,0,0.00,4590.00,815.02,FALSE,M1_DIRECTION_MISMATCH|OPENING_SHIELD_ACTIVE_17s
2026-09-04 21:04:18.100,1788555858.101,77373,36,501,4430.99,4431.07,8.0,PASS_<=10c,+0.0,FLAT,+0.0,+34.0,4.2,+0.00,0.00,SLOW,4430.65,4431.16,4430.60,4430.99,0.00,0.00,0.0,BULLISH,56.0,4430.99,4430.99,4430.99,4430.99,18,ACTIVE_18s,1.0,0.0,0.0,0.0,0.0,0.0,0.0,PASS_<20%,0.00,0.0,NO,STANDBY_VEL_LOW,0,0.00,4590.00,815.02,FALSE,M1_DIRECTION_MISMATCH|OPENING_SHIELD_ACTIVE_18s
2026-09-04 21:04:18.601,1788555858.601,77374,37,502,4430.99,4431.07,8.0,PASS_<=10c,+0.0,FLAT,+0.0,+34.0,4.2,+0.00,0.00,SLOW,4430.65,4431.16,4430.60,4430.99,0.00,0.00,0.0,BULLISH,56.0,4430.99,4430.99,4430.99,4430.99,18,ACTIVE_18s,1.0,0.0,0.0,0.0,0.0,0.0,0.0,PASS_<20%,0.00,0.0,NO,STANDBY_VEL_LOW,0,0.00,4590.00,815.02,FALSE,M1_DIRECTION_MISMATCH|OPENING_SHIELD_ACTIVE_18s
2026-09-04 21:04:19.103,1788555859.104,77375,38,503,4430.99,4431.07,8.0,PASS_<=10c,+0.0,FLAT,+0.0,+34.0,4.2,+0.00,0.00,SLOW,4430.65,4431.16,4430.60,4430.99,0.00,0.00,0.0,BULLISH,56.0,4430.99,4430.99,4430.99,4430.99,19,ACTIVE_19s,1.0,0.0,0.0,0.0,0.0,0.0,0.0,PASS_<20%,0.00,0.0,NO,STANDBY_VEL_LOW,0,0.00,4590.00,815.02,FALSE,M1_DIRECTION_MISMATCH|OPENING_SHIELD_ACTIVE_19s
2026-09-04 21:04:19.606,1788555859.606,77376,39,504,4430.99,4431.07,8.0,PASS_<=10c,+0.0,FLAT,+0.0,+34.0,4.2,+0.00,0.00,SLOW,4430.65,4431.16,4430.60,4430.99,0.00,0.00,0.0,BULLISH,56.0,4430.99,4430.99,4430.99,4430.99,19,ACTIVE_19s,1.0,0.0,0.0,0.0,0.0,0.0,0.0,PASS_<20%,0.00,0.0,NO,STANDBY_VEL_LOW,0,0.00,4590.00,815.02,FALSE,M1_DIRECTION_MISMATCH|OPENING_SHIELD_ACTIVE_19s
2026-09-04 21:04:20.106,1788555860.107,77377,40,505,4430.99,4431.07,8.0,PASS_<=10c,+0.0,FLAT,+0.0,+34.0,4.2,+0.00,0.00,SLOW,4430.65,4431.16,4430.60,4430.99,0.00,0.00,0.0,BULLISH,56.0,4430.99,4430.99,4430.99,4430.99,20,CLEARED_>=20s,1.0,0.0,0.0,0.0,0.0,0.0,0.0,PASS_<20%,0.00,0.0,NO,STANDBY_VEL_LOW,0,0.00,4590.00,815.02,FALSE,M1_DIRECTION_MISMATCH
2026-09-04 21:04:20.607,1788555860.608,77378,41,506,4430.99,4431.07,8.0,PASS_<=10c,+0.0,FLAT,+0.0,+34.0,4.2,+0.00,0.00,SLOW,4430.65,4431.16,4430.60,4430.99,0.00,0.00,0.0,BULLISH,56.0,4430.99,4430.99,4430.99,4430.99,20,CLEARED_>=20s,1.0,0.0,0.0,0.0,0.0,0.0,0.0,PASS_<20%,0.00,0.0,NO,STANDBY_VEL_LOW,0,0.00,4590.00,815.02,FALSE,M1_DIRECTION_MISMATCH
2026-09-04 21:04:21.108,1788555861.109,77379,42,507,4430.99,4431.07,8.0,PASS_<=10c,+0.0,FLAT,+0.0,+34.0,4.2,+0.00,0.00,SLOW,4430.65,4431.16,4430.60,4430.99,0.00,0.00,0.0,BULLISH,56.0,4430.99,4430.99,4430.99,4430.99,21,CLEARED_>=20s,1.0,0.0,0.0,0.0,0.0,0.0,0.0,PASS_<20%,0.00,0.0,NO,STANDBY_VEL_LOW,0,0.00,4590.00,815.02,FALSE,M1_DIRECTION_MISMATCH
2026-09-04 21:04:21.612,1788555861.613,77380,43,508,4430.99,4431.07,8.0,PASS_<=10c,+0.0,FLAT,+0.0,+34.0,4.2,+0.00,0.00,SLOW,4430.65,4431.16,4430.60,4430.99,0.00,0.00,0.0,BULLISH,56.0,4430.99,4430.99,4430.99,4430.99,21,CLEARED_>=20s,1.0,0.0,0.0,0.0,0.0,0.0,0.0,PASS_<20%,0.00,0.0,NO,STANDBY_VEL_LOW,0,0.00,4590.00,815.02,FALSE,M1_DIRECTION_MISMATCH
2026-09-04 21:04:22.114,1788555862.114,77381,44,509,4430.99,4431.07,8.0,PASS_<=10c,+0.0,FLAT,+0.0,+34.0,4.2,+0.00,0.00,SLOW,4430.65,4431.16,4430.60,4430.99,0.00,0.00,0.0,BULLISH,56.0,4430.99,4430.99,4430.99,4430.99,22,CLEARED_>=20s,1.0,0.0,0.0,0.0,0.0,0.0,0.0,PASS_<20%,0.00,0.0,NO,STANDBY_VEL_LOW,0,0.00,4590.00,815.02,FALSE,M1_DIRECTION_MISMATCH
2026-09-04 21:04:22.614,1788555862.615,77382,45,510,4430.99,4431.07,8.0,PASS_<=10c,+0.0,FLAT,+0.0,+34.0,4.2,+0.00,0.00,SLOW,4430.65,4431.16,4430.60,4430.99,0.00,0.00,0.0,BULLISH,56.0,4430.99,4430.99,4430.99,4430.99,22,CLEARED_>=20s,1.0,0.0,0.0,0.0,0.0,0.0,0.0,PASS_<20%,0.00,0.0,NO,STANDBY_VEL_LOW,0,0.00,4590.00,815.02,FALSE,M1_DIRECTION_MISMATCH
2026-09-04 21:04:23.114,1788555863.115,77383,46,511,4430.99,4431.07,8.0,PASS_<=10c,+0.0,FLAT,+0.0,+34.0,4.2,+0.00,0.00,SLOW,4430.65,4431.16,4430.60,4430.99,0.00,0.00,0.0,BULLISH,56.0,4430.99,4430.99,4430.99,4430.99,23,CLEARED_>=20s,1.0,0.0,0.0,0.0,0.0,0.0,0.0,PASS_<20%,0.00,0.0,NO,STANDBY_VEL_LOW,0,0.00,4590.00,815.02,FALSE,M1_DIRECTION_MISMATCH
2026-09-04 21:04:23.615,1788555863.616,77384,47,512,4430.99,4431.07,8.0,PASS_<=10c,+0.0,FLAT,+0.0,+34.0,4.2,+0.00,0.00,SLOW,4430.65,4431.16,4430.60,4430.99,0.00,0.00,0.0,BULLISH,56.0,4430.99,4430.99,4430.99,4430.99,23,CLEARED_>=20s,1.0,0.0,0.0,0.0,0.0,0.0,0.0,PASS_<20%,0.00,0.0,NO,STANDBY_VEL_LOW,0,0.00,4590.00,815.02,FALSE,M1_DIRECTION_MISMATCH
2026-09-04 21:04:24.117,1788555864.117,77385,48,513,4430.99,4431.07,8.0,PASS_<=10c,+0.0,FLAT,+0.0,+34.0,4.2,+0.00,0.00,SLOW,4430.65,4431.16,4430.60,4430.99,0.00,0.00,0.0,BULLISH,56.0,4430.99,4430.99,4430.99,4430.99,24,CLEARED_>=20s,1.0,0.0,0.0,0.0,0.0,0.0,0.0,PASS_<20%,0.00,0.0,NO,STANDBY_VEL_LOW,0,0.00,4590.00,815.02,FALSE,M1_DIRECTION_MISMATCH
2026-09-04 21:04:24.618,1788555864.619,77386,49,514,4430.99,4431.07,8.0,PASS_<=10c,+0.0,FLAT,+0.0,+34.0,4.2,+0.00,0.00,SLOW,4430.65,4431.16,4430.60,4430.99,0.00,0.00,0.0,BULLISH,56.0,4430.99,4430.99,4430.99,4430.99,24,CLEARED_>=20s,1.0,0.0,0.0,0.0,0.0,0.0,0.0,PASS_<20%,0.00,0.0,NO,STANDBY_VEL_LOW,0,0.00,4590.00,815.02,FALSE,M1_DIRECTION_MISMATCH
2026-09-04 21:04:25.120,1788555865.121,77387,50,515,4430.99,4431.07,8.0,PASS_<=10c,+0.0,FLAT,+0.0,+34.0,4.2,+0.00,0.00,SLOW,4430.65,4431.16,4430.60,4430.99,0.00,0.00,0.0,BULLISH,56.0,4430.99,4430.99,4430.99,4430.99,25,CLEARED_>=20s,1.0,0.0,0.0,0.0,0.0,0.0,0.0,PASS_<20%,0.00,0.0,NO,STANDBY_VEL_LOW,0,0.00,4590.00,815.02,FALSE,M1_DIRECTION_MISMATCH
2026-09-04 21:04:25.622,1788555865.622,77388,51,516,4430.99,4431.07,8.0,PASS_<=10c,+0.0,FLAT,+0.0,+34.0,4.2,+0.00,0.00,SLOW,4430.65,4431.16,4430.60,4430.99,0.00,0.00,0.0,BULLISH,56.0,4430.99,4430.99,4430.99,4430.99,25,CLEARED_>=20s,1.0,0.0,0.0,0.0,0.0,0.0,0.0,PASS_<20%,0.00,0.0,NO,STANDBY_VEL_LOW,0,0.00,4590.00,815.02,FALSE,M1_DIRECTION_MISMATCH
2026-09-04 21:04:26.122,1788555866.123,77389,52,517,4430.99,4431.07,8.0,PASS_<=10c,+0.0,FLAT,+0.0,+34.0,4.2,+0.00,0.00,SLOW,4430.65,4431.16,4430.60,4430.99,0.00,0.00,0.0,BULLISH,56.0,4430.99,4430.99,4430.99,4430.99,26,CLEARED_>=20s,1.0,0.0,0.0,0.0,0.0,0.0,0.0,PASS_<20%,0.00,0.0,NO,STANDBY_VEL_LOW,0,0.00,4590.00,815.02,FALSE,M1_DIRECTION_MISMATCH
2026-09-04 21:04:26.628,1788555866.629,77390,53,518,4430.99,4431.07,8.0,PASS_<=10c,+0.0,FLAT,+0.0,+34.0,4.2,+0.00,0.00,SLOW,4430.65,4431.16,4430.60,4430.99,0.00,0.00,0.0,BULLISH,56.0,4430.99,4430.99,4430.99,4430.99,26,CLEARED_>=20s,1.0,0.0,0.0,0.0,0.0,0.0,0.0,PASS_<20%,0.00,0.0,NO,STANDBY_VEL_LOW,0,0.00,4590.00,815.02,FALSE,M1_DIRECTION_MISMATCH
2026-09-04 21:04:27.126,1788555867.126,77391,54,519,4430.99,4431.07,8.0,PASS_<=10c,+0.0,FLAT,+0.0,+34.0,4.2,+0.00,0.00,SLOW,4430.65,4431.16,4430.60,4430.99,0.00,0.00,0.0,BULLISH,56.0,4430.99,4430.99,4430.99,4430.99,27,CLEARED_>=20s,1.0,0.0,0.0,0.0,0.0,0.0,0.0,PASS_<20%,0.00,0.0,NO,STANDBY_VEL_LOW,0,0.00,4590.00,815.02,FALSE,M1_DIRECTION_MISMATCH
2026-09-04 21:04:27.628,1788555867.628,77392,55,520,4430.99,4431.07,8.0,PASS_<=10c,+0.0,FLAT,+0.0,+34.0,4.2,+0.00,0.00,SLOW,4430.65,4431.16,4430.60,4430.99,0.00,0.00,0.0,BULLISH,56.0,4430.99,4430.99,4430.99,4430.99,27,CLEARED_>=20s,1.0,0.0,0.0,0.0,0.0,0.0,0.0,PASS_<20%,0.00,0.0,NO,STANDBY_VEL_LOW,0,0.00,4590.00,815.02,FALSE,M1_DIRECTION_MISMATCH
2026-09-04 21:04:28.130,1788555868.130,77393,56,521,4430.99,4431.07,8.0,PASS_<=10c,+0.0,FLAT,+0.0,+34.0,4.2,+0.00,0.00,SLOW,4430.65,4431.16,4430.60,4430.99,0.00,0.00,0.0,BULLISH,56.0,4430.99,4430.99,4430.99,4430.99,28,CLEARED_>=20s,1.0,0.0,0.0,0.0,0.0,0.0,0.0,PASS_<20%,0.00,0.0,NO,STANDBY_VEL_LOW,0,0.00,4590.00,815.02,FALSE,M1_DIRECTION_MISMATCH
2026-09-04 21:04:28.630,1788555868.631,77394,57,522,4430.99,4431.07,8.0,PASS_<=10c,+0.0,FLAT,+0.0,+34.0,4.2,+0.00,0.00,SLOW,4430.65,4431.16,4430.60,4430.99,0.00,0.00,0.0,BULLISH,56.0,4430.99,4430.99,4430.99,4430.99,28,CLEARED_>=20s,1.0,0.0,0.0,0.0,0.0,0.0,0.0,PASS_<20%,0.00,0.0,NO,STANDBY_VEL_LOW,0,0.00,4590.00,815.02,FALSE,M1_DIRECTION_MISMATCH
2026-09-04 21:04:29.132,1788555869.132,77395,58,523,4430.99,4431.07,8.0,PASS_<=10c,+0.0,FLAT,+0.0,+34.0,4.2,+0.00,0.00,SLOW,4430.65,4431.16,4430.60,4430.99,0.00,0.00,0.0,BULLISH,56.0,4430.99,4430.99,4430.99,4430.99,29,CLEARED_>=20s,1.0,0.0,0.0,0.0,0.0,0.0,0.0,PASS_<20%,0.00,0.0,NO,STANDBY_VEL_LOW,0,0.00,4590.00,815.02,FALSE,M1_DIRECTION_MISMATCH
2026-09-04 21:04:29.633,1788555869.634,77396,59,524,4430.99,4431.07,8.0,PASS_<=10c,+0.0,FLAT,+0.0,+34.0,4.2,+0.00,0.00,SLOW,4430.65,4431.16,4430.60,4430.99,0.00,0.00,0.0,BULLISH,56.0,4430.99,4430.99,4430.99,4430.99,29,CLEARED_>=20s,1.0,0.0,0.0,0.0,0.0,0.0,0.0,PASS_<20%,0.00,0.0,NO,STANDBY_VEL_LOW,0,0.00,4590.00,815.02,FALSE,M1_DIRECTION_MISMATCH
2026-09-04 21:04:30.136,1788555870.136,77397,60,525,4430.99,4431.07,8.0,PASS_<=10c,+0.0,FLAT,+0.0,+34.0,4.2,+0.00,0.00,SLOW,4430.65,4431.16,4430.60,4430.99,0.00,0.00,0.0,BULLISH,56.0,4430.99,4430.99,4430.99,4430.99,30,CLEARED_>=20s,1.0,0.0,0.0,0.0,0.0,0.0,0.0,PASS_<20%,0.00,0.0,NO,STANDBY_VEL_LOW,0,0.00,4590.00,815.02,FALSE,M1_DIRECTION_MISMATCH
2026-09-04 21:04:30.637,1788555870.638,77398,61,526,4430.99,4431.07,8.0,PASS_<=10c,+0.0,FLAT,+0.0,+34.0,4.2,+0.00,0.00,SLOW,4430.65,4431.16,4430.60,4430.99,0.00,0.00,0.0,BULLISH,56.0,4430.99,4430.99,4430.99,4430.99,30,CLEARED_>=20s,1.0,0.0,0.0,0.0,0.0,0.0,0.0,PASS_<20%,0.00,0.0,NO,STANDBY_VEL_LOW,0,0.00,4590.00,815.02,FALSE,M1_DIRECTION_MISMATCH
2026-09-04 21:04:31.138,1788555871.138,77399,62,527,4430.99,4431.07,8.0,PASS_<=10c,+0.0,FLAT,+0.0,+34.0,4.2,+0.00,0.00,SLOW,4430.65,4431.16,4430.60,4430.99,0.00,0.00,0.0,BULLISH,56.0,4430.99,4430.99,4430.99,4430.99,31,CLEARED_>=20s,1.0,0.0,0.0,0.0,0.0,0.0,0.0,PASS_<20%,0.00,0.0,NO,STANDBY_VEL_LOW,0,0.00,4590.00,815.02,FALSE,M1_DIRECTION_MISMATCH
2026-09-04 21:04:31.641,1788555871.642,77400,63,528,4430.99,4431.07,8.0,PASS_<=10c,+0.0,FLAT,+0.0,+34.0,4.2,+0.00,0.00,SLOW,4430.65,4431.16,4430.60,4430.99,0.00,0.00,0.0,BULLISH,56.0,4430.99,4430.99,4430.99,4430.99,31,CLEARED_>=20s,1.0,0.0,0.0,0.0,0.0,0.0,0.0,PASS_<20%,0.00,0.0,NO,STANDBY_VEL_LOW,0,0.00,4590.00,815.02,FALSE,M1_DIRECTION_MISMATCH
2026-09-04 21:04:32.141,1788555872.141,77401,64,529,4430.99,4431.07,8.0,PASS_<=10c,+0.0,FLAT,+0.0,+34.0,4.2,+0.00,0.00,SLOW,4430.65,4431.16,4430.60,4430.99,0.00,0.00,0.0,BULLISH,56.0,4430.99,4430.99,4430.99,4430.99,32,CLEARED_>=20s,1.0,0.0,0.0,0.0,0.0,0.0,0.0,PASS_<20%,0.00,0.0,NO,STANDBY_VEL_LOW,0,0.00,4590.00,815.02,FALSE,M1_DIRECTION_MISMATCH
2026-09-04 21:04:32.643,1788555872.644,77402,65,530,4430.99,4431.07,8.0,PASS_<=10c,+0.0,FLAT,+0.0,+34.0,4.2,+0.00,0.00,SLOW,4430.65,4431.16,4430.60,4430.99,0.00,0.00,0.0,BULLISH,56.0,4430.99,4430.99,4430.99,4430.99,32,CLEARED_>=20s,1.0,0.0,0.0,0.0,0.0,0.0,0.0,PASS_<20%,0.00,0.0,NO,STANDBY_VEL_LOW,0,0.00,4590.00,815.02,FALSE,M1_DIRECTION_MISMATCH
2026-09-04 21:04:33.144,1788555873.145,77403,66,531,4430.99,4431.07,8.0,PASS_<=10c,+0.0,FLAT,+0.0,+34.0,4.2,+0.00,0.00,SLOW,4430.65,4431.16,4430.60,4430.99,0.00,0.00,0.0,BULLISH,56.0,4430.99,4430.99,4430.99,4430.99,33,CLEARED_>=20s,1.0,0.0,0.0,0.0,0.0,0.0,0.0,PASS_<20%,0.00,0.0,NO,STANDBY_VEL_LOW,0,0.00,4590.00,815.02,FALSE,M1_DIRECTION_MISMATCH
2026-09-04 21:04:33.644,1788555873.645,77404,67,532,4430.99,4431.07,8.0,PASS_<=10c,+0.0,FLAT,+0.0,+34.0,4.2,+0.00,0.00,SLOW,4430.65,4431.16,4430.60,4430.99,0.00,0.00,0.0,BULLISH,56.0,4430.99,4430.99,4430.99,4430.99,33,CLEARED_>=20s,1.0,0.0,0.0,0.0,0.0,0.0,0.0,PASS_<20%,0.00,0.0,NO,STANDBY_VEL_LOW,0,0.00,4590.00,815.02,FALSE,M1_DIRECTION_MISMATCH
2026-09-04 21:04:34.146,1788555874.146,77405,68,533,4430.99,4431.07,8.0,PASS_<=10c,+0.0,FLAT,+0.0,+34.0,4.2,+0.00,0.00,SLOW,4430.65,4431.16,4430.60,4430.99,0.00,0.00,0.0,BULLISH,56.0,4430.99,4430.99,4430.99,4430.99,34,CLEARED_>=20s,1.0,0.0,0.0,0.0,0.0,0.0,0.0,PASS_<20%,0.00,0.0,NO,STANDBY_VEL_LOW,0,0.00,4590.00,815.02,FALSE,M1_DIRECTION_MISMATCH
2026-09-04 21:04:34.648,1788555874.649,77406,69,534,4430.99,4431.07,8.0,PASS_<=10c,+0.0,FLAT,+0.0,+34.0,4.2,+0.00,0.00,SLOW,4430.65,4431.16,4430.60,4430.99,0.00,0.00,0.0,BULLISH,56.0,4430.99,4430.99,4430.99,4430.99,34,CLEARED_>=20s,1.0,0.0,0.0,0.0,0.0,0.0,0.0,PASS_<20%,0.00,0.0,NO,STANDBY_VEL_LOW,0,0.00,4590.00,815.02,FALSE,M1_DIRECTION_MISMATCH
2026-09-04 21:04:35.150,1788555875.150,77407,70,535,4430.99,4431.07,8.0,PASS_<=10c,+0.0,FLAT,+0.0,+34.0,4.2,+0.00,0.00,SLOW,4430.65,4431.16,4430.60,4430.99,0.00,0.00,0.0,BULLISH,56.0,4430.99,4430.99,4430.99,4430.99,35,CLEARED_>=20s,1.0,0.0,0.0,0.0,0.0,0.0,0.0,PASS_<20%,0.00,0.0,NO,STANDBY_VEL_LOW,0,0.00,4590.00,815.02,FALSE,M1_DIRECTION_MISMATCH
2026-09-04 21:04:35.651,1788555875.652,77408,71,536,4430.99,4431.07,8.0,PASS_<=10c,+0.0,FLAT,+0.0,+34.0,4.2,+0.00,0.00,SLOW,4430.65,4431.16,4430.60,4430.99,0.00,0.00,0.0,BULLISH,56.0,4430.99,4430.99,4430.99,4430.99,35,CLEARED_>=20s,1.0,0.0,0.0,0.0,0.0,0.0,0.0,PASS_<20%,0.00,0.0,NO,STANDBY_VEL_LOW,0,0.00,4590.00,815.02,FALSE,M1_DIRECTION_MISMATCH
2026-09-04 21:04:36.154,1788555876.154,77409,72,537,4430.99,4431.07,8.0,PASS_<=10c,+0.0,FLAT,+0.0,+34.0,4.2,+0.00,0.00,SLOW,4430.65,4431.16,4430.60,4430.99,0.00,0.00,0.0,BULLISH,56.0,4430.99,4430.99,4430.99,4430.99,36,CLEARED_>=20s,1.0,0.0,0.0,0.0,0.0,0.0,0.0,PASS_<20%,0.00,0.0,NO,STANDBY_VEL_LOW,0,0.00,4590.00,815.02,FALSE,M1_DIRECTION_MISMATCH
2026-09-04 21:04:36.664,1788555876.664,77410,73,538,4430.99,4431.07,8.0,PASS_<=10c,+0.0,FLAT,+0.0,+34.0,4.2,+0.00,0.00,SLOW,4430.65,4431.16,4430.60,4430.99,0.00,0.00,0.0,BULLISH,56.0,4430.99,4430.99,4430.99,4430.99,36,CLEARED_>=20s,1.0,0.0,0.0,0.0,0.0,0.0,0.0,PASS_<20%,0.00,0.0,NO,STANDBY_VEL_LOW,0,0.00,4590.00,815.02,FALSE,M1_DIRECTION_MISMATCH
2026-09-04 21:04:37.166,1788555877.166,77411,74,539,4430.99,4431.07,8.0,PASS_<=10c,+0.0,FLAT,+0.0,+34.0,4.2,+0.00,0.00,SLOW,4430.65,4431.16,4430.60,4430.99,0.00,0.00,0.0,BULLISH,56.0,4430.99,4430.99,4430.99,4430.99,37,CLEARED_>=20s,1.0,0.0,0.0,0.0,0.0,0.0,0.0,PASS_<20%,0.00,0.0,NO,STANDBY_VEL_LOW,0,0.00,4590.00,815.02,FALSE,M1_DIRECTION_MISMATCH
2026-09-04 21:04:37.668,1788555877.668,77412,75,540,4430.99,4431.07,8.0,PASS_<=10c,+0.0,FLAT,+0.0,+34.0,4.2,+0.00,0.00,SLOW,4430.65,4431.16,4430.60,4430.99,0.00,0.00,0.0,BULLISH,56.0,4430.99,4430.99,4430.99,4430.99,37,CLEARED_>=20s,1.0,0.0,0.0,0.0,0.0,0.0,0.0,PASS_<20%,0.00,0.0,NO,STANDBY_VEL_LOW,0,0.00,4590.00,815.02,FALSE,M1_DIRECTION_MISMATCH
2026-09-04 21:04:38.169,1788555878.169,77413,76,541,4430.99,4431.07,8.0,PASS_<=10c,+0.0,FLAT,+0.0,+34.0,4.2,+0.00,0.00,SLOW,4430.65,4431.16,4430.60,4430.99,0.00,0.00,0.0,BULLISH,56.0,4430.99,4430.99,4430.99,4430.99,38,CLEARED_>=20s,1.0,0.0,0.0,0.0,0.0,0.0,0.0,PASS_<20%,0.00,0.0,NO,STANDBY_VEL_LOW,0,0.00,4590.00,815.02,FALSE,M1_DIRECTION_MISMATCH
2026-09-04 21:04:38.670,1788555878.670,77414,77,542,4430.99,4431.07,8.0,PASS_<=10c,+0.0,FLAT,+0.0,+34.0,4.2,+0.00,0.00,SLOW,4430.65,4431.16,4430.60,4430.99,0.00,0.00,0.0,BULLISH,56.0,4430.99,4430.99,4430.99,4430.99,38,CLEARED_>=20s,1.0,0.0,0.0,0.0,0.0,0.0,0.0,PASS_<20%,0.00,0.0,NO,STANDBY_VEL_LOW,0,0.00,4590.00,815.02,FALSE,M1_DIRECTION_MISMATCH
2026-09-04 21:04:39.171,1788555879.171,77415,78,543,4430.99,4431.07,8.0,PASS_<=10c,+0.0,FLAT,+0.0,+34.0,4.2,+0.00,0.00,SLOW,4430.65,4431.16,4430.60,4430.99,0.00,0.00,0.0,BULLISH,56.0,4430.99,4430.99,4430.99,4430.99,39,CLEARED_>=20s,1.0,0.0,0.0,0.0,0.0,0.0,0.0,PASS_<20%,0.00,0.0,NO,STANDBY_VEL_LOW,0,0.00,4590.00,815.02,FALSE,M1_DIRECTION_MISMATCH
2026-09-04 21:04:39.672,1788555879.673,77416,79,544,4430.99,4431.07,8.0,PASS_<=10c,+0.0,FLAT,+0.0,+34.0,4.2,+0.00,0.00,SLOW,4430.65,4431.16,4430.60,4430.99,0.00,0.00,0.0,BULLISH,56.0,4430.99,4430.99,4430.99,4430.99,39,CLEARED_>=20s,1.0,0.0,0.0,0.0,0.0,0.0,0.0,PASS_<20%,0.00,0.0,NO,STANDBY_VEL_LOW,0,0.00,4590.00,815.02,FALSE,M1_DIRECTION_MISMATCH
2026-09-04 21:04:40.175,1788555880.175,77417,80,545,4430.99,4431.07,8.0,PASS_<=10c,+0.0,FLAT,+0.0,+34.0,4.2,+0.00,0.00,SLOW,4430.65,4431.16,4430.60,4430.99,0.00,0.00,0.0,BULLISH,56.0,4430.99,4430.99,4430.99,4430.99,40,CLEARED_>=20s,1.0,0.0,0.0,0.0,0.0,0.0,0.0,PASS_<20%,0.00,0.0,NO,STANDBY_VEL_LOW,0,0.00,4590.00,815.02,FALSE,M1_DIRECTION_MISMATCH
2026-09-04 21:04:40.676,1788555880.677,77418,81,546,4430.99,4431.07,8.0,PASS_<=10c,+0.0,FLAT,+0.0,+34.0,4.2,+0.00,0.00,SLOW,4430.65,4431.16,4430.60,4430.99,0.00,0.00,0.0,BULLISH,56.0,4430.99,4430.99,4430.99,4430.99,40,CLEARED_>=20s,1.0,0.0,0.0,0.0,0.0,0.0,0.0,PASS_<20%,0.00,0.0,NO,STANDBY_VEL_LOW,0,0.00,4590.00,815.02,FALSE,M1_DIRECTION_MISMATCH
2026-09-04 21:04:41.179,1788555881.180,77419,82,547,4430.99,4431.07,8.0,PASS_<=10c,+0.0,FLAT,+0.0,+34.0,4.2,+0.00,0.00,SLOW,4430.65,4431.16,4430.60,4430.99,0.00,0.00,0.0,BULLISH,56.0,4430.99,4430.99,4430.99,4430.99,41,CLEARED_>=20s,1.0,0.0,0.0,0.0,0.0,0.0,0.0,PASS_<20%,0.00,0.0,NO,STANDBY_VEL_LOW,0,0.00,4590.00,815.02,FALSE,M1_DIRECTION_MISMATCH
2026-09-04 21:04:41.680,1788555881.680,77420,83,548,4430.99,4431.07,8.0,PASS_<=10c,+0.0,FLAT,+0.0,+34.0,4.2,+0.00,0.00,SLOW,4430.65,4431.16,4430.60,4430.99,0.00,0.00,0.0,BULLISH,56.0,4430.99,4430.99,4430.99,4430.99,41,CLEARED_>=20s,1.0,0.0,0.0,0.0,0.0,0.0,0.0,PASS_<20%,0.00,0.0,NO,STANDBY_VEL_LOW,0,0.00,4590.00,815.02,FALSE,M1_DIRECTION_MISMATCH
2026-09-04 21:04:42.181,1788555882.182,77421,84,549,4430.99,4431.07,8.0,PASS_<=10c,+0.0,FLAT,+0.0,+34.0,4.2,+0.00,0.00,SLOW,4430.65,4431.16,4430.60,4430.99,0.00,0.00,0.0,BULLISH,56.0,4430.99,4430.99,4430.99,4430.99,42,CLEARED_>=20s,1.0,0.0,0.0,0.0,0.0,0.0,0.0,PASS_<20%,0.00,0.0,NO,STANDBY_VEL_LOW,0,0.00,4590.00,815.02,FALSE,M1_DIRECTION_MISMATCH
2026-09-04 21:04:42.683,1788555882.683,77422,85,550,4430.99,4431.07,8.0,PASS_<=10c,+0.0,FLAT,+0.0,+34.0,4.2,+0.00,0.00,SLOW,4430.65,4431.16,4430.60,4430.99,0.00,0.00,0.0,BULLISH,56.0,4430.99,4430.99,4430.99,4430.99,42,CLEARED_>=20s,1.0,0.0,0.0,0.0,0.0,0.0,0.0,PASS_<20%,0.00,0.0,NO,STANDBY_VEL_LOW,0,0.00,4590.00,815.02,FALSE,M1_DIRECTION_MISMATCH
2026-09-04 21:04:43.184,1788555883.184,77423,86,551,4430.99,4431.07,8.0,PASS_<=10c,+0.0,FLAT,+0.0,+34.0,4.2,+0.00,0.00,SLOW,4430.65,4431.16,4430.60,4430.99,0.00,0.00,0.0,BULLISH,56.0,4430.99,4430.99,4430.99,4430.99,43,CLEARED_>=20s,1.0,0.0,0.0,0.0,0.0,0.0,0.0,PASS_<20%,0.00,0.0,NO,STANDBY_VEL_LOW,0,0.00,4590.00,815.02,FALSE,M1_DIRECTION_MISMATCH
2026-09-04 21:04:43.685,1788555883.685,77424,87,552,4430.99,4431.07,8.0,PASS_<=10c,+0.0,FLAT,+0.0,+34.0,4.2,+0.00,0.00,SLOW,4430.65,4431.16,4430.60,4430.99,0.00,0.00,0.0,BULLISH,56.0,4430.99,4430.99,4430.99,4430.99,43,CLEARED_>=20s,1.0,0.0,0.0,0.0,0.0,0.0,0.0,PASS_<20%,0.00,0.0,NO,STANDBY_VEL_LOW,0,0.00,4590.00,815.02,FALSE,M1_DIRECTION_MISMATCH
2026-09-04 21:04:44.185,1788555884.186,77425,88,553,4430.99,4431.07,8.0,PASS_<=10c,+0.0,FLAT,+0.0,+34.0,4.2,+0.00,0.00,SLOW,4430.65,4431.16,4430.60,4430.99,0.00,0.00,0.0,BULLISH,56.0,4430.99,4430.99,4430.99,4430.99,44,CLEARED_>=20s,1.0,0.0,0.0,0.0,0.0,0.0,0.0,PASS_<20%,0.00,0.0,NO,STANDBY_VEL_LOW,0,0.00,4590.00,815.02,FALSE,M1_DIRECTION_MISMATCH
2026-09-04 21:04:44.687,1788555884.688,77426,89,554,4430.99,4431.07,8.0,PASS_<=10c,+0.0,FLAT,+0.0,+34.0,4.2,+0.00,0.00,SLOW,4430.65,4431.16,4430.60,4430.99,0.00,0.00,0.0,BULLISH,56.0,4430.99,4430.99,4430.99,4430.99,44,CLEARED_>=20s,1.0,0.0,0.0,0.0,0.0,0.0,0.0,PASS_<20%,0.00,0.0,NO,STANDBY_VEL_LOW,0,0.00,4590.00,815.02,FALSE,M1_DIRECTION_MISMATCH
2026-09-04 21:04:45.189,1788555885.190,77427,90,555,4430.99,4431.07,8.0,PASS_<=10c,+0.0,FLAT,+0.0,+34.0,4.2,+0.00,0.00,SLOW,4430.65,4431.16,4430.60,4430.99,0.00,0.00,0.0,BULLISH,56.0,4430.99,4430.99,4430.99,4430.99,45,CLEARED_>=20s,1.0,0.0,0.0,0.0,0.0,0.0,0.0,PASS_<20%,0.00,0.0,NO,STANDBY_VEL_LOW,0,0.00,4590.00,815.02,FALSE,M1_DIRECTION_MISMATCH
2026-09-04 21:04:45.689,1788555885.690,77428,91,556,4430.99,4431.07,8.0,PASS_<=10c,+0.0,FLAT,+0.0,+34.0,4.2,+0.00,0.00,SLOW,4430.65,4431.16,4430.60,4430.99,0.00,0.00,0.0,BULLISH,56.0,4430.99,4430.99,4430.99,4430.99,45,CLEARED_>=20s,1.0,0.0,0.0,0.0,0.0,0.0,0.0,PASS_<20%,0.00,0.0,NO,STANDBY_VEL_LOW,0,0.00,4590.00,815.02,FALSE,M1_DIRECTION_MISMATCH
2026-09-04 21:04:46.191,1788555886.192,77429,92,557,4430.99,4431.07,8.0,PASS_<=10c,+0.0,FLAT,+0.0,+34.0,4.2,+0.00,0.00,SLOW,4430.65,4431.16,4430.60,4430.99,0.00,0.00,0.0,BULLISH,56.0,4430.99,4430.99,4430.99,4430.99,46,CLEARED_>=20s,1.0,0.0,0.0,0.0,0.0,0.0,0.0,PASS_<20%,0.00,0.0,NO,STANDBY_VEL_LOW,0,0.00,4590.00,815.02,FALSE,M1_DIRECTION_MISMATCH
2026-09-04 21:04:46.698,1788555886.698,77430,93,558,4430.99,4431.07,8.0,PASS_<=10c,+0.0,FLAT,+0.0,+34.0,4.2,+0.00,0.00,SLOW,4430.65,4431.16,4430.60,4430.99,0.00,0.00,0.0,BULLISH,56.0,4430.99,4430.99,4430.99,4430.99,46,CLEARED_>=20s,1.0,0.0,0.0,0.0,0.0,0.0,0.0,PASS_<20%,0.00,0.0,NO,STANDBY_VEL_LOW,0,0.00,4590.00,815.02,FALSE,M1_DIRECTION_MISMATCH
2026-09-04 21:04:47.198,1788555887.198,77431,94,559,4430.99,4431.07,8.0,PASS_<=10c,+0.0,FLAT,+0.0,+34.0,4.2,+0.00,0.00,SLOW,4430.65,4431.16,4430.60,4430.99,0.00,0.00,0.0,BULLISH,56.0,4430.99,4430.99,4430.99,4430.99,47,CLEARED_>=20s,1.0,0.0,0.0,0.0,0.0,0.0,0.0,PASS_<20%,0.00,0.0,NO,STANDBY_VEL_LOW,0,0.00,4590.00,815.02,FALSE,M1_DIRECTION_MISMATCH
2026-09-04 21:04:47.722,1788555887.722,77432,95,560,4430.99,4431.07,8.0,PASS_<=10c,+0.0,FLAT,+0.0,+34.0,4.2,+0.00,0.00,SLOW,4430.65,4431.16,4430.60,4430.99,0.00,0.00,0.0,BULLISH,56.0,4430.99,4430.99,4430.99,4430.99,47,CLEARED_>=20s,1.0,0.0,0.0,0.0,0.0,0.0,0.0,PASS_<20%,0.00,0.0,NO,STANDBY_VEL_LOW,0,0.00,4590.00,815.02,FALSE,M1_DIRECTION_MISMATCH
2026-09-04 21:04:48.207,1788555888.207,77433,96,561,4430.99,4431.07,8.0,PASS_<=10c,+0.0,FLAT,+0.0,+34.0,4.2,+0.00,0.00,SLOW,4430.65,4431.16,4430.60,4430.99,0.00,0.00,0.0,BULLISH,56.0,4430.99,4430.99,4430.99,4430.99,48,CLEARED_>=20s,1.0,0.0,0.0,0.0,0.0,0.0,0.0,PASS_<20%,0.00,0.0,NO,STANDBY_VEL_LOW,0,0.00,4590.00,815.02,FALSE,M1_DIRECTION_MISMATCH
2026-09-04 21:04:48.708,1788555888.709,77434,97,562,4430.99,4431.07,8.0,PASS_<=10c,+0.0,FLAT,+0.0,+34.0,4.2,+0.00,0.00,SLOW,4430.65,4431.16,4430.60,4430.99,0.00,0.00,0.0,BULLISH,56.0,4430.99,4430.99,4430.99,4430.99,48,CLEARED_>=20s,1.0,0.0,0.0,0.0,0.0,0.0,0.0,PASS_<20%,0.00,0.0,NO,STANDBY_VEL_LOW,0,0.00,4590.00,815.02,FALSE,M1_DIRECTION_MISMATCH
2026-09-04 21:04:49.209,1788555889.210,77435,98,563,4430.99,4431.07,8.0,PASS_<=10c,+0.0,FLAT,+0.0,+34.0,4.2,+0.00,0.00,SLOW,4430.65,4431.16,4430.60,4430.99,0.00,0.00,0.0,BULLISH,56.0,4430.99,4430.99,4430.99,4430.99,49,CLEARED_>=20s,1.0,0.0,0.0,0.0,0.0,0.0,0.0,PASS_<20%,0.00,0.0,NO,STANDBY_VEL_LOW,0,0.00,4590.00,815.02,FALSE,M1_DIRECTION_MISMATCH
2026-09-04 21:04:49.711,1788555889.712,77436,99,564,4430.99,4431.07,8.0,PASS_<=10c,+0.0,FLAT,+0.0,+34.0,4.2,+0.00,0.00,SLOW,4430.65,4431.16,4430.60,4430.99,0.00,0.00,0.0,BULLISH,56.0,4430.99,4430.99,4430.99,4430.99,49,CLEARED_>=20s,1.0,0.0,0.0,0.0,0.0,0.0,0.0,PASS_<20%,0.00,0.0,NO,STANDBY_VEL_LOW,0,0.00,4590.00,815.02,FALSE,M1_DIRECTION_MISMATCH
2026-09-04 21:04:50.214,1788555890.214,77437,100,565,4430.99,4431.07,8.0,PASS_<=10c,+0.0,FLAT,+0.0,+34.0,4.2,+0.00,0.00,SLOW,4430.65,4431.16,4430.60,4430.99,0.00,0.00,0.0,BULLISH,56.0,4430.99,4430.99,4430.99,4430.99,50,CLEARED_>=20s,1.0,0.0,0.0,0.0,0.0,0.0,0.0,PASS_<20%,0.00,0.0,NO,STANDBY_VEL_LOW,0,0.00,4590.00,815.02,FALSE,M1_DIRECTION_MISMATCH
2026-09-04 21:04:50.741,1788555890.742,77438,101,566,4430.99,4431.07,8.0,PASS_<=10c,+0.0,FLAT,+0.0,+34.0,4.2,+0.00,0.00,SLOW,4430.65,4431.16,4430.60,4430.99,0.00,0.00,0.0,BULLISH,56.0,4430.99,4430.99,4430.99,4430.99,50,CLEARED_>=20s,1.0,0.0,0.0,0.0,0.0,0.0,0.0,PASS_<20%,0.00,0.0,NO,STANDBY_VEL_LOW,0,0.00,4590.00,815.02,FALSE,M1_DIRECTION_MISMATCH
2026-09-04 21:04:51.241,1788555891.242,77439,102,567,4430.99,4431.07,8.0,PASS_<=10c,+0.0,FLAT,+0.0,+34.0,4.2,+0.00,0.00,SLOW,4430.65,4431.16,4430.60,4430.99,0.00,0.00,0.0,BULLISH,56.0,4430.99,4430.99,4430.99,4430.99,51,CLEARED_>=20s,1.0,0.0,0.0,0.0,0.0,0.0,0.0,PASS_<20%,0.00,0.0,NO,STANDBY_VEL_LOW,0,0.00,4590.00,815.02,FALSE,M1_DIRECTION_MISMATCH
2026-09-04 21:04:51.746,1788555891.747,77440,103,568,4430.99,4431.07,8.0,PASS_<=10c,+0.0,FLAT,+0.0,+34.0,4.2,+0.00,0.00,SLOW,4430.65,4431.16,4430.60,4430.99,0.00,0.00,0.0,BULLISH,56.0,4430.99,4430.99,4430.99,4430.99,51,CLEARED_>=20s,1.0,0.0,0.0,0.0,0.0,0.0,0.0,PASS_<20%,0.00,0.0,NO,STANDBY_VEL_LOW,0,0.00,4590.00,815.02,FALSE,M1_DIRECTION_MISMATCH
2026-09-04 21:04:52.248,1788555892.249,77441,104,569,4430.99,4431.07,8.0,PASS_<=10c,+0.0,FLAT,+0.0,+34.0,4.2,+0.00,0.00,SLOW,4430.65,4431.16,4430.60,4430.99,0.00,0.00,0.0,BULLISH,56.0,4430.99,4430.99,4430.99,4430.99,52,CLEARED_>=20s,1.0,0.0,0.0,0.0,0.0,0.0,0.0,PASS_<20%,0.00,0.0,NO,STANDBY_VEL_LOW,0,0.00,4590.00,815.02,FALSE,M1_DIRECTION_MISMATCH
2026-09-04 21:04:52.751,1788555892.751,77442,105,570,4430.99,4431.07,8.0,PASS_<=10c,+0.0,FLAT,+0.0,+34.0,4.2,+0.00,0.00,SLOW,4430.65,4431.16,4430.60,4430.99,0.00,0.00,0.0,BULLISH,56.0,4430.99,4430.99,4430.99,4430.99,52,CLEARED_>=20s,1.0,0.0,0.0,0.0,0.0,0.0,0.0,PASS_<20%,0.00,0.0,NO,STANDBY_VEL_LOW,0,0.00,4590.00,815.02,FALSE,M1_DIRECTION_MISMATCH
2026-09-04 21:04:53.252,1788555893.253,77443,106,571,4430.99,4431.07,8.0,PASS_<=10c,+0.0,FLAT,+0.0,+34.0,4.2,+0.00,0.00,SLOW,4430.65,4431.16,4430.60,4430.99,0.00,0.00,0.0,BULLISH,56.0,4430.99,4430.99,4430.99,4430.99,53,CLEARED_>=20s,1.0,0.0,0.0,0.0,0.0,0.0,0.0,PASS_<20%,0.00,0.0,NO,STANDBY_VEL_LOW,0,0.00,4590.00,815.02,FALSE,M1_DIRECTION_MISMATCH
2026-09-04 21:04:53.754,1788555893.755,77444,107,572,4430.99,4431.07,8.0,PASS_<=10c,+0.0,FLAT,+0.0,+34.0,4.2,+0.00,0.00,SLOW,4430.65,4431.16,4430.60,4430.99,0.00,0.00,0.0,BULLISH,56.0,4430.99,4430.99,4430.99,4430.99,53,CLEARED_>=20s,1.0,0.0,0.0,0.0,0.0,0.0,0.0,PASS_<20%,0.00,0.0,NO,STANDBY_VEL_LOW,0,0.00,4590.00,815.02,FALSE,M1_DIRECTION_MISMATCH
2026-09-04 21:04:54.255,1788555894.255,77445,108,573,4430.99,4431.07,8.0,PASS_<=10c,+0.0,FLAT,+0.0,+34.0,4.2,+0.00,0.00,SLOW,4430.65,4431.16,4430.60,4430.99,0.00,0.00,0.0,BULLISH,56.0,4430.99,4430.99,4430.99,4430.99,54,CLEARED_>=20s,1.0,0.0,0.0,0.0,0.0,0.0,0.0,PASS_<20%,0.00,0.0,NO,STANDBY_VEL_LOW,0,0.00,4590.00,815.02,FALSE,M1_DIRECTION_MISMATCH
2026-09-04 21:04:54.757,1788555894.758,77446,109,574,4430.99,4431.07,8.0,PASS_<=10c,+0.0,FLAT,+0.0,+34.0,4.2,+0.00,0.00,SLOW,4430.65,4431.16,4430.60,4430.99,0.00,0.00,0.0,BULLISH,56.0,4430.99,4430.99,4430.99,4430.99,54,CLEARED_>=20s,1.0,0.0,0.0,0.0,0.0,0.0,0.0,PASS_<20%,0.00,0.0,NO,STANDBY_VEL_LOW,0,0.00,4590.00,815.02,FALSE,M1_DIRECTION_MISMATCH
2026-09-04 21:04:55.259,1788555895.259,77447,110,575,4430.99,4431.07,8.0,PASS_<=10c,+0.0,FLAT,+0.0,+34.0,4.2,+0.00,0.00,SLOW,4430.65,4431.16,4430.60,4430.99,0.00,0.00,0.0,BULLISH,56.0,4430.99,4430.99,4430.99,4430.99,55,CLEARED_>=20s,1.0,0.0,0.0,0.0,0.0,0.0,0.0,PASS_<20%,0.00,0.0,NO,STANDBY_VEL_LOW,0,0.00,4590.00,815.02,FALSE,M1_DIRECTION_MISMATCH
2026-09-04 21:04:55.761,1788555895.761,77448,111,576,4430.99,4431.07,8.0,PASS_<=10c,+0.0,FLAT,+0.0,+34.0,4.2,+0.00,0.00,SLOW,4430.65,4431.16,4430.60,4430.99,0.00,0.00,0.0,BULLISH,56.0,4430.99,4430.99,4430.99,4430.99,55,CLEARED_>=20s,1.0,0.0,0.0,0.0,0.0,0.0,0.0,PASS_<20%,0.00,0.0,NO,STANDBY_VEL_LOW,0,0.00,4590.00,815.02,FALSE,M1_DIRECTION_MISMATCH
2026-09-04 21:04:56.263,1788555896.264,77449,112,577,4430.99,4431.07,8.0,PASS_<=10c,+0.0,FLAT,+0.0,+34.0,4.2,+0.00,0.00,SLOW,4430.65,4431.16,4430.60,4430.99,0.00,0.00,0.0,BULLISH,56.0,4430.99,4430.99,4430.99,4430.99,56,CLEARED_>=20s,1.0,0.0,0.0,0.0,0.0,0.0,0.0,PASS_<20%,0.00,0.0,NO,STANDBY_VEL_LOW,0,0.00,4590.00,815.02,FALSE,M1_DIRECTION_MISMATCH
2026-09-04 21:04:56.765,1788555896.765,77450,113,578,4430.99,4431.07,8.0,PASS_<=10c,+0.0,FLAT,+0.0,+34.0,4.2,+0.00,0.00,SLOW,4430.65,4431.16,4430.60,4430.99,0.00,0.00,0.0,BULLISH,56.0,4430.99,4430.99,4430.99,4430.99,56,CLEARED_>=20s,1.0,0.0,0.0,0.0,0.0,0.0,0.0,PASS_<20%,0.00,0.0,NO,STANDBY_VEL_LOW,0,0.00,4590.00,815.02,FALSE,M1_DIRECTION_MISMATCH
2026-09-04 21:04:57.266,1788555897.267,77451,114,579,4430.99,4431.07,8.0,PASS_<=10c,+0.0,FLAT,+0.0,+34.0,4.2,+0.00,0.00,SLOW,4430.65,4431.16,4430.60,4430.99,0.00,0.00,0.0,BULLISH,56.0,4430.99,4430.99,4430.99,4430.99,57,CLEARED_>=20s,1.0,0.0,0.0,0.0,0.0,0.0,0.0,PASS_<20%,0.00,0.0,NO,STANDBY_VEL_LOW,0,0.00,4590.00,815.02,FALSE,M1_DIRECTION_MISMATCH
2026-09-04 21:04:57.771,1788555897.771,77452,115,580,4430.99,4431.07,8.0,PASS_<=10c,+0.0,FLAT,+0.0,+34.0,4.2,+0.00,0.00,SLOW,4430.65,4431.16,4430.60,4430.99,0.00,0.00,0.0,BULLISH,56.0,4430.99,4430.99,4430.99,4430.99,57,CLEARED_>=20s,1.0,0.0,0.0,0.0,0.0,0.0,0.0,PASS_<20%,0.00,0.0,NO,STANDBY_VEL_LOW,0,0.00,4590.00,815.02,FALSE,M1_DIRECTION_MISMATCH
2026-09-04 21:04:58.268,1788555898.269,77453,116,581,4430.99,4431.07,8.0,PASS_<=10c,+0.0,FLAT,+0.0,+34.0,4.2,+0.00,0.00,SLOW,4430.65,4431.16,4430.60,4430.99,0.00,0.00,0.0,BULLISH,56.0,4430.99,4430.99,4430.99,4430.99,58,CLEARED_>=20s,1.0,0.0,0.0,0.0,0.0,0.0,0.0,PASS_<20%,0.00,0.0,NO,STANDBY_VEL_LOW,0,0.00,4590.00,815.02,FALSE,M1_DIRECTION_MISMATCH
2026-09-04 21:04:58.770,1788555898.770,77454,117,582,4430.99,4431.07,8.0,PASS_<=10c,+0.0,FLAT,+0.0,+34.0,4.2,+0.00,0.00,SLOW,4430.65,4431.16,4430.60,4430.99,0.00,0.00,0.0,BULLISH,56.0,4430.99,4430.99,4430.99,4430.99,58,CLEARED_>=20s,1.0,0.0,0.0,0.0,0.0,0.0,0.0,PASS_<20%,0.00,0.0,NO,STANDBY_VEL_LOW,0,0.00,4590.00,815.02,FALSE,M1_DIRECTION_MISMATCH
2026-09-04 21:04:59.272,1788555899.272,77455,118,583,4430.99,4431.07,8.0,PASS_<=10c,+0.0,FLAT,+0.0,+34.0,4.2,+0.00,0.00,SLOW,4430.65,4431.16,4430.60,4430.99,0.00,0.00,0.0,BULLISH,56.0,4430.99,4430.99,4430.99,4430.99,59,CLEARED_>=20s,1.0,0.0,0.0,0.0,0.0,0.0,0.0,PASS_<20%,0.00,0.0,NO,STANDBY_VEL_LOW,0,0.00,4590.00,815.02,FALSE,M1_DIRECTION_MISMATCH
2026-09-04 21:04:59.772,1788555899.773,77456,119,584,4430.99,4431.07,8.0,PASS_<=10c,+0.0,FLAT,+0.0,+34.0,4.2,+0.00,0.00,SLOW,4430.65,4431.16,4430.60,4430.99,0.00,0.00,0.0,BULLISH,56.0,4430.99,4430.99,4430.99,4430.99,59,CLEARED_>=20s,1.0,0.0,0.0,0.0,0.0,0.0,0.0,PASS_<20%,0.00,0.0,NO,STANDBY_VEL_LOW,0,0.00,4590.00,815.02,FALSE,M1_DIRECTION_MISMATCH
2026-09-04 21:05:00.275,1788555900.276,77457,1,1,4430.99,4431.07,8.0,PASS_<=10c,+0.0,FLAT,+0.0,+0.0,4.2,+0.00,0.00,SLOW,4430.99,4430.99,4430.99,4430.99,0.00,0.00,0.0,BULLISH,0.0,4430.99,4430.99,4430.99,4430.99,0,ACTIVE_0s,1.0,0.0,0.0,0.0,0.0,0.0,0.0,PASS_<20%,0.00,0.0,NO,STANDBY_VEL_LOW,0,0.00,4590.00,815.02,FALSE,M1_DIRECTION_MISMATCH|OPENING_SHIELD_ACTIVE_0s
2026-09-04 21:05:00.777,1788555900.777,77458,2,2,4430.99,4431.07,8.0,PASS_<=10c,+0.0,FLAT,+0.0,+0.0,4.2,+0.00,0.00,SLOW,4430.99,4430.99,4430.99,4430.99,0.00,0.00,0.0,BULLISH,0.0,4430.99,4430.99,4430.99,4430.99,0,ACTIVE_0s,1.0,0.0,0.0,0.0,0.0,0.0,0.0,PASS_<20%,0.00,0.0,NO,STANDBY_VEL_LOW,0,0.00,4590.00,815.02,FALSE,M1_DIRECTION_MISMATCH|OPENING_SHIELD_ACTIVE_0s
2026-09-04 21:05:01.279,1788555901.279,77459,3,3,4430.99,4431.07,8.0,PASS_<=10c,+0.0,FLAT,+0.0,+0.0,4.2,+0.00,0.00,SLOW,4430.99,4430.99,4430.99,4430.99,0.00,0.00,0.0,BULLISH,0.0,4430.99,4430.99,4430.99,4430.99,1,ACTIVE_1s,1.0,0.0,0.0,0.0,0.0,0.0,0.0,PASS_<20%,0.00,0.0,NO,STANDBY_VEL_LOW,0,0.00,4590.00,815.02,FALSE,M1_DIRECTION_MISMATCH|OPENING_SHIELD_ACTIVE_1s
2026-09-04 21:05:01.781,1788555901.782,77460,4,4,4430.99,4431.07,8.0,PASS_<=10c,+0.0,FLAT,+0.0,+0.0,4.2,+0.00,0.00,SLOW,4430.99,4430.99,4430.99,4430.99,0.00,0.00,0.0,BULLISH,0.0,4430.99,4430.99,4430.99,4430.99,1,ACTIVE_1s,1.0,0.0,0.0,0.0,0.0,0.0,0.0,PASS_<20%,0.00,0.0,NO,STANDBY_VEL_LOW,0,0.00,4590.00,815.02,FALSE,M1_DIRECTION_MISMATCH|OPENING_SHIELD_ACTIVE_1s
2026-09-04 21:05:02.334,1788555902.335,77461,5,5,4430.99,4431.07,8.0,PASS_<=10c,+0.0,FLAT,+0.0,+0.0,4.2,+0.00,0.00,SLOW,4430.99,4430.99,4430.99,4430.99,0.00,0.00,0.0,BULLISH,0.0,4430.99,4430.99,4430.99,4430.99,2,ACTIVE_2s,1.0,0.0,0.0,0.0,0.0,0.0,0.0,PASS_<20%,0.00,0.0,NO,STANDBY_VEL_LOW,0,0.00,4590.00,815.02,FALSE,M1_DIRECTION_MISMATCH|OPENING_SHIELD_ACTIVE_2s
2026-09-04 21:05:02.836,1788555902.836,77462,6,6,4430.99,4431.07,8.0,PASS_<=10c,+0.0,FLAT,+0.0,+0.0,4.2,+0.00,0.00,SLOW,4430.99,4430.99,4430.99,4430.99,0.00,0.00,0.0,BULLISH,0.0,4430.99,4430.99,4430.99,4430.99,2,ACTIVE_2s,1.0,0.0,0.0,0.0,0.0,0.0,0.0,PASS_<20%,0.00,0.0,NO,STANDBY_VEL_LOW,0,0.00,4590.00,815.02,FALSE,M1_DIRECTION_MISMATCH|OPENING_SHIELD_ACTIVE_2s
2026-09-04 21:05:03.337,1788555903.338,77463,7,7,4430.99,4431.07,8.0,PASS_<=10c,+0.0,FLAT,+0.0,+0.0,4.2,+0.00,0.00,SLOW,4430.99,4430.99,4430.99,4430.99,0.00,0.00,0.0,BULLISH,0.0,4430.99,4430.99,4430.99,4430.99,3,ACTIVE_3s,1.0,0.0,0.0,0.0,0.0,0.0,0.0,PASS_<20%,0.00,0.0,NO,STANDBY_VEL_LOW,0,0.00,4590.00,815.02,FALSE,M1_DIRECTION_MISMATCH|OPENING_SHIELD_ACTIVE_3s
2026-09-04 21:05:03.840,1788555903.840,77464,8,8,4430.99,4431.07,8.0,PASS_<=10c,+0.0,FLAT,+0.0,+0.0,4.2,+0.00,0.00,SLOW,4430.99,4430.99,4430.99,4430.99,0.00,0.00,0.0,BULLISH,0.0,4430.99,4430.99,4430.99,4430.99,3,ACTIVE_3s,1.0,0.0,0.0,0.0,0.0,0.0,0.0,PASS_<20%,0.00,0.0,NO,STANDBY_VEL_LOW,0,0.00,4590.00,815.02,FALSE,M1_DIRECTION_MISMATCH|OPENING_SHIELD_ACTIVE_3s
2026-09-04 21:05:04.340,1788555904.340,77465,9,9,4430.99,4431.07,8.0,PASS_<=10c,+0.0,FLAT,+0.0,+0.0,4.2,+0.00,0.00,SLOW,4430.99,4430.99,4430.99,4430.99,0.00,0.00,0.0,BULLISH,0.0,4430.99,4430.99,4430.99,4430.99,4,ACTIVE_4s,1.0,0.0,0.0,0.0,0.0,0.0,0.0,PASS_<20%,0.00,0.0,NO,STANDBY_VEL_LOW,0,0.00,4590.00,815.02,FALSE,M1_DIRECTION_MISMATCH|OPENING_SHIELD_ACTIVE_4s
2026-09-04 21:05:04.842,1788555904.843,77466,10,10,4430.99,4431.07,8.0,PASS_<=10c,+0.0,FLAT,+0.0,+0.0,4.2,+0.00,0.00,SLOW,4430.99,4430.99,4430.99,4430.99,0.00,0.00,0.0,BULLISH,0.0,4430.99,4430.99,4430.99,4430.99,4,ACTIVE_4s,1.0,0.0,0.0,0.0,0.0,0.0,0.0,PASS_<20%,0.00,0.0,NO,STANDBY_VEL_LOW,0,0.00,4590.00,815.02,FALSE,M1_DIRECTION_MISMATCH|OPENING_SHIELD_ACTIVE_4s
2026-09-04 21:05:05.343,1788555905.343,77467,11,11,4430.99,4431.07,8.0,PASS_<=10c,+0.0,FLAT,+0.0,+0.0,4.2,+0.00,0.00,SLOW,4430.99,4430.99,4430.99,4430.99,0.00,0.00,0.0,BULLISH,0.0,4430.99,4430.99,4430.99,4430.99,5,ACTIVE_5s,1.0,0.0,0.0,0.0,0.0,0.0,0.0,PASS_<20%,0.00,0.0,NO,STANDBY_VEL_LOW,0,0.00,4590.00,815.02,FALSE,M1_DIRECTION_MISMATCH|OPENING_SHIELD_ACTIVE_5s
2026-09-04 21:05:05.845,1788555905.845,77468,12,12,4430.99,4431.07,8.0,PASS_<=10c,+0.0,FLAT,+0.0,+0.0,4.2,+0.00,0.00,SLOW,4430.99,4430.99,4430.99,4430.99,0.00,0.00,0.0,BULLISH,0.0,4430.99,4430.99,4430.99,4430.99,5,ACTIVE_5s,1.0,0.0,0.0,0.0,0.0,0.0,0.0,PASS_<20%,0.00,0.0,NO,STANDBY_VEL_LOW,0,0.00,4590.00,815.02,FALSE,M1_DIRECTION_MISMATCH|OPENING_SHIELD_ACTIVE_5s
2026-09-04 21:05:06.346,1788555906.346,77469,13,13,4430.99,4431.07,8.0,PASS_<=10c,+0.0,FLAT,+0.0,+0.0,4.2,+0.00,0.00,SLOW,4430.99,4430.99,4430.99,4430.99,0.00,0.00,0.0,BULLISH,0.0,4430.99,4430.99,4430.99,4430.99,6,ACTIVE_6s,1.0,0.0,0.0,0.0,0.0,0.0,0.0,PASS_<20%,0.00,0.0,NO,STANDBY_VEL_LOW,0,0.00,4590.00,815.02,FALSE,M1_DIRECTION_MISMATCH|OPENING_SHIELD_ACTIVE_6s
2026-09-04 21:05:06.846,1788555906.847,77470,14,14,4430.99,4431.07,8.0,PASS_<=10c,+0.0,FLAT,+0.0,+0.0,4.2,+0.00,0.00,SLOW,4430.99,4430.99,4430.99,4430.99,0.00,0.00,0.0,BULLISH,0.0,4430.99,4430.99,4430.99,4430.99,6,ACTIVE_6s,1.0,0.0,0.0,0.0,0.0,0.0,0.0,PASS_<20%,0.00,0.0,NO,STANDBY_VEL_LOW,0,0.00,4590.00,815.02,FALSE,M1_DIRECTION_MISMATCH|OPENING_SHIELD_ACTIVE_6s
2026-09-04 21:05:07.348,1788555907.349,77471,15,15,4430.99,4431.07,8.0,PASS_<=10c,+0.0,FLAT,+0.0,+0.0,4.2,+0.00,0.00,SLOW,4430.99,4430.99,4430.99,4430.99,0.00,0.00,0.0,BULLISH,0.0,4430.99,4430.99,4430.99,4430.99,7,ACTIVE_7s,1.0,0.0,0.0,0.0,0.0,0.0,0.0,PASS_<20%,0.00,0.0,NO,STANDBY_VEL_LOW,0,0.00,4590.00,815.02,FALSE,M1_DIRECTION_MISMATCH|OPENING_SHIELD_ACTIVE_7s
2026-09-04 21:05:07.851,1788555907.851,77472,16,16,4430.99,4431.07,8.0,PASS_<=10c,+0.0,FLAT,+0.0,+0.0,4.2,+0.00,0.00,SLOW,4430.99,4430.99,4430.99,4430.99,0.00,0.00,0.0,BULLISH,0.0,4430.99,4430.99,4430.99,4430.99,7,ACTIVE_7s,1.0,0.0,0.0,0.0,0.0,0.0,0.0,PASS_<20%,0.00,0.0,NO,STANDBY_VEL_LOW,0,0.00,4590.00,815.02,FALSE,M1_DIRECTION_MISMATCH|OPENING_SHIELD_ACTIVE_7s
2026-09-04 21:05:08.351,1788555908.352,77473,17,17,4430.99,4431.07,8.0,PASS_<=10c,+0.0,FLAT,+0.0,+0.0,4.2,+0.00,0.00,SLOW,4430.99,4430.99,4430.99,4430.99,0.00,0.00,0.0,BULLISH,0.0,4430.99,4430.99,4430.99,4430.99,8,ACTIVE_8s,1.0,0.0,0.0,0.0,0.0,0.0,0.0,PASS_<20%,0.00,0.0,NO,STANDBY_VEL_LOW,0,0.00,4590.00,815.02,FALSE,M1_DIRECTION_MISMATCH|OPENING_SHIELD_ACTIVE_8s
2026-09-04 21:05:08.851,1788555908.852,77474,18,18,4430.99,4431.07,8.0,PASS_<=10c,+0.0,FLAT,+0.0,+0.0,4.2,+0.00,0.00,SLOW,4430.99,4430.99,4430.99,4430.99,0.00,0.00,0.0,BULLISH,0.0,4430.99,4430.99,4430.99,4430.99,8,ACTIVE_8s,1.0,0.0,0.0,0.0,0.0,0.0,0.0,PASS_<20%,0.00,0.0,NO,STANDBY_VEL_LOW,0,0.00,4590.00,815.02,FALSE,M1_DIRECTION_MISMATCH|OPENING_SHIELD_ACTIVE_8s
2026-09-04 21:05:09.353,1788555909.353,77475,19,19,4430.99,4431.07,8.0,PASS_<=10c,+0.0,FLAT,+0.0,+0.0,4.2,+0.00,0.00,SLOW,4430.99,4430.99,4430.99,4430.99,0.00,0.00,0.0,BULLISH,0.0,4430.99,4430.99,4430.99,4430.99,9,ACTIVE_9s,1.0,0.0,0.0,0.0,0.0,0.0,0.0,PASS_<20%,0.00,0.0,NO,STANDBY_VEL_LOW,0,0.00,4590.00,815.02,FALSE,M1_DIRECTION_MISMATCH|OPENING_SHIELD_ACTIVE_9s
2026-09-04 21:05:09.855,1788555909.855,77476,20,20,4430.99,4431.07,8.0,PASS_<=10c,+0.0,FLAT,+0.0,+0.0,4.2,+0.00,0.00,SLOW,4430.99,4430.99,4430.99,4430.99,0.00,0.00,0.0,BULLISH,0.0,4430.99,4430.99,4430.99,4430.99,9,ACTIVE_9s,1.0,0.0,0.0,0.0,0.0,0.0,0.0,PASS_<20%,0.00,0.0,NO,STANDBY_VEL_LOW,0,0.00,4590.00,815.02,FALSE,M1_DIRECTION_MISMATCH|OPENING_SHIELD_ACTIVE_9s
2026-09-04 21:05:10.357,1788555910.357,77477,21,21,4430.99,4431.07,8.0,PASS_<=10c,+0.0,FLAT,+0.0,+0.0,4.2,+0.00,0.00,SLOW,4430.99,4430.99,4430.99,4430.99,0.00,0.00,0.0,BULLISH,0.0,4430.99,4430.99,4430.99,4430.99,10,ACTIVE_10s,1.0,0.0,0.0,0.0,0.0,0.0,0.0,PASS_<20%,0.00,0.0,NO,STANDBY_VEL_LOW,0,0.00,4590.00,815.02,FALSE,M1_DIRECTION_MISMATCH|OPENING_SHIELD_ACTIVE_10s
2026-09-04 21:05:10.859,1788555910.859,77478,22,22,4430.99,4431.07,8.0,PASS_<=10c,+0.0,FLAT,+0.0,+0.0,4.2,+0.00,0.00,SLOW,4430.99,4430.99,4430.99,4430.99,0.00,0.00,0.0,BULLISH,0.0,4430.99,4430.99,4430.99,4430.99,10,ACTIVE_10s,1.0,0.0,0.0,0.0,0.0,0.0,0.0,PASS_<20%,0.00,0.0,NO,STANDBY_VEL_LOW,0,0.00,4590.00,815.02,FALSE,M1_DIRECTION_MISMATCH|OPENING_SHIELD_ACTIVE_10s
2026-09-04 21:05:11.362,1788555911.362,77479,23,23,4430.99,4431.07,8.0,PASS_<=10c,+0.0,FLAT,+0.0,+0.0,4.2,+0.00,0.00,SLOW,4430.99,4430.99,4430.99,4430.99,0.00,0.00,0.0,BULLISH,0.0,4430.99,4430.99,4430.99,4430.99,11,ACTIVE_11s,1.0,0.0,0.0,0.0,0.0,0.0,0.0,PASS_<20%,0.00,0.0,NO,STANDBY_VEL_LOW,0,0.00,4590.00,815.02,FALSE,M1_DIRECTION_MISMATCH|OPENING_SHIELD_ACTIVE_11s
2026-09-04 21:05:11.863,1788555911.864,77480,24,24,4430.99,4431.07,8.0,PASS_<=10c,+0.0,FLAT,+0.0,+0.0,4.2,+0.00,0.00,SLOW,4430.99,4430.99,4430.99,4430.99,0.00,0.00,0.0,BULLISH,0.0,4430.99,4430.99,4430.99,4430.99,11,ACTIVE_11s,1.0,0.0,0.0,0.0,0.0,0.0,0.0,PASS_<20%,0.00,0.0,NO,STANDBY_VEL_LOW,0,0.00,4590.00,815.02,FALSE,M1_DIRECTION_MISMATCH|OPENING_SHIELD_ACTIVE_11s
2026-09-04 21:05:12.365,1788555912.366,77481,25,25,4430.99,4431.07,8.0,PASS_<=10c,+0.0,FLAT,+0.0,+0.0,4.2,+0.00,0.00,SLOW,4430.99,4430.99,4430.99,4430.99,0.00,0.00,0.0,BULLISH,0.0,4430.99,4430.99,4430.99,4430.99,12,ACTIVE_12s,1.0,0.0,0.0,0.0,0.0,0.0,0.0,PASS_<20%,0.00,0.0,NO,STANDBY_VEL_LOW,0,0.00,4590.00,815.02,FALSE,M1_DIRECTION_MISMATCH|OPENING_SHIELD_ACTIVE_12s
2026-09-04 21:05:12.867,1788555912.867,77482,26,26,4430.99,4431.07,8.0,PASS_<=10c,+0.0,FLAT,+0.0,+0.0,4.2,+0.00,0.00,SLOW,4430.99,4430.99,4430.99,4430.99,0.00,0.00,0.0,BULLISH,0.0,4430.99,4430.99,4430.99,4430.99,12,ACTIVE_12s,1.0,0.0,0.0,0.0,0.0,0.0,0.0,PASS_<20%,0.00,0.0,NO,STANDBY_VEL_LOW,0,0.00,4590.00,815.02,FALSE,M1_DIRECTION_MISMATCH|OPENING_SHIELD_ACTIVE_12s
2026-09-04 21:05:13.368,1788555913.369,77483,27,27,4430.99,4431.07,8.0,PASS_<=10c,+0.0,FLAT,+0.0,+0.0,4.2,+0.00,0.00,SLOW,4430.99,4430.99,4430.99,4430.99,0.00,0.00,0.0,BULLISH,0.0,4430.99,4430.99,4430.99,4430.99,13,ACTIVE_13s,1.0,0.0,0.0,0.0,0.0,0.0,0.0,PASS_<20%,0.00,0.0,NO,STANDBY_VEL_LOW,0,0.00,4590.00,815.02,FALSE,M1_DIRECTION_MISMATCH|OPENING_SHIELD_ACTIVE_13s
2026-09-04 21:05:13.869,1788555913.870,77484,28,28,4430.99,4431.07,8.0,PASS_<=10c,+0.0,FLAT,+0.0,+0.0,4.2,+0.00,0.00,SLOW,4430.99,4430.99,4430.99,4430.99,0.00,0.00,0.0,BULLISH,0.0,4430.99,4430.99,4430.99,4430.99,13,ACTIVE_13s,1.0,0.0,0.0,0.0,0.0,0.0,0.0,PASS_<20%,0.00,0.0,NO,STANDBY_VEL_LOW,0,0.00,4590.00,815.02,FALSE,M1_DIRECTION_MISMATCH|OPENING_SHIELD_ACTIVE_13s
2026-09-04 21:05:14.372,1788555914.372,77485,29,29,4430.99,4431.07,8.0,PASS_<=10c,+0.0,FLAT,+0.0,+0.0,4.2,+0.00,0.00,SLOW,4430.99,4430.99,4430.99,4430.99,0.00,0.00,0.0,BULLISH,0.0,4430.99,4430.99,4430.99,4430.99,14,ACTIVE_14s,1.0,0.0,0.0,0.0,0.0,0.0,0.0,PASS_<20%,0.00,0.0,NO,STANDBY_VEL_LOW,0,0.00,4590.00,815.02,FALSE,M1_DIRECTION_MISMATCH|OPENING_SHIELD_ACTIVE_14s
2026-09-04 21:05:14.874,1788555914.874,77486,30,30,4430.99,4431.07,8.0,PASS_<=10c,+0.0,FLAT,+0.0,+0.0,4.2,+0.00,0.00,SLOW,4430.99,4430.99,4430.99,4430.99,0.00,0.00,0.0,BULLISH,0.0,4430.99,4430.99,4430.99,4430.99,14,ACTIVE_14s,1.0,0.0,0.0,0.0,0.0,0.0,0.0,PASS_<20%,0.00,0.0,NO,STANDBY_VEL_LOW,0,0.00,4590.00,815.02,FALSE,M1_DIRECTION_MISMATCH|OPENING_SHIELD_ACTIVE_14s
2026-09-04 21:05:15.375,1788555915.376,77487,31,31,4430.99,4431.07,8.0,PASS_<=10c,+0.0,FLAT,+0.0,+0.0,4.2,+0.00,0.00,SLOW,4430.99,4430.99,4430.99,4430.99,0.00,0.00,0.0,BULLISH,0.0,4430.99,4430.99,4430.99,4430.99,15,ACTIVE_15s,1.0,0.0,0.0,0.0,0.0,0.0,0.0,PASS_<20%,0.00,0.0,NO,STANDBY_VEL_LOW,0,0.00,4590.00,815.02,FALSE,M1_DIRECTION_MISMATCH|OPENING_SHIELD_ACTIVE_15s
2026-09-04 21:05:15.877,1788555915.877,77488,32,32,4430.99,4431.07,8.0,PASS_<=10c,+0.0,FLAT,+0.0,+0.0,4.2,+0.00,0.00,SLOW,4430.99,4430.99,4430.99,4430.99,0.00,0.00,0.0,BULLISH,0.0,4430.99,4430.99,4430.99,4430.99,15,ACTIVE_15s,1.0,0.0,0.0,0.0,0.0,0.0,0.0,PASS_<20%,0.00,0.0,NO,STANDBY_VEL_LOW,0,0.00,4590.00,815.02,FALSE,M1_DIRECTION_MISMATCH|OPENING_SHIELD_ACTIVE_15s
2026-09-04 21:05:16.379,1788555916.379,77489,33,33,4430.99,4431.07,8.0,PASS_<=10c,+0.0,FLAT,+0.0,+0.0,4.2,+0.00,0.00,SLOW,4430.99,4430.99,4430.99,4430.99,0.00,0.00,0.0,BULLISH,0.0,4430.99,4430.99,4430.99,4430.99,16,ACTIVE_16s,1.0,0.0,0.0,0.0,0.0,0.0,0.0,PASS_<20%,0.00,0.0,NO,STANDBY_VEL_LOW,0,0.00,4590.00,815.02,FALSE,M1_DIRECTION_MISMATCH|OPENING_SHIELD_ACTIVE_16s
2026-09-04 21:05:16.880,1788555916.880,77490,34,34,4430.99,4431.07,8.0,PASS_<=10c,+0.0,FLAT,+0.0,+0.0,4.2,+0.00,0.00,SLOW,4430.99,4430.99,4430.99,4430.99,0.00,0.00,0.0,BULLISH,0.0,4430.99,4430.99,4430.99,4430.99,16,ACTIVE_16s,1.0,0.0,0.0,0.0,0.0,0.0,0.0,PASS_<20%,0.00,0.0,NO,STANDBY_VEL_LOW,0,0.00,4590.00,815.02,FALSE,M1_DIRECTION_MISMATCH|OPENING_SHIELD_ACTIVE_16s
2026-09-04 21:05:17.382,1788555917.383,77491,35,35,4430.99,4431.07,8.0,PASS_<=10c,+0.0,FLAT,+0.0,+0.0,4.2,+0.00,0.00,SLOW,4430.99,4430.99,4430.99,4430.99,0.00,0.00,0.0,BULLISH,0.0,4430.99,4430.99,4430.99,4430.99,17,ACTIVE_17s,1.0,0.0,0.0,0.0,0.0,0.0,0.0,PASS_<20%,0.00,0.0,NO,STANDBY_VEL_LOW,0,0.00,4590.00,815.02,FALSE,M1_DIRECTION_MISMATCH|OPENING_SHIELD_ACTIVE_17s
2026-09-04 21:05:17.883,1788555917.883,77492,36,36,4430.99,4431.07,8.0,PASS_<=10c,+0.0,FLAT,+0.0,+0.0,4.2,+0.00,0.00,SLOW,4430.99,4430.99,4430.99,4430.99,0.00,0.00,0.0,BULLISH,0.0,4430.99,4430.99,4430.99,4430.99,17,ACTIVE_17s,1.0,0.0,0.0,0.0,0.0,0.0,0.0,PASS_<20%,0.00,0.0,NO,STANDBY_VEL_LOW,0,0.00,4590.00,815.02,FALSE,M1_DIRECTION_MISMATCH|OPENING_SHIELD_ACTIVE_17s
2026-09-04 21:05:18.385,1788555918.385,77493,37,37,4430.99,4431.07,8.0,PASS_<=10c,+0.0,FLAT,+0.0,+0.0,4.2,+0.00,0.00,SLOW,4430.99,4430.99,4430.99,4430.99,0.00,0.00,0.0,BULLISH,0.0,4430.99,4430.99,4430.99,4430.99,18,ACTIVE_18s,1.0,0.0,0.0,0.0,0.0,0.0,0.0,PASS_<20%,0.00,0.0,NO,STANDBY_VEL_LOW,0,0.00,4590.00,815.02,FALSE,M1_DIRECTION_MISMATCH|OPENING_SHIELD_ACTIVE_18s
2026-09-04 21:05:18.886,1788555918.887,77494,38,38,4430.99,4431.07,8.0,PASS_<=10c,+0.0,FLAT,+0.0,+0.0,4.2,+0.00,0.00,SLOW,4430.99,4430.99,4430.99,4430.99,0.00,0.00,0.0,BULLISH,0.0,4430.99,4430.99,4430.99,4430.99,18,ACTIVE_18s,1.0,0.0,0.0,0.0,0.0,0.0,0.0,PASS_<20%,0.00,0.0,NO,STANDBY_VEL_LOW,0,0.00,4590.00,815.02,FALSE,M1_DIRECTION_MISMATCH|OPENING_SHIELD_ACTIVE_18s
2026-09-04 21:05:19.388,1788555919.389,77495,39,39,4430.99,4431.07,8.0,PASS_<=10c,+0.0,FLAT,+0.0,+0.0,4.2,+0.00,0.00,SLOW,4430.99,4430.99,4430.99,4430.99,0.00,0.00,0.0,BULLISH,0.0,4430.99,4430.99,4430.99,4430.99,19,ACTIVE_19s,1.0,0.0,0.0,0.0,0.0,0.0,0.0,PASS_<20%,0.00,0.0,NO,STANDBY_VEL_LOW,0,0.00,4590.00,815.02,FALSE,M1_DIRECTION_MISMATCH|OPENING_SHIELD_ACTIVE_19s
2026-09-04 21:05:19.890,1788555919.891,77496,40,40,4430.99,4431.07,8.0,PASS_<=10c,+0.0,FLAT,+0.0,+0.0,4.2,+0.00,0.00,SLOW,4430.99,4430.99,4430.99,4430.99,0.00,0.00,0.0,BULLISH,0.0,4430.99,4430.99,4430.99,4430.99,19,ACTIVE_19s,1.0,0.0,0.0,0.0,0.0,0.0,0.0,PASS_<20%,0.00,0.0,NO,STANDBY_VEL_LOW,0,0.00,4590.00,815.02,FALSE,M1_DIRECTION_MISMATCH|OPENING_SHIELD_ACTIVE_19s
2026-09-04 21:05:20.392,1788555920.393,77497,41,41,4430.99,4431.07,8.0,PASS_<=10c,+0.0,FLAT,+0.0,+0.0,4.2,+0.00,0.00,SLOW,4430.99,4430.99,4430.99,4430.99,0.00,0.00,0.0,BULLISH,0.0,4430.99,4430.99,4430.99,4430.99,20,CLEARED_>=20s,1.0,0.0,0.0,0.0,0.0,0.0,0.0,PASS_<20%,0.00,0.0,NO,STANDBY_VEL_LOW,0,0.00,4590.00,815.02,FALSE,M1_DIRECTION_MISMATCH
2026-09-04 21:05:20.894,1788555920.894,77498,42,42,4430.99,4431.07,8.0,PASS_<=10c,+0.0,FLAT,+0.0,+0.0,4.2,+0.00,0.00,SLOW,4430.99,4430.99,4430.99,4430.99,0.00,0.00,0.0,BULLISH,0.0,4430.99,4430.99,4430.99,4430.99,20,CLEARED_>=20s,1.0,0.0,0.0,0.0,0.0,0.0,0.0,PASS_<20%,0.00,0.0,NO,STANDBY_VEL_LOW,0,0.00,4590.00,815.02,FALSE,M1_DIRECTION_MISMATCH
2026-09-04 21:05:21.396,1788555921.397,77499,43,43,4430.99,4431.07,8.0,PASS_<=10c,+0.0,FLAT,+0.0,+0.0,4.2,+0.00,0.00,SLOW,4430.99,4430.99,4430.99,4430.99,0.00,0.00,0.0,BULLISH,0.0,4430.99,4430.99,4430.99,4430.99,21,CLEARED_>=20s,1.0,0.0,0.0,0.0,0.0,0.0,0.0,PASS_<20%,0.00,0.0,NO,STANDBY_VEL_LOW,0,0.00,4590.00,815.02,FALSE,M1_DIRECTION_MISMATCH
2026-09-04 21:05:21.897,1788555921.898,77500,44,44,4430.99,4431.07,8.0,PASS_<=10c,+0.0,FLAT,+0.0,+0.0,4.2,+0.00,0.00,SLOW,4430.99,4430.99,4430.99,4430.99,0.00,0.00,0.0,BULLISH,0.0,4430.99,4430.99,4430.99,4430.99,21,CLEARED_>=20s,1.0,0.0,0.0,0.0,0.0,0.0,0.0,PASS_<20%,0.00,0.0,NO,STANDBY_VEL_LOW,0,0.00,4590.00,815.02,FALSE,M1_DIRECTION_MISMATCH
2026-09-04 21:05:22.399,1788555922.399,77501,45,45,4430.99,4431.07,8.0,PASS_<=10c,+0.0,FLAT,+0.0,+0.0,4.2,+0.00,0.00,SLOW,4430.99,4430.99,4430.99,4430.99,0.00,0.00,0.0,BULLISH,0.0,4430.99,4430.99,4430.99,4430.99,22,CLEARED_>=20s,1.0,0.0,0.0,0.0,0.0,0.0,0.0,PASS_<20%,0.00,0.0,NO,STANDBY_VEL_LOW,0,0.00,4590.00,815.02,FALSE,M1_DIRECTION_MISMATCH
2026-09-04 21:05:22.917,1788555922.917,77502,46,46,4430.99,4431.07,8.0,PASS_<=10c,+0.0,FLAT,+0.0,+0.0,4.2,+0.00,0.00,SLOW,4430.99,4430.99,4430.99,4430.99,0.00,0.00,0.0,BULLISH,0.0,4430.99,4430.99,4430.99,4430.99,22,CLEARED_>=20s,1.0,0.0,0.0,0.0,0.0,0.0,0.0,PASS_<20%,0.00,0.0,NO,STANDBY_VEL_LOW,0,0.00,4590.00,815.02,FALSE,M1_DIRECTION_MISMATCH
2026-09-04 21:05:23.416,1788555923.417,77503,47,47,4430.99,4431.07,8.0,PASS_<=10c,+0.0,FLAT,+0.0,+0.0,4.2,+0.00,0.00,SLOW,4430.99,4430.99,4430.99,4430.99,0.00,0.00,0.0,BULLISH,0.0,4430.99,4430.99,4430.99,4430.99,23,CLEARED_>=20s,1.0,0.0,0.0,0.0,0.0,0.0,0.0,PASS_<20%,0.00,0.0,NO,STANDBY_VEL_LOW,0,0.00,4590.00,815.02,FALSE,M1_DIRECTION_MISMATCH
2026-09-04 21:05:23.917,1788555923.918,77504,48,48,4430.99,4431.07,8.0,PASS_<=10c,+0.0,FLAT,+0.0,+0.0,4.2,+0.00,0.00,SLOW,4430.99,4430.99,4430.99,4430.99,0.00,0.00,0.0,BULLISH,0.0,4430.99,4430.99,4430.99,4430.99,23,CLEARED_>=20s,1.0,0.0,0.0,0.0,0.0,0.0,0.0,PASS_<20%,0.00,0.0,NO,STANDBY_VEL_LOW,0,0.00,4590.00,815.02,FALSE,M1_DIRECTION_MISMATCH
2026-09-04 21:05:24.421,1788555924.421,77505,49,49,4430.99,4431.07,8.0,PASS_<=10c,+0.0,FLAT,+0.0,+0.0,4.2,+0.00,0.00,SLOW,4430.99,4430.99,4430.99,4430.99,0.00,0.00,0.0,BULLISH,0.0,4430.99,4430.99,4430.99,4430.99,24,CLEARED_>=20s,1.0,0.0,0.0,0.0,0.0,0.0,0.0,PASS_<20%,0.00,0.0,NO,STANDBY_VEL_LOW,0,0.00,4590.00,815.02,FALSE,M1_DIRECTION_MISMATCH
2026-09-04 21:05:24.921,1788555924.921,77506,50,50,4430.99,4431.07,8.0,PASS_<=10c,+0.0,FLAT,+0.0,+0.0,4.2,+0.00,0.00,SLOW,4430.99,4430.99,4430.99,4430.99,0.00,0.00,0.0,BULLISH,0.0,4430.99,4430.99,4430.99,4430.99,24,CLEARED_>=20s,1.0,0.0,0.0,0.0,0.0,0.0,0.0,PASS_<20%,0.00,0.0,NO,STANDBY_VEL_LOW,0,0.00,4590.00,815.02,FALSE,M1_DIRECTION_MISMATCH
2026-09-04 21:05:25.423,1788555925.424,77507,51,51,4430.99,4431.07,8.0,PASS_<=10c,+0.0,FLAT,+0.0,+0.0,4.2,+0.00,0.00,SLOW,4430.99,4430.99,4430.99,4430.99,0.00,0.00,0.0,BULLISH,0.0,4430.99,4430.99,4430.99,4430.99,25,CLEARED_>=20s,1.0,0.0,0.0,0.0,0.0,0.0,0.0,PASS_<20%,0.00,0.0,NO,STANDBY_VEL_LOW,0,0.00,4590.00,815.02,FALSE,M1_DIRECTION_MISMATCH
2026-09-04 21:05:25.925,1788555925.926,77508,52,52,4430.99,4431.07,8.0,PASS_<=10c,+0.0,FLAT,+0.0,+0.0,4.2,+0.00,0.00,SLOW,4430.99,4430.99,4430.99,4430.99,0.00,0.00,0.0,BULLISH,0.0,4430.99,4430.99,4430.99,4430.99,25,CLEARED_>=20s,1.0,0.0,0.0,0.0,0.0,0.0,0.0,PASS_<20%,0.00,0.0,NO,STANDBY_VEL_LOW,0,0.00,4590.00,815.02,FALSE,M1_DIRECTION_MISMATCH
2026-09-04 21:05:26.426,1788555926.427,77509,53,53,4430.99,4431.07,8.0,PASS_<=10c,+0.0,FLAT,+0.0,+0.0,4.2,+0.00,0.00,SLOW,4430.99,4430.99,4430.99,4430.99,0.00,0.00,0.0,BULLISH,0.0,4430.99,4430.99,4430.99,4430.99,26,CLEARED_>=20s,1.0,0.0,0.0,0.0,0.0,0.0,0.0,PASS_<20%,0.00,0.0,NO,STANDBY_VEL_LOW,0,0.00,4590.00,815.02,FALSE,M1_DIRECTION_MISMATCH
2026-09-04 21:05:26.930,1788555926.931,77510,54,54,4430.99,4431.07,8.0,PASS_<=10c,+0.0,FLAT,+0.0,+0.0,4.2,+0.00,0.00,SLOW,4430.99,4430.99,4430.99,4430.99,0.00,0.00,0.0,BULLISH,0.0,4430.99,4430.99,4430.99,4430.99,26,CLEARED_>=20s,1.0,0.0,0.0,0.0,0.0,0.0,0.0,PASS_<20%,0.00,0.0,NO,STANDBY_VEL_LOW,0,0.00,4590.00,815.02,FALSE,M1_DIRECTION_MISMATCH
2026-09-04 21:05:27.431,1788555927.431,77511,55,55,4430.99,4431.07,8.0,PASS_<=10c,+0.0,FLAT,+0.0,+0.0,4.2,+0.00,0.00,SLOW,4430.99,4430.99,4430.99,4430.99,0.00,0.00,0.0,BULLISH,0.0,4430.99,4430.99,4430.99,4430.99,27,CLEARED_>=20s,1.0,0.0,0.0,0.0,0.0,0.0,0.0,PASS_<20%,0.00,0.0,NO,STANDBY_VEL_LOW,0,0.00,4590.00,815.02,FALSE,M1_DIRECTION_MISMATCH
2026-09-04 21:05:27.932,1788555927.932,77512,56,56,4430.99,4431.07,8.0,PASS_<=10c,+0.0,FLAT,+0.0,+0.0,4.2,+0.00,0.00,SLOW,4430.99,4430.99,4430.99,4430.99,0.00,0.00,0.0,BULLISH,0.0,4430.99,4430.99,4430.99,4430.99,27,CLEARED_>=20s,1.0,0.0,0.0,0.0,0.0,0.0,0.0,PASS_<20%,0.00,0.0,NO,STANDBY_VEL_LOW,0,0.00,4590.00,815.02,FALSE,M1_DIRECTION_MISMATCH
2026-09-04 21:05:28.434,1788555928.434,77513,57,57,4430.99,4431.07,8.0,PASS_<=10c,+0.0,FLAT,+0.0,+0.0,4.2,+0.00,0.00,SLOW,4430.99,4430.99,4430.99,4430.99,0.00,0.00,0.0,BULLISH,0.0,4430.99,4430.99,4430.99,4430.99,28,CLEARED_>=20s,1.0,0.0,0.0,0.0,0.0,0.0,0.0,PASS_<20%,0.00,0.0,NO,STANDBY_VEL_LOW,0,0.00,4590.00,815.02,FALSE,M1_DIRECTION_MISMATCH
2026-09-04 21:05:28.935,1788555928.935,77514,58,58,4430.99,4431.07,8.0,PASS_<=10c,+0.0,FLAT,+0.0,+0.0,4.2,+0.00,0.00,SLOW,4430.99,4430.99,4430.99,4430.99,0.00,0.00,0.0,BULLISH,0.0,4430.99,4430.99,4430.99,4430.99,28,CLEARED_>=20s,1.0,0.0,0.0,0.0,0.0,0.0,0.0,PASS_<20%,0.00,0.0,NO,STANDBY_VEL_LOW,0,0.00,4590.00,815.02,FALSE,M1_DIRECTION_MISMATCH
2026-09-04 21:05:29.437,1788555929.438,77515,59,59,4430.99,4431.07,8.0,PASS_<=10c,+0.0,FLAT,+0.0,+0.0,4.2,+0.00,0.00,SLOW,4430.99,4430.99,4430.99,4430.99,0.00,0.00,0.0,BULLISH,0.0,4430.99,4430.99,4430.99,4430.99,29,CLEARED_>=20s,1.0,0.0,0.0,0.0,0.0,0.0,0.0,PASS_<20%,0.00,0.0,NO,STANDBY_VEL_LOW,0,0.00,4590.00,815.02,FALSE,M1_DIRECTION_MISMATCH
2026-09-04 21:05:29.940,1788555929.940,77516,60,60,4430.99,4431.07,8.0,PASS_<=10c,+0.0,FLAT,+0.0,+0.0,4.2,+0.00,0.00,SLOW,4430.99,4430.99,4430.99,4430.99,0.00,0.00,0.0,BULLISH,0.0,4430.99,4430.99,4430.99,4430.99,29,CLEARED_>=20s,1.0,0.0,0.0,0.0,0.0,0.0,0.0,PASS_<20%,0.00,0.0,NO,STANDBY_VEL_LOW,0,0.00,4590.00,815.02,FALSE,M1_DIRECTION_MISMATCH
2026-09-04 21:05:30.443,1788555930.444,77517,61,61,4430.99,4431.07,8.0,PASS_<=10c,+0.0,FLAT,+0.0,+0.0,4.2,+0.00,0.00,SLOW,4430.99,4430.99,4430.99,4430.99,0.00,0.00,0.0,BULLISH,0.0,4430.99,4430.99,4430.99,4430.99,30,CLEARED_>=20s,1.0,0.0,0.0,0.0,0.0,0.0,0.0,PASS_<20%,0.00,0.0,NO,STANDBY_VEL_LOW,0,0.00,4590.00,815.02,FALSE,M1_DIRECTION_MISMATCH
2026-09-04 21:05:30.943,1788555930.944,77518,62,62,4430.99,4431.07,8.0,PASS_<=10c,+0.0,FLAT,+0.0,+0.0,4.2,+0.00,0.00,SLOW,4430.99,4430.99,4430.99,4430.99,0.00,0.00,0.0,BULLISH,0.0,4430.99,4430.99,4430.99,4430.99,30,CLEARED_>=20s,1.0,0.0,0.0,0.0,0.0,0.0,0.0,PASS_<20%,0.00,0.0,NO,STANDBY_VEL_LOW,0,0.00,4590.00,815.02,FALSE,M1_DIRECTION_MISMATCH
2026-09-04 21:05:31.446,1788555931.446,77519,63,63,4430.99,4431.07,8.0,PASS_<=10c,+0.0,FLAT,+0.0,+0.0,4.2,+0.00,0.00,SLOW,4430.99,4430.99,4430.99,4430.99,0.00,0.00,0.0,BULLISH,0.0,4430.99,4430.99,4430.99,4430.99,31,CLEARED_>=20s,1.0,0.0,0.0,0.0,0.0,0.0,0.0,PASS_<20%,0.00,0.0,NO,STANDBY_VEL_LOW,0,0.00,4590.00,815.02,FALSE,M1_DIRECTION_MISMATCH
2026-09-04 21:05:31.945,1788555931.946,77520,64,64,4430.99,4431.07,8.0,PASS_<=10c,+0.0,FLAT,+0.0,+0.0,4.2,+0.00,0.00,SLOW,4430.99,4430.99,4430.99,4430.99,0.00,0.00,0.0,BULLISH,0.0,4430.99,4430.99,4430.99,4430.99,31,CLEARED_>=20s,1.0,0.0,0.0,0.0,0.0,0.0,0.0,PASS_<20%,0.00,0.0,NO,STANDBY_VEL_LOW,0,0.00,4590.00,815.02,FALSE,M1_DIRECTION_MISMATCH
2026-09-04 21:05:32.447,1788555932.447,77521,65,65,4430.99,4431.07,8.0,PASS_<=10c,+0.0,FLAT,+0.0,+0.0,4.2,+0.00,0.00,SLOW,4430.99,4430.99,4430.99,4430.99,0.00,0.00,0.0,BULLISH,0.0,4430.99,4430.99,4430.99,4430.99,32,CLEARED_>=20s,1.0,0.0,0.0,0.0,0.0,0.0,0.0,PASS_<20%,0.00,0.0,NO,STANDBY_VEL_LOW,0,0.00,4590.00,815.02,FALSE,M1_DIRECTION_MISMATCH
2026-09-04 21:05:32.949,1788555932.949,77522,66,66,4430.99,4431.07,8.0,PASS_<=10c,+0.0,FLAT,+0.0,+0.0,4.2,+0.00,0.00,SLOW,4430.99,4430.99,4430.99,4430.99,0.00,0.00,0.0,BULLISH,0.0,4430.99,4430.99,4430.99,4430.99,32,CLEARED_>=20s,1.0,0.0,0.0,0.0,0.0,0.0,0.0,PASS_<20%,0.00,0.0,NO,STANDBY_VEL_LOW,0,0.00,4590.00,815.02,FALSE,M1_DIRECTION_MISMATCH
2026-09-04 21:05:33.450,1788555933.451,77523,67,67,4430.99,4431.07,8.0,PASS_<=10c,+0.0,FLAT,+0.0,+0.0,4.2,+0.00,0.00,SLOW,4430.99,4430.99,4430.99,4430.99,0.00,0.00,0.0,BULLISH,0.0,4430.99,4430.99,4430.99,4430.99,33,CLEARED_>=20s,1.0,0.0,0.0,0.0,0.0,0.0,0.0,PASS_<20%,0.00,0.0,NO,STANDBY_VEL_LOW,0,0.00,4590.00,815.02,FALSE,M1_DIRECTION_MISMATCH
2026-09-04 21:05:33.954,1788555933.954,77524,68,68,4430.99,4431.07,8.0,PASS_<=10c,+0.0,FLAT,+0.0,+0.0,4.2,+0.00,0.00,SLOW,4430.99,4430.99,4430.99,4430.99,0.00,0.00,0.0,BULLISH,0.0,4430.99,4430.99,4430.99,4430.99,33,CLEARED_>=20s,1.0,0.0,0.0,0.0,0.0,0.0,0.0,PASS_<20%,0.00,0.0,NO,STANDBY_VEL_LOW,0,0.00,4590.00,815.02,FALSE,M1_DIRECTION_MISMATCH
2026-09-04 21:05:34.455,1788555934.455,77525,69,69,4430.99,4431.07,8.0,PASS_<=10c,+0.0,FLAT,+0.0,+0.0,4.2,+0.00,0.00,SLOW,4430.99,4430.99,4430.99,4430.99,0.00,0.00,0.0,BULLISH,0.0,4430.99,4430.99,4430.99,4430.99,34,CLEARED_>=20s,1.0,0.0,0.0,0.0,0.0,0.0,0.0,PASS_<20%,0.00,0.0,NO,STANDBY_VEL_LOW,0,0.00,4590.00,815.02,FALSE,M1_DIRECTION_MISMATCH
2026-09-04 21:05:34.956,1788555934.957,77526,70,70,4430.99,4431.07,8.0,PASS_<=10c,+0.0,FLAT,+0.0,+0.0,4.2,+0.00,0.00,SLOW,4430.99,4430.99,4430.99,4430.99,0.00,0.00,0.0,BULLISH,0.0,4430.99,4430.99,4430.99,4430.99,34,CLEARED_>=20s,1.0,0.0,0.0,0.0,0.0,0.0,0.0,PASS_<20%,0.00,0.0,NO,STANDBY_VEL_LOW,0,0.00,4590.00,815.02,FALSE,M1_DIRECTION_MISMATCH
2026-09-04 21:05:35.457,1788555935.457,77527,71,71,4430.99,4431.07,8.0,PASS_<=10c,+0.0,FLAT,+0.0,+0.0,4.2,+0.00,0.00,SLOW,4430.99,4430.99,4430.99,4430.99,0.00,0.00,0.0,BULLISH,0.0,4430.99,4430.99,4430.99,4430.99,35,CLEARED_>=20s,1.0,0.0,0.0,0.0,0.0,0.0,0.0,PASS_<20%,0.00,0.0,NO,STANDBY_VEL_LOW,0,0.00,4590.00,815.02,FALSE,M1_DIRECTION_MISMATCH
2026-09-04 21:05:35.958,1788555935.959,77528,72,72,4430.99,4431.07,8.0,PASS_<=10c,+0.0,FLAT,+0.0,+0.0,4.2,+0.00,0.00,SLOW,4430.99,4430.99,4430.99,4430.99,0.00,0.00,0.0,BULLISH,0.0,4430.99,4430.99,4430.99,4430.99,35,CLEARED_>=20s,1.0,0.0,0.0,0.0,0.0,0.0,0.0,PASS_<20%,0.00,0.0,NO,STANDBY_VEL_LOW,0,0.00,4590.00,815.02,FALSE,M1_DIRECTION_MISMATCH
2026-09-04 21:05:36.461,1788555936.461,77529,73,73,4430.99,4431.07,8.0,PASS_<=10c,+0.0,FLAT,+0.0,+0.0,4.2,+0.00,0.00,SLOW,4430.99,4430.99,4430.99,4430.99,0.00,0.00,0.0,BULLISH,0.0,4430.99,4430.99,4430.99,4430.99,36,CLEARED_>=20s,1.0,0.0,0.0,0.0,0.0,0.0,0.0,PASS_<20%,0.00,0.0,NO,STANDBY_VEL_LOW,0,0.00,4590.00,815.02,FALSE,M1_DIRECTION_MISMATCH
2026-09-04 21:05:36.962,1788555936.963,77530,74,74,4430.99,4431.07,8.0,PASS_<=10c,+0.0,FLAT,+0.0,+0.0,4.2,+0.00,0.00,SLOW,4430.99,4430.99,4430.99,4430.99,0.00,0.00,0.0,BULLISH,0.0,4430.99,4430.99,4430.99,4430.99,36,CLEARED_>=20s,1.0,0.0,0.0,0.0,0.0,0.0,0.0,PASS_<20%,0.00,0.0,NO,STANDBY_VEL_LOW,0,0.00,4590.00,815.02,FALSE,M1_DIRECTION_MISMATCH
2026-09-04 21:05:37.464,1788555937.464,77531,75,75,4430.99,4431.07,8.0,PASS_<=10c,+0.0,FLAT,+0.0,+0.0,4.2,+0.00,0.00,SLOW,4430.99,4430.99,4430.99,4430.99,0.00,0.00,0.0,BULLISH,0.0,4430.99,4430.99,4430.99,4430.99,37,CLEARED_>=20s,1.0,0.0,0.0,0.0,0.0,0.0,0.0,PASS_<20%,0.00,0.0,NO,STANDBY_VEL_LOW,0,0.00,4590.00,815.02,FALSE,M1_DIRECTION_MISMATCH
2026-09-04 21:05:37.966,1788555937.966,77532,76,76,4430.99,4431.07,8.0,PASS_<=10c,+0.0,FLAT,+0.0,+0.0,4.2,+0.00,0.00,SLOW,4430.99,4430.99,4430.99,4430.99,0.00,0.00,0.0,BULLISH,0.0,4430.99,4430.99,4430.99,4430.99,37,CLEARED_>=20s,1.0,0.0,0.0,0.0,0.0,0.0,0.0,PASS_<20%,0.00,0.0,NO,STANDBY_VEL_LOW,0,0.00,4590.00,815.02,FALSE,M1_DIRECTION_MISMATCH
2026-09-04 21:05:38.466,1788555938.467,77533,77,77,4430.99,4431.07,8.0,PASS_<=10c,+0.0,FLAT,+0.0,+0.0,4.2,+0.00,0.00,SLOW,4430.99,4430.99,4430.99,4430.99,0.00,0.00,0.0,BULLISH,0.0,4430.99,4430.99,4430.99,4430.99,38,CLEARED_>=20s,1.0,0.0,0.0,0.0,0.0,0.0,0.0,PASS_<20%,0.00,0.0,NO,STANDBY_VEL_LOW,0,0.00,4590.00,815.02,FALSE,M1_DIRECTION_MISMATCH
2026-09-04 21:05:38.968,1788555938.969,77534,78,78,4430.99,4431.07,8.0,PASS_<=10c,+0.0,FLAT,+0.0,+0.0,4.2,+0.00,0.00,SLOW,4430.99,4430.99,4430.99,4430.99,0.00,0.00,0.0,BULLISH,0.0,4430.99,4430.99,4430.99,4430.99,38,CLEARED_>=20s,1.0,0.0,0.0,0.0,0.0,0.0,0.0,PASS_<20%,0.00,0.0,NO,STANDBY_VEL_LOW,0,0.00,4590.00,815.02,FALSE,M1_DIRECTION_MISMATCH
2026-09-04 21:05:39.470,1788555939.470,77535,79,79,4430.99,4431.07,8.0,PASS_<=10c,+0.0,FLAT,+0.0,+0.0,4.2,+0.00,0.00,SLOW,4430.99,4430.99,4430.99,4430.99,0.00,0.00,0.0,BULLISH,0.0,4430.99,4430.99,4430.99,4430.99,39,CLEARED_>=20s,1.0,0.0,0.0,0.0,0.0,0.0,0.0,PASS_<20%,0.00,0.0,NO,STANDBY_VEL_LOW,0,0.00,4590.00,815.02,FALSE,M1_DIRECTION_MISMATCH
2026-09-04 21:05:39.971,1788555939.971,77536,80,80,4430.99,4431.07,8.0,PASS_<=10c,+0.0,FLAT,+0.0,+0.0,4.2,+0.00,0.00,SLOW,4430.99,4430.99,4430.99,4430.99,0.00,0.00,0.0,BULLISH,0.0,4430.99,4430.99,4430.99,4430.99,39,CLEARED_>=20s,1.0,0.0,0.0,0.0,0.0,0.0,0.0,PASS_<20%,0.00,0.0,NO,STANDBY_VEL_LOW,0,0.00,4590.00,815.02,FALSE,M1_DIRECTION_MISMATCH
2026-09-04 21:05:40.473,1788555940.473,77537,81,81,4430.99,4431.07,8.0,PASS_<=10c,+0.0,FLAT,+0.0,+0.0,4.2,+0.00,0.00,SLOW,4430.99,4430.99,4430.99,4430.99,0.00,0.00,0.0,BULLISH,0.0,4430.99,4430.99,4430.99,4430.99,40,CLEARED_>=20s,1.0,0.0,0.0,0.0,0.0,0.0,0.0,PASS_<20%,0.00,0.0,NO,STANDBY_VEL_LOW,0,0.00,4590.00,815.02,FALSE,M1_DIRECTION_MISMATCH
2026-09-04 21:05:40.975,1788555940.976,77538,82,82,4430.99,4431.07,8.0,PASS_<=10c,+0.0,FLAT,+0.0,+0.0,4.2,+0.00,0.00,SLOW,4430.99,4430.99,4430.99,4430.99,0.00,0.00,0.0,BULLISH,0.0,4430.99,4430.99,4430.99,4430.99,40,CLEARED_>=20s,1.0,0.0,0.0,0.0,0.0,0.0,0.0,PASS_<20%,0.00,0.0,NO,STANDBY_VEL_LOW,0,0.00,4590.00,815.02,FALSE,M1_DIRECTION_MISMATCH
2026-09-04 21:05:41.477,1788555941.477,77539,83,83,4430.99,4431.07,8.0,PASS_<=10c,+0.0,FLAT,+0.0,+0.0,4.2,+0.00,0.00,SLOW,4430.99,4430.99,4430.99,4430.99,0.00,0.00,0.0,BULLISH,0.0,4430.99,4430.99,4430.99,4430.99,41,CLEARED_>=20s,1.0,0.0,0.0,0.0,0.0,0.0,0.0,PASS_<20%,0.00,0.0,NO,STANDBY_VEL_LOW,0,0.00,4590.00,815.02,FALSE,M1_DIRECTION_MISMATCH
2026-09-04 21:05:41.978,1788555941.978,77540,84,84,4430.99,4431.07,8.0,PASS_<=10c,+0.0,FLAT,+0.0,+0.0,4.2,+0.00,0.00,SLOW,4430.99,4430.99,4430.99,4430.99,0.00,0.00,0.0,BULLISH,0.0,4430.99,4430.99,4430.99,4430.99,41,CLEARED_>=20s,1.0,0.0,0.0,0.0,0.0,0.0,0.0,PASS_<20%,0.00,0.0,NO,STANDBY_VEL_LOW,0,0.00,4590.00,815.02,FALSE,M1_DIRECTION_MISMATCH
2026-09-04 21:05:42.480,1788555942.480,77541,85,85,4430.99,4431.07,8.0,PASS_<=10c,+0.0,FLAT,+0.0,+0.0,4.2,+0.00,0.00,SLOW,4430.99,4430.99,4430.99,4430.99,0.00,0.00,0.0,BULLISH,0.0,4430.99,4430.99,4430.99,4430.99,42,CLEARED_>=20s,1.0,0.0,0.0,0.0,0.0,0.0,0.0,PASS_<20%,0.00,0.0,NO,STANDBY_VEL_LOW,0,0.00,4590.00,815.02,FALSE,M1_DIRECTION_MISMATCH
2026-09-04 21:05:42.982,1788555942.982,77542,86,86,4430.99,4431.07,8.0,PASS_<=10c,+0.0,FLAT,+0.0,+0.0,4.2,+0.00,0.00,SLOW,4430.99,4430.99,4430.99,4430.99,0.00,0.00,0.0,BULLISH,0.0,4430.99,4430.99,4430.99,4430.99,42,CLEARED_>=20s,1.0,0.0,0.0,0.0,0.0,0.0,0.0,PASS_<20%,0.00,0.0,NO,STANDBY_VEL_LOW,0,0.00,4590.00,815.02,FALSE,M1_DIRECTION_MISMATCH
2026-09-04 21:05:43.485,1788555943.485,77543,87,87,4430.99,4431.07,8.0,PASS_<=10c,+0.0,FLAT,+0.0,+0.0,4.2,+0.00,0.00,SLOW,4430.99,4430.99,4430.99,4430.99,0.00,0.00,0.0,BULLISH,0.0,4430.99,4430.99,4430.99,4430.99,43,CLEARED_>=20s,1.0,0.0,0.0,0.0,0.0,0.0,0.0,PASS_<20%,0.00,0.0,NO,STANDBY_VEL_LOW,0,0.00,4590.00,815.02,FALSE,M1_DIRECTION_MISMATCH
2026-09-04 21:05:43.986,1788555943.987,77544,88,88,4430.99,4431.07,8.0,PASS_<=10c,+0.0,FLAT,+0.0,+0.0,4.2,+0.00,0.00,SLOW,4430.99,4430.99,4430.99,4430.99,0.00,0.00,0.0,BULLISH,0.0,4430.99,4430.99,4430.99,4430.99,43,CLEARED_>=20s,1.0,0.0,0.0,0.0,0.0,0.0,0.0,PASS_<20%,0.00,0.0,NO,STANDBY_VEL_LOW,0,0.00,4590.00,815.02,FALSE,M1_DIRECTION_MISMATCH
2026-09-04 21:05:44.488,1788555944.488,77545,89,89,4430.99,4431.07,8.0,PASS_<=10c,+0.0,FLAT,+0.0,+0.0,4.2,+0.00,0.00,SLOW,4430.99,4430.99,4430.99,4430.99,0.00,0.00,0.0,BULLISH,0.0,4430.99,4430.99,4430.99,4430.99,44,CLEARED_>=20s,1.0,0.0,0.0,0.0,0.0,0.0,0.0,PASS_<20%,0.00,0.0,NO,STANDBY_VEL_LOW,0,0.00,4590.00,815.02,FALSE,M1_DIRECTION_MISMATCH
2026-09-04 21:05:45.008,1788555945.009,77546,90,90,4430.99,4431.07,8.0,PASS_<=10c,+0.0,FLAT,+0.0,+0.0,4.2,+0.00,0.00,SLOW,4430.99,4430.99,4430.99,4430.99,0.00,0.00,0.0,BULLISH,0.0,4430.99,4430.99,4430.99,4430.99,45,CLEARED_>=20s,1.0,0.0,0.0,0.0,0.0,0.0,0.0,PASS_<20%,0.00,0.0,NO,STANDBY_VEL_LOW,0,0.00,4590.00,815.02,FALSE,M1_DIRECTION_MISMATCH
2026-09-04 21:05:45.515,1788555945.516,77547,91,91,4430.99,4431.07,8.0,PASS_<=10c,+0.0,FLAT,+0.0,+0.0,4.2,+0.00,0.00,SLOW,4430.99,4430.99,4430.99,4430.99,0.00,0.00,0.0,BULLISH,0.0,4430.99,4430.99,4430.99,4430.99,45,CLEARED_>=20s,1.0,0.0,0.0,0.0,0.0,0.0,0.0,PASS_<20%,0.00,0.0,NO,STANDBY_VEL_LOW,0,0.00,4590.00,815.02,FALSE,M1_DIRECTION_MISMATCH
2026-09-04 21:05:46.013,1788555946.014,77548,92,92,4430.99,4431.07,8.0,PASS_<=10c,+0.0,FLAT,+0.0,+0.0,4.2,+0.00,0.00,SLOW,4430.99,4430.99,4430.99,4430.99,0.00,0.00,0.0,BULLISH,0.0,4430.99,4430.99,4430.99,4430.99,46,CLEARED_>=20s,1.0,0.0,0.0,0.0,0.0,0.0,0.0,PASS_<20%,0.00,0.0,NO,STANDBY_VEL_LOW,0,0.00,4590.00,815.02,FALSE,M1_DIRECTION_MISMATCH
2026-09-04 21:05:46.514,1788555946.515,77549,93,93,4430.99,4431.07,8.0,PASS_<=10c,+0.0,FLAT,+0.0,+0.0,4.2,+0.00,0.00,SLOW,4430.99,4430.99,4430.99,4430.99,0.00,0.00,0.0,BULLISH,0.0,4430.99,4430.99,4430.99,4430.99,46,CLEARED_>=20s,1.0,0.0,0.0,0.0,0.0,0.0,0.0,PASS_<20%,0.00,0.0,NO,STANDBY_VEL_LOW,0,0.00,4590.00,815.02,FALSE,M1_DIRECTION_MISMATCH
2026-09-04 21:05:47.019,1788555947.020,77550,94,94,4430.99,4431.07,8.0,PASS_<=10c,+0.0,FLAT,+0.0,+0.0,4.2,+0.00,0.00,SLOW,4430.99,4430.99,4430.99,4430.99,0.00,0.00,0.0,BULLISH,0.0,4430.99,4430.99,4430.99,4430.99,47,CLEARED_>=20s,1.0,0.0,0.0,0.0,0.0,0.0,0.0,PASS_<20%,0.00,0.0,NO,STANDBY_VEL_LOW,0,0.00,4590.00,815.02,FALSE,M1_DIRECTION_MISMATCH
2026-09-04 21:05:47.571,1788555947.572,77551,95,95,4430.99,4431.07,8.0,PASS_<=10c,+0.0,FLAT,+0.0,+0.0,4.1,+0.00,0.00,SLOW,4430.99,4430.99,4430.99,4430.99,0.00,0.00,0.0,BULLISH,0.0,4430.99,4430.99,4430.99,4430.99,47,CLEARED_>=20s,1.0,0.0,0.0,0.0,0.0,0.0,0.0,PASS_<20%,0.00,0.0,NO,STANDBY_VEL_LOW,0,0.00,4590.00,815.02,FALSE,M1_DIRECTION_MISMATCH
2026-09-04 21:05:48.072,1788555948.073,77552,96,96,4430.99,4431.07,8.0,PASS_<=10c,+0.0,FLAT,+0.0,+0.0,4.1,+0.00,0.00,SLOW,4430.99,4430.99,4430.99,4430.99,0.00,0.00,0.0,BULLISH,0.0,4430.99,4430.99,4430.99,4430.99,48,CLEARED_>=20s,1.0,0.0,0.0,0.0,0.0,0.0,0.0,PASS_<20%,0.00,0.0,NO,STANDBY_VEL_LOW,0,0.00,4590.00,815.02,FALSE,M1_DIRECTION_MISMATCH
2026-09-04 21:05:48.575,1788555948.575,77553,97,97,4430.99,4431.07,8.0,PASS_<=10c,+0.0,FLAT,+0.0,+0.0,4.1,+0.00,0.00,SLOW,4430.99,4430.99,4430.99,4430.99,0.00,0.00,0.0,BULLISH,0.0,4430.99,4430.99,4430.99,4430.99,48,CLEARED_>=20s,1.0,0.0,0.0,0.0,0.0,0.0,0.0,PASS_<20%,0.00,0.0,NO,STANDBY_VEL_LOW,0,0.00,4590.00,815.02,FALSE,M1_DIRECTION_MISMATCH
2026-09-04 21:05:49.075,1788555949.075,77554,98,98,4430.99,4431.07,8.0,PASS_<=10c,+0.0,FLAT,+0.0,+0.0,4.1,+0.00,0.00,SLOW,4430.99,4430.99,4430.99,4430.99,0.00,0.00,0.0,BULLISH,0.0,4430.99,4430.99,4430.99,4430.99,49,CLEARED_>=20s,1.0,0.0,0.0,0.0,0.0,0.0,0.0,PASS_<20%,0.00,0.0,NO,STANDBY_VEL_LOW,0,0.00,4590.00,815.02,FALSE,M1_DIRECTION_MISMATCH
2026-09-04 21:05:49.577,1788555949.577,77555,99,99,4430.99,4431.07,8.0,PASS_<=10c,+0.0,FLAT,+0.0,+0.0,4.2,+0.00,0.00,SLOW,4430.99,4430.99,4430.99,4430.99,0.00,0.00,0.0,BULLISH,0.0,4430.99,4430.99,4430.99,4430.99,49,CLEARED_>=20s,1.0,0.0,0.0,0.0,0.0,0.0,0.0,PASS_<20%,0.00,0.0,NO,STANDBY_VEL_LOW,0,0.00,4590.00,815.02,FALSE,M1_DIRECTION_MISMATCH
2026-09-04 21:05:50.078,1788555950.079,77556,100,100,4430.99,4431.07,8.0,PASS_<=10c,+0.0,FLAT,+0.0,+0.0,4.2,+0.00,0.00,SLOW,4430.99,4430.99,4430.99,4430.99,0.00,0.00,0.0,BULLISH,0.0,4430.99,4430.99,4430.99,4430.99,50,CLEARED_>=20s,1.0,0.0,0.0,0.0,0.0,0.0,0.0,PASS_<20%,0.00,0.0,NO,STANDBY_VEL_LOW,0,0.00,4590.00,815.02,FALSE,M1_DIRECTION_MISMATCH
2026-09-04 21:05:50.580,1788555950.581,77557,101,101,4430.99,4431.07,8.0,PASS_<=10c,+0.0,FLAT,+0.0,+0.0,4.2,+0.00,0.00,SLOW,4430.99,4430.99,4430.99,4430.99,0.00,0.00,0.0,BULLISH,0.0,4430.99,4430.99,4430.99,4430.99,50,CLEARED_>=20s,1.0,0.0,0.0,0.0,0.0,0.0,0.0,PASS_<20%,0.00,0.0,NO,STANDBY_VEL_LOW,0,0.00,4590.00,815.02,FALSE,M1_DIRECTION_MISMATCH
2026-09-04 21:05:51.081,1788555951.082,77558,102,102,4430.99,4431.07,8.0,PASS_<=10c,+0.0,FLAT,+0.0,+0.0,4.2,+0.00,0.00,SLOW,4430.99,4430.99,4430.99,4430.99,0.00,0.00,0.0,BULLISH,0.0,4430.99,4430.99,4430.99,4430.99,51,CLEARED_>=20s,1.0,0.0,0.0,0.0,0.0,0.0,0.0,PASS_<20%,0.00,0.0,NO,STANDBY_VEL_LOW,0,0.00,4590.00,815.02,FALSE,M1_DIRECTION_MISMATCH
2026-09-04 21:05:51.582,1788555951.583,77559,103,103,4430.99,4431.07,8.0,PASS_<=10c,+0.0,FLAT,+0.0,+0.0,4.2,+0.00,0.00,SLOW,4430.99,4430.99,4430.99,4430.99,0.00,0.00,0.0,BULLISH,0.0,4430.99,4430.99,4430.99,4430.99,51,CLEARED_>=20s,1.0,0.0,0.0,0.0,0.0,0.0,0.0,PASS_<20%,0.00,0.0,NO,STANDBY_VEL_LOW,0,0.00,4590.00,815.02,FALSE,M1_DIRECTION_MISMATCH
2026-09-04 21:05:52.084,1788555952.085,77560,104,104,4430.99,4431.07,8.0,PASS_<=10c,+0.0,FLAT,+0.0,+0.0,4.2,+0.00,0.00,SLOW,4430.99,4430.99,4430.99,4430.99,0.00,0.00,0.0,BULLISH,0.0,4430.99,4430.99,4430.99,4430.99,52,CLEARED_>=20s,1.0,0.0,0.0,0.0,0.0,0.0,0.0,PASS_<20%,0.00,0.0,NO,STANDBY_VEL_LOW,0,0.00,4590.00,815.02,FALSE,M1_DIRECTION_MISMATCH
2026-09-04 21:05:52.586,1788555952.587,77561,105,105,4430.99,4431.07,8.0,PASS_<=10c,+0.0,FLAT,+0.0,+0.0,4.2,+0.00,0.00,SLOW,4430.99,4430.99,4430.99,4430.99,0.00,0.00,0.0,BULLISH,0.0,4430.99,4430.99,4430.99,4430.99,52,CLEARED_>=20s,1.0,0.0,0.0,0.0,0.0,0.0,0.0,PASS_<20%,0.00,0.0,NO,STANDBY_VEL_LOW,0,0.00,4590.00,815.02,FALSE,M1_DIRECTION_MISMATCH
2026-09-04 21:05:53.089,1788555953.090,77562,106,106,4430.99,4431.07,8.0,PASS_<=10c,+0.0,FLAT,+0.0,+0.0,4.2,+0.00,0.00,SLOW,4430.99,4430.99,4430.99,4430.99,0.00,0.00,0.0,BULLISH,0.0,4430.99,4430.99,4430.99,4430.99,53,CLEARED_>=20s,1.0,0.0,0.0,0.0,0.0,0.0,0.0,PASS_<20%,0.00,0.0,NO,STANDBY_VEL_LOW,0,0.00,4590.00,815.02,FALSE,M1_DIRECTION_MISMATCH
2026-09-04 21:05:53.590,1788555953.590,77563,107,107,4430.99,4431.07,8.0,PASS_<=10c,+0.0,FLAT,+0.0,+0.0,4.2,+0.00,0.00,SLOW,4430.99,4430.99,4430.99,4430.99,0.00,0.00,0.0,BULLISH,0.0,4430.99,4430.99,4430.99,4430.99,53,CLEARED_>=20s,1.0,0.0,0.0,0.0,0.0,0.0,0.0,PASS_<20%,0.00,0.0,NO,STANDBY_VEL_LOW,0,0.00,4590.00,815.02,FALSE,M1_DIRECTION_MISMATCH
2026-09-04 21:05:54.091,1788555954.091,77564,108,108,4430.99,4431.07,8.0,PASS_<=10c,+0.0,FLAT,+0.0,+0.0,4.2,+0.00,0.00,SLOW,4430.99,4430.99,4430.99,4430.99,0.00,0.00,0.0,BULLISH,0.0,4430.99,4430.99,4430.99,4430.99,54,CLEARED_>=20s,1.0,0.0,0.0,0.0,0.0,0.0,0.0,PASS_<20%,0.00,0.0,NO,STANDBY_VEL_LOW,0,0.00,4590.00,815.02,FALSE,M1_DIRECTION_MISMATCH
2026-09-04 21:05:54.593,1788555954.593,77565,109,109,4430.99,4431.07,8.0,PASS_<=10c,+0.0,FLAT,+0.0,+0.0,4.2,+0.00,0.00,SLOW,4430.99,4430.99,4430.99,4430.99,0.00,0.00,0.0,BULLISH,0.0,4430.99,4430.99,4430.99,4430.99,54,CLEARED_>=20s,1.0,0.0,0.0,0.0,0.0,0.0,0.0,PASS_<20%,0.00,0.0,NO,STANDBY_VEL_LOW,0,0.00,4590.00,815.02,FALSE,M1_DIRECTION_MISMATCH
2026-09-04 21:05:55.094,1788555955.095,77566,110,110,4430.99,4431.07,8.0,PASS_<=10c,+0.0,FLAT,+0.0,+0.0,4.2,+0.00,0.00,SLOW,4430.99,4430.99,4430.99,4430.99,0.00,0.00,0.0,BULLISH,0.0,4430.99,4430.99,4430.99,4430.99,55,CLEARED_>=20s,1.0,0.0,0.0,0.0,0.0,0.0,0.0,PASS_<20%,0.00,0.0,NO,STANDBY_VEL_LOW,0,0.00,4590.00,815.02,FALSE,M1_DIRECTION_MISMATCH
2026-09-04 21:05:55.596,1788555955.596,77567,111,111,4430.99,4431.07,8.0,PASS_<=10c,+0.0,FLAT,+0.0,+0.0,4.2,+0.00,0.00,SLOW,4430.99,4430.99,4430.99,4430.99,0.00,0.00,0.0,BULLISH,0.0,4430.99,4430.99,4430.99,4430.99,55,CLEARED_>=20s,1.0,0.0,0.0,0.0,0.0,0.0,0.0,PASS_<20%,0.00,0.0,NO,STANDBY_VEL_LOW,0,0.00,4590.00,815.02,FALSE,M1_DIRECTION_MISMATCH
2026-09-04 21:05:56.098,1788555956.099,77568,112,112,4430.99,4431.07,8.0,PASS_<=10c,+0.0,FLAT,+0.0,+0.0,4.2,+0.00,0.00,SLOW,4430.99,4430.99,4430.99,4430.99,0.00,0.00,0.0,BULLISH,0.0,4430.99,4430.99,4430.99,4430.99,56,CLEARED_>=20s,1.0,0.0,0.0,0.0,0.0,0.0,0.0,PASS_<20%,0.00,0.0,NO,STANDBY_VEL_LOW,0,0.00,4590.00,815.02,FALSE,M1_DIRECTION_MISMATCH
2026-09-04 21:05:56.599,1788555956.600,77569,113,113,4430.99,4431.07,8.0,PASS_<=10c,+0.0,FLAT,+0.0,+0.0,4.2,+0.00,0.00,SLOW,4430.99,4430.99,4430.99,4430.99,0.00,0.00,0.0,BULLISH,0.0,4430.99,4430.99,4430.99,4430.99,56,CLEARED_>=20s,1.0,0.0,0.0,0.0,0.0,0.0,0.0,PASS_<20%,0.00,0.0,NO,STANDBY_VEL_LOW,0,0.00,4590.00,815.02,FALSE,M1_DIRECTION_MISMATCH
2026-09-04 21:05:57.160,1788555957.161,77570,114,114,4430.99,4431.07,8.0,PASS_<=10c,+0.0,FLAT,+0.0,+0.0,4.2,+0.00,0.00,SLOW,4430.99,4430.99,4430.99,4430.99,0.00,0.00,0.0,BULLISH,0.0,4430.99,4430.99,4430.99,4430.99,57,CLEARED_>=20s,1.0,0.0,0.0,0.0,0.0,0.0,0.0,PASS_<20%,0.00,0.0,NO,STANDBY_VEL_LOW,0,0.00,4590.00,815.02,FALSE,M1_DIRECTION_MISMATCH
2026-09-04 21:05:57.658,1788555957.658,77571,115,115,4430.99,4431.07,8.0,PASS_<=10c,+0.0,FLAT,+0.0,+0.0,4.2,+0.00,0.00,SLOW,4430.99,4430.99,4430.99,4430.99,0.00,0.00,0.0,BULLISH,0.0,4430.99,4430.99,4430.99,4430.99,57,CLEARED_>=20s,1.0,0.0,0.0,0.0,0.0,0.0,0.0,PASS_<20%,0.00,0.0,NO,STANDBY_VEL_LOW,0,0.00,4590.00,815.02,FALSE,M1_DIRECTION_MISMATCH
2026-09-04 21:05:58.158,1788555958.159,77572,116,116,4430.99,4431.07,8.0,PASS_<=10c,+0.0,FLAT,+0.0,+0.0,4.2,+0.00,0.00,SLOW,4430.99,4430.99,4430.99,4430.99,0.00,0.00,0.0,BULLISH,0.0,4430.99,4430.99,4430.99,4430.99,58,CLEARED_>=20s,1.0,0.0,0.0,0.0,0.0,0.0,0.0,PASS_<20%,0.00,0.0,NO,STANDBY_VEL_LOW,0,0.00,4590.00,815.02,FALSE,M1_DIRECTION_MISMATCH
2026-09-04 21:05:58.660,1788555958.661,77573,117,117,4430.99,4431.07,8.0,PASS_<=10c,+0.0,FLAT,+0.0,+0.0,4.2,+0.00,0.00,SLOW,4430.99,4430.99,4430.99,4430.99,0.00,0.00,0.0,BULLISH,0.0,4430.99,4430.99,4430.99,4430.99,58,CLEARED_>=20s,1.0,0.0,0.0,0.0,0.0,0.0,0.0,PASS_<20%,0.00,0.0,NO,STANDBY_VEL_LOW,0,0.00,4590.00,815.02,FALSE,M1_DIRECTION_MISMATCH
2026-09-04 21:05:59.161,1788555959.162,77574,118,118,4430.99,4431.07,8.0,PASS_<=10c,+0.0,FLAT,+0.0,+0.0,4.2,+0.00,0.00,SLOW,4430.99,4430.99,4430.99,4430.99,0.00,0.00,0.0,BULLISH,0.0,4430.99,4430.99,4430.99,4430.99,59,CLEARED_>=20s,1.0,0.0,0.0,0.0,0.0,0.0,0.0,PASS_<20%,0.00,0.0,NO,STANDBY_VEL_LOW,0,0.00,4590.00,815.02,FALSE,M1_DIRECTION_MISMATCH
2026-09-04 21:05:59.664,1788555959.664,77575,119,119,4430.99,4431.07,8.0,PASS_<=10c,+0.0,FLAT,+0.0,+0.0,4.1,+0.00,0.00,SLOW,4430.99,4430.99,4430.99,4430.99,0.00,0.00,0.0,BULLISH,0.0,4430.99,4430.99,4430.99,4430.99,59,CLEARED_>=20s,1.0,0.0,0.0,0.0,0.0,0.0,0.0,PASS_<20%,0.00,0.0,NO,STANDBY_VEL_LOW,0,0.00,4590.00,815.02,FALSE,M1_DIRECTION_MISMATCH
2026-09-04 21:06:00.165,1788555960.165,77576,1,120,4430.99,4431.07,8.0,PASS_<=10c,+0.0,FLAT,+0.0,+0.0,4.1,+0.00,0.00,SLOW,4430.99,4430.99,4430.99,4430.99,0.00,0.00,0.0,BULLISH,0.0,4430.99,4430.99,4430.99,4430.99,0,ACTIVE_0s,1.0,0.0,0.0,0.0,0.0,0.0,0.0,PASS_<20%,0.00,0.0,NO,STANDBY_VEL_LOW,0,0.00,4590.00,815.02,FALSE,M1_DIRECTION_MISMATCH|OPENING_SHIELD_ACTIVE_0s
2026-09-04 21:06:00.667,1788555960.667,77577,2,121,4430.99,4431.07,8.0,PASS_<=10c,+0.0,FLAT,+0.0,+0.0,4.1,+0.00,0.00,SLOW,4430.99,4430.99,4430.99,4430.99,0.00,0.00,0.0,BULLISH,0.0,4430.99,4430.99,4430.99,4430.99,0,ACTIVE_0s,1.0,0.0,0.0,0.0,0.0,0.0,0.0,PASS_<20%,0.00,0.0,NO,STANDBY_VEL_LOW,0,0.00,4590.00,815.02,FALSE,M1_DIRECTION_MISMATCH|OPENING_SHIELD_ACTIVE_0s
2026-09-04 21:06:01.169,1788555961.170,77578,3,122,4430.99,4431.07,8.0,PASS_<=10c,+0.0,FLAT,+0.0,+0.0,4.1,+0.00,0.00,SLOW,4430.99,4430.99,4430.99,4430.99,0.00,0.00,0.0,BULLISH,0.0,4430.99,4430.99,4430.99,4430.99,1,ACTIVE_1s,1.0,0.0,0.0,0.0,0.0,0.0,0.0,PASS_<20%,0.00,0.0,NO,STANDBY_VEL_LOW,0,0.00,4590.00,815.02,FALSE,M1_DIRECTION_MISMATCH|OPENING_SHIELD_ACTIVE_1s
2026-09-04 21:06:01.670,1788555961.670,77579,4,123,4430.99,4431.07,8.0,PASS_<=10c,+0.0,FLAT,+0.0,+0.0,4.1,+0.00,0.00,SLOW,4430.99,4430.99,4430.99,4430.99,0.00,0.00,0.0,BULLISH,0.0,4430.99,4430.99,4430.99,4430.99,1,ACTIVE_1s,1.0,0.0,0.0,0.0,0.0,0.0,0.0,PASS_<20%,0.00,0.0,NO,STANDBY_VEL_LOW,0,0.00,4590.00,815.02,FALSE,M1_DIRECTION_MISMATCH|OPENING_SHIELD_ACTIVE_1s
2026-09-04 21:06:02.171,1788555962.171,77580,5,124,4430.99,4431.07,8.0,PASS_<=10c,+0.0,FLAT,+0.0,+0.0,4.2,+0.00,0.00,SLOW,4430.99,4430.99,4430.99,4430.99,0.00,0.00,0.0,BULLISH,0.0,4430.99,4430.99,4430.99,4430.99,2,ACTIVE_2s,1.0,0.0,0.0,0.0,0.0,0.0,0.0,PASS_<20%,0.00,0.0,NO,STANDBY_VEL_LOW,0,0.00,4590.00,815.02,FALSE,M1_DIRECTION_MISMATCH|OPENING_SHIELD_ACTIVE_2s
2026-09-04 21:06:02.675,1788555962.675,77581,6,125,4430.99,4431.07,8.0,PASS_<=10c,+0.0,FLAT,+0.0,+0.0,4.2,+0.00,0.00,SLOW,4430.99,4430.99,4430.99,4430.99,0.00,0.00,0.0,BULLISH,0.0,4430.99,4430.99,4430.99,4430.99,2,ACTIVE_2s,1.0,0.0,0.0,0.0,0.0,0.0,0.0,PASS_<20%,0.00,0.0,NO,STANDBY_VEL_LOW,0,0.00,4590.00,815.02,FALSE,M1_DIRECTION_MISMATCH|OPENING_SHIELD_ACTIVE_2s
2026-09-04 21:06:03.174,1788555963.175,77582,7,126,4430.99,4431.07,8.0,PASS_<=10c,+0.0,FLAT,+0.0,+0.0,4.2,+0.00,0.00,SLOW,4430.99,4430.99,4430.99,4430.99,0.00,0.00,0.0,BULLISH,0.0,4430.99,4430.99,4430.99,4430.99,3,ACTIVE_3s,1.0,0.0,0.0,0.0,0.0,0.0,0.0,PASS_<20%,0.00,0.0,NO,STANDBY_VEL_LOW,0,0.00,4590.00,815.02,FALSE,M1_DIRECTION_MISMATCH|OPENING_SHIELD_ACTIVE_3s
2026-09-04 21:06:03.677,1788555963.677,77583,8,127,4430.99,4431.07,8.0,PASS_<=10c,+0.0,FLAT,+0.0,+0.0,4.2,+0.00,0.00,SLOW,4430.99,4430.99,4430.99,4430.99,0.00,0.00,0.0,BULLISH,0.0,4430.99,4430.99,4430.99,4430.99,3,ACTIVE_3s,1.0,0.0,0.0,0.0,0.0,0.0,0.0,PASS_<20%,0.00,0.0,NO,STANDBY_VEL_LOW,0,0.00,4590.00,815.02,FALSE,M1_DIRECTION_MISMATCH|OPENING_SHIELD_ACTIVE_3s
2026-09-04 21:06:04.178,1788555964.179,77584,9,128,4430.99,4431.07,8.0,PASS_<=10c,+0.0,FLAT,+0.0,+0.0,4.2,+0.00,0.00,SLOW,4430.99,4430.99,4430.99,4430.99,0.00,0.00,0.0,BULLISH,0.0,4430.99,4430.99,4430.99,4430.99,4,ACTIVE_4s,1.0,0.0,0.0,0.0,0.0,0.0,0.0,PASS_<20%,0.00,0.0,NO,STANDBY_VEL_LOW,0,0.00,4590.00,815.02,FALSE,M1_DIRECTION_MISMATCH|OPENING_SHIELD_ACTIVE_4s
2026-09-04 21:06:04.679,1788555964.680,77585,10,129,4430.99,4431.07,8.0,PASS_<=10c,+0.0,FLAT,+0.0,+0.0,4.2,+0.00,0.00,SLOW,4430.99,4430.99,4430.99,4430.99,0.00,0.00,0.0,BULLISH,0.0,4430.99,4430.99,4430.99,4430.99,4,ACTIVE_4s,1.0,0.0,0.0,0.0,0.0,0.0,0.0,PASS_<20%,0.00,0.0,NO,STANDBY_VEL_LOW,0,0.00,4590.00,815.02,FALSE,M1_DIRECTION_MISMATCH|OPENING_SHIELD_ACTIVE_4s
2026-09-04 21:06:05.181,1788555965.181,77586,11,130,4430.99,4431.07,8.0,PASS_<=10c,+0.0,FLAT,+0.0,+0.0,4.2,+0.00,0.00,SLOW,4430.99,4430.99,4430.99,4430.99,0.00,0.00,0.0,BULLISH,0.0,4430.99,4430.99,4430.99,4430.99,5,ACTIVE_5s,1.0,0.0,0.0,0.0,0.0,0.0,0.0,PASS_<20%,0.00,0.0,NO,STANDBY_VEL_LOW,0,0.00,4590.00,815.02,FALSE,M1_DIRECTION_MISMATCH|OPENING_SHIELD_ACTIVE_5s
2026-09-04 21:06:05.682,1788555965.682,77587,12,131,4430.99,4431.07,8.0,PASS_<=10c,+0.0,FLAT,+0.0,+0.0,4.2,+0.00,0.00,SLOW,4430.99,4430.99,4430.99,4430.99,0.00,0.00,0.0,BULLISH,0.0,4430.99,4430.99,4430.99,4430.99,5,ACTIVE_5s,1.0,0.0,0.0,0.0,0.0,0.0,0.0,PASS_<20%,0.00,0.0,NO,STANDBY_VEL_LOW,0,0.00,4590.00,815.02,FALSE,M1_DIRECTION_MISMATCH|OPENING_SHIELD_ACTIVE_5s
2026-09-04 21:06:06.182,1788555966.183,77588,13,132,4430.99,4431.07,8.0,PASS_<=10c,+0.0,FLAT,+0.0,+0.0,4.2,+0.00,0.00,SLOW,4430.99,4430.99,4430.99,4430.99,0.00,0.00,0.0,BULLISH,0.0,4430.99,4430.99,4430.99,4430.99,6,ACTIVE_6s,1.0,0.0,0.0,0.0,0.0,0.0,0.0,PASS_<20%,0.00,0.0,NO,STANDBY_VEL_LOW,0,0.00,4590.00,815.02,FALSE,M1_DIRECTION_MISMATCH|OPENING_SHIELD_ACTIVE_6s
2026-09-04 21:06:06.686,1788555966.686,77589,14,133,4430.99,4431.07,8.0,PASS_<=10c,+0.0,FLAT,+0.0,+0.0,4.2,+0.00,0.00,SLOW,4430.99,4430.99,4430.99,4430.99,0.00,0.00,0.0,BULLISH,0.0,4430.99,4430.99,4430.99,4430.99,6,ACTIVE_6s,1.0,0.0,0.0,0.0,0.0,0.0,0.0,PASS_<20%,0.00,0.0,NO,STANDBY_VEL_LOW,0,0.00,4590.00,815.02,FALSE,M1_DIRECTION_MISMATCH|OPENING_SHIELD_ACTIVE_6s
2026-09-04 21:06:07.187,1788555967.187,77590,15,134,4430.99,4431.07,8.0,PASS_<=10c,+0.0,FLAT,+0.0,+0.0,4.2,+0.00,0.00,SLOW,4430.99,4430.99,4430.99,4430.99,0.00,0.00,0.0,BULLISH,0.0,4430.99,4430.99,4430.99,4430.99,7,ACTIVE_7s,1.0,0.0,0.0,0.0,0.0,0.0,0.0,PASS_<20%,0.00,0.0,NO,STANDBY_VEL_LOW,0,0.00,4590.00,815.02,FALSE,M1_DIRECTION_MISMATCH|OPENING_SHIELD_ACTIVE_7s
2026-09-04 21:06:07.688,1788555967.688,77591,16,135,4430.99,4431.07,8.0,PASS_<=10c,+0.0,FLAT,+0.0,+0.0,4.2,+0.00,0.00,SLOW,4430.99,4430.99,4430.99,4430.99,0.00,0.00,0.0,BULLISH,0.0,4430.99,4430.99,4430.99,4430.99,7,ACTIVE_7s,1.0,0.0,0.0,0.0,0.0,0.0,0.0,PASS_<20%,0.00,0.0,NO,STANDBY_VEL_LOW,0,0.00,4590.00,815.02,FALSE,M1_DIRECTION_MISMATCH|OPENING_SHIELD_ACTIVE_7s
2026-09-04 21:06:08.189,1788555968.190,77592,17,136,4430.99,4431.07,8.0,PASS_<=10c,+0.0,FLAT,+0.0,+0.0,4.2,+0.00,0.00,SLOW,4430.99,4430.99,4430.99,4430.99,0.00,0.00,0.0,BULLISH,0.0,4430.99,4430.99,4430.99,4430.99,8,ACTIVE_8s,1.0,0.0,0.0,0.0,0.0,0.0,0.0,PASS_<20%,0.00,0.0,NO,STANDBY_VEL_LOW,0,0.00,4590.00,815.02,FALSE,M1_DIRECTION_MISMATCH|OPENING_SHIELD_ACTIVE_8s
2026-09-04 21:06:08.691,1788555968.692,77593,18,137,4430.99,4431.07,8.0,PASS_<=10c,+0.0,FLAT,+0.0,+0.0,4.2,+0.00,0.00,SLOW,4430.99,4430.99,4430.99,4430.99,0.00,0.00,0.0,BULLISH,0.0,4430.99,4430.99,4430.99,4430.99,8,ACTIVE_8s,1.0,0.0,0.0,0.0,0.0,0.0,0.0,PASS_<20%,0.00,0.0,NO,STANDBY_VEL_LOW,0,0.00,4590.00,815.02,FALSE,M1_DIRECTION_MISMATCH|OPENING_SHIELD_ACTIVE_8s
2026-09-04 21:06:09.232,1788555969.232,77594,19,138,4430.99,4431.07,8.0,PASS_<=10c,+0.0,FLAT,+0.0,+0.0,4.2,+0.00,0.00,SLOW,4430.99,4430.99,4430.99,4430.99,0.00,0.00,0.0,BULLISH,0.0,4430.99,4430.99,4430.99,4430.99,9,ACTIVE_9s,1.0,0.0,0.0,0.0,0.0,0.0,0.0,PASS_<20%,0.00,0.0,NO,STANDBY_VEL_LOW,0,0.00,4590.00,815.02,FALSE,M1_DIRECTION_MISMATCH|OPENING_SHIELD_ACTIVE_9s
2026-09-04 21:06:09.705,1788555969.705,77595,20,139,4430.99,4431.07,8.0,PASS_<=10c,+0.0,FLAT,+0.0,+0.0,4.2,+0.00,0.00,SLOW,4430.99,4430.99,4430.99,4430.99,0.00,0.00,0.0,BULLISH,0.0,4430.99,4430.99,4430.99,4430.99,9,ACTIVE_9s,1.0,0.0,0.0,0.0,0.0,0.0,0.0,PASS_<20%,0.00,0.0,NO,STANDBY_VEL_LOW,0,0.00,4590.00,815.02,FALSE,M1_DIRECTION_MISMATCH|OPENING_SHIELD_ACTIVE_9s
2026-09-04 21:06:10.205,1788555970.205,77596,21,140,4430.99,4431.07,8.0,PASS_<=10c,+0.0,FLAT,+0.0,+0.0,4.2,+0.00,0.00,SLOW,4430.99,4430.99,4430.99,4430.99,0.00,0.00,0.0,BULLISH,0.0,4430.99,4430.99,4430.99,4430.99,10,ACTIVE_10s,1.0,0.0,0.0,0.0,0.0,0.0,0.0,PASS_<20%,0.00,0.0,NO,STANDBY_VEL_LOW,0,0.00,4590.00,815.02,FALSE,M1_DIRECTION_MISMATCH|OPENING_SHIELD_ACTIVE_10s
2026-09-04 21:06:10.707,1788555970.707,77597,22,141,4430.99,4431.07,8.0,PASS_<=10c,+0.0,FLAT,+0.0,+0.0,4.2,+0.00,0.00,SLOW,4430.99,4430.99,4430.99,4430.99,0.00,0.00,0.0,BULLISH,0.0,4430.99,4430.99,4430.99,4430.99,10,ACTIVE_10s,1.0,0.0,0.0,0.0,0.0,0.0,0.0,PASS_<20%,0.00,0.0,NO,STANDBY_VEL_LOW,0,0.00,4590.00,815.02,FALSE,M1_DIRECTION_MISMATCH|OPENING_SHIELD_ACTIVE_10s
2026-09-04 21:06:11.208,1788555971.209,77598,23,142,4430.99,4431.07,8.0,PASS_<=10c,+0.0,FLAT,+0.0,+0.0,4.2,+0.00,0.00,SLOW,4430.99,4430.99,4430.99,4430.99,0.00,0.00,0.0,BULLISH,0.0,4430.99,4430.99,4430.99,4430.99,11,ACTIVE_11s,1.0,0.0,0.0,0.0,0.0,0.0,0.0,PASS_<20%,0.00,0.0,NO,STANDBY_VEL_LOW,0,0.00,4590.00,815.02,FALSE,M1_DIRECTION_MISMATCH|OPENING_SHIELD_ACTIVE_11s
2026-09-04 21:06:11.710,1788555971.711,77599,24,143,4430.99,4431.07,8.0,PASS_<=10c,+0.0,FLAT,+0.0,+0.0,4.2,+0.00,0.00,SLOW,4430.99,4430.99,4430.99,4430.99,0.00,0.00,0.0,BULLISH,0.0,4430.99,4430.99,4430.99,4430.99,11,ACTIVE_11s,1.0,0.0,0.0,0.0,0.0,0.0,0.0,PASS_<20%,0.00,0.0,NO,STANDBY_VEL_LOW,0,0.00,4590.00,815.02,FALSE,M1_DIRECTION_MISMATCH|OPENING_SHIELD_ACTIVE_11s
2026-09-04 21:06:12.212,1788555972.212,77600,25,144,4430.99,4431.07,8.0,PASS_<=10c,+0.0,FLAT,+0.0,+0.0,4.2,+0.00,0.00,SLOW,4430.99,4430.99,4430.99,4430.99,0.00,0.00,0.0,BULLISH,0.0,4430.99,4430.99,4430.99,4430.99,12,ACTIVE_12s,1.0,0.0,0.0,0.0,0.0,0.0,0.0,PASS_<20%,0.00,0.0,NO,STANDBY_VEL_LOW,0,0.00,4590.00,815.02,FALSE,M1_DIRECTION_MISMATCH|OPENING_SHIELD_ACTIVE_12s
2026-09-04 21:06:12.714,1788555972.715,77601,26,145,4430.99,4431.07,8.0,PASS_<=10c,+0.0,FLAT,+0.0,+0.0,4.2,+0.00,0.00,SLOW,4430.99,4430.99,4430.99,4430.99,0.00,0.00,0.0,BULLISH,0.0,4430.99,4430.99,4430.99,4430.99,12,ACTIVE_12s,1.0,0.0,0.0,0.0,0.0,0.0,0.0,PASS_<20%,0.00,0.0,NO,STANDBY_VEL_LOW,0,0.00,4590.00,815.02,FALSE,M1_DIRECTION_MISMATCH|OPENING_SHIELD_ACTIVE_12s
2026-09-04 21:06:13.216,1788555973.217,77602,27,146,4430.99,4431.07,8.0,PASS_<=10c,+0.0,FLAT,+0.0,+0.0,4.2,+0.00,0.00,SLOW,4430.99,4430.99,4430.99,4430.99,0.00,0.00,0.0,BULLISH,0.0,4430.99,4430.99,4430.99,4430.99,13,ACTIVE_13s,1.0,0.0,0.0,0.0,0.0,0.0,0.0,PASS_<20%,0.00,0.0,NO,STANDBY_VEL_LOW,0,0.00,4590.00,815.02,FALSE,M1_DIRECTION_MISMATCH|OPENING_SHIELD_ACTIVE_13s
2026-09-04 21:06:13.718,1788555973.718,77603,28,147,4430.99,4431.07,8.0,PASS_<=10c,+0.0,FLAT,+0.0,+0.0,4.2,+0.00,0.00,SLOW,4430.99,4430.99,4430.99,4430.99,0.00,0.00,0.0,BULLISH,0.0,4430.99,4430.99,4430.99,4430.99,13,ACTIVE_13s,1.0,0.0,0.0,0.0,0.0,0.0,0.0,PASS_<20%,0.00,0.0,NO,STANDBY_VEL_LOW,0,0.00,4590.00,815.02,FALSE,M1_DIRECTION_MISMATCH|OPENING_SHIELD_ACTIVE_13s
2026-09-04 21:06:14.218,1788555974.219,77604,29,148,4430.99,4431.07,8.0,PASS_<=10c,+0.0,FLAT,+0.0,+0.0,4.2,+0.00,0.00,SLOW,4430.99,4430.99,4430.99,4430.99,0.00,0.00,0.0,BULLISH,0.0,4430.99,4430.99,4430.99,4430.99,14,ACTIVE_14s,1.0,0.0,0.0,0.0,0.0,0.0,0.0,PASS_<20%,0.00,0.0,NO,STANDBY_VEL_LOW,0,0.00,4590.00,815.02,FALSE,M1_DIRECTION_MISMATCH|OPENING_SHIELD_ACTIVE_14s
2026-09-04 21:06:14.721,1788555974.721,77605,30,149,4430.99,4431.07,8.0,PASS_<=10c,+0.0,FLAT,+0.0,+0.0,4.2,+0.00,0.00,SLOW,4430.99,4430.99,4430.99,4430.99,0.00,0.00,0.0,BULLISH,0.0,4430.99,4430.99,4430.99,4430.99,14,ACTIVE_14s,1.0,0.0,0.0,0.0,0.0,0.0,0.0,PASS_<20%,0.00,0.0,NO,STANDBY_VEL_LOW,0,0.00,4590.00,815.02,FALSE,M1_DIRECTION_MISMATCH|OPENING_SHIELD_ACTIVE_14s
2026-09-04 21:06:15.223,1788555975.223,77606,31,150,4430.99,4431.07,8.0,PASS_<=10c,+0.0,FLAT,+0.0,+0.0,4.2,+0.00,0.00,SLOW,4430.99,4430.99,4430.99,4430.99,0.00,0.00,0.0,BULLISH,0.0,4430.99,4430.99,4430.99,4430.99,15,ACTIVE_15s,1.0,0.0,0.0,0.0,0.0,0.0,0.0,PASS_<20%,0.00,0.0,NO,STANDBY_VEL_LOW,0,0.00,4590.00,815.02,FALSE,M1_DIRECTION_MISMATCH|OPENING_SHIELD_ACTIVE_15s
2026-09-04 21:06:15.723,1788555975.724,77607,32,151,4430.99,4431.07,8.0,PASS_<=10c,+0.0,FLAT,+0.0,+0.0,4.2,+0.00,0.00,SLOW,4430.99,4430.99,4430.99,4430.99,0.00,0.00,0.0,BULLISH,0.0,4430.99,4430.99,4430.99,4430.99,15,ACTIVE_15s,1.0,0.0,0.0,0.0,0.0,0.0,0.0,PASS_<20%,0.00,0.0,NO,STANDBY_VEL_LOW,0,0.00,4590.00,815.02,FALSE,M1_DIRECTION_MISMATCH|OPENING_SHIELD_ACTIVE_15s
2026-09-04 21:06:16.225,1788555976.226,77608,33,152,4430.99,4431.07,8.0,PASS_<=10c,+0.0,FLAT,+0.0,+0.0,4.2,+0.00,0.00,SLOW,4430.99,4430.99,4430.99,4430.99,0.00,0.00,0.0,BULLISH,0.0,4430.99,4430.99,4430.99,4430.99,16,ACTIVE_16s,1.0,0.0,0.0,0.0,0.0,0.0,0.0,PASS_<20%,0.00,0.0,NO,STANDBY_VEL_LOW,0,0.00,4590.00,815.02,FALSE,M1_DIRECTION_MISMATCH|OPENING_SHIELD_ACTIVE_16s
2026-09-04 21:06:16.726,1788555976.726,77609,34,153,4430.99,4431.07,8.0,PASS_<=10c,+0.0,FLAT,+0.0,+0.0,4.2,+0.00,0.00,SLOW,4430.99,4430.99,4430.99,4430.99,0.00,0.00,0.0,BULLISH,0.0,4430.99,4430.99,4430.99,4430.99,16,ACTIVE_16s,1.0,0.0,0.0,0.0,0.0,0.0,0.0,PASS_<20%,0.00,0.0,NO,STANDBY_VEL_LOW,0,0.00,4590.00,815.02,FALSE,M1_DIRECTION_MISMATCH|OPENING_SHIELD_ACTIVE_16s
2026-09-04 21:06:17.228,1788555977.228,77610,35,154,4430.99,4431.07,8.0,PASS_<=10c,+0.0,FLAT,+0.0,+0.0,4.2,+0.00,0.00,SLOW,4430.99,4430.99,4430.99,4430.99,0.00,0.00,0.0,BULLISH,0.0,4430.99,4430.99,4430.99,4430.99,17,ACTIVE_17s,1.0,0.0,0.0,0.0,0.0,0.0,0.0,PASS_<20%,0.00,0.0,NO,STANDBY_VEL_LOW,0,0.00,4590.00,815.02,FALSE,M1_DIRECTION_MISMATCH|OPENING_SHIELD_ACTIVE_17s
2026-09-04 21:06:17.728,1788555977.729,77611,36,155,4430.99,4431.07,8.0,PASS_<=10c,+0.0,FLAT,+0.0,+0.0,4.2,+0.00,0.00,SLOW,4430.99,4430.99,4430.99,4430.99,0.00,0.00,0.0,BULLISH,0.0,4430.99,4430.99,4430.99,4430.99,17,ACTIVE_17s,1.0,0.0,0.0,0.0,0.0,0.0,0.0,PASS_<20%,0.00,0.0,NO,STANDBY_VEL_LOW,0,0.00,4590.00,815.02,FALSE,M1_DIRECTION_MISMATCH|OPENING_SHIELD_ACTIVE_17s
2026-09-04 21:06:18.230,1788555978.231,77612,37,156,4430.99,4431.07,8.0,PASS_<=10c,+0.0,FLAT,+0.0,+0.0,4.2,+0.00,0.00,SLOW,4430.99,4430.99,4430.99,4430.99,0.00,0.00,0.0,BULLISH,0.0,4430.99,4430.99,4430.99,4430.99,18,ACTIVE_18s,1.0,0.0,0.0,0.0,0.0,0.0,0.0,PASS_<20%,0.00,0.0,NO,STANDBY_VEL_LOW,0,0.00,4590.00,815.02,FALSE,M1_DIRECTION_MISMATCH|OPENING_SHIELD_ACTIVE_18s
2026-09-04 21:06:18.731,1788555978.732,77613,38,157,4430.99,4431.07,8.0,PASS_<=10c,+0.0,FLAT,+0.0,+0.0,4.2,+0.00,0.00,SLOW,4430.99,4430.99,4430.99,4430.99,0.00,0.00,0.0,BULLISH,0.0,4430.99,4430.99,4430.99,4430.99,18,ACTIVE_18s,1.0,0.0,0.0,0.0,0.0,0.0,0.0,PASS_<20%,0.00,0.0,NO,STANDBY_VEL_LOW,0,0.00,4590.00,815.02,FALSE,M1_DIRECTION_MISMATCH|OPENING_SHIELD_ACTIVE_18s
2026-09-04 21:06:19.233,1788555979.234,77614,39,158,4430.99,4431.07,8.0,PASS_<=10c,+0.0,FLAT,+0.0,+0.0,4.2,+0.00,0.00,SLOW,4430.99,4430.99,4430.99,4430.99,0.00,0.00,0.0,BULLISH,0.0,4430.99,4430.99,4430.99,4430.99,19,ACTIVE_19s,1.0,0.0,0.0,0.0,0.0,0.0,0.0,PASS_<20%,0.00,0.0,NO,STANDBY_VEL_LOW,0,0.00,4590.00,815.02,FALSE,M1_DIRECTION_MISMATCH|OPENING_SHIELD_ACTIVE_19s
2026-09-04 21:06:19.736,1788555979.736,77615,40,159,4430.99,4431.07,8.0,PASS_<=10c,+0.0,FLAT,+0.0,+0.0,4.2,+0.00,0.00,SLOW,4430.99,4430.99,4430.99,4430.99,0.00,0.00,0.0,BULLISH,0.0,4430.99,4430.99,4430.99,4430.99,19,ACTIVE_19s,1.0,0.0,0.0,0.0,0.0,0.0,0.0,PASS_<20%,0.00,0.0,NO,STANDBY_VEL_LOW,0,0.00,4590.00,815.02,FALSE,M1_DIRECTION_MISMATCH|OPENING_SHIELD_ACTIVE_19s
2026-09-04 21:06:20.236,1788555980.237,77616,41,160,4430.99,4431.07,8.0,PASS_<=10c,+0.0,FLAT,+0.0,+0.0,4.2,+0.00,0.00,SLOW,4430.99,4430.99,4430.99,4430.99,0.00,0.00,0.0,BULLISH,0.0,4430.99,4430.99,4430.99,4430.99,20,CLEARED_>=20s,1.0,0.0,0.0,0.0,0.0,0.0,0.0,PASS_<20%,0.00,0.0,NO,STANDBY_VEL_LOW,0,0.00,4590.00,815.02,FALSE,M1_DIRECTION_MISMATCH
2026-09-04 21:06:20.739,1788555980.739,77617,42,161,4430.99,4431.07,8.0,PASS_<=10c,+0.0,FLAT,+0.0,+0.0,4.2,+0.00,0.00,SLOW,4430.99,4430.99,4430.99,4430.99,0.00,0.00,0.0,BULLISH,0.0,4430.99,4430.99,4430.99,4430.99,20,CLEARED_>=20s,1.0,0.0,0.0,0.0,0.0,0.0,0.0,PASS_<20%,0.00,0.0,NO,STANDBY_VEL_LOW,0,0.00,4590.00,815.02,FALSE,M1_DIRECTION_MISMATCH
2026-09-04 21:28:06.433,1788557286.433,1,1,1,4431.00,4431.08,8.0,PASS_<=10c,+0.0,FLAT,+100.0,+100.0,0.5,+0.83,1.66,SLOW,4430.00,4432.00,4429.00,4431.00,0.00,0.00,0.0,NEUTRAL,300.0,4430.00,4431.50,4430.00,4431.00,6,ACTIVE_6s,150.0,100.0,50.0,0.0,33.3,0.0,33.3,BLOCKED_33.3%,0.00,0.0,NO,STANDBY_VEL_LOW,0,0.00,4590.00,75.66,FALSE,M5_TREND_NEUTRAL|M1_DIRECTION_MISMATCH|VELOCITY_LOW_10.0
