1788356526,4368.88,4368.89,4368.86,4368.87,5.0,2026-09-02 13:42:06
1788356527,4368.88,4369.08,4368.88,4369.08,15.0,2026-09-02 13:42:07
1788356528,4369.07,4369.36,4369.07,4369.31,17.0,2026-09-02 13:42:08
1788356529,4369.32,4369.33,4369.09,4369.09,12.0,2026-09-02 13:42:09
1788356530,4369.07,4369.28,4369.06,4369.22,11.0,2026-09-02 13:42:10
1788356531,4369.28,4369.3,4369.2,4369.2,12.0,2026-09-02 13:42:11
1788356532,4369.19,4369.38,4369.13,4369.36,14.0,2026-09-02 13:42:12
1788356533,4369.35,4369.84,4369.35,4369.84,16.0,2026-09-02 13:42:13
1788356534,4369.85,4369.85,4369.76,4369.8,17.0,2026-09-02 13:42:14
1788356535,4369.81,4369.93,4369.81,4369.85,29.0,2026-09-02 13:42:15
1788356536,4369.86,4369.91,4369.79,4369.79,13.0,2026-09-02 13:42:16
1788356537,4369.8,4369.9,4369.61,4369.61,16.0,2026-09-02 13:42:17
1788356538,4369.49,4369.87,4369.49,4369.81,12.0,2026-09-02 13:42:18
1788356539,4369.82,4369.83,4369.81,4369.83,5.0,2026-09-02 13:42:19
1788356540,4369.82,4369.82,4369.19,4369.19,25.0,2026-09-02 13:42:20
1788356541,4369.19,4370.86,4369.18,4370.71,24.0,2026-09-02 13:42:21
1788356542,4370.68,4370.68,4370.27,4370.47,21.0,2026-09-02 13:42:22
1788356543,4370.51,4370.88,4370.51,4370.88,21.0,2026-09-02 13:42:23
1788356544,4370.98,4371.11,4370.92,4371.09,20.0,2026-09-02 13:42:24
1788356545,4371.13,4371.25,4371.12,4371.25,9.0,2026-09-02 13:42:25
1788356546,4371.28,4371.46,4371.19,4371.46,14.0,2026-09-02 13:42:26
1788356547,4371.36,4372.37,4371.36,4372.33,19.0,2026-09-02 13:42:27
1788356548,4372.34,4372.51,4372.2,4372.2,16.0,2026-09-02 13:42:28
1788356549,4372.19,4372.2,4372.17,4372.2,9.0,2026-09-02 13:42:29
1788356550,4372.18,4372.18,4371.48,4371.58,14.0,2026-09-02 13:42:30
1788356551,4371.67,4371.73,4371.58,4371.73,14.0,2026-09-02 13:42:31
1788356552,4371.71,4372.2,4371.71,4372.08,21.0,2026-09-02 13:42:32
1788356553,4372.06,4372.16,4372.06,4372.11,17.0,2026-09-02 13:42:33
1788356554,4372.09,4372.55,4372.03,4372.49,25.0,2026-09-02 13:42:34
1788356555,4372.45,4372.45,4370.75,4370.83,23.0,2026-09-02 13:42:35
1788356556,4370.82,4371.06,4370.53,4370.89,32.0,2026-09-02 13:42:36
1788356557,4370.86,4371.05,4370.82,4370.88,20.0,2026-09-02 13:42:37
1788356558,4370.87,4370.87,4369.75,4369.98,33.0,2026-09-02 13:42:38
1788356559,4369.97,4370.53,4369.97,4370.53,19.0,2026-09-02 13:42:39
1788356560,4370.54,4370.69,4370.52,4370.61,11.0,2026-09-02 13:42:40
1788356561,4370.61,4370.61,4369.87,4369.88,26.0,2026-09-02 13:42:41
1788356562,4369.87,4369.95,4369.81,4369.95,8.0,2026-09-02 13:42:42
1788356564,4369.92,4370.07,4369.92,4370.07,6.0,2026-09-02 13:42:44
1788356565,4370.13,4370.35,4370.11,4370.25,15.0,2026-09-02 13:42:45
1788356566,4370.26,4370.6,4369.35,4369.35,33.0,2026-09-02 13:42:46
1788356567,4369.33,4369.33,4369.22,4369.31,7.0,2026-09-02 13:42:47
1788356568,4369.34,4369.36,4369.23,4369.25,14.0,2026-09-02 13:42:48
1788356569,4369.26,4369.38,4368.6,4368.78,25.0,2026-09-02 13:42:49
1788356570,4368.82,4368.89,4368.79,4368.79,8.0,2026-09-02 13:42:50
1788356571,4368.76,4368.76,4368.39,4368.44,17.0,2026-09-02 13:42:51
1788356572,4368.49,4369.05,4368.28,4368.74,32.0,2026-09-02 13:42:52
1788356573,4368.75,4368.77,4368.71,4368.72,10.0,2026-09-02 13:42:53
1788356574,4368.73,4368.93,4368.72,4368.87,10.0,2026-09-02 13:42:54
1788356575,4368.87,4369.36,4368.82,4369.36,17.0,2026-09-02 13:42:55
1788356576,4369.39,4369.47,4369.39,4369.44,13.0,2026-09-02 13:42:56
1788356577,4369.45,4369.85,4369.44,4369.85,23.0,2026-09-02 13:42:57
1788356578,4369.87,4370.16,4369.87,4370.14,10.0,2026-09-02 13:42:58
1788356579,4370.12,4370.12,4369.93,4370.02,10.0,2026-09-02 13:42:59
1788356580,4370.0,4370.11,4370.0,4370.11,9.0,2026-09-02 13:43:00
1788356581,4370.12,4370.18,4370.12,4370.18,10.0,2026-09-02 13:43:01
1788356582,4370.19,4370.19,4370.19,4370.19,2.0,2026-09-02 13:43:02
1788356583,4370.2,4370.2,4370.16,4370.16,6.0,2026-09-02 13:43:03
1788356584,4370.16,4370.76,4370.08,4370.76,19.0,2026-09-02 13:43:04
1788356585,4370.75,4370.78,4370.69,4370.7,10.0,2026-09-02 13:43:05
1788356586,4370.69,4370.74,4370.46,4370.61,19.0,2026-09-02 13:43:06
1788356587,4370.58,4370.58,4370.43,4370.43,13.0,2026-09-02 13:43:07
1788356588,4370.41,4370.42,4370.14,4370.23,14.0,2026-09-02 13:43:08
1788356589,4370.25,4370.43,4370.24,4370.43,11.0,2026-09-02 13:43:09
1788356590,4370.44,4370.83,4370.44,4370.83,13.0,2026-09-02 13:43:10
1788356591,4370.77,4370.88,4370.77,4370.88,8.0,2026-09-02 13:43:11
1788356592,4370.88,4370.88,4370.49,4370.58,9.0,2026-09-02 13:43:12
1788356593,4370.59,4370.79,4370.58,4370.77,16.0,2026-09-02 13:43:13
1788356594,4370.77,4370.8,4370.64,4370.64,17.0,2026-09-02 13:43:14
1788356595,4370.63,4370.67,4370.4,4370.4,15.0,2026-09-02 13:43:15
1788356596,4370.39,4370.4,4370.31,4370.4,11.0,2026-09-02 13:43:16
1788356597,4370.44,4370.5,4370.44,4370.48,8.0,2026-09-02 13:43:17
1788356598,4370.53,4370.72,4370.53,4370.72,13.0,2026-09-02 13:43:18
1788356599,4370.74,4370.93,4370.74,4370.93,6.0,2026-09-02 13:43:19
1788356600,4370.92,4371.24,4370.89,4371.24,15.0,2026-09-02 13:43:20
1788356601,4371.26,4371.32,4371.21,4371.32,7.0,2026-09-02 13:43:21
1788356602,4371.33,4371.63,4371.33,4371.58,14.0,2026-09-02 13:43:22
1788356603,4371.57,4371.57,4371.31,4371.33,17.0,2026-09-02 13:43:23
1788356604,4371.32,4371.47,4371.31,4371.47,7.0,2026-09-02 13:43:24
1788356605,4371.52,4371.59,4371.21,4371.38,13.0,2026-09-02 13:43:25
1788356606,4371.35,4371.47,4371.29,4371.47,14.0,2026-09-02 13:43:26
1788356607,4371.49,4372.29,4371.49,4372.26,22.0,2026-09-02 13:43:27
1788356608,4372.28,4372.42,4372.28,4372.41,13.0,2026-09-02 13:43:28
1788356609,4372.41,4372.84,4372.41,4372.7,22.0,2026-09-02 13:43:29
1788356610,4372.73,4372.84,4372.71,4372.71,11.0,2026-09-02 13:43:30
1788356613,4372.7,4372.7,4372.51,4372.51,8.0,2026-09-02 13:43:33
1788356614,4372.51,4372.51,4372.32,4372.32,9.0,2026-09-02 13:43:34
1788356615,4372.28,4372.77,4372.26,4372.77,15.0,2026-09-02 13:43:35
1788356616,4372.79,4372.81,4372.57,4372.76,21.0,2026-09-02 13:43:36
1788356617,4372.78,4372.99,4372.78,4372.99,11.0,2026-09-02 13:43:37
1788356618,4373.0,4373.0,4372.86,4372.88,14.0,2026-09-02 13:43:38
1788356619,4372.89,4372.9,4372.56,4372.9,12.0,2026-09-02 13:43:39
1788356620,4372.9,4373.31,4372.9,4373.26,15.0,2026-09-02 13:43:40
1788356621,4373.25,4373.73,4373.25,4373.66,17.0,2026-09-02 13:43:41
1788356622,4373.67,4373.92,4373.67,4373.77,17.0,2026-09-02 13:43:42
1788356623,4373.78,4373.82,4373.19,4373.23,24.0,2026-09-02 13:43:43
1788356624,4373.26,4374.34,4373.26,4374.26,22.0,2026-09-02 13:43:44
1788356625,4374.25,4374.48,4374.22,4374.4,8.0,2026-09-02 13:43:45
1788356626,4374.43,4374.44,4374.33,4374.44,10.0,2026-09-02 13:43:46
1788356627,4374.49,4374.72,4374.49,4374.72,9.0,2026-09-02 13:43:47
1788356628,4374.73,4374.75,4374.73,4374.75,3.0,2026-09-02 13:43:48
1788356629,4374.74,4374.77,4374.73,4374.74,6.0,2026-09-02 13:43:49
1788356630,4374.73,4374.73,4374.49,4374.64,14.0,2026-09-02 13:43:50
1788356631,4374.65,4374.74,4374.65,4374.74,6.0,2026-09-02 13:43:51
1788356632,4374.76,4374.76,4374.29,4374.5,18.0,2026-09-02 13:43:52
1788356633,4374.49,4374.55,4374.49,4374.54,10.0,2026-09-02 13:43:53
1788356634,4374.55,4374.66,4374.53,4374.66,8.0,2026-09-02 13:43:54
1788356635,4374.67,4374.67,4374.67,4374.67,2.0,2026-09-02 13:43:55
1788356636,4374.68,4374.76,4374.49,4374.54,15.0,2026-09-02 13:43:56
1788356637,4374.63,4374.82,4374.63,4374.72,15.0,2026-09-02 13:43:57
1788356638,4374.72,4375.83,4374.61,4375.59,26.0,2026-09-02 13:43:58
1788356639,4375.56,4375.56,4374.79,4375.01,21.0,2026-09-02 13:43:59
1788356640,4375.0,4375.1,4374.94,4374.94,7.0,2026-09-02 13:44:00
1788356641,4374.92,4375.15,4374.88,4375.15,14.0,2026-09-02 13:44:01
1788356642,4375.16,4375.28,4375.08,4375.28,9.0,2026-09-02 13:44:02
1788356643,4375.26,4375.28,4375.08,4375.12,12.0,2026-09-02 13:44:03
1788356644,4375.12,4375.19,4375.08,4375.14,11.0,2026-09-02 13:44:04
1788356645,4375.13,4375.13,4374.52,4374.52,7.0,2026-09-02 13:44:05
1788356646,4374.49,4374.5,4374.34,4374.34,14.0,2026-09-02 13:44:06
1788356647,4374.32,4374.32,4373.56,4373.73,25.0,2026-09-02 13:44:07
1788356648,4373.69,4373.7,4373.4,4373.53,19.0,2026-09-02 13:44:08
1788356649,4373.54,4374.06,4373.54,4373.63,20.0,2026-09-02 13:44:09
1788356650,4373.68,4373.68,4373.23,4373.23,11.0,2026-09-02 13:44:10
1788356651,4373.28,4373.8,4373.28,4373.8,19.0,2026-09-02 13:44:11
1788356652,4373.8,4374.36,4373.8,4373.85,29.0,2026-09-02 13:44:12
1788356653,4373.75,4374.13,4373.75,4374.13,26.0,2026-09-02 13:44:13
1788356654,4374.17,4374.31,4374.17,4374.25,14.0,2026-09-02 13:44:14
1788356655,4374.21,4374.23,4373.73,4373.76,17.0,2026-09-02 13:44:15
1788356656,4373.71,4373.88,4373.7,4373.81,22.0,2026-09-02 13:44:16
1788356657,4373.79,4374.17,4373.68,4374.17,19.0,2026-09-02 13:44:17
1788356658,4374.17,4374.17,4373.83,4373.87,10.0,2026-09-02 13:44:18
1788356659,4373.88,4374.25,4373.88,4374.25,10.0,2026-09-02 13:44:19
1788356661,4374.27,4374.3,4374.27,4374.3,2.0,2026-09-02 13:44:21
1788356662,4374.32,4374.41,4374.32,4374.41,8.0,2026-09-02 13:44:22
1788356663,4374.43,4374.92,4374.43,4374.92,8.0,2026-09-02 13:44:23
1788356664,4374.93,4374.93,4374.57,4374.81,23.0,2026-09-02 13:44:24
1788356665,4374.84,4374.88,4374.68,4374.68,16.0,2026-09-02 13:44:25
1788356666,4374.59,4374.9,4374.49,4374.9,14.0,2026-09-02 13:44:26
1788356667,4374.92,4374.94,4374.76,4374.76,12.0,2026-09-02 13:44:27
1788356668,4374.77,4374.87,4374.59,4374.59,13.0,2026-09-02 13:44:28
1788356669,4374.54,4374.54,4373.88,4373.9,21.0,2026-09-02 13:44:29
1788356670,4373.92,4373.94,4373.81,4373.81,13.0,2026-09-02 13:44:30
1788356671,4373.79,4375.36,4373.79,4375.36,34.0,2026-09-02 13:44:31
1788356672,4375.46,4375.66,4375.44,4375.62,23.0,2026-09-02 13:44:32
1788356673,4375.58,4375.59,4375.03,4375.09,30.0,2026-09-02 13:44:33
1788356674,4375.04,4375.04,4374.61,4374.82,20.0,2026-09-02 13:44:34
1788356675,4374.77,4374.82,4374.4,4374.44,21.0,2026-09-02 13:44:35
1788356676,4374.22,4374.22,4373.98,4373.98,20.0,2026-09-02 13:44:36
1788356677,4374.02,4374.52,4374.02,4374.52,16.0,2026-09-02 13:44:37
1788356678,4374.51,4374.53,4374.33,4374.34,13.0,2026-09-02 13:44:38
1788356679,4374.35,4374.52,4374.14,4374.33,26.0,2026-09-02 13:44:39
1788356680,4374.32,4374.42,4374.32,4374.42,6.0,2026-09-02 13:44:40
1788356681,4374.42,4374.47,4374.32,4374.4,22.0,2026-09-02 13:44:41
1788356682,4374.37,4374.84,4374.29,4374.81,20.0,2026-09-02 13:44:42
1788356683,4374.81,4374.95,4374.44,4374.51,29.0,2026-09-02 13:44:43
1788356684,4374.5,4374.81,4374.5,4374.65,15.0,2026-09-02 13:44:44
1788356685,4374.68,4374.69,4374.6,4374.63,9.0,2026-09-02 13:44:45
1788356686,4374.62,4374.68,4374.25,4374.3,21.0,2026-09-02 13:44:46
1788356687,4374.31,4375.16,4374.3,4375.06,42.0,2026-09-02 13:44:47
1788356688,4374.99,4375.42,4374.99,4375.27,23.0,2026-09-02 13:44:48
1788356689,4375.3,4375.65,4373.86,4373.86,40.0,2026-09-02 13:44:49
1788356690,4373.82,4373.82,4373.64,4373.66,9.0,2026-09-02 13:44:50
1788356691,4373.69,4373.69,4373.57,4373.66,9.0,2026-09-02 13:44:51
1788356692,4373.66,4374.01,4373.64,4374.01,15.0,2026-09-02 13:44:52
1788356693,4374.02,4374.09,4374.02,4374.02,6.0,2026-09-02 13:44:53
1788356694,4374.01,4374.12,4374.01,4374.12,7.0,2026-09-02 13:44:54
1788356695,4374.13,4374.25,4374.13,4374.15,14.0,2026-09-02 13:44:55
1788356696,4374.16,4374.48,4374.16,4374.48,13.0,2026-09-02 13:44:56
1788356697,4374.47,4374.49,4374.22,4374.22,16.0,2026-09-02 13:44:57
1788356698,4374.21,4374.45,4374.2,4374.45,9.0,2026-09-02 13:44:58
1788356699,4374.46,4374.46,4374.19,4374.19,15.0,2026-09-02 13:44:59
1788356700,4374.14,4374.28,4374.11,4374.27,10.0,2026-09-02 13:45:00
1788356701,4374.29,4374.33,4374.29,4374.33,4.0,2026-09-02 13:45:01
1788356702,4374.33,4374.47,4374.32,4374.46,9.0,2026-09-02 13:45:02
1788356703,4374.45,4374.82,4374.45,4374.75,10.0,2026-09-02 13:45:03
1788356704,4374.69,4374.69,4374.58,4374.59,9.0,2026-09-02 13:45:04
1788356705,4374.6,4374.62,4374.6,4374.62,2.0,2026-09-02 13:45:05
1788356707,4374.67,4374.68,4374.67,4374.68,2.0,2026-09-02 13:45:07
1788356708,4374.67,4374.69,4374.53,4374.56,6.0,2026-09-02 13:45:08
1788356709,4374.59,4374.59,4374.59,4374.59,2.0,2026-09-02 13:45:09
1788356710,4374.59,4374.98,4374.59,4374.98,10.0,2026-09-02 13:45:10
1788356711,4374.99,4375.19,4374.99,4375.19,11.0,2026-09-02 13:45:11
1788356712,4375.2,4375.58,4375.2,4375.51,16.0,2026-09-02 13:45:12
1788356713,4375.49,4375.6,4375.49,4375.57,10.0,2026-09-02 13:45:13
1788356714,4375.61,4375.66,4375.61,4375.66,4.0,2026-09-02 13:45:14
1788356715,4375.7,4375.7,4375.7,4375.7,1.0,2026-09-02 13:45:15
1788356716,4375.77,4375.79,4375.77,4375.79,4.0,2026-09-02 13:45:16
1788356717,4375.81,4375.81,4375.81,4375.81,1.0,2026-09-02 13:45:17
1788356718,4375.85,4375.87,4375.85,4375.87,2.0,2026-09-02 13:45:18
1788356719,4375.91,4375.93,4375.87,4375.87,3.0,2026-09-02 13:45:19
1788356720,4375.95,4376.21,4375.95,4376.19,6.0,2026-09-02 13:45:20
1788356721,4376.17,4376.3,4376.16,4376.3,7.0,2026-09-02 13:45:21
1788356722,4376.29,4376.44,4376.29,4376.44,8.0,2026-09-02 13:45:22
1788356723,4376.43,4376.45,4376.43,4376.43,5.0,2026-09-02 13:45:23
1788356724,4376.89,4376.91,4376.81,4376.81,6.0,2026-09-02 13:45:24
1788356725,4376.78,4376.79,4376.61,4376.61,9.0,2026-09-02 13:45:25
1788356726,4376.43,4376.43,4376.38,4376.38,9.0,2026-09-02 13:45:26
1788356727,4376.38,4376.43,4376.37,4376.4,11.0,2026-09-02 13:45:27
1788356728,4376.39,4376.39,4376.19,4376.33,9.0,2026-09-02 13:45:28
1788356729,4376.36,4376.36,4376.36,4376.36,1.0,2026-09-02 13:45:29
1788356730,4376.43,4376.43,4376.29,4376.29,4.0,2026-09-02 13:45:30
1788356731,4376.03,4376.03,4375.75,4375.75,18.0,2026-09-02 13:45:31
1788356732,4375.67,4375.67,4375.67,4375.67,1.0,2026-09-02 13:45:32
1788356733,4375.49,4375.62,4375.49,4375.56,4.0,2026-09-02 13:45:33
1788356734,4375.97,4376.17,4375.97,4376.17,5.0,2026-09-02 13:45:34
1788356735,4376.17,4376.17,4376.16,4376.16,2.0,2026-09-02 13:45:35
1788356736,4376.13,4376.22,4376.13,4376.22,7.0,2026-09-02 13:45:36
1788356737,4376.46,4376.59,4376.46,4376.57,7.0,2026-09-02 13:45:37
1788356738,4376.59,4376.59,4376.57,4376.57,2.0,2026-09-02 13:45:38
1788356739,4376.74,4376.79,4376.62,4376.62,7.0,2026-09-02 13:45:39
1788356740,4376.59,4376.68,4376.59,4376.63,7.0,2026-09-02 13:45:40
1788356741,4376.64,4376.68,4376.64,4376.65,6.0,2026-09-02 13:45:41
1788356742,4376.52,4376.52,4376.16,4376.22,13.0,2026-09-02 13:45:42
1788356743,4376.21,4376.21,4376.21,4376.21,1.0,2026-09-02 13:45:43
1788356744,4376.19,4376.19,4376.16,4376.16,4.0,2026-09-02 13:45:44
1788356745,4376.33,4376.33,4376.23,4376.23,7.0,2026-09-02 13:45:45
1788356746,4376.16,4376.26,4375.95,4375.99,19.0,2026-09-02 13:45:46
1788356747,4376.04,4376.04,4376.03,4376.03,2.0,2026-09-02 13:45:47
1788356749,4375.98,4375.98,4375.98,4375.98,1.0,2026-09-02 13:45:49
1788356750,4376.08,4376.36,4376.06,4376.15,14.0,2026-09-02 13:45:50
1788356751,4376.16,4376.47,4376.13,4376.13,15.0,2026-09-02 13:45:51
1788356752,4376.07,4376.35,4375.94,4376.35,10.0,2026-09-02 13:45:52
1788356753,4376.39,4376.4,4376.3,4376.4,14.0,2026-09-02 13:45:53
1788356754,4376.38,4376.38,4376.35,4376.35,2.0,2026-09-02 13:45:54
1788356755,4376.42,4376.46,4376.42,4376.44,7.0,2026-09-02 13:45:55
1788356756,4376.43,4376.47,4376.43,4376.47,6.0,2026-09-02 13:45:56
1788356757,4376.48,4376.59,4376.47,4376.59,5.0,2026-09-02 13:45:57
1788356758,4376.59,4376.61,4376.59,4376.61,3.0,2026-09-02 13:45:58
1788356759,4376.87,4376.97,4376.87,4376.96,6.0,2026-09-02 13:45:59
1788356760,4377.01,4377.05,4376.95,4376.95,8.0,2026-09-02 13:46:00
1788356761,4376.98,4376.98,4376.74,4376.74,8.0,2026-09-02 13:46:01
1788356762,4376.79,4376.79,4376.71,4376.76,5.0,2026-09-02 13:46:02
1788356763,4376.72,4376.9,4376.72,4376.9,6.0,2026-09-02 13:46:03
1788356764,4376.94,4377.02,4376.94,4377.02,10.0,2026-09-02 13:46:04
1788356765,4377.03,4377.04,4376.91,4376.94,8.0,2026-09-02 13:46:05
1788356766,4376.99,4377.06,4376.99,4377.03,3.0,2026-09-02 13:46:06
1788356767,4377.15,4377.19,4377.13,4377.18,6.0,2026-09-02 13:46:07
1788356768,4377.11,4377.13,4376.84,4376.84,11.0,2026-09-02 13:46:08
1788356769,4376.8,4378.01,4376.78,4378.01,20.0,2026-09-02 13:46:09
1788356770,4378.2,4378.88,4378.2,4378.88,8.0,2026-09-02 13:46:10
1788356771,4378.94,4379.55,4378.94,4379.26,25.0,2026-09-02 13:46:11
1788356772,4379.16,4379.19,4379.06,4379.1,7.0,2026-09-02 13:46:12
1788356773,4378.53,4378.84,4378.45,4378.45,22.0,2026-09-02 13:46:13
1788356774,4378.52,4378.53,4378.5,4378.5,4.0,2026-09-02 13:46:14
1788356775,4378.44,4378.45,4378.29,4378.29,5.0,2026-09-02 13:46:15
1788356776,4378.25,4378.52,4378.24,4378.52,13.0,2026-09-02 13:46:16
1788356777,4378.51,4378.57,4378.49,4378.57,8.0,2026-09-02 13:46:17
1788356778,4378.56,4378.56,4378.11,4378.11,13.0,2026-09-02 13:46:18
1788356779,4378.13,4378.13,4378.13,4378.13,2.0,2026-09-02 13:46:19
1788356780,4378.29,4378.29,4378.14,4378.15,5.0,2026-09-02 13:46:20
1788356781,4377.74,4377.86,4377.74,4377.84,9.0,2026-09-02 13:46:21
1788356782,4378.02,4378.02,4377.86,4377.99,9.0,2026-09-02 13:46:22
1788356783,4377.97,4377.97,4377.86,4377.86,5.0,2026-09-02 13:46:23
1788356784,4377.85,4377.85,4377.85,4377.85,1.0,2026-09-02 13:46:24
1788356785,4377.86,4377.86,4377.85,4377.85,2.0,2026-09-02 13:46:25
1788356786,4377.87,4377.87,4377.32,4377.71,13.0,2026-09-02 13:46:26
1788356787,4377.86,4377.92,4377.68,4377.69,9.0,2026-09-02 13:46:27
1788356788,4377.66,4378.09,4377.66,4378.07,16.0,2026-09-02 13:46:28
1788356789,4378.02,4378.21,4377.93,4378.13,15.0,2026-09-02 13:46:29
1788356790,4378.12,4378.12,4378.03,4378.03,4.0,2026-09-02 13:46:30
1788356791,4378.04,4378.04,4378.04,4378.04,1.0,2026-09-02 13:46:31
1788356793,4378.06,4378.09,4378.06,4378.09,3.0,2026-09-02 13:46:33
1788356794,4378.05,4378.05,4377.29,4377.48,13.0,2026-09-02 13:46:34
1788356795,4377.49,4377.49,4377.35,4377.35,4.0,2026-09-02 13:46:35
1788356796,4377.39,4377.5,4377.39,4377.41,10.0,2026-09-02 13:46:36
1788356797,4377.4,4377.4,4377.22,4377.22,12.0,2026-09-02 13:46:37
1788356798,4377.23,4377.27,4376.89,4376.91,9.0,2026-09-02 13:46:38
1788356799,4376.45,4377.02,4376.45,4376.99,12.0,2026-09-02 13:46:39
1788356800,4377.01,4377.22,4376.94,4377.22,9.0,2026-09-02 13:46:40
1788356801,4377.26,4377.28,4377.25,4377.25,6.0,2026-09-02 13:46:41
1788356802,4377.28,4377.28,4377.17,4377.17,8.0,2026-09-02 13:46:42
1788356803,4377.17,4377.6,4377.06,4377.21,21.0,2026-09-02 13:46:43
1788356804,4377.21,4377.21,4376.13,4376.66,25.0,2026-09-02 13:46:44
1788356805,4376.67,4376.68,4376.62,4376.62,9.0,2026-09-02 13:46:45
1788356806,4376.61,4376.63,4376.54,4376.56,11.0,2026-09-02 13:46:46
1788356807,4376.53,4376.54,4376.53,4376.54,2.0,2026-09-02 13:46:47
1788356808,4375.85,4375.98,4375.7,4375.98,16.0,2026-09-02 13:46:48
1788356809,4376.05,4376.17,4376.05,4376.17,9.0,2026-09-02 13:46:49
1788356810,4376.17,4376.48,4375.98,4376.48,14.0,2026-09-02 13:46:50
1788356811,4376.44,4376.81,4376.44,4376.59,14.0,2026-09-02 13:46:51
1788356812,4376.46,4376.57,4376.37,4376.37,13.0,2026-09-02 13:46:52
1788356813,4376.37,4376.37,4375.67,4375.67,14.0,2026-09-02 13:46:53
1788356814,4375.73,4375.73,4375.73,4375.73,1.0,2026-09-02 13:46:54
1788356815,4375.72,4375.72,4374.95,4374.95,23.0,2026-09-02 13:46:55
1788356816,4374.89,4376.03,4374.81,4376.03,17.0,2026-09-02 13:46:56
1788356817,4376.04,4376.13,4375.96,4376.12,13.0,2026-09-02 13:46:57
1788356818,4376.13,4376.15,4375.73,4375.73,18.0,2026-09-02 13:46:58
1788356819,4375.75,4375.75,4375.69,4375.69,8.0,2026-09-02 13:46:59
1788356820,4375.67,4375.67,4375.45,4375.56,12.0,2026-09-02 13:47:00
1788356821,4375.58,4375.58,4375.36,4375.36,3.0,2026-09-02 13:47:01
1788356822,4375.32,4375.32,4374.94,4374.94,8.0,2026-09-02 13:47:02
1788356823,4374.56,4376.37,4374.56,4376.37,20.0,2026-09-02 13:47:03
1788356824,4376.18,4376.3,4375.87,4375.87,5.0,2026-09-02 13:47:04
1788356825,4376.36,4376.52,4376.36,4376.42,7.0,2026-09-02 13:47:05
1788356826,4376.38,4376.61,4376.38,4376.6,15.0,2026-09-02 13:47:06
1788356827,4376.58,4376.58,4376.58,4376.58,1.0,2026-09-02 13:47:07
1788356828,4376.49,4376.52,4376.48,4376.5,6.0,2026-09-02 13:47:08
1788356829,4376.52,4376.71,4376.52,4376.71,6.0,2026-09-02 13:47:09
1788356830,4377.26,4377.41,4377.26,4377.41,4.0,2026-09-02 13:47:10
1788356832,4377.3,4377.3,4377.3,4377.3,1.0,2026-09-02 13:47:12
1788356833,4377.32,4377.44,4377.32,4377.43,8.0,2026-09-02 13:47:13
1788356834,4377.27,4377.4,4377.17,4377.4,10.0,2026-09-02 13:47:14
1788356835,4377.18,4377.24,4377.18,4377.24,3.0,2026-09-02 13:47:15
1788356836,4377.26,4377.71,4377.26,4377.71,15.0,2026-09-02 13:47:16
1788356837,4377.61,4377.61,4377.27,4377.32,12.0,2026-09-02 13:47:17
1788356838,4377.31,4377.41,4377.31,4377.37,10.0,2026-09-02 13:47:18
1788356839,4377.36,4378.92,4377.36,4378.83,21.0,2026-09-02 13:47:19
1788356840,4378.93,4378.96,4378.93,4378.96,3.0,2026-09-02 13:47:20
1788356841,4379.28,4379.37,4379.11,4379.11,15.0,2026-09-02 13:47:21
1788356842,4379.07,4379.07,4378.26,4378.26,22.0,2026-09-02 13:47:22
1788356843,4378.15,4378.15,4377.79,4377.93,32.0,2026-09-02 13:47:23
1788356844,4377.91,4377.99,4377.88,4377.98,9.0,2026-09-02 13:47:24
1788356845,4378.01,4378.01,4378.0,4378.01,3.0,2026-09-02 13:47:25
1788356846,4377.97,4377.99,4377.51,4377.64,13.0,2026-09-02 13:47:26
1788356847,4377.51,4377.75,4377.5,4377.65,13.0,2026-09-02 13:47:27
1788356848,4377.68,4377.69,4377.68,4377.69,2.0,2026-09-02 13:47:28
1788356849,4377.66,4377.69,4377.42,4377.42,6.0,2026-09-02 13:47:29
1788356850,4377.39,4377.59,4377.39,4377.46,19.0,2026-09-02 13:47:30
1788356851,4377.51,4377.74,4377.51,4377.65,13.0,2026-09-02 13:47:31
1788356852,4377.7,4377.73,4377.59,4377.59,7.0,2026-09-02 13:47:32
1788356853,4377.58,4377.62,4377.43,4377.62,17.0,2026-09-02 13:47:33
1788356854,4377.63,4377.81,4377.63,4377.77,4.0,2026-09-02 13:47:34
1788356855,4377.89,4377.89,4377.79,4377.79,6.0,2026-09-02 13:47:35
1788356856,4377.78,4377.78,4377.77,4377.77,4.0,2026-09-02 13:47:36
1788356857,4377.8,4378.05,4377.75,4378.03,14.0,2026-09-02 13:47:37
1788356858,4377.99,4378.08,4377.99,4378.08,4.0,2026-09-02 13:47:38
1788356859,4378.53,4378.58,4378.32,4378.4,15.0,2026-09-02 13:47:39
1788356860,4378.37,4378.6,4377.17,4377.35,16.0,2026-09-02 13:47:40
1788356861,4377.19,4377.22,4377.02,4377.19,6.0,2026-09-02 13:47:41
1788356862,4377.35,4377.41,4376.82,4376.82,15.0,2026-09-02 13:47:42
1788356863,4376.77,4376.77,4376.59,4376.59,3.0,2026-09-02 13:47:43
1788356864,4376.67,4376.82,4376.67,4376.82,7.0,2026-09-02 13:47:44
1788356865,4376.84,4376.84,4376.75,4376.76,6.0,2026-09-02 13:47:45
1788356866,4376.94,4377.04,4376.66,4376.66,13.0,2026-09-02 13:47:46
1788356867,4376.29,4376.39,4376.29,4376.39,13.0,2026-09-02 13:47:47
1788356868,4376.4,4376.42,4376.4,4376.42,2.0,2026-09-02 13:47:48
1788356869,4376.06,4376.09,4375.99,4375.99,6.0,2026-09-02 13:47:49
1788356871,4375.95,4375.95,4375.95,4375.95,1.0,2026-09-02 13:47:51
1788356872,4375.96,4375.96,4375.86,4375.86,4.0,2026-09-02 13:47:52
1788356873,4375.85,4376.13,4375.85,4376.13,15.0,2026-09-02 13:47:53
1788356874,4376.13,4376.24,4376.06,4376.24,5.0,2026-09-02 13:47:54
1788356875,4376.22,4376.22,4375.71,4375.71,13.0,2026-09-02 13:47:55
1788356876,4375.54,4375.54,4375.31,4375.31,3.0,2026-09-02 13:47:56
1788356877,4374.65,4374.8,4374.65,4374.77,6.0,2026-09-02 13:47:57
1788356878,4374.4,4376.02,4374.4,4376.02,8.0,2026-09-02 13:47:58
1788356879,4376.18,4376.51,4376.18,4376.32,19.0,2026-09-02 13:47:59
1788356880,4376.31,4376.33,4376.31,4376.33,2.0,2026-09-02 13:48:00
1788356881,4376.38,4376.38,4376.38,4376.38,1.0,2026-09-02 13:48:01
1788356882,4376.46,4376.57,4376.46,4376.57,5.0,2026-09-02 13:48:02
1788356883,4376.37,4376.38,4375.68,4375.93,19.0,2026-09-02 13:48:03
1788356884,4375.98,4376.1,4375.98,4376.1,5.0,2026-09-02 13:48:04
1788356885,4375.78,4375.8,4375.62,4375.64,7.0,2026-09-02 13:48:05
1788356886,4375.69,4375.74,4375.68,4375.74,8.0,2026-09-02 13:48:06
1788356887,4375.76,4375.76,4375.48,4375.48,9.0,2026-09-02 13:48:07
1788356888,4375.49,4375.49,4375.49,4375.49,1.0,2026-09-02 13:48:08
1788356889,4375.71,4375.77,4375.71,4375.77,6.0,2026-09-02 13:48:09
1788356890,4376.01,4376.01,4375.91,4375.91,5.0,2026-09-02 13:48:10
1788356891,4376.71,4376.82,4376.68,4376.76,12.0,2026-09-02 13:48:11
1788356892,4376.94,4377.14,4376.94,4377.04,13.0,2026-09-02 13:48:12
1788356893,4377.05,4377.42,4376.86,4377.39,16.0,2026-09-02 13:48:13
1788356894,4377.38,4377.38,4377.38,4377.38,1.0,2026-09-02 13:48:14
1788356895,4377.13,4377.13,4376.95,4376.99,9.0,2026-09-02 13:48:15
1788356896,4376.85,4376.85,4376.65,4376.67,8.0,2026-09-02 13:48:16
1788356897,4376.86,4377.49,4376.86,4377.38,12.0,2026-09-02 13:48:17
1788356898,4377.39,4377.74,4377.39,4377.46,12.0,2026-09-02 13:48:18
1788356899,4377.41,4377.42,4377.34,4377.34,6.0,2026-09-02 13:48:19
1788356900,4377.34,4377.38,4377.34,4377.38,4.0,2026-09-02 13:48:20
1788356901,4377.58,4377.58,4377.58,4377.58,1.0,2026-09-02 13:48:21
1788356902,4377.69,4378.06,4377.69,4377.86,11.0,2026-09-02 13:48:22
1788356963,4370.66,4370.66,4370.45,4370.47,8.0,2026-09-02 13:49:23
1788356964,4370.46,4370.46,4370.1,4370.25,13.0,2026-09-02 13:49:24
1788356965,4370.15,4370.2,4370.13,4370.14,13.0,2026-09-02 13:49:25
1788356966,4370.16,4370.48,4370.16,4370.48,7.0,2026-09-02 13:49:26
1788356967,4370.46,4370.46,4370.35,4370.35,4.0,2026-09-02 13:49:27
1788356968,4370.33,4370.33,4370.02,4370.2,13.0,2026-09-02 13:49:28
1788356969,4370.29,4370.36,4370.29,4370.36,2.0,2026-09-02 13:49:29
1788356970,4370.18,4370.23,4370.18,4370.23,3.0,2026-09-02 13:49:30
1788356971,4369.94,4369.98,4369.94,4369.98,3.0,2026-09-02 13:49:31
1788356972,4370.0,4370.1,4368.97,4369.21,32.0,2026-09-02 13:49:32
1788356973,4369.25,4369.83,4369.23,4369.83,23.0,2026-09-02 13:49:33
1788356974,4369.79,4369.79,4369.71,4369.71,2.0,2026-09-02 13:49:34
1788356975,4369.63,4369.74,4369.39,4369.39,13.0,2026-09-02 13:49:35
1788356976,4369.6,4369.78,4369.6,4369.76,13.0,2026-09-02 13:49:36
1788356977,4369.76,4369.92,4369.69,4369.87,22.0,2026-09-02 13:49:37
1788356978,4369.88,4369.93,4369.88,4369.93,2.0,2026-09-02 13:49:38
1788356979,4370.16,4370.16,4370.09,4370.1,3.0,2026-09-02 13:49:39
1788356980,4369.74,4369.74,4369.71,4369.73,5.0,2026-09-02 13:49:40
1788356981,4369.73,4369.8,4369.44,4369.73,20.0,2026-09-02 13:49:41
1788356982,4369.9,4370.26,4369.9,4370.26,18.0,2026-09-02 13:49:42
1788356983,4370.25,4370.25,4370.25,4370.25,1.0,2026-09-02 13:49:43
1788356984,4370.22,4370.22,4370.2,4370.2,4.0,2026-09-02 13:49:44
1788356985,4370.07,4370.14,4370.07,4370.13,12.0,2026-09-02 13:49:45
1788356986,4370.1,4370.14,4370.01,4370.01,17.0,2026-09-02 13:49:46
1788356987,4370.0,4370.0,4369.46,4369.59,17.0,2026-09-02 13:49:47
1788356988,4369.6,4369.7,4369.6,4369.69,5.0,2026-09-02 13:49:48
1788356989,4369.26,4369.27,4368.7,4368.77,32.0,2026-09-02 13:49:49
1788356990,4368.69,4368.69,4368.31,4368.53,20.0,2026-09-02 13:49:50
1788356991,4368.62,4368.7,4368.52,4368.54,13.0,2026-09-02 13:49:51
1788356992,4368.56,4368.57,4368.56,4368.57,2.0,2026-09-02 13:49:52
1788356993,4368.73,4368.73,4368.58,4368.58,14.0,2026-09-02 13:49:53
1788356994,4368.69,4368.82,4368.5,4368.51,23.0,2026-09-02 13:49:54
1788356995,4368.46,4368.76,4368.46,4368.76,4.0,2026-09-02 13:49:55
1788356996,4368.89,4369.26,4368.83,4369.26,20.0,2026-09-02 13:49:56
1788356997,4369.27,4369.49,4369.27,4369.38,15.0,2026-09-02 13:49:57
1788356998,4369.34,4369.35,4369.02,4369.02,12.0,2026-09-02 13:49:58
1788356999,4368.94,4368.97,4368.59,4368.59,19.0,2026-09-02 13:49:59
1788357000,4368.55,4368.87,4368.52,4368.87,8.0,2026-09-02 13:50:00
1788357001,4368.84,4368.84,4368.75,4368.8,6.0,2026-09-02 13:50:01
1788357002,4368.79,4368.86,4368.78,4368.86,7.0,2026-09-02 13:50:02
1788357003,4368.85,4368.86,4368.84,4368.86,4.0,2026-09-02 13:50:03
1788357004,4368.71,4368.71,4368.53,4368.6,17.0,2026-09-02 13:50:04
1788357005,4368.61,4368.82,4368.54,4368.54,12.0,2026-09-02 13:50:05
1788357006,4368.73,4368.81,4368.69,4368.69,9.0,2026-09-02 13:50:06
1788357007,4368.68,4368.68,4368.68,4368.68,1.0,2026-09-02 13:50:07
1788357010,4368.65,4368.65,4368.35,4368.36,15.0,2026-09-02 13:50:10
1788357011,4368.36,4368.57,4367.89,4367.89,19.0,2026-09-02 13:50:11
1788357012,4367.82,4367.9,4367.82,4367.89,3.0,2026-09-02 13:50:12
1788357013,4367.96,4367.98,4367.88,4367.98,10.0,2026-09-02 13:50:13
1788357014,4368.36,4368.67,4368.34,4368.58,20.0,2026-09-02 13:50:14
1788357015,4368.56,4368.6,4368.55,4368.56,10.0,2026-09-02 13:50:15
1788357016,4368.56,4368.85,4368.43,4368.81,10.0,2026-09-02 13:50:16
1788357017,4368.95,4369.85,4368.93,4369.83,18.0,2026-09-02 13:50:17
1788357018,4369.81,4370.09,4369.81,4370.09,7.0,2026-09-02 13:50:18
1788357019,4369.87,4369.95,4369.61,4369.61,10.0,2026-09-02 13:50:19
1788357020,4369.75,4369.81,4369.58,4369.77,31.0,2026-09-02 13:50:20
1788357021,4369.73,4370.15,4369.73,4370.15,24.0,2026-09-02 13:50:21
1788357022,4370.2,4370.44,4370.2,4370.44,17.0,2026-09-02 13:50:22
1788357023,4370.51,4370.67,4370.48,4370.65,17.0,2026-09-02 13:50:23
1788357024,4370.65,4370.96,4370.64,4370.93,21.0,2026-09-02 13:50:24
1788357025,4370.93,4371.05,4370.83,4370.83,19.0,2026-09-02 13:50:25
1788357026,4370.83,4371.08,4370.83,4371.07,26.0,2026-09-02 13:50:26
1788357027,4371.07,4371.07,4370.84,4370.86,27.0,2026-09-02 13:50:27
1788357028,4370.87,4371.05,4370.86,4370.9,14.0,2026-09-02 13:50:28
1788357029,4370.8,4370.8,4370.8,4370.8,1.0,2026-09-02 13:50:29
1788357030,4370.48,4370.49,4370.23,4370.34,22.0,2026-09-02 13:50:30
1788357031,4370.35,4370.44,4370.33,4370.44,5.0,2026-09-02 13:50:31
1788357032,4370.43,4370.44,4370.42,4370.44,5.0,2026-09-02 13:50:32
1788357033,4370.44,4370.48,4370.42,4370.42,6.0,2026-09-02 13:50:33
1788357034,4370.43,4370.43,4370.41,4370.41,5.0,2026-09-02 13:50:34
1788357035,4370.41,4370.83,4370.26,4370.83,14.0,2026-09-02 13:50:35
1788357036,4370.84,4371.84,4370.83,4371.65,16.0,2026-09-02 13:50:36
1788357037,4371.64,4372.05,4371.63,4372.05,16.0,2026-09-02 13:50:37
1788357038,4372.02,4372.56,4372.02,4372.54,15.0,2026-09-02 13:50:38
1788357039,4372.54,4372.54,4372.1,4372.39,24.0,2026-09-02 13:50:39
1788357040,4372.38,4372.44,4372.31,4372.31,13.0,2026-09-02 13:50:40
1788357041,4372.29,4372.29,4372.04,4372.04,16.0,2026-09-02 13:50:41
1788357042,4372.01,4372.01,4371.89,4371.92,14.0,2026-09-02 13:50:42
1788357043,4371.9,4371.9,4371.72,4371.72,11.0,2026-09-02 13:50:43
1788357044,4371.69,4371.69,4371.63,4371.67,9.0,2026-09-02 13:50:44
1788357045,4371.68,4371.69,4371.67,4371.69,4.0,2026-09-02 13:50:45
1788357046,4371.72,4372.2,4371.7,4372.2,14.0,2026-09-02 13:50:46
1788357047,4372.14,4372.24,4371.95,4372.24,14.0,2026-09-02 13:50:47
1788357048,4372.21,4372.21,4371.9,4371.92,19.0,2026-09-02 13:50:48
1788357049,4371.94,4372.03,4371.8,4371.83,21.0,2026-09-02 13:50:49
1788357050,4371.83,4371.83,4371.82,4371.82,2.0,2026-09-02 13:50:50
1788357051,4371.28,4371.29,4370.69,4370.69,15.0,2026-09-02 13:50:51
1788357052,4370.59,4370.68,4370.59,4370.68,3.0,2026-09-02 13:50:52
1788357054,4370.84,4371.01,4370.82,4370.91,16.0,2026-09-02 13:50:54
1788357055,4370.88,4370.88,4370.61,4370.74,17.0,2026-09-02 13:50:55
1788357056,4370.75,4370.81,4370.75,4370.81,3.0,2026-09-02 13:50:56
1788357057,4370.85,4371.08,4370.85,4370.97,19.0,2026-09-02 13:50:57
1788357058,4370.96,4370.97,4370.95,4370.97,6.0,2026-09-02 13:50:58
1788357059,4370.99,4371.85,4370.99,4371.85,18.0,2026-09-02 13:50:59
1788357060,4372.09,4372.15,4372.01,4372.15,8.0,2026-09-02 13:51:00
1788357061,4372.18,4372.21,4372.01,4372.02,11.0,2026-09-02 13:51:01
1788357062,4372.03,4372.03,4372.03,4372.03,1.0,2026-09-02 13:51:02
1788357063,4372.1,4372.22,4372.1,4372.22,7.0,2026-09-02 13:51:03
1788357064,4372.31,4372.39,4372.28,4372.37,9.0,2026-09-02 13:51:04
1788357065,4372.62,4372.62,4372.41,4372.41,7.0,2026-09-02 13:51:05
1788357066,4372.4,4372.4,4372.38,4372.38,2.0,2026-09-02 13:51:06
1788357067,4372.34,4372.5,4372.34,4372.5,13.0,2026-09-02 13:51:07
1788357068,4372.49,4372.5,4372.49,4372.5,2.0,2026-09-02 13:51:08
1788357069,4372.29,4372.29,4372.23,4372.25,11.0,2026-09-02 13:51:09
1788357070,4372.26,4372.37,4372.15,4372.15,13.0,2026-09-02 13:51:10
1788357071,4372.12,4372.28,4371.82,4371.82,36.0,2026-09-02 13:51:11
1788357072,4371.92,4372.08,4371.85,4372.08,24.0,2026-09-02 13:51:12
1788357073,4372.07,4372.18,4371.86,4371.98,26.0,2026-09-02 13:51:13
1788357074,4372.02,4372.2,4371.83,4371.87,24.0,2026-09-02 13:51:14
1788357075,4371.87,4372.18,4371.87,4372.18,6.0,2026-09-02 13:51:15
1788357076,4372.19,4372.82,4372.19,4372.82,12.0,2026-09-02 13:51:16
1788357077,4372.73,4372.73,4372.44,4372.44,18.0,2026-09-02 13:51:17
1788357078,4372.42,4372.42,4371.51,4371.66,16.0,2026-09-02 13:51:18
1788357079,4371.65,4371.69,4371.65,4371.68,12.0,2026-09-02 13:51:19
1788357080,4371.68,4371.68,4371.51,4371.58,11.0,2026-09-02 13:51:20
1788357081,4371.56,4371.84,4371.44,4371.84,15.0,2026-09-02 13:51:21
1788357082,4371.92,4371.94,4371.91,4371.94,5.0,2026-09-02 13:51:22
1788357083,4371.92,4371.97,4371.92,4371.97,12.0,2026-09-02 13:51:23
1788357084,4371.96,4372.4,4371.91,4371.91,13.0,2026-09-02 13:51:24
1788357085,4371.92,4371.99,4371.63,4371.66,18.0,2026-09-02 13:51:25
1788357086,4371.65,4371.71,4371.65,4371.7,9.0,2026-09-02 13:51:26
1788357087,4371.72,4372.19,4371.6,4372.19,19.0,2026-09-02 13:51:27
1788357088,4372.17,4372.28,4372.02,4372.06,24.0,2026-09-02 13:51:28
1788357089,4372.14,4372.16,4372.02,4372.09,12.0,2026-09-02 13:51:29
1788357090,4372.07,4373.06,4372.05,4372.97,21.0,2026-09-02 13:51:30
1788357091,4372.98,4372.99,4372.61,4372.61,13.0,2026-09-02 13:51:31
1788357092,4373.06,4373.08,4372.59,4372.71,22.0,2026-09-02 13:51:32
1788357093,4372.68,4372.97,4372.68,4372.97,12.0,2026-09-02 13:51:33
1788357094,4373.23,4373.86,4373.23,4373.75,15.0,2026-09-02 13:51:34
1788357095,4373.78,4373.78,4373.18,4373.18,18.0,2026-09-02 13:51:35
1788357096,4373.17,4373.22,4373.16,4373.22,12.0,2026-09-02 13:51:36
1788357097,4373.23,4373.23,4373.23,4373.23,1.0,2026-09-02 13:51:37
1788357099,4373.42,4373.44,4373.42,4373.44,2.0,2026-09-02 13:51:39
1788357100,4373.43,4373.45,4373.43,4373.44,4.0,2026-09-02 13:51:40
1788357101,4373.42,4373.42,4373.42,4373.42,1.0,2026-09-02 13:51:41
1788357102,4373.41,4373.41,4373.28,4373.28,8.0,2026-09-02 13:51:42
1788357103,4373.26,4373.26,4372.78,4372.78,12.0,2026-09-02 13:51:43
1788357104,4372.56,4372.58,4372.34,4372.54,16.0,2026-09-02 13:51:44
1788357105,4372.53,4372.61,4372.53,4372.59,9.0,2026-09-02 13:51:45
1788357106,4372.57,4372.59,4372.52,4372.59,11.0,2026-09-02 13:51:46
1788357107,4372.61,4372.92,4372.61,4372.88,23.0,2026-09-02 13:51:47
1788357108,4372.79,4373.06,4372.78,4372.93,21.0,2026-09-02 13:51:48
1788357109,4372.92,4373.08,4372.92,4372.97,12.0,2026-09-02 13:51:49
1788357110,4372.14,4372.23,4372.0,4372.15,32.0,2026-09-02 13:51:50
1788357111,4372.32,4372.34,4371.99,4371.99,12.0,2026-09-02 13:51:51
1788357112,4371.98,4371.98,4371.98,4371.98,1.0,2026-09-02 13:51:52
1788357113,4371.73,4371.76,4371.73,4371.74,4.0,2026-09-02 13:51:53
1788357114,4371.31,4371.35,4371.2,4371.21,18.0,2026-09-02 13:51:54
1788357115,4371.3,4371.87,4371.25,4371.87,8.0,2026-09-02 13:51:55
1788357116,4371.89,4371.89,4371.79,4371.89,11.0,2026-09-02 13:51:56
1788357117,4371.97,4372.38,4371.96,4372.31,19.0,2026-09-02 13:51:57
1788357118,4372.3,4372.31,4372.3,4372.31,2.0,2026-09-02 13:51:58
1788357119,4372.56,4372.57,4372.55,4372.56,5.0,2026-09-02 13:51:59
1788357120,4372.36,4372.36,4372.34,4372.34,2.0,2026-09-02 13:52:00
1788357121,4372.28,4372.31,4372.18,4372.2,17.0,2026-09-02 13:52:01
1788357122,4372.08,4372.08,4372.05,4372.05,6.0,2026-09-02 13:52:02
1788357123,4372.09,4372.14,4372.09,4372.12,6.0,2026-09-02 13:52:03
1788357124,4372.13,4372.13,4372.13,4372.13,1.0,2026-09-02 13:52:04
1788357125,4372.34,4372.44,4372.34,4372.44,3.0,2026-09-02 13:52:05
1788357126,4372.42,4372.65,4372.42,4372.57,16.0,2026-09-02 13:52:06
1788357127,4372.58,4372.84,4372.55,4372.83,11.0,2026-09-02 13:52:07
1788357128,4372.8,4372.82,4372.65,4372.65,14.0,2026-09-02 13:52:08
1788357129,4372.64,4372.66,4372.64,4372.66,2.0,2026-09-02 13:52:09
1788357130,4372.5,4372.51,4372.45,4372.45,5.0,2026-09-02 13:52:10
1788357131,4372.5,4372.5,4372.43,4372.45,8.0,2026-09-02 13:52:11
1788357132,4372.47,4372.48,4372.47,4372.48,4.0,2026-09-02 13:52:12
1788357133,4372.12,4372.12,4371.95,4371.96,8.0,2026-09-02 13:52:13
1788357134,4371.95,4371.96,4371.95,4371.96,2.0,2026-09-02 13:52:14
1788357135,4371.71,4371.71,4371.69,4371.69,2.0,2026-09-02 13:52:15
1788357136,4371.86,4371.86,4371.82,4371.82,4.0,2026-09-02 13:52:16
1788357137,4371.72,4371.72,4371.69,4371.69,2.0,2026-09-02 13:52:17
1788357138,4371.69,4371.81,4371.45,4371.45,26.0,2026-09-02 13:52:18
1788357139,4371.42,4371.42,4371.07,4371.22,13.0,2026-09-02 13:52:19
1788357140,4371.2,4371.2,4371.2,4371.2,1.0,2026-09-02 13:52:20
1788357143,4371.04,4371.12,4371.02,4371.1,7.0,2026-09-02 13:52:23
1788357144,4371.16,4371.22,4371.16,4371.22,5.0,2026-09-02 13:52:24
1788357145,4371.24,4371.27,4371.21,4371.21,8.0,2026-09-02 13:52:25
1788357146,4371.25,4371.4,4371.25,4371.37,10.0,2026-09-02 13:52:26
1788357147,4371.37,4371.37,4371.35,4371.35,3.0,2026-09-02 13:52:27
1788357148,4371.36,4371.36,4371.34,4371.34,3.0,2026-09-02 13:52:28
1788357149,4371.41,4371.78,4371.39,4371.78,8.0,2026-09-02 13:52:29
1788357150,4372.04,4372.15,4372.04,4372.04,8.0,2026-09-02 13:52:30
1788357151,4372.05,4372.05,4372.05,4372.05,1.0,2026-09-02 13:52:31
1788357152,4372.39,4372.39,4372.38,4372.39,3.0,2026-09-02 13:52:32
1788357153,4372.42,4372.43,4372.36,4372.39,4.0,2026-09-02 13:52:33
1788357154,4372.36,4372.47,4372.33,4372.47,10.0,2026-09-02 13:52:34
1788357155,4372.47,4372.47,4372.41,4372.41,6.0,2026-09-02 13:52:35
1788357156,4372.41,4372.43,4372.36,4372.36,7.0,2026-09-02 13:52:36
1788357157,4372.34,4372.34,4372.16,4372.16,5.0,2026-09-02 13:52:37
1788357158,4372.14,4372.14,4371.18,4371.22,9.0,2026-09-02 13:52:38
1788357159,4371.29,4371.29,4371.17,4371.19,8.0,2026-09-02 13:52:39
1788357160,4371.16,4371.16,4371.15,4371.16,5.0,2026-09-02 13:52:40
1788357161,4371.2,4371.2,4371.05,4371.05,9.0,2026-09-02 13:52:41
1788357162,4371.04,4371.06,4371.04,4371.06,4.0,2026-09-02 13:52:42
1788357163,4371.06,4371.07,4371.06,4371.07,3.0,2026-09-02 13:52:43
1788357164,4371.33,4371.83,4371.33,4371.64,15.0,2026-09-02 13:52:44
1788357165,4371.67,4371.78,4371.67,4371.78,7.0,2026-09-02 13:52:45
1788357166,4371.79,4371.79,4371.79,4371.79,1.0,2026-09-02 13:52:46
1788357167,4371.9,4371.9,4371.9,4371.9,1.0,2026-09-02 13:52:47
1788357168,4372.04,4372.04,4372.02,4372.02,5.0,2026-09-02 13:52:48
1788357169,4372.0,4372.01,4371.99,4372.01,7.0,2026-09-02 13:52:49
1788357170,4372.07,4372.07,4372.06,4372.06,2.0,2026-09-02 13:52:50
1788357171,4372.08,4372.08,4372.08,4372.08,1.0,2026-09-02 13:52:51
1788357172,4372.06,4372.06,4371.88,4371.9,10.0,2026-09-02 13:52:52
1788357173,4371.92,4371.92,4371.63,4371.63,10.0,2026-09-02 13:52:53
1788357174,4371.64,4371.87,4371.64,4371.87,8.0,2026-09-02 13:52:54
1788357175,4371.9,4371.92,4371.85,4371.85,8.0,2026-09-02 13:52:55
1788357176,4371.84,4371.98,4371.84,4371.96,12.0,2026-09-02 13:52:56
1788357177,4371.97,4371.98,4371.97,4371.98,2.0,2026-09-02 13:52:57
1788357178,4372.0,4372.0,4371.96,4371.96,3.0,2026-09-02 13:52:58
1788357179,4371.95,4373.05,4371.95,4373.04,11.0,2026-09-02 13:52:59
1788357180,4373.06,4373.1,4373.06,4373.1,3.0,2026-09-02 13:53:00
1788357181,4373.12,4373.47,4373.12,4373.44,8.0,2026-09-02 13:53:01
1788357182,4373.49,4373.68,4373.49,4373.56,12.0,2026-09-02 13:53:02
1788357183,4373.63,4373.86,4373.63,4373.79,9.0,2026-09-02 13:53:03
1788357184,4373.8,4373.86,4373.8,4373.84,7.0,2026-09-02 13:53:04
1788357185,4373.83,4373.83,4373.79,4373.79,3.0,2026-09-02 13:53:05
1788357188,4373.79,4373.79,4373.79,4373.79,1.0,2026-09-02 13:53:08
1788357189,4373.74,4373.75,4373.64,4373.64,9.0,2026-09-02 13:53:09
1788357190,4373.61,4373.61,4373.49,4373.49,6.0,2026-09-02 13:53:10
1788357191,4373.51,4373.51,4372.78,4372.78,9.0,2026-09-02 13:53:11
1788357192,4372.73,4372.73,4372.73,4372.73,1.0,2026-09-02 13:53:12
1788357193,4372.7,4372.7,4372.64,4372.64,4.0,2026-09-02 13:53:13
1788357194,4372.62,4372.62,4372.6,4372.6,3.0,2026-09-02 13:53:14
1788357195,4372.59,4372.62,4372.59,4372.62,2.0,2026-09-02 13:53:15
1788357196,4373.22,4373.24,4373.21,4373.21,5.0,2026-09-02 13:53:16
1788357197,4373.29,4373.34,4373.28,4373.34,4.0,2026-09-02 13:53:17
1788357198,4373.3,4373.45,4373.29,4373.45,6.0,2026-09-02 13:53:18
1788357199,4373.46,4373.75,4373.4,4373.75,14.0,2026-09-02 13:53:19
1788357200,4373.71,4373.72,4373.71,4373.72,2.0,2026-09-02 13:53:20
1788357201,4373.39,4373.39,4373.16,4373.16,5.0,2026-09-02 13:53:21
1788357202,4373.34,4373.36,4373.34,4373.36,2.0,2026-09-02 13:53:22
1788357203,4373.34,4373.37,4373.34,4373.37,4.0,2026-09-02 13:53:23
1788357204,4373.38,4373.38,4373.38,4373.38,1.0,2026-09-02 13:53:24
1788357205,4373.55,4373.59,4373.55,4373.59,3.0,2026-09-02 13:53:25
1788357206,4373.72,4373.96,4373.59,4373.94,19.0,2026-09-02 13:53:26
1788357207,4373.99,4374.53,4373.99,4374.53,9.0,2026-09-02 13:53:27
1788357208,4374.48,4374.48,4374.48,4374.48,1.0,2026-09-02 13:53:28
1788357209,4374.57,4374.59,4374.57,4374.59,2.0,2026-09-02 13:53:29
1788357210,4374.65,4374.77,4374.57,4374.77,11.0,2026-09-02 13:53:30
1788357211,4374.75,4374.96,4374.75,4374.96,7.0,2026-09-02 13:53:31
1788357212,4375.04,4375.24,4375.04,4375.21,15.0,2026-09-02 13:53:32
1788357213,4375.22,4375.68,4375.22,4375.68,14.0,2026-09-02 13:53:33
1788357214,4375.7,4375.7,4375.69,4375.69,2.0,2026-09-02 13:53:34
1788357215,4375.75,4375.82,4375.51,4375.82,10.0,2026-09-02 13:53:35
1788357216,4375.88,4376.44,4375.88,4376.42,19.0,2026-09-02 13:53:36
1788357217,4376.46,4376.49,4376.35,4376.46,13.0,2026-09-02 13:53:37
1788357218,4376.4,4376.4,4376.21,4376.21,8.0,2026-09-02 13:53:38
1788357219,4376.19,4376.2,4376.19,4376.2,2.0,2026-09-02 13:53:39
1788357220,4376.38,4376.38,4376.21,4376.21,8.0,2026-09-02 13:53:40
1788357221,4376.23,4376.25,4376.15,4376.17,8.0,2026-09-02 13:53:41
1788357222,4376.64,4376.69,4376.36,4376.43,19.0,2026-09-02 13:53:42
1788357223,4376.45,4376.45,4376.28,4376.41,12.0,2026-09-02 13:53:43
1788357224,4376.31,4376.48,4376.31,4376.45,7.0,2026-09-02 13:53:44
1788357225,4376.53,4376.83,4376.53,4376.83,7.0,2026-09-02 13:53:45
1788357226,4376.92,4377.23,4376.83,4377.04,24.0,2026-09-02 13:53:46
1788357227,4377.05,4377.26,4377.02,4377.24,9.0,2026-09-02 13:53:47
1788357228,4377.25,4377.28,4377.25,4377.28,2.0,2026-09-02 13:53:48
1788357231,4377.28,4377.28,4377.18,4377.19,9.0,2026-09-02 13:53:51
1788357232,4377.18,4377.18,4377.15,4377.15,2.0,2026-09-02 13:53:52
1788357233,4377.2,4377.38,4377.2,4377.23,10.0,2026-09-02 13:53:53
1788357234,4376.97,4376.99,4376.89,4376.98,13.0,2026-09-02 13:53:54
1788357235,4377.11,4377.18,4377.11,4377.18,3.0,2026-09-02 13:53:55
1788357236,4377.52,4377.55,4377.5,4377.5,6.0,2026-09-02 13:53:56
1788357237,4377.32,4377.38,4377.31,4377.31,10.0,2026-09-02 13:53:57
1788357238,4377.2,4377.21,4377.13,4377.13,6.0,2026-09-02 13:53:58
1788357239,4377.14,4377.14,4376.9,4376.96,24.0,2026-09-02 13:53:59
1788357240,4376.94,4376.98,4376.88,4376.97,6.0,2026-09-02 13:54:00
1788357241,4376.94,4376.94,4376.92,4376.92,3.0,2026-09-02 13:54:01
1788357242,4377.02,4377.2,4377.01,4377.18,12.0,2026-09-02 13:54:02
1788357243,4377.19,4377.2,4376.92,4376.92,12.0,2026-09-02 13:54:03
1788357244,4376.76,4377.0,4376.76,4377.0,8.0,2026-09-02 13:54:04
1788357245,4377.03,4377.47,4377.03,4377.38,19.0,2026-09-02 13:54:05
1788357246,4377.39,4377.41,4377.39,4377.41,5.0,2026-09-02 13:54:06
1788357247,4377.29,4377.29,4377.17,4377.17,6.0,2026-09-02 13:54:07
1788357248,4377.02,4377.07,4377.02,4377.07,6.0,2026-09-02 13:54:08
1788357249,4377.04,4377.1,4377.04,4377.08,8.0,2026-09-02 13:54:09
1788357250,4377.08,4377.08,4377.06,4377.06,4.0,2026-09-02 13:54:10
1788357251,4377.15,4377.18,4377.15,4377.16,7.0,2026-09-02 13:54:11
1788357252,4377.21,4378.25,4377.21,4378.11,20.0,2026-09-02 13:54:12
1788357253,4378.11,4378.15,4378.1,4378.15,5.0,2026-09-02 13:54:13
1788357254,4378.16,4378.17,4378.09,4378.17,6.0,2026-09-02 13:54:14
1788357255,4377.56,4377.62,4377.56,4377.61,8.0,2026-09-02 13:54:15
1788357256,4377.17,4377.24,4377.17,4377.24,9.0,2026-09-02 13:54:16
1788357257,4377.32,4377.51,4377.31,4377.51,16.0,2026-09-02 13:54:17
1788357258,4377.53,4377.9,4377.53,4377.82,17.0,2026-09-02 13:54:18
1788357259,4377.8,4377.82,4377.79,4377.79,4.0,2026-09-02 13:54:19
1788357260,4377.82,4377.89,4377.43,4377.43,14.0,2026-09-02 13:54:20
1788357261,4377.47,4377.58,4377.33,4377.51,20.0,2026-09-02 13:54:21
1788357262,4377.57,4377.62,4377.22,4377.22,19.0,2026-09-02 13:54:22
1788357263,4377.17,4377.19,4377.16,4377.17,5.0,2026-09-02 13:54:23
1788357264,4376.94,4376.94,4376.69,4376.69,7.0,2026-09-02 13:54:24
1788357265,4377.1,4377.4,4377.1,4377.34,12.0,2026-09-02 13:54:25
1788357266,4377.3,4377.3,4376.82,4376.93,15.0,2026-09-02 13:54:26
1788357267,4376.86,4376.86,4376.64,4376.64,15.0,2026-09-02 13:54:27
1788357268,4376.61,4376.61,4376.41,4376.41,4.0,2026-09-02 13:54:28
1788357269,4376.37,4376.37,4376.31,4376.35,6.0,2026-09-02 13:54:29
1788357270,4376.23,4376.23,4376.08,4376.1,8.0,2026-09-02 13:54:30
1788357271,4376.07,4376.07,4375.92,4375.95,11.0,2026-09-02 13:54:31
1788357273,4375.96,4375.96,4375.96,4375.96,1.0,2026-09-02 13:54:33
1788357274,4375.94,4375.94,4375.54,4375.54,11.0,2026-09-02 13:54:34
1788357275,4375.82,4375.84,4375.6,4375.82,14.0,2026-09-02 13:54:35
1788357276,4375.86,4375.87,4375.76,4375.87,10.0,2026-09-02 13:54:36
1788357277,4375.9,4375.9,4375.85,4375.85,4.0,2026-09-02 13:54:37
1788357278,4375.91,4376.37,4375.91,4376.34,15.0,2026-09-02 13:54:38
1788357279,4376.26,4376.26,4376.12,4376.23,13.0,2026-09-02 13:54:39
1788357280,4376.24,4376.45,4376.24,4376.43,14.0,2026-09-02 13:54:40
1788357281,4376.45,4376.47,4376.45,4376.47,2.0,2026-09-02 13:54:41
1788357282,4376.45,4376.45,4376.38,4376.39,8.0,2026-09-02 13:54:42
1788357283,4376.38,4376.38,4376.14,4376.14,9.0,2026-09-02 13:54:43
1788357284,4376.1,4376.1,4375.91,4375.91,5.0,2026-09-02 13:54:44
1788357285,4376.46,4376.46,4376.26,4376.26,7.0,2026-09-02 13:54:45
1788357286,4376.79,4376.79,4376.47,4376.47,10.0,2026-09-02 13:54:46
1788357287,4376.46,4376.5,4376.22,4376.5,23.0,2026-09-02 13:54:47
1788357288,4376.52,4376.52,4376.52,4376.52,1.0,2026-09-02 13:54:48
1788357289,4376.56,4376.56,4376.5,4376.5,5.0,2026-09-02 13:54:49
1788357290,4376.44,4376.52,4376.37,4376.52,12.0,2026-09-02 13:54:50
1788357291,4376.51,4376.51,4376.44,4376.44,2.0,2026-09-02 13:54:51
1788357292,4376.12,4376.23,4376.05,4376.22,15.0,2026-09-02 13:54:52
1788357293,4376.21,4376.32,4376.12,4376.18,20.0,2026-09-02 13:54:53
1788357294,4376.14,4376.14,4376.12,4376.12,2.0,2026-09-02 13:54:54
1788357295,4376.24,4376.24,4376.18,4376.18,4.0,2026-09-02 13:54:55
1788357296,4376.27,4376.77,4376.27,4376.77,12.0,2026-09-02 13:54:56
1788357297,4377.08,4377.21,4377.05,4377.05,16.0,2026-09-02 13:54:57
1788357298,4376.93,4376.95,4376.91,4376.94,7.0,2026-09-02 13:54:58
1788357299,4376.93,4376.93,4376.92,4376.93,3.0,2026-09-02 13:54:59
1788357300,4376.99,4377.01,4376.51,4376.51,14.0,2026-09-02 13:55:00
1788357301,4376.52,4376.53,4376.52,4376.53,2.0,2026-09-02 13:55:01
1788357302,4376.6,4376.99,4376.6,4376.84,12.0,2026-09-02 13:55:02
1788357303,4376.79,4377.0,4376.78,4376.99,11.0,2026-09-02 13:55:03
1788357304,4376.97,4376.97,4376.52,4376.55,18.0,2026-09-02 13:55:04
1788357305,4376.56,4376.64,4376.56,4376.64,3.0,2026-09-02 13:55:05
1788357306,4376.64,4377.05,4376.64,4377.05,11.0,2026-09-02 13:55:06
1788357307,4377.04,4377.05,4376.93,4376.93,8.0,2026-09-02 13:55:07
1788357308,4376.89,4376.89,4376.86,4376.88,10.0,2026-09-02 13:55:08
1788357309,4376.89,4376.89,4376.89,4376.89,1.0,2026-09-02 13:55:09
1788357310,4377.11,4377.2,4377.11,4377.14,7.0,2026-09-02 13:55:10
1788357311,4377.13,4377.16,4377.06,4377.06,6.0,2026-09-02 13:55:11
1788357312,4377.16,4377.16,4377.16,4377.16,2.0,2026-09-02 13:55:12
1788357315,4377.14,4377.14,4377.14,4377.14,1.0,2026-09-02 13:55:15
1788357316,4377.34,4377.37,4377.34,4377.37,2.0,2026-09-02 13:55:16
1788357317,4377.15,4377.17,4377.11,4377.17,7.0,2026-09-02 13:55:17
1788357318,4377.16,4377.17,4376.77,4376.83,11.0,2026-09-02 13:55:18
1788357319,4376.82,4376.82,4376.72,4376.72,4.0,2026-09-02 13:55:19
1788357320,4376.62,4376.62,4376.61,4376.61,4.0,2026-09-02 13:55:20
1788357321,4376.51,4376.51,4376.5,4376.5,2.0,2026-09-02 13:55:21
1788357322,4376.53,4376.57,4376.51,4376.51,7.0,2026-09-02 13:55:22
1788357323,4376.48,4376.49,4376.46,4376.47,4.0,2026-09-02 13:55:23
1788357324,4376.24,4376.24,4376.1,4376.1,8.0,2026-09-02 13:55:24
1788357325,4376.08,4376.15,4376.08,4376.15,4.0,2026-09-02 13:55:25
1788357326,4376.15,4376.16,4376.12,4376.13,6.0,2026-09-02 13:55:26
1788357327,4376.16,4376.16,4376.1,4376.1,7.0,2026-09-02 13:55:27
1788357328,4376.04,4376.04,4375.76,4375.78,14.0,2026-09-02 13:55:28
1788357329,4375.73,4375.73,4375.68,4375.68,5.0,2026-09-02 13:55:29
1788357330,4375.62,4375.62,4375.29,4375.29,14.0,2026-09-02 13:55:30
1788357331,4375.23,4375.23,4374.79,4374.79,8.0,2026-09-02 13:55:31
1788357332,4374.78,4375.13,4374.78,4375.13,12.0,2026-09-02 13:55:32
1788357333,4374.97,4374.98,4374.89,4374.98,6.0,2026-09-02 13:55:33
1788357334,4375.0,4375.05,4374.94,4374.96,13.0,2026-09-02 13:55:34
1788357335,4374.97,4375.03,4374.97,4374.99,7.0,2026-09-02 13:55:35
1788357336,4374.91,4375.21,4374.9,4375.21,18.0,2026-09-02 13:55:36
1788357337,4375.22,4375.3,4375.22,4375.3,4.0,2026-09-02 13:55:37
1788357338,4375.26,4375.29,4375.17,4375.29,7.0,2026-09-02 13:55:38
1788357339,4375.3,4375.31,4375.29,4375.31,3.0,2026-09-02 13:55:39
1788357340,4375.31,4375.33,4375.28,4375.29,7.0,2026-09-02 13:55:40
1788357341,4375.29,4375.41,4375.27,4375.27,7.0,2026-09-02 13:55:41
1788357342,4375.28,4375.48,4375.27,4375.48,10.0,2026-09-02 13:55:42
1788357343,4375.52,4375.61,4375.26,4375.26,15.0,2026-09-02 13:55:43
1788357344,4375.23,4375.28,4375.23,4375.27,4.0,2026-09-02 13:55:44
1788357345,4374.98,4375.2,4374.53,4375.06,22.0,2026-09-02 13:55:45
1788357346,4375.09,4375.12,4375.09,4375.12,2.0,2026-09-02 13:55:46
1788357347,4375.18,4375.26,4375.15,4375.18,6.0,2026-09-02 13:55:47
1788357348,4374.51,4374.65,4374.51,4374.65,8.0,2026-09-02 13:55:48
1788357349,4374.97,4375.21,4374.87,4375.12,18.0,2026-09-02 13:55:49
1788357350,4375.46,4375.54,4375.39,4375.53,9.0,2026-09-02 13:55:50
1788357351,4375.5,4375.52,4375.45,4375.51,9.0,2026-09-02 13:55:51
1788357352,4375.6,4375.6,4375.6,4375.6,1.0,2026-09-02 13:55:52
1788357354,4375.61,4375.61,4375.47,4375.5,7.0,2026-09-02 13:55:54
1788357355,4375.51,4375.51,4375.49,4375.49,4.0,2026-09-02 13:55:55
1788357356,4375.5,4375.5,4375.25,4375.25,10.0,2026-09-02 13:55:56
1788357357,4375.17,4375.28,4375.12,4375.24,11.0,2026-09-02 13:55:57
1788357358,4375.24,4375.24,4374.9,4375.18,11.0,2026-09-02 13:55:58
1788357359,4375.26,4375.37,4375.04,4375.04,13.0,2026-09-02 13:55:59
1788357360,4375.27,4375.28,4375.26,4375.27,6.0,2026-09-02 13:56:00
1788357361,4375.26,4375.26,4375.18,4375.19,6.0,2026-09-02 13:56:01
1788357362,4375.18,4375.69,4375.06,4375.69,20.0,2026-09-02 13:56:02
1788357363,4375.7,4375.75,4375.7,4375.75,2.0,2026-09-02 13:56:03
1788357364,4375.82,4376.05,4375.82,4375.9,10.0,2026-09-02 13:56:04
1788357365,4375.84,4375.84,4375.5,4375.5,10.0,2026-09-02 13:56:05
1788357366,4375.51,4375.66,4375.51,4375.61,13.0,2026-09-02 13:56:06
1788357367,4375.62,4375.87,4375.62,4375.87,11.0,2026-09-02 13:56:07
1788357368,4375.93,4375.93,4375.75,4375.75,6.0,2026-09-02 13:56:08
1788357369,4375.72,4375.72,4375.68,4375.68,2.0,2026-09-02 13:56:09
1788357370,4375.88,4375.88,4375.75,4375.75,6.0,2026-09-02 13:56:10
1788357371,4375.61,4375.61,4375.51,4375.51,7.0,2026-09-02 13:56:11
1788357372,4375.54,4376.11,4375.54,4376.01,14.0,2026-09-02 13:56:12
1788357373,4375.98,4376.03,4375.98,4376.03,3.0,2026-09-02 13:56:13
1788357374,4376.03,4376.03,4376.03,4376.03,1.0,2026-09-02 13:56:14
1788357375,4375.8,4375.8,4375.63,4375.63,8.0,2026-09-02 13:56:15
1788357376,4375.48,4375.48,4375.34,4375.34,9.0,2026-09-02 13:56:16
1788357377,4375.33,4375.33,4375.33,4375.33,1.0,2026-09-02 13:56:17
1788357378,4375.32,4375.32,4375.32,4375.32,1.0,2026-09-02 13:56:18
1788357379,4374.96,4374.96,4374.92,4374.92,3.0,2026-09-02 13:56:19
1788357380,4374.92,4374.92,4374.88,4374.88,5.0,2026-09-02 13:56:20
1788357381,4374.8,4374.91,4374.8,4374.91,5.0,2026-09-02 13:56:21
1788357382,4374.83,4375.91,4374.83,4375.91,20.0,2026-09-02 13:56:22
1788357383,4375.9,4375.99,4375.82,4375.82,12.0,2026-09-02 13:56:23
1788357384,4375.78,4375.79,4375.63,4375.65,12.0,2026-09-02 13:56:24
1788357385,4375.69,4375.74,4375.57,4375.57,9.0,2026-09-02 13:56:25
1788357386,4375.58,4375.58,4375.58,4375.58,1.0,2026-09-02 13:56:26
1788357387,4375.16,4375.16,4374.99,4374.99,8.0,2026-09-02 13:56:27
1788357388,4374.99,4375.0,4374.74,4374.75,9.0,2026-09-02 13:56:28
1788357389,4374.68,4374.87,4374.68,4374.87,12.0,2026-09-02 13:56:29
1788357390,4374.93,4375.26,4374.93,4375.26,9.0,2026-09-02 13:56:30
1788357391,4375.28,4375.58,4375.18,4375.39,21.0,2026-09-02 13:56:31
1788357392,4375.47,4375.58,4375.47,4375.56,6.0,2026-09-02 13:56:32
1788357393,4375.52,4375.52,4375.49,4375.49,6.0,2026-09-02 13:56:33
1788357394,4375.7,4375.78,4375.69,4375.77,9.0,2026-09-02 13:56:34
1788357397,4375.76,4375.76,4375.74,4375.74,3.0,2026-09-02 13:56:37
1788357398,4375.67,4375.8,4375.67,4375.78,7.0,2026-09-02 13:56:38
1788357399,4375.68,4375.68,4375.67,4375.67,3.0,2026-09-02 13:56:39
1788357400,4375.67,4375.68,4375.67,4375.67,5.0,2026-09-02 13:56:40
1788357401,4375.69,4375.7,4375.69,4375.7,2.0,2026-09-02 13:56:41
1788357402,4376.13,4376.13,4376.1,4376.11,5.0,2026-09-02 13:56:42
1788357403,4376.09,4376.09,4375.89,4375.94,14.0,2026-09-02 13:56:43
1788357404,4375.93,4376.12,4375.88,4376.05,13.0,2026-09-02 13:56:44
1788357405,4376.03,4376.03,4375.93,4375.93,8.0,2026-09-02 13:56:45
1788357406,4375.94,4375.94,4375.94,4375.94,1.0,2026-09-02 13:56:46
1788357407,4376.81,4376.91,4376.81,4376.91,5.0,2026-09-02 13:56:47
1788357408,4377.21,4377.21,4377.21,4377.21,2.0,2026-09-02 13:56:48
1788357409,4377.19,4377.26,4377.1,4377.11,13.0,2026-09-02 13:56:49
1788357410,4377.05,4377.05,4376.75,4376.75,21.0,2026-09-02 13:56:50
1788357411,4376.73,4376.73,4376.73,4376.73,1.0,2026-09-02 13:56:51
1788357412,4376.78,4376.96,4376.74,4376.74,9.0,2026-09-02 13:56:52
1788357413,4376.71,4376.91,4376.71,4376.91,10.0,2026-09-02 13:56:53
1788357414,4376.9,4376.9,4376.72,4376.72,5.0,2026-09-02 13:56:54
1788357415,4376.82,4377.11,4376.82,4377.05,11.0,2026-09-02 13:56:55
1788357416,4377.08,4377.14,4377.08,4377.14,5.0,2026-09-02 13:56:56
1788357417,4377.13,4377.56,4377.07,4377.56,13.0,2026-09-02 13:56:57
1788357418,4377.47,4377.64,4377.43,4377.43,13.0,2026-09-02 13:56:58
1788357419,4377.44,4377.49,4377.42,4377.42,7.0,2026-09-02 13:56:59
1788357420,4377.18,4377.18,4376.96,4376.96,5.0,2026-09-02 13:57:00
1788357421,4376.81,4376.81,4376.74,4376.74,3.0,2026-09-02 13:57:01
1788357422,4376.74,4376.88,4376.72,4376.88,8.0,2026-09-02 13:57:02
1788357423,4376.94,4377.16,4376.94,4376.94,11.0,2026-09-02 13:57:03
1788357424,4376.95,4376.95,4376.76,4376.76,8.0,2026-09-02 13:57:04
1788357425,4376.8,4376.84,4376.59,4376.59,15.0,2026-09-02 13:57:05
1788357426,4376.58,4376.58,4376.54,4376.54,3.0,2026-09-02 13:57:06
1788357427,4376.53,4376.53,4376.4,4376.45,10.0,2026-09-02 13:57:07
1788357428,4376.43,4376.45,4376.4,4376.4,4.0,2026-09-02 13:57:08
1788357429,4376.52,4376.72,4376.52,4376.72,9.0,2026-09-02 13:57:09
1788357430,4376.65,4376.68,4376.62,4376.62,6.0,2026-09-02 13:57:10
1788357431,4376.61,4376.62,4376.61,4376.62,2.0,2026-09-02 13:57:11
1788357432,4376.7,4376.76,4376.7,4376.74,7.0,2026-09-02 13:57:12
1788357433,4376.6,4376.6,4376.32,4376.34,8.0,2026-09-02 13:57:13
1788357434,4376.34,4376.36,4375.88,4375.88,23.0,2026-09-02 13:57:14
1788357435,4375.89,4375.91,4375.88,4375.88,5.0,2026-09-02 13:57:15
1788357436,4375.87,4375.87,4375.86,4375.86,2.0,2026-09-02 13:57:16
1788357437,4376.11,4376.11,4376.11,4376.11,1.0,2026-09-02 13:57:17
1788357442,4376.12,4376.26,4376.12,4376.25,6.0,2026-09-02 13:57:22
1788357443,4376.47,4376.47,4376.37,4376.37,3.0,2026-09-02 13:57:23
1788357444,4376.4,4376.4,4376.38,4376.38,3.0,2026-09-02 13:57:24
1788357445,4376.5,4376.5,4376.5,4376.5,1.0,2026-09-02 13:57:25
1788357502,4378.98,4379.03,4378.98,4379.03,5.0,2026-09-02 13:58:22
1788357503,4379.1,4379.13,4379.05,4379.12,9.0,2026-09-02 13:58:23
1788357504,4379.14,4379.37,4379.14,4379.37,4.0,2026-09-02 13:58:24
1788357505,4379.55,4379.61,4379.51,4379.61,8.0,2026-09-02 13:58:25
1788357506,4379.76,4379.82,4379.57,4379.63,18.0,2026-09-02 13:58:26
1788357507,4379.68,4379.68,4379.66,4379.66,2.0,2026-09-02 13:58:27
1788357508,4380.05,4380.3,4380.0,4380.3,21.0,2026-09-02 13:58:28
1788357509,4380.09,4380.18,4380.06,4380.09,20.0,2026-09-02 13:58:29
1788357510,4380.08,4380.12,4380.08,4380.1,4.0,2026-09-02 13:58:30
1788357511,4380.15,4380.46,4380.15,4380.34,11.0,2026-09-02 13:58:31
1788357512,4380.32,4380.32,4380.25,4380.26,6.0,2026-09-02 13:58:32
1788357513,4380.13,4380.23,4380.13,4380.23,4.0,2026-09-02 13:58:33
1788357514,4380.23,4380.32,4380.19,4380.31,17.0,2026-09-02 13:58:34
1788357515,4380.32,4380.32,4380.31,4380.31,2.0,2026-09-02 13:58:35
1788357516,4380.34,4380.34,4380.09,4380.14,7.0,2026-09-02 13:58:36
1788357517,4380.31,4380.43,4380.2,4380.2,16.0,2026-09-02 13:58:37
1788357518,4380.21,4380.21,4380.21,4380.21,1.0,2026-09-02 13:58:38
1788357519,4380.52,4380.58,4380.47,4380.47,9.0,2026-09-02 13:58:39
1788357520,4380.45,4380.58,4380.45,4380.58,9.0,2026-09-02 13:58:40
1788357521,4380.59,4380.59,4380.58,4380.59,3.0,2026-09-02 13:58:41
1788357522,4380.44,4380.5,4380.44,4380.5,4.0,2026-09-02 13:58:42
1788357523,4380.42,4380.45,4380.42,4380.44,7.0,2026-09-02 13:58:43
1788357524,4380.42,4380.44,4380.16,4380.44,17.0,2026-09-02 13:58:44
1788357525,4380.34,4380.4,4380.34,4380.37,8.0,2026-09-02 13:58:45
1788357526,4380.38,4380.64,4380.3,4380.46,23.0,2026-09-02 13:58:46
1788357527,4380.44,4380.65,4380.03,4380.04,29.0,2026-09-02 13:58:47
1788357528,4380.03,4380.05,4379.97,4380.05,14.0,2026-09-02 13:58:48
1788357529,4380.1,4380.1,4380.08,4380.08,3.0,2026-09-02 13:58:49
1788357530,4380.45,4380.8,4380.45,4380.8,18.0,2026-09-02 13:58:50
1788357531,4380.62,4380.64,4380.51,4380.58,18.0,2026-09-02 13:58:51
1788357532,4380.62,4380.68,4380.62,4380.68,4.0,2026-09-02 13:58:52
1788357533,4380.56,4380.97,4380.56,4380.91,15.0,2026-09-02 13:58:53
1788357534,4380.92,4380.92,4380.89,4380.91,7.0,2026-09-02 13:58:54
1788357535,4380.96,4381.01,4380.96,4381.0,13.0,2026-09-02 13:58:55
1788357536,4380.99,4381.05,4380.97,4381.02,9.0,2026-09-02 13:58:56
1788357537,4381.02,4381.02,4380.96,4380.97,9.0,2026-09-02 13:58:57
1788357538,4380.67,4380.67,4380.41,4380.52,26.0,2026-09-02 13:58:58
1788357539,4380.53,4380.53,4380.53,4380.53,2.0,2026-09-02 13:58:59
1788357541,4380.52,4380.62,4380.5,4380.61,7.0,2026-09-02 13:59:01
1788357542,4380.54,4380.54,4380.21,4380.25,33.0,2026-09-02 13:59:02
1788357543,4380.39,4380.75,4380.37,4380.73,23.0,2026-09-02 13:59:03
1788357544,4380.74,4380.74,4380.51,4380.71,17.0,2026-09-02 13:59:04
1788357545,4380.72,4380.72,4380.7,4380.71,3.0,2026-09-02 13:59:05
1788357546,4380.8,4380.94,4380.79,4380.87,20.0,2026-09-02 13:59:06
1788357547,4380.86,4380.86,4380.86,4380.86,1.0,2026-09-02 13:59:07
1788357548,4380.88,4380.98,4380.88,4380.98,6.0,2026-09-02 13:59:08
1788357549,4380.97,4381.01,4380.97,4381.0,4.0,2026-09-02 13:59:09
1788357550,4380.99,4381.01,4380.99,4381.01,6.0,2026-09-02 13:59:10
1788357551,4381.03,4381.26,4381.03,4381.26,9.0,2026-09-02 13:59:11
1788357552,4381.27,4381.3,4381.26,4381.26,6.0,2026-09-02 13:59:12
1788357553,4381.38,4381.38,4381.14,4381.29,18.0,2026-09-02 13:59:13
1788357554,4381.31,4382.95,4381.31,4382.79,25.0,2026-09-02 13:59:14
1788357555,4382.81,4382.81,4382.77,4382.77,4.0,2026-09-02 13:59:15
1788357556,4382.66,4382.74,4382.63,4382.74,10.0,2026-09-02 13:59:16
1788357557,4382.52,4382.52,4382.08,4382.22,10.0,2026-09-02 13:59:17
1788357558,4382.29,4382.39,4382.22,4382.22,18.0,2026-09-02 13:59:18
1788357559,4382.21,4382.21,4382.2,4382.2,2.0,2026-09-02 13:59:19
1788357560,4382.63,4382.7,4382.63,4382.69,6.0,2026-09-02 13:59:20
1788357561,4382.69,4382.74,4382.69,4382.74,5.0,2026-09-02 13:59:21
1788357562,4382.72,4382.93,4382.66,4382.93,8.0,2026-09-02 13:59:22
1788357563,4383.02,4383.43,4383.0,4383.43,12.0,2026-09-02 13:59:23
1788357564,4383.41,4383.5,4383.41,4383.44,11.0,2026-09-02 13:59:24
1788357565,4383.44,4383.68,4383.44,4383.62,13.0,2026-09-02 13:59:25
1788357566,4383.63,4383.64,4383.54,4383.58,6.0,2026-09-02 13:59:26
1788357567,4383.69,4383.94,4383.69,4383.9,12.0,2026-09-02 13:59:27
1788357568,4383.99,4384.1,4383.99,4384.05,8.0,2026-09-02 13:59:28
1788357569,4384.08,4384.08,4383.87,4383.87,9.0,2026-09-02 13:59:29
1788357570,4383.9,4384.14,4383.9,4384.14,12.0,2026-09-02 13:59:30
1788357571,4384.16,4384.16,4384.16,4384.16,2.0,2026-09-02 13:59:31
1788357572,4384.19,4384.58,4384.19,4384.54,18.0,2026-09-02 13:59:32
1788357573,4384.52,4384.52,4384.43,4384.47,11.0,2026-09-02 13:59:33
1788357574,4384.48,4384.56,4384.32,4384.56,17.0,2026-09-02 13:59:34
1788357575,4384.55,4384.65,4384.48,4384.63,13.0,2026-09-02 13:59:35
1788357576,4384.68,4384.68,4384.6,4384.6,5.0,2026-09-02 13:59:36
1788357577,4384.64,4384.65,4384.63,4384.63,3.0,2026-09-02 13:59:37
1788357578,4384.41,4384.43,4384.4,4384.41,7.0,2026-09-02 13:59:38
1788357579,4384.45,4384.48,4383.52,4383.52,20.0,2026-09-02 13:59:39
1788357580,4383.54,4383.54,4383.54,4383.54,1.0,2026-09-02 13:59:40
1788357581,4383.5,4383.5,4383.47,4383.47,2.0,2026-09-02 13:59:41
1788357582,4383.24,4383.25,4383.21,4383.21,8.0,2026-09-02 13:59:42
1788357583,4383.26,4383.26,4382.68,4382.75,16.0,2026-09-02 13:59:43
1788357584,4382.77,4382.87,4382.77,4382.79,10.0,2026-09-02 13:59:44
1788357585,4382.78,4382.79,4382.71,4382.71,5.0,2026-09-02 13:59:45
1788357586,4382.78,4382.85,4382.78,4382.84,7.0,2026-09-02 13:59:46
1788357587,4382.81,4382.83,4382.7,4382.7,14.0,2026-09-02 13:59:47
1788357588,4382.71,4382.84,4382.62,4382.84,14.0,2026-09-02 13:59:48
1788357589,4383.0,4383.15,4383.0,4383.15,5.0,2026-09-02 13:59:49
1788357590,4383.49,4383.59,4383.49,4383.59,6.0,2026-09-02 13:59:50
1788357591,4383.72,4383.98,4383.72,4383.98,10.0,2026-09-02 13:59:51
1788357592,4384.02,4384.3,4384.02,4384.3,14.0,2026-09-02 13:59:52
1788357593,4384.28,4384.51,4384.28,4384.51,11.0,2026-09-02 13:59:53
1788357594,4384.5,4384.5,4384.42,4384.43,4.0,2026-09-02 13:59:54
1788357595,4384.51,4384.84,4384.51,4384.83,11.0,2026-09-02 13:59:55
1788357596,4385.26,4385.26,4384.94,4385.02,13.0,2026-09-02 13:59:56
1788357597,4385.23,4385.29,4385.1,4385.11,12.0,2026-09-02 13:59:57
1788357598,4385.1,4385.1,4385.06,4385.06,4.0,2026-09-02 13:59:58
1788357599,4385.35,4385.64,4385.35,4385.51,13.0,2026-09-02 13:59:59
1788357600,4385.42,4385.42,4385.29,4385.41,11.0,2026-09-02 14:00:00
1788357601,4385.06,4385.15,4384.54,4384.9,22.0,2026-09-02 14:00:01
1788357602,4384.3,4384.3,4383.22,4383.39,19.0,2026-09-02 14:00:02
1788357603,4383.17,4383.17,4383.14,4383.14,6.0,2026-09-02 14:00:03
1788357604,4383.02,4383.02,4382.99,4382.99,5.0,2026-09-02 14:00:04
1788357605,4383.02,4383.02,4382.86,4382.92,11.0,2026-09-02 14:00:05
1788357606,4382.9,4382.9,4382.8,4382.8,3.0,2026-09-02 14:00:06
1788357607,4382.78,4382.78,4382.56,4382.56,4.0,2026-09-02 14:00:07
1788357608,4382.52,4382.52,4382.45,4382.45,5.0,2026-09-02 14:00:08
1788357609,4382.44,4382.44,4382.43,4382.43,2.0,2026-09-02 14:00:09
1788357611,4382.3,4382.3,4382.13,4382.13,4.0,2026-09-02 14:00:11
1788357612,4382.09,4382.09,4381.92,4382.06,6.0,2026-09-02 14:00:12
1788357613,4382.45,4382.46,4382.45,4382.46,2.0,2026-09-02 14:00:13
1788357614,4382.72,4382.72,4382.1,4382.1,9.0,2026-09-02 14:00:14
1788357615,4382.08,4382.08,4382.01,4382.05,7.0,2026-09-02 14:00:15
1788357616,4382.06,4382.06,4382.06,4382.06,1.0,2026-09-02 14:00:16
1788357617,4381.95,4382.07,4381.95,4382.07,6.0,2026-09-02 14:00:17
1788357618,4382.13,4382.95,4382.13,4382.95,12.0,2026-09-02 14:00:18
1788357619,4382.97,4382.97,4382.97,4382.97,1.0,2026-09-02 14:00:19
1788357620,4382.96,4383.32,4382.96,4383.32,6.0,2026-09-02 14:00:20
1788357621,4383.35,4383.42,4383.3,4383.42,7.0,2026-09-02 14:00:21
1788357622,4383.4,4383.4,4383.27,4383.27,4.0,2026-09-02 14:00:22
1788357623,4383.06,4383.06,4382.9,4382.9,5.0,2026-09-02 14:00:23
1788357624,4382.9,4383.02,4382.83,4382.83,6.0,2026-09-02 14:00:24
1788357625,4382.82,4383.69,4382.75,4383.69,13.0,2026-09-02 14:00:25
1788357626,4383.75,4383.95,4383.75,4383.95,5.0,2026-09-02 14:00:26
1788357627,4384.03,4384.1,4383.86,4383.88,8.0,2026-09-02 14:00:27
1788357628,4383.87,4383.87,4383.86,4383.86,2.0,2026-09-02 14:00:28
1788357629,4383.45,4383.45,4383.38,4383.38,3.0,2026-09-02 14:00:29
1788357630,4383.31,4383.38,4383.0,4383.0,6.0,2026-09-02 14:00:30
1788357631,4382.88,4383.11,4382.88,4383.11,7.0,2026-09-02 14:00:31
1788357632,4383.11,4383.25,4383.11,4383.21,7.0,2026-09-02 14:00:32
1788357633,4383.17,4383.17,4382.83,4382.83,6.0,2026-09-02 14:00:33
1788357634,4382.97,4383.39,4382.95,4382.95,15.0,2026-09-02 14:00:34
1788357635,4382.95,4383.07,4382.93,4383.07,6.0,2026-09-02 14:00:35
1788357636,4383.24,4383.72,4383.24,4383.72,9.0,2026-09-02 14:00:36
1788357637,4383.83,4383.85,4383.78,4383.78,4.0,2026-09-02 14:00:37
1788357638,4383.68,4383.68,4383.49,4383.66,9.0,2026-09-02 14:00:38
1788357639,4383.67,4383.81,4383.42,4383.42,11.0,2026-09-02 14:00:39
1788357640,4383.38,4383.43,4383.3,4383.3,4.0,2026-09-02 14:00:40
1788357641,4383.22,4383.22,4382.88,4383.06,14.0,2026-09-02 14:00:41
1788357642,4383.04,4383.04,4382.82,4382.89,11.0,2026-09-02 14:00:42
1788357643,4382.92,4383.01,4382.92,4383.01,4.0,2026-09-02 14:00:43
1788357644,4383.12,4383.21,4383.12,4383.14,9.0,2026-09-02 14:00:44
1788357645,4383.07,4383.44,4383.03,4383.44,12.0,2026-09-02 14:00:45
1788357646,4383.5,4383.5,4383.28,4383.28,3.0,2026-09-02 14:00:46
1788357647,4383.19,4383.27,4383.19,4383.27,7.0,2026-09-02 14:00:47
1788357648,4383.17,4383.7,4383.17,4383.7,20.0,2026-09-02 14:00:48
1788357649,4383.76,4383.95,4383.76,4383.95,3.0,2026-09-02 14:00:49
1788357652,4383.85,4383.85,4383.51,4383.56,9.0,2026-09-02 14:00:52
1788357653,4383.6,4383.67,4383.55,4383.6,9.0,2026-09-02 14:00:53
1788357654,4383.61,4383.61,4383.61,4383.61,1.0,2026-09-02 14:00:54
1788357655,4383.84,4383.84,4383.77,4383.83,3.0,2026-09-02 14:00:55
1788357656,4384.16,4384.34,4384.16,4384.34,3.0,2026-09-02 14:00:56
1788357657,4384.53,4384.53,4384.39,4384.44,6.0,2026-09-02 14:00:57
1788357658,4385.15,4385.27,4384.68,4384.68,23.0,2026-09-02 14:00:58
1788357659,4384.77,4384.83,4384.69,4384.8,13.0,2026-09-02 14:00:59
1788357660,4384.84,4384.9,4384.84,4384.9,4.0,2026-09-02 14:01:00
1788357661,4384.87,4384.87,4384.85,4384.85,2.0,2026-09-02 14:01:01
1788357662,4385.22,4385.48,4385.22,4385.48,9.0,2026-09-02 14:01:02
1788357663,4385.42,4385.59,4385.42,4385.59,8.0,2026-09-02 14:01:03
1788357664,4385.62,4385.69,4385.54,4385.63,10.0,2026-09-02 14:01:04
1788357665,4385.63,4385.63,4385.18,4385.18,9.0,2026-09-02 14:01:05
1788357666,4385.13,4385.13,4385.06,4385.06,6.0,2026-09-02 14:01:06
1788357667,4385.06,4385.06,4384.57,4384.57,5.0,2026-09-02 14:01:07
1788357668,4384.61,4384.61,4384.59,4384.6,3.0,2026-09-02 14:01:08
1788357669,4384.62,4384.68,4384.62,4384.68,4.0,2026-09-02 14:01:09
1788357670,4384.74,4384.97,4384.74,4384.95,9.0,2026-09-02 14:01:10
1788357671,4384.93,4384.93,4384.86,4384.86,5.0,2026-09-02 14:01:11
1788357672,4384.81,4384.81,4384.81,4384.81,1.0,2026-09-02 14:01:12
1788357673,4385.01,4385.01,4385.01,4385.01,1.0,2026-09-02 14:01:13
1788357674,4383.76,4383.76,4382.99,4383.11,28.0,2026-09-02 14:01:14
1788357675,4383.13,4383.65,4383.13,4383.42,24.0,2026-09-02 14:01:15
1788357676,4383.55,4383.55,4383.55,4383.55,1.0,2026-09-02 14:01:16
1788357677,4383.31,4383.33,4383.15,4383.15,7.0,2026-09-02 14:01:17
1788357678,4383.24,4383.32,4383.21,4383.21,6.0,2026-09-02 14:01:18
1788357679,4383.09,4383.09,4382.39,4382.39,14.0,2026-09-02 14:01:19
1788357680,4382.07,4382.53,4382.04,4382.28,16.0,2026-09-02 14:01:20
1788357681,4382.29,4383.32,4382.29,4383.32,14.0,2026-09-02 14:01:21
1788357682,4383.55,4383.85,4383.55,4383.85,13.0,2026-09-02 14:01:22
1788357683,4383.71,4383.71,4383.62,4383.62,3.0,2026-09-02 14:01:23
1788357684,4382.86,4383.08,4382.65,4382.93,25.0,2026-09-02 14:01:24
1788357685,4383.02,4383.23,4383.02,4383.09,11.0,2026-09-02 14:01:25
1788357686,4383.08,4383.08,4382.96,4382.96,4.0,2026-09-02 14:01:26
1788357687,4382.85,4382.85,4382.81,4382.81,2.0,2026-09-02 14:01:27
1788357688,4382.75,4383.21,4382.75,4383.21,11.0,2026-09-02 14:01:28
1788357689,4383.36,4383.36,4383.12,4383.12,14.0,2026-09-02 14:01:29
1788357690,4383.14,4383.49,4383.14,4383.26,18.0,2026-09-02 14:01:30
1788357691,4383.23,4383.24,4383.23,4383.24,2.0,2026-09-02 14:01:31
1788357693,4383.36,4383.4,4383.31,4383.31,5.0,2026-09-02 14:01:33
1788357694,4383.32,4383.32,4383.3,4383.3,2.0,2026-09-02 14:01:34
1788357695,4383.5,4383.5,4383.47,4383.48,3.0,2026-09-02 14:01:35
1788357696,4383.51,4383.54,4383.13,4383.13,17.0,2026-09-02 14:01:36
1788357697,4383.13,4383.13,4382.92,4382.93,14.0,2026-09-02 14:01:37
1788357698,4382.94,4382.94,4382.92,4382.92,2.0,2026-09-02 14:01:38
1788357699,4383.08,4383.1,4383.08,4383.1,3.0,2026-09-02 14:01:39
1788357700,4383.13,4383.66,4383.06,4383.66,12.0,2026-09-02 14:01:40
1788357701,4383.8,4383.84,4383.72,4383.72,16.0,2026-09-02 14:01:41
1788357702,4383.56,4383.87,4383.56,4383.87,14.0,2026-09-02 14:01:42
1788357703,4383.89,4383.91,4383.88,4383.88,4.0,2026-09-02 14:01:43
1788357704,4383.83,4384.02,4383.8,4383.89,14.0,2026-09-02 14:01:44
1788357705,4383.88,4384.04,4383.72,4383.72,12.0,2026-09-02 14:01:45
1788357706,4383.64,4383.64,4383.5,4383.5,9.0,2026-09-02 14:01:46
1788357707,4383.45,4383.47,4383.42,4383.42,7.0,2026-09-02 14:01:47
1788357708,4383.67,4383.67,4383.65,4383.65,2.0,2026-09-02 14:01:48
1788357709,4383.58,4383.63,4383.58,4383.6,4.0,2026-09-02 14:01:49
1788357710,4383.71,4383.74,4383.67,4383.67,7.0,2026-09-02 14:01:50
1788357711,4383.69,4383.99,4383.69,4383.94,14.0,2026-09-02 14:01:51
1788357712,4383.92,4383.92,4383.9,4383.91,5.0,2026-09-02 14:01:52
1788357713,4383.79,4383.89,4383.79,4383.81,16.0,2026-09-02 14:01:53
1788357714,4383.85,4383.91,4383.76,4383.77,14.0,2026-09-02 14:01:54
1788357715,4383.76,4383.76,4383.73,4383.73,2.0,2026-09-02 14:01:55
1788357716,4383.66,4383.66,4383.54,4383.62,10.0,2026-09-02 14:01:56
1788357717,4383.68,4383.7,4383.65,4383.65,8.0,2026-09-02 14:01:57
1788357718,4383.65,4383.65,4383.18,4383.44,15.0,2026-09-02 14:01:58
1788357719,4383.35,4383.35,4383.07,4383.12,5.0,2026-09-02 14:01:59
1788357720,4383.36,4383.4,4383.36,4383.4,3.0,2026-09-02 14:02:00
1788357721,4383.25,4383.36,4383.24,4383.36,5.0,2026-09-02 14:02:01
1788357722,4383.35,4383.35,4383.12,4383.19,10.0,2026-09-02 14:02:02
1788357723,4383.2,4383.24,4382.97,4383.11,15.0,2026-09-02 14:02:03
1788357724,4383.13,4383.13,4383.09,4383.12,9.0,2026-09-02 14:02:04
1788357725,4383.14,4383.16,4383.12,4383.12,3.0,2026-09-02 14:02:05
1788357726,4383.15,4383.15,4383.03,4383.05,9.0,2026-09-02 14:02:06
1788357727,4383.52,4383.52,4383.42,4383.43,8.0,2026-09-02 14:02:07
1788357728,4383.39,4383.42,4383.37,4383.37,8.0,2026-09-02 14:02:08
1788357729,4383.39,4383.42,4383.27,4383.27,11.0,2026-09-02 14:02:09
1788357730,4383.32,4383.35,4383.23,4383.33,11.0,2026-09-02 14:02:10
1788357731,4383.35,4383.39,4383.31,4383.38,7.0,2026-09-02 14:02:11
1788357732,4383.39,4383.39,4383.28,4383.28,5.0,2026-09-02 14:02:12
1788357735,4383.01,4383.01,4382.93,4382.93,8.0,2026-09-02 14:02:15
1788357736,4382.91,4382.91,4382.91,4382.91,1.0,2026-09-02 14:02:16
1788357737,4383.18,4383.2,4383.13,4383.2,4.0,2026-09-02 14:02:17
1788357738,4383.25,4383.25,4383.2,4383.21,4.0,2026-09-02 14:02:18
1788357739,4383.23,4383.25,4383.23,4383.25,2.0,2026-09-02 14:02:19
1788357740,4383.43,4383.63,4383.43,4383.63,3.0,2026-09-02 14:02:20
1788357741,4383.85,4383.87,4383.83,4383.87,3.0,2026-09-02 14:02:21
1788357742,4383.56,4383.56,4383.39,4383.39,8.0,2026-09-02 14:02:22
1788357743,4383.38,4383.38,4383.32,4383.32,7.0,2026-09-02 14:02:23
1788357744,4383.26,4383.26,4382.27,4382.27,14.0,2026-09-02 14:02:24
1788357745,4382.36,4382.67,4382.36,4382.53,9.0,2026-09-02 14:02:25
1788357746,4382.5,4382.5,4382.5,4382.5,1.0,2026-09-02 14:02:26
1788357747,4382.23,4382.3,4382.22,4382.3,5.0,2026-09-02 14:02:27
1788357748,4382.23,4382.77,4382.23,4382.72,8.0,2026-09-02 14:02:28
1788357749,4382.7,4382.72,4382.51,4382.51,15.0,2026-09-02 14:02:29
1788357750,4382.42,4382.42,4382.42,4382.42,1.0,2026-09-02 14:02:30
1788357751,4382.41,4382.69,4382.4,4382.4,12.0,2026-09-02 14:02:31
1788357752,4382.38,4382.38,4382.17,4382.19,22.0,2026-09-02 14:02:32
1788357753,4382.21,4382.21,4382.03,4382.03,8.0,2026-09-02 14:02:33
1788357754,4382.06,4382.41,4381.75,4382.27,21.0,2026-09-02 14:02:34
1788357755,4382.26,4382.26,4382.01,4382.11,12.0,2026-09-02 14:02:35
1788357756,4382.12,4382.24,4382.07,4382.16,14.0,2026-09-02 14:02:36
1788357757,4382.18,4382.19,4381.9,4381.9,11.0,2026-09-02 14:02:37
1788357758,4381.94,4381.94,4381.86,4381.9,8.0,2026-09-02 14:02:38
1788357759,4381.88,4381.89,4381.83,4381.83,8.0,2026-09-02 14:02:39
1788357760,4381.85,4381.85,4381.8,4381.82,8.0,2026-09-02 14:02:40
1788357761,4381.85,4381.88,4381.5,4381.5,11.0,2026-09-02 14:02:41
1788357762,4381.43,4381.43,4381.25,4381.25,8.0,2026-09-02 14:02:42
1788357763,4381.11,4381.11,4380.66,4380.66,13.0,2026-09-02 14:02:43
1788357764,4380.65,4380.7,4380.44,4380.7,10.0,2026-09-02 14:02:44
1788357765,4380.75,4380.89,4380.48,4380.48,10.0,2026-09-02 14:02:45
1788357766,4380.5,4380.84,4380.5,4380.84,15.0,2026-09-02 14:02:46
1788357767,4380.82,4380.85,4380.46,4380.67,18.0,2026-09-02 14:02:47
1788357768,4380.68,4380.68,4380.59,4380.59,4.0,2026-09-02 14:02:48
1788357769,4380.36,4380.39,4380.31,4380.31,6.0,2026-09-02 14:02:49
1788357770,4380.36,4380.52,4380.33,4380.42,10.0,2026-09-02 14:02:50
1788357771,4380.28,4380.68,4380.28,4380.31,17.0,2026-09-02 14:02:51
1788357772,4380.27,4380.27,4380.27,4380.27,1.0,2026-09-02 14:02:52
1788357773,4380.04,4380.16,4380.04,4380.16,6.0,2026-09-02 14:02:53
1788357774,4380.19,4380.2,4380.16,4380.16,3.0,2026-09-02 14:02:54
1788357776,4380.22,4380.77,4380.22,4380.76,11.0,2026-09-02 14:02:56
1788357777,4380.83,4381.31,4380.83,4381.31,15.0,2026-09-02 14:02:57
1788357778,4381.29,4381.29,4381.29,4381.29,1.0,2026-09-02 14:02:58
1788357779,4381.74,4381.75,4381.72,4381.72,4.0,2026-09-02 14:02:59
1788357780,4381.7,4381.73,4381.7,4381.73,4.0,2026-09-02 14:03:00
1788357781,4381.76,4381.83,4381.76,4381.83,5.0,2026-09-02 14:03:01
1788357782,4381.8,4381.8,4381.68,4381.7,7.0,2026-09-02 14:03:02
1788357783,4381.67,4381.67,4381.27,4381.27,9.0,2026-09-02 14:03:03
1788357784,4381.16,4381.18,4381.08,4381.17,8.0,2026-09-02 14:03:04
1788357785,4381.03,4381.16,4381.03,4381.15,5.0,2026-09-02 14:03:05
1788357786,4381.05,4381.05,4380.97,4380.97,9.0,2026-09-02 14:03:06
1788357787,4380.97,4380.97,4380.97,4380.97,1.0,2026-09-02 14:03:07
1788357788,4379.72,4379.75,4379.72,4379.74,3.0,2026-09-02 14:03:08
1788357789,4379.09,4379.13,4378.93,4378.93,8.0,2026-09-02 14:03:09
1788357790,4378.96,4379.07,4378.96,4379.07,8.0,2026-09-02 14:03:10
1788357791,4379.06,4379.09,4379.03,4379.03,5.0,2026-09-02 14:03:11
1788357792,4378.96,4379.0,4378.96,4379.0,2.0,2026-09-02 14:03:12
1788357793,4379.48,4379.49,4379.39,4379.46,13.0,2026-09-02 14:03:13
1788357794,4379.49,4379.66,4379.49,4379.51,13.0,2026-09-02 14:03:14
1788357795,4379.52,4379.67,4379.44,4379.53,13.0,2026-09-02 14:03:15
1788357796,4379.61,4379.7,4379.61,4379.7,5.0,2026-09-02 14:03:16
1788357797,4380.04,4380.04,4379.64,4379.72,13.0,2026-09-02 14:03:17
1788357798,4379.92,4380.13,4379.92,4380.13,11.0,2026-09-02 14:03:18
1788357799,4380.06,4380.06,4379.83,4379.83,14.0,2026-09-02 14:03:19
1788357800,4379.81,4379.81,4379.74,4379.74,4.0,2026-09-02 14:03:20
1788357801,4379.87,4380.33,4379.87,4380.33,15.0,2026-09-02 14:03:21
1788357802,4380.25,4380.3,4379.97,4379.97,19.0,2026-09-02 14:03:22
1788357803,4379.84,4379.99,4379.74,4379.99,15.0,2026-09-02 14:03:23
1788357804,4379.99,4380.08,4379.93,4380.02,7.0,2026-09-02 14:03:24
1788357805,4379.8,4379.81,4379.75,4379.75,6.0,2026-09-02 14:03:25
1788357806,4379.73,4380.44,4379.73,4380.36,18.0,2026-09-02 14:03:26
1788357807,4380.43,4380.86,4380.43,4380.86,12.0,2026-09-02 14:03:27
1788357808,4380.78,4380.93,4380.73,4380.87,13.0,2026-09-02 14:03:28
1788357809,4380.85,4380.85,4380.82,4380.82,3.0,2026-09-02 14:03:29
1788357810,4380.63,4380.82,4380.63,4380.82,5.0,2026-09-02 14:03:30
1788357811,4380.85,4380.85,4380.81,4380.81,8.0,2026-09-02 14:03:31
1788357812,4380.61,4380.74,4380.61,4380.7,16.0,2026-09-02 14:03:32
1788357813,4380.66,4380.66,4380.21,4380.21,20.0,2026-09-02 14:03:33
1788357814,4380.2,4380.2,4380.17,4380.17,4.0,2026-09-02 14:03:34
1788357815,4380.38,4380.44,4380.27,4380.28,13.0,2026-09-02 14:03:35
1788357816,4380.24,4380.28,4379.97,4379.97,16.0,2026-09-02 14:03:36
1788357817,4379.94,4379.94,4379.92,4379.92,3.0,2026-09-02 14:03:37
1788357820,4379.81,4379.89,4379.81,4379.89,3.0,2026-09-02 14:03:40
1788357821,4379.95,4379.95,4379.95,4379.95,1.0,2026-09-02 14:03:41
1788357822,4380.01,4380.07,4380.01,4380.07,5.0,2026-09-02 14:03:42
1788357823,4380.01,4380.01,4379.98,4379.98,2.0,2026-09-02 14:03:43
1788357824,4380.03,4380.04,4380.03,4380.04,2.0,2026-09-02 14:03:44
1788357825,4379.96,4379.96,4379.96,4379.96,1.0,2026-09-02 14:03:45
1788357826,4379.88,4380.13,4379.88,4380.13,9.0,2026-09-02 14:03:46
1788357827,4380.09,4380.09,4380.09,4380.09,1.0,2026-09-02 14:03:47
1788357828,4380.03,4380.03,4379.95,4379.95,3.0,2026-09-02 14:03:48
1788357829,4380.08,4380.08,4380.02,4380.06,5.0,2026-09-02 14:03:49
1788357830,4380.5,4380.83,4380.5,4380.77,18.0,2026-09-02 14:03:50
1788357831,4380.81,4380.87,4380.65,4380.65,11.0,2026-09-02 14:03:51
1788357832,4380.62,4380.62,4380.62,4380.62,1.0,2026-09-02 14:03:52
1788357833,4380.56,4380.7,4380.56,4380.7,2.0,2026-09-02 14:03:53
1788357834,4380.88,4380.95,4380.88,4380.94,6.0,2026-09-02 14:03:54
1788357835,4381.23,4381.29,4380.83,4380.98,19.0,2026-09-02 14:03:55
1788357836,4381.11,4381.11,4380.55,4380.56,15.0,2026-09-02 14:03:56
1788357837,4380.62,4381.02,4380.62,4380.8,10.0,2026-09-02 14:03:57
1788357838,4380.75,4380.94,4380.72,4380.82,15.0,2026-09-02 14:03:58
1788357839,4381.25,4381.25,4380.87,4380.87,10.0,2026-09-02 14:03:59
1788357840,4380.86,4380.86,4380.86,4380.86,1.0,2026-09-02 14:04:00
1788357841,4380.77,4380.77,4380.69,4380.69,8.0,2026-09-02 14:04:01
1788357842,4380.71,4380.71,4380.7,4380.7,2.0,2026-09-02 14:04:02
1788357843,4380.7,4380.73,4380.7,4380.73,3.0,2026-09-02 14:04:03
1788357844,4380.76,4380.76,4380.73,4380.73,3.0,2026-09-02 14:04:04
1788357845,4380.71,4380.71,4380.55,4380.59,7.0,2026-09-02 14:04:05
1788357846,4380.64,4381.19,4380.64,4380.99,14.0,2026-09-02 14:04:06
1788357847,4381.11,4381.61,4381.11,4381.59,25.0,2026-09-02 14:04:07
1788357848,4381.6,4381.71,4381.6,4381.71,4.0,2026-09-02 14:04:08
1788357849,4381.68,4381.7,4381.68,4381.7,3.0,2026-09-02 14:04:09
1788357850,4381.65,4382.02,4381.62,4381.93,17.0,2026-09-02 14:04:10
1788357851,4382.01,4382.63,4382.01,4382.42,23.0,2026-09-02 14:04:11
1788357852,4382.42,4382.43,4381.87,4382.0,12.0,2026-09-02 14:04:12
1788357853,4382.08,4382.08,4381.94,4381.94,3.0,2026-09-02 14:04:13
1788357854,4381.64,4381.64,4381.24,4381.24,10.0,2026-09-02 14:04:14
1788357855,4381.29,4381.37,4381.29,4381.35,15.0,2026-09-02 14:04:15
1788357856,4381.36,4381.37,4381.35,4381.35,3.0,2026-09-02 14:04:16
1788357857,4381.3,4381.4,4381.3,4381.31,8.0,2026-09-02 14:04:17
1788357860,4381.28,4381.43,4381.28,4381.43,9.0,2026-09-02 14:04:20
1788357861,4381.42,4381.45,4381.42,4381.45,4.0,2026-09-02 14:04:21
1788357862,4381.39,4381.39,4380.91,4380.92,14.0,2026-09-02 14:04:22
1788357863,4380.91,4380.91,4380.44,4380.56,14.0,2026-09-02 14:04:23
1788357864,4380.55,4381.68,4380.55,4381.68,12.0,2026-09-02 14:04:24
1788357865,4382.69,4383.46,4382.51,4382.71,9.0,2026-09-02 14:04:25
1788357866,4382.41,4382.76,4382.36,4382.36,5.0,2026-09-02 14:04:26
1788357867,4382.72,4382.72,4382.26,4382.54,14.0,2026-09-02 14:04:27
1788357868,4382.54,4382.72,4382.54,4382.64,15.0,2026-09-02 14:04:28
1788357869,4382.66,4382.66,4382.66,4382.66,1.0,2026-09-02 14:04:29
1788357870,4382.66,4382.66,4382.15,4382.15,18.0,2026-09-02 14:04:30
1788357871,4382.07,4382.13,4382.04,4382.06,10.0,2026-09-02 14:04:31
1788357872,4382.04,4382.04,4382.01,4382.01,2.0,2026-09-02 14:04:32
1788357873,4381.85,4381.96,4381.8,4381.88,13.0,2026-09-02 14:04:33
1788357874,4382.04,4382.04,4381.75,4381.92,9.0,2026-09-02 14:04:34
1788357875,4381.84,4381.84,4381.51,4381.71,12.0,2026-09-02 14:04:35
1788357876,4381.65,4381.72,4381.64,4381.72,7.0,2026-09-02 14:04:36
1788357877,4381.73,4381.73,4381.69,4381.69,3.0,2026-09-02 14:04:37
1788357878,4381.72,4381.9,4381.72,4381.9,10.0,2026-09-02 14:04:38
1788357879,4382.17,4382.81,4382.13,4382.81,16.0,2026-09-02 14:04:39
1788357880,4383.07,4383.33,4382.91,4382.91,18.0,2026-09-02 14:04:40
1788357881,4382.83,4382.83,4382.41,4382.6,11.0,2026-09-02 14:04:41
1788357882,4382.67,4383.21,4382.67,4383.2,12.0,2026-09-02 14:04:42
1788357883,4383.32,4383.38,4383.32,4383.33,8.0,2026-09-02 14:04:43
1788357884,4383.24,4383.36,4383.24,4383.36,3.0,2026-09-02 14:04:44
1788357885,4383.42,4383.56,4383.25,4383.31,14.0,2026-09-02 14:04:45
1788357886,4383.32,4383.53,4383.29,4383.53,11.0,2026-09-02 14:04:46
1788357887,4383.55,4383.55,4383.44,4383.44,5.0,2026-09-02 14:04:47
1788357888,4383.41,4383.43,4382.97,4382.98,15.0,2026-09-02 14:04:48
1788357889,4382.98,4382.98,4382.97,4382.98,4.0,2026-09-02 14:04:49
1788357890,4382.95,4382.95,4382.32,4382.48,18.0,2026-09-02 14:04:50
1788357891,4382.49,4382.5,4382.48,4382.48,4.0,2026-09-02 14:04:51
1788357892,4382.43,4382.45,4382.43,4382.45,2.0,2026-09-02 14:04:52
1788357893,4382.28,4382.51,4382.28,4382.51,9.0,2026-09-02 14:04:53
1788357894,4382.54,4382.54,4382.54,4382.54,1.0,2026-09-02 14:04:54
1788357956,4388.93,4389.02,4388.89,4389.02,7.0,2026-09-02 14:05:56
1788357957,4389.05,4389.05,4388.82,4388.82,18.0,2026-09-02 14:05:57
1788357958,4388.67,4389.05,4388.67,4389.05,13.0,2026-09-02 14:05:58
1788357959,4389.07,4389.22,4388.9,4388.9,14.0,2026-09-02 14:05:59
1788357960,4388.96,4388.98,4388.92,4388.98,6.0,2026-09-02 14:06:00
1788357961,4389.02,4389.08,4389.02,4389.08,6.0,2026-09-02 14:06:01
1788357962,4389.06,4389.06,4389.06,4389.06,1.0,2026-09-02 14:06:02
1788357963,4389.01,4389.26,4389.01,4389.26,5.0,2026-09-02 14:06:03
1788357964,4389.29,4389.29,4388.83,4388.83,8.0,2026-09-02 14:06:04
1788357965,4388.76,4388.76,4387.98,4387.98,18.0,2026-09-02 14:06:05
1788357966,4387.96,4388.12,4387.94,4388.09,7.0,2026-09-02 14:06:06
1788357967,4387.93,4388.44,4387.88,4388.36,22.0,2026-09-02 14:06:07
1788357968,4388.27,4388.28,4388.23,4388.24,4.0,2026-09-02 14:06:08
1788357969,4388.22,4388.22,4388.13,4388.13,3.0,2026-09-02 14:06:09
1788357970,4387.6,4387.79,4387.45,4387.45,14.0,2026-09-02 14:06:10
1788357971,4387.45,4387.77,4387.42,4387.77,18.0,2026-09-02 14:06:11
1788357972,4387.78,4387.78,4387.47,4387.52,9.0,2026-09-02 14:06:12
1788357973,4387.99,4388.13,4387.99,4388.13,8.0,2026-09-02 14:06:13
1788357974,4388.11,4388.23,4388.02,4388.14,13.0,2026-09-02 14:06:14
1788357975,4388.01,4388.22,4387.77,4388.2,21.0,2026-09-02 14:06:15
1788357976,4388.17,4388.58,4388.17,4388.54,24.0,2026-09-02 14:06:16
1788357977,4388.51,4388.55,4388.28,4388.28,7.0,2026-09-02 14:06:17
1788357978,4387.92,4388.49,4387.82,4388.49,23.0,2026-09-02 14:06:18
1788357979,4388.54,4389.18,4388.51,4389.15,19.0,2026-09-02 14:06:19
1788357980,4389.11,4389.19,4388.49,4388.49,39.0,2026-09-02 14:06:20
1788357981,4388.53,4388.72,4388.53,4388.72,6.0,2026-09-02 14:06:21
1788357982,4388.78,4388.78,4388.57,4388.73,15.0,2026-09-02 14:06:22
1788357983,4388.7,4389.0,4388.7,4388.95,16.0,2026-09-02 14:06:23
1788357984,4389.03,4389.28,4389.03,4389.28,7.0,2026-09-02 14:06:24
1788357986,4389.31,4389.31,4389.23,4389.28,4.0,2026-09-02 14:06:26
1788357987,4389.25,4389.25,4389.12,4389.18,7.0,2026-09-02 14:06:27
1788357988,4388.82,4388.96,4388.82,4388.96,4.0,2026-09-02 14:06:28
1788357989,4388.96,4388.96,4388.85,4388.86,7.0,2026-09-02 14:06:29
1788357990,4388.8,4388.87,4388.47,4388.47,14.0,2026-09-02 14:06:30
1788357991,4388.48,4388.8,4388.4,4388.8,17.0,2026-09-02 14:06:31
1788357992,4388.82,4388.82,4388.82,4388.82,1.0,2026-09-02 14:06:32
1788357993,4389.07,4389.26,4389.07,4389.16,8.0,2026-09-02 14:06:33
1788357994,4388.87,4388.88,4388.57,4388.57,9.0,2026-09-02 14:06:34
1788357995,4388.12,4388.12,4388.03,4388.07,10.0,2026-09-02 14:06:35
1788357996,4388.08,4388.08,4388.08,4388.08,1.0,2026-09-02 14:06:36
1788357997,4387.88,4387.9,4387.88,4387.9,2.0,2026-09-02 14:06:37
1788357998,4387.1,4387.1,4387.06,4387.06,4.0,2026-09-02 14:06:38
1788357999,4387.0,4387.01,4386.88,4387.01,11.0,2026-09-02 14:06:39
1788358000,4386.86,4387.14,4386.71,4387.05,33.0,2026-09-02 14:06:40
1788358001,4387.06,4387.06,4387.01,4387.01,3.0,2026-09-02 14:06:41
1788358002,4387.14,4387.17,4387.03,4387.11,10.0,2026-09-02 14:06:42
1788358003,4386.96,4387.2,4386.95,4387.2,9.0,2026-09-02 14:06:43
1788358004,4387.21,4387.21,4387.21,4387.21,1.0,2026-09-02 14:06:44
1788358005,4387.17,4387.4,4387.17,4387.4,3.0,2026-09-02 14:06:45
1788358006,4387.42,4387.45,4387.42,4387.45,2.0,2026-09-02 14:06:46
1788358007,4387.39,4387.67,4387.39,4387.67,7.0,2026-09-02 14:06:47
1788358008,4387.69,4388.43,4387.69,4388.43,14.0,2026-09-02 14:06:48
1788358009,4388.5,4388.5,4388.37,4388.37,2.0,2026-09-02 14:06:49
1788358010,4387.9,4387.9,4387.75,4387.75,8.0,2026-09-02 14:06:50
1788358011,4387.81,4387.81,4387.61,4387.61,13.0,2026-09-02 14:06:51
1788358012,4387.58,4387.93,4387.58,4387.76,23.0,2026-09-02 14:06:52
1788358013,4387.68,4387.68,4387.68,4387.68,1.0,2026-09-02 14:06:53
1788358014,4387.14,4387.27,4387.13,4387.23,6.0,2026-09-02 14:06:54
1788358015,4387.15,4387.15,4387.11,4387.14,8.0,2026-09-02 14:06:55
1788358016,4386.88,4387.27,4386.72,4386.72,27.0,2026-09-02 14:06:56
1788358017,4386.67,4386.74,4386.67,4386.74,3.0,2026-09-02 14:06:57
1788358018,4386.82,4387.27,4386.82,4386.9,21.0,2026-09-02 14:06:58
1788358019,4386.88,4387.38,4386.77,4387.38,21.0,2026-09-02 14:06:59
1788358020,4387.39,4387.81,4387.39,4387.78,12.0,2026-09-02 14:07:00
1788358021,4387.78,4387.78,4387.78,4387.78,1.0,2026-09-02 14:07:01
1788358022,4388.09,4388.54,4388.09,4388.54,15.0,2026-09-02 14:07:02
1788358023,4388.49,4388.6,4388.42,4388.59,13.0,2026-09-02 14:07:03
1788358024,4388.72,4388.96,4388.72,4388.96,4.0,2026-09-02 14:07:04
1788358025,4388.9,4388.9,4388.86,4388.86,5.0,2026-09-02 14:07:05
1788358026,4389.09,4389.13,4389.09,4389.13,2.0,2026-09-02 14:07:06
1788358028,4389.12,4389.13,4389.09,4389.1,6.0,2026-09-02 14:07:08
1788358029,4389.08,4389.16,4389.05,4389.16,6.0,2026-09-02 14:07:09
1788358030,4389.19,4389.19,4389.03,4389.03,5.0,2026-09-02 14:07:10
1788358031,4389.06,4389.06,4388.92,4388.92,13.0,2026-09-02 14:07:11
1788358032,4388.83,4388.84,4388.81,4388.84,4.0,2026-09-02 14:07:12
1788358033,4388.74,4388.75,4388.54,4388.71,15.0,2026-09-02 14:07:13
1788358034,4388.68,4388.75,4388.59,4388.75,21.0,2026-09-02 14:07:14
1788358035,4388.75,4389.1,4388.63,4389.1,17.0,2026-09-02 14:07:15
1788358036,4389.12,4389.12,4388.94,4388.96,11.0,2026-09-02 14:07:16
1788358037,4389.12,4389.15,4389.1,4389.14,7.0,2026-09-02 14:07:17
1788358038,4389.13,4389.16,4389.04,4389.04,6.0,2026-09-02 14:07:18
1788358039,4388.83,4388.97,4388.83,4388.88,16.0,2026-09-02 14:07:19
1788358040,4388.89,4388.89,4388.8,4388.8,12.0,2026-09-02 14:07:20
1788358041,4388.83,4388.85,4388.83,4388.85,2.0,2026-09-02 14:07:21
1788358042,4388.92,4389.27,4388.92,4389.22,20.0,2026-09-02 14:07:22
1788358043,4389.19,4389.66,4389.11,4389.66,15.0,2026-09-02 14:07:23
1788358044,4389.6,4389.6,4389.59,4389.59,3.0,2026-09-02 14:07:24
1788358045,4389.77,4389.82,4389.7,4389.71,13.0,2026-09-02 14:07:25
1788358046,4389.58,4389.64,4389.47,4389.49,13.0,2026-09-02 14:07:26
1788358047,4389.48,4389.52,4389.48,4389.52,3.0,2026-09-02 14:07:27
1788358048,4389.74,4389.97,4389.72,4389.97,14.0,2026-09-02 14:07:28
1788358049,4390.03,4390.15,4390.03,4390.15,10.0,2026-09-02 14:07:29
1788358050,4390.0,4390.0,4389.81,4389.81,12.0,2026-09-02 14:07:30
1788358051,4389.81,4390.02,4389.78,4389.83,19.0,2026-09-02 14:07:31
1788358052,4389.82,4389.82,4389.81,4389.81,2.0,2026-09-02 14:07:32
1788358053,4389.68,4389.86,4389.55,4389.86,11.0,2026-09-02 14:07:33
1788358054,4389.78,4390.0,4389.75,4389.96,18.0,2026-09-02 14:07:34
1788358055,4389.97,4389.97,4389.8,4389.8,10.0,2026-09-02 14:07:35
1788358056,4389.79,4389.95,4389.78,4389.95,9.0,2026-09-02 14:07:36
1788358057,4389.97,4390.13,4389.97,4389.98,11.0,2026-09-02 14:07:37
1788358058,4389.93,4390.01,4389.93,4389.97,7.0,2026-09-02 14:07:38
1788358059,4389.95,4389.95,4389.75,4389.78,13.0,2026-09-02 14:07:39
1788358060,4389.77,4389.78,4389.6,4389.6,10.0,2026-09-02 14:07:40
1788358061,4389.49,4389.49,4389.07,4389.12,20.0,2026-09-02 14:07:41
1788358062,4389.11,4389.22,4389.11,4389.22,6.0,2026-09-02 14:07:42
1788358063,4389.62,4389.68,4389.6,4389.61,18.0,2026-09-02 14:07:43
1788358064,4389.63,4389.68,4389.46,4389.46,14.0,2026-09-02 14:07:44
1788358065,4389.84,4389.93,4389.79,4389.86,14.0,2026-09-02 14:07:45
1788358066,4389.85,4389.85,4389.65,4389.65,11.0,2026-09-02 14:07:46
1788358067,4389.64,4389.65,4389.41,4389.57,18.0,2026-09-02 14:07:47
1788358068,4389.59,4389.61,4389.59,4389.59,3.0,2026-09-02 14:07:48
1788358070,4389.61,4389.77,4389.56,4389.77,10.0,2026-09-02 14:07:50
1788358071,4389.7,4389.7,4389.59,4389.62,6.0,2026-09-02 14:07:51
1788358072,4389.61,4389.72,4389.44,4389.68,12.0,2026-09-02 14:07:52
1788358073,4389.69,4389.75,4389.68,4389.75,4.0,2026-09-02 14:07:53
1788358074,4389.77,4389.77,4389.58,4389.58,6.0,2026-09-02 14:07:54
1788358075,4389.75,4389.75,4389.35,4389.56,32.0,2026-09-02 14:07:55
1788358076,4389.55,4389.55,4389.44,4389.54,7.0,2026-09-02 14:07:56
1788358077,4389.52,4389.64,4389.49,4389.64,10.0,2026-09-02 14:07:57
1788358078,4389.62,4389.66,4389.49,4389.49,13.0,2026-09-02 14:07:58
1788358079,4389.52,4390.05,4389.52,4390.05,10.0,2026-09-02 14:07:59
1788358080,4390.04,4390.04,4390.04,4390.04,1.0,2026-09-02 14:08:00
1788358081,4390.45,4390.76,4390.45,4390.71,13.0,2026-09-02 14:08:01
1788358082,4390.7,4390.7,4390.5,4390.5,4.0,2026-09-02 14:08:02
1788358083,4390.65,4390.65,4390.58,4390.58,5.0,2026-09-02 14:08:03
1788358084,4390.53,4390.55,4390.52,4390.55,5.0,2026-09-02 14:08:04
1788358085,4390.57,4390.77,4390.57,4390.77,5.0,2026-09-02 14:08:05
1788358086,4390.76,4391.01,4390.62,4391.01,17.0,2026-09-02 14:08:06
1788358087,4391.02,4391.08,4390.96,4391.05,8.0,2026-09-02 14:08:07
1788358088,4391.07,4391.09,4391.07,4391.09,2.0,2026-09-02 14:08:08
1788358089,4391.07,4391.45,4391.07,4391.45,11.0,2026-09-02 14:08:09
1788358090,4391.43,4391.45,4391.41,4391.45,5.0,2026-09-02 14:08:10
1788358091,4391.48,4391.55,4391.48,4391.55,3.0,2026-09-02 14:08:11
1788358092,4391.65,4391.67,4391.37,4391.37,12.0,2026-09-02 14:08:12
1788358093,4391.53,4391.62,4391.5,4391.62,19.0,2026-09-02 14:08:13
1788358094,4391.61,4391.8,4391.58,4391.78,14.0,2026-09-02 14:08:14
1788358095,4391.87,4391.99,4391.57,4391.57,19.0,2026-09-02 14:08:15
1788358096,4391.58,4391.58,4391.58,4391.58,1.0,2026-09-02 14:08:16
1788358097,4391.58,4391.62,4391.51,4391.51,9.0,2026-09-02 14:08:17
1788358098,4391.45,4391.66,4391.36,4391.66,14.0,2026-09-02 14:08:18
1788358099,4391.63,4391.72,4391.61,4391.69,7.0,2026-09-02 14:08:19
1788358100,4391.63,4391.63,4391.42,4391.5,14.0,2026-09-02 14:08:20
1788358101,4391.46,4391.46,4391.34,4391.34,3.0,2026-09-02 14:08:21
1788358102,4391.26,4391.26,4391.19,4391.2,3.0,2026-09-02 14:08:22
1788358103,4391.13,4391.28,4391.13,4391.28,7.0,2026-09-02 14:08:23
1788358104,4391.18,4391.55,4391.18,4391.44,24.0,2026-09-02 14:08:24
1788358105,4391.42,4391.52,4391.42,4391.49,12.0,2026-09-02 14:08:25
1788358106,4391.47,4391.47,4391.19,4391.25,14.0,2026-09-02 14:08:26
1788358107,4391.2,4391.21,4390.75,4390.8,22.0,2026-09-02 14:08:27
1788358108,4391.02,4391.14,4391.0,4391.11,10.0,2026-09-02 14:08:28
1788358109,4391.11,4391.22,4391.05,4391.2,18.0,2026-09-02 14:08:29
1788358110,4391.27,4391.58,4391.27,4391.57,13.0,2026-09-02 14:08:30
1788358113,4391.6,4391.77,4391.6,4391.64,6.0,2026-09-02 14:08:33
1788358114,4391.56,4392.06,4391.54,4391.99,9.0,2026-09-02 14:08:34
1788358115,4391.66,4391.69,4391.51,4391.53,8.0,2026-09-02 14:08:35
1788358116,4391.52,4391.52,4391.47,4391.47,2.0,2026-09-02 14:08:36
1788358117,4391.3,4391.34,4391.3,4391.3,5.0,2026-09-02 14:08:37
1788358118,4391.2,4391.43,4391.19,4391.38,17.0,2026-09-02 14:08:38
1788358119,4391.54,4391.99,4391.54,4391.99,20.0,2026-09-02 14:08:39
1788358120,4392.02,4392.08,4392.0,4392.06,11.0,2026-09-02 14:08:40
1788358121,4392.1,4392.11,4392.07,4392.11,3.0,2026-09-02 14:08:41
1788358122,4392.11,4392.27,4392.1,4392.27,13.0,2026-09-02 14:08:42
1788358123,4392.27,4392.28,4392.17,4392.22,19.0,2026-09-02 14:08:43
1788358124,4392.19,4392.39,4392.03,4392.14,16.0,2026-09-02 14:08:44
1788358125,4392.15,4392.15,4392.15,4392.15,1.0,2026-09-02 14:08:45
1788358126,4392.05,4392.12,4392.05,4392.12,4.0,2026-09-02 14:08:46
1788358127,4392.28,4392.28,4392.19,4392.19,7.0,2026-09-02 14:08:47
1788358128,4392.1,4392.13,4391.76,4391.76,23.0,2026-09-02 14:08:48
1788358129,4391.78,4392.15,4391.73,4392.05,28.0,2026-09-02 14:08:49
1788358130,4391.97,4391.97,4391.97,4391.97,1.0,2026-09-02 14:08:50
1788358131,4391.96,4391.96,4391.9,4391.9,7.0,2026-09-02 14:08:51
1788358132,4391.87,4391.9,4391.76,4391.76,12.0,2026-09-02 14:08:52
1788358133,4391.74,4391.85,4391.62,4391.83,13.0,2026-09-02 14:08:53
1788358134,4391.83,4391.87,4391.83,4391.87,4.0,2026-09-02 14:08:54
1788358135,4391.74,4391.74,4391.72,4391.72,4.0,2026-09-02 14:08:55
1788358136,4391.9,4391.9,4391.9,4391.9,1.0,2026-09-02 14:08:56
1788358137,4392.36,4392.41,4392.36,4392.39,5.0,2026-09-02 14:08:57
1788358138,4392.37,4392.59,4392.37,4392.59,15.0,2026-09-02 14:08:58
1788358139,4392.71,4392.84,4392.7,4392.84,16.0,2026-09-02 14:08:59
1788358140,4392.85,4392.88,4392.85,4392.87,3.0,2026-09-02 14:09:00
1788358141,4392.87,4392.93,4392.87,4392.93,4.0,2026-09-02 14:09:01
1788358142,4392.78,4392.89,4392.78,4392.89,5.0,2026-09-02 14:09:02
1788358143,4392.87,4392.87,4392.55,4392.69,14.0,2026-09-02 14:09:03
1788358144,4392.7,4392.74,4392.66,4392.68,15.0,2026-09-02 14:09:04
1788358145,4392.67,4392.71,4392.66,4392.67,13.0,2026-09-02 14:09:05
1788358146,4392.89,4392.89,4392.8,4392.8,11.0,2026-09-02 14:09:06
1788358147,4392.77,4392.77,4392.67,4392.75,11.0,2026-09-02 14:09:07
1788358148,4392.73,4392.73,4392.72,4392.72,2.0,2026-09-02 14:09:08
1788358149,4392.72,4392.95,4392.72,4392.95,10.0,2026-09-02 14:09:09
1788358150,4393.99,4394.15,4393.58,4393.7,32.0,2026-09-02 14:09:10
1788358151,4393.64,4393.65,4393.62,4393.63,6.0,2026-09-02 14:09:11
1788358152,4393.63,4393.63,4393.61,4393.61,2.0,2026-09-02 14:09:12
1788358153,4393.51,4393.51,4393.49,4393.49,3.0,2026-09-02 14:09:13
1788358156,4393.49,4393.49,4393.01,4393.01,13.0,2026-09-02 14:09:16
1788358157,4392.96,4393.0,4392.96,4393.0,2.0,2026-09-02 14:09:17
1788358158,4392.76,4392.76,4392.71,4392.71,5.0,2026-09-02 14:09:18
1788358159,4392.9,4393.0,4392.9,4393.0,8.0,2026-09-02 14:09:19
1788358160,4393.01,4393.08,4392.92,4392.92,10.0,2026-09-02 14:09:20
1788358161,4392.94,4393.07,4392.9,4392.98,17.0,2026-09-02 14:09:21
1788358162,4393.03,4393.13,4393.03,4393.13,6.0,2026-09-02 14:09:22
1788358163,4393.14,4393.15,4393.14,4393.15,2.0,2026-09-02 14:09:23
1788358164,4393.21,4393.49,4393.21,4393.48,13.0,2026-09-02 14:09:24
1788358165,4393.7,4393.87,4393.7,4393.83,12.0,2026-09-02 14:09:25
1788358166,4393.92,4394.17,4393.92,4394.17,6.0,2026-09-02 14:09:26
1788358167,4394.04,4394.11,4393.85,4394.01,18.0,2026-09-02 14:09:27
1788358168,4394.01,4394.01,4394.0,4394.0,2.0,2026-09-02 14:09:28
1788358169,4394.09,4394.09,4393.94,4394.03,10.0,2026-09-02 14:09:29
1788358170,4394.03,4394.05,4394.03,4394.04,3.0,2026-09-02 14:09:30
1788358171,4393.66,4393.72,4393.66,4393.72,5.0,2026-09-02 14:09:31
1788358172,4393.61,4393.74,4393.55,4393.71,22.0,2026-09-02 14:09:32
1788358173,4393.63,4393.7,4393.41,4393.41,19.0,2026-09-02 14:09:33
1788358174,4393.34,4393.36,4393.28,4393.32,9.0,2026-09-02 14:09:34
1788358175,4393.18,4393.32,4393.13,4393.21,26.0,2026-09-02 14:09:35
1788358176,4393.24,4393.31,4393.24,4393.28,5.0,2026-09-02 14:09:36
1788358177,4393.3,4393.86,4393.3,4393.86,17.0,2026-09-02 14:09:37
1788358178,4393.68,4393.68,4393.36,4393.38,26.0,2026-09-02 14:09:38
1788358179,4393.28,4393.28,4393.15,4393.15,19.0,2026-09-02 14:09:39
1788358180,4393.17,4393.21,4393.03,4393.11,16.0,2026-09-02 14:09:40
1788358181,4393.13,4393.13,4393.13,4393.13,2.0,2026-09-02 14:09:41
1788358182,4392.86,4392.91,4392.68,4392.68,16.0,2026-09-02 14:09:42
1788358183,4392.37,4392.39,4392.2,4392.2,13.0,2026-09-02 14:09:43
1788358184,4392.2,4392.39,4392.19,4392.39,5.0,2026-09-02 14:09:44
1788358185,4392.96,4392.96,4392.84,4392.85,13.0,2026-09-02 14:09:45
1788358186,4392.93,4392.94,4392.91,4392.91,5.0,2026-09-02 14:09:46
1788358187,4392.88,4392.91,4392.82,4392.89,11.0,2026-09-02 14:09:47
1788358188,4392.9,4392.91,4392.9,4392.91,4.0,2026-09-02 14:09:48
1788358189,4393.01,4393.11,4392.89,4393.08,20.0,2026-09-02 14:09:49
1788358190,4393.09,4393.12,4393.05,4393.1,8.0,2026-09-02 14:09:50
1788358191,4393.11,4393.11,4392.92,4392.96,21.0,2026-09-02 14:09:51
1788358192,4392.97,4392.97,4392.82,4392.85,11.0,2026-09-02 14:09:52
1788358193,4392.86,4392.94,4392.86,4392.94,3.0,2026-09-02 14:09:53
1788358194,4393.02,4393.03,4392.81,4392.83,8.0,2026-09-02 14:09:54
1788358195,4392.85,4393.03,4392.85,4393.03,14.0,2026-09-02 14:09:55
1788358196,4393.05,4393.05,4392.92,4392.92,7.0,2026-09-02 14:09:56
1788358197,4392.92,4392.92,4392.91,4392.91,2.0,2026-09-02 14:09:57
1788358200,4392.9,4392.9,4392.89,4392.89,2.0,2026-09-02 14:10:00
1788358201,4392.88,4392.91,4392.87,4392.87,5.0,2026-09-02 14:10:01
1788358202,4392.86,4392.87,4392.78,4392.87,9.0,2026-09-02 14:10:02
1788358203,4392.87,4392.88,4392.85,4392.88,3.0,2026-09-02 14:10:03
1788358204,4392.88,4392.88,4392.88,4392.88,3.0,2026-09-02 14:10:04
1788358205,4392.89,4392.9,4392.84,4392.84,6.0,2026-09-02 14:10:05
1788358206,4392.84,4392.84,4392.84,4392.84,2.0,2026-09-02 14:10:06
1788358207,4392.64,4392.64,4392.47,4392.52,10.0,2026-09-02 14:10:07
1788358208,4392.52,4392.7,4392.52,4392.66,8.0,2026-09-02 14:10:08
1788358209,4392.66,4392.67,4392.46,4392.46,12.0,2026-09-02 14:10:09
1788358210,4392.45,4392.45,4392.43,4392.44,3.0,2026-09-02 14:10:10
1788358211,4392.65,4392.8,4392.52,4392.52,21.0,2026-09-02 14:10:11
1788358212,4392.48,4392.48,4392.42,4392.45,7.0,2026-09-02 14:10:12
1788358213,4392.55,4392.6,4392.53,4392.53,9.0,2026-09-02 14:10:13
1788358214,4392.53,4392.67,4392.53,4392.65,7.0,2026-09-02 14:10:14
1788358215,4392.66,4392.67,4392.65,4392.67,3.0,2026-09-02 14:10:15
1788358216,4392.59,4392.64,4392.53,4392.63,8.0,2026-09-02 14:10:16
1788358217,4393.58,4393.75,4393.58,4393.72,7.0,2026-09-02 14:10:17
1788358218,4393.73,4394.01,4393.73,4393.98,12.0,2026-09-02 14:10:18
1788358219,4394.0,4394.5,4394.0,4394.46,12.0,2026-09-02 14:10:19
1788358220,4394.26,4394.93,4394.26,4394.9,14.0,2026-09-02 14:10:20
1788358221,4394.93,4395.23,4394.93,4394.97,11.0,2026-09-02 14:10:21
1788358222,4395.0,4395.16,4395.0,4395.16,9.0,2026-09-02 14:10:22
1788358223,4395.17,4395.18,4394.94,4394.94,11.0,2026-09-02 14:10:23
1788358224,4394.83,4394.83,4394.77,4394.77,2.0,2026-09-02 14:10:24
1788358225,4395.06,4395.4,4395.06,4395.4,10.0,2026-09-02 14:10:25
1788358226,4395.46,4396.16,4395.46,4395.74,19.0,2026-09-02 14:10:26
1788358227,4395.75,4396.0,4395.74,4396.0,11.0,2026-09-02 14:10:27
1788358228,4396.03,4396.64,4394.93,4395.9,21.0,2026-09-02 14:10:28
1788358229,4396.44,4396.52,4396.2,4396.31,20.0,2026-09-02 14:10:29
1788358230,4396.26,4396.34,4396.26,4396.34,6.0,2026-09-02 14:10:30
1788358231,4396.66,4396.66,4396.24,4396.41,15.0,2026-09-02 14:10:31
1788358232,4396.38,4396.38,4396.33,4396.34,6.0,2026-09-02 14:10:32
1788358233,4396.09,4396.18,4395.83,4395.98,12.0,2026-09-02 14:10:33
1788358234,4395.94,4396.02,4395.54,4395.55,22.0,2026-09-02 14:10:34
1788358235,4395.52,4395.74,4395.51,4395.74,14.0,2026-09-02 14:10:35
1788358236,4395.75,4395.79,4395.58,4395.62,9.0,2026-09-02 14:10:36
1788358239,4395.2,4395.2,4394.81,4394.87,12.0,2026-09-02 14:10:39
1788358240,4394.76,4394.8,4394.5,4394.5,25.0,2026-09-02 14:10:40
1788358241,4394.48,4394.48,4394.3,4394.3,9.0,2026-09-02 14:10:41
1788358242,4394.29,4394.46,4394.29,4394.38,19.0,2026-09-02 14:10:42
1788358243,4394.37,4394.37,4394.12,4394.12,5.0,2026-09-02 14:10:43
1788358244,4393.59,4393.59,4393.34,4393.38,9.0,2026-09-02 14:10:44
1788358245,4393.83,4394.02,4393.78,4393.81,19.0,2026-09-02 14:10:45
1788358246,4393.79,4393.8,4393.39,4393.42,23.0,2026-09-02 14:10:46
1788358247,4393.43,4393.5,4393.35,4393.4,18.0,2026-09-02 14:10:47
1788358248,4393.42,4393.62,4393.37,4393.51,20.0,2026-09-02 14:10:48
1788358249,4393.52,4393.52,4393.52,4393.52,1.0,2026-09-02 14:10:49
1788358250,4393.54,4393.81,4393.54,4393.79,14.0,2026-09-02 14:10:50
1788358251,4393.64,4393.96,4393.64,4393.9,19.0,2026-09-02 14:10:51
1788358252,4393.86,4393.91,4393.72,4393.72,17.0,2026-09-02 14:10:52
1788358253,4393.71,4393.73,4393.7,4393.73,3.0,2026-09-02 14:10:53
1788358254,4393.83,4393.83,4393.46,4393.49,22.0,2026-09-02 14:10:54
1788358255,4393.61,4394.29,4393.61,4394.21,10.0,2026-09-02 14:10:55
1788358256,4394.2,4394.2,4394.13,4394.13,3.0,2026-09-02 14:10:56
1788358257,4393.72,4393.73,4393.67,4393.67,7.0,2026-09-02 14:10:57
1788358258,4393.56,4393.61,4393.53,4393.61,6.0,2026-09-02 14:10:58
1788358259,4393.58,4393.67,4393.58,4393.67,7.0,2026-09-02 14:10:59
1788358260,4393.65,4393.67,4393.65,4393.66,5.0,2026-09-02 14:11:00
1788358261,4393.69,4393.69,4393.68,4393.68,3.0,2026-09-02 14:11:01
1788358262,4393.66,4394.33,4393.66,4394.12,25.0,2026-09-02 14:11:02
1788358263,4394.1,4394.12,4394.1,4394.1,3.0,2026-09-02 14:11:03
1788358264,4393.67,4393.87,4393.67,4393.87,12.0,2026-09-02 14:11:04
1788358265,4393.84,4393.84,4393.84,4393.84,1.0,2026-09-02 14:11:05
1788358266,4394.2,4394.62,4394.2,4394.62,10.0,2026-09-02 14:11:06
1788358267,4394.28,4394.28,4393.84,4393.85,32.0,2026-09-02 14:11:07
1788358268,4393.85,4393.9,4393.81,4393.84,10.0,2026-09-02 14:11:08
1788358269,4393.68,4393.8,4393.48,4393.62,23.0,2026-09-02 14:11:09
1788358270,4393.25,4393.25,4393.0,4393.04,17.0,2026-09-02 14:11:10
1788358271,4392.98,4392.98,4392.6,4392.62,20.0,2026-09-02 14:11:11
1788358272,4392.65,4392.65,4392.4,4392.4,17.0,2026-09-02 14:11:12
1788358273,4392.45,4392.45,4392.43,4392.43,2.0,2026-09-02 14:11:13
1788358274,4392.44,4392.47,4392.16,4392.17,9.0,2026-09-02 14:11:14
1788358275,4392.1,4392.14,4392.07,4392.07,6.0,2026-09-02 14:11:15
1788358276,4391.99,4392.13,4390.95,4390.95,17.0,2026-09-02 14:11:16
1788358277,4391.25,4391.31,4391.25,4391.27,3.0,2026-09-02 14:11:17
1788358278,4391.09,4391.41,4391.05,4391.16,16.0,2026-09-02 14:11:18
1788358279,4391.52,4392.04,4391.52,4391.93,16.0,2026-09-02 14:11:19
1788358280,4391.84,4391.84,4391.36,4391.36,16.0,2026-09-02 14:11:20
1788358281,4391.43,4391.43,4391.0,4391.13,11.0,2026-09-02 14:11:21
1788358282,4391.5,4391.5,4391.5,4391.5,1.0,2026-09-02 14:11:22
1788358284,4391.5,4391.54,4391.22,4391.22,6.0,2026-09-02 14:11:24
1788358285,4391.14,4391.14,4391.04,4391.05,7.0,2026-09-02 14:11:25
1788358286,4391.13,4391.18,4390.84,4390.84,13.0,2026-09-02 14:11:26
1788358287,4389.98,4390.14,4389.93,4390.14,12.0,2026-09-02 14:11:27
1788358288,4390.21,4390.26,4390.03,4390.08,17.0,2026-09-02 14:11:28
1788358289,4390.05,4390.2,4390.03,4390.19,10.0,2026-09-02 14:11:29
1788358290,4390.18,4390.74,4390.04,4390.57,18.0,2026-09-02 14:11:30
1788358291,4390.37,4390.47,4390.24,4390.28,12.0,2026-09-02 14:11:31
1788358292,4390.26,4391.03,4390.26,4390.99,20.0,2026-09-02 14:11:32
1788358293,4390.93,4391.47,4390.88,4391.45,19.0,2026-09-02 14:11:33
1788358294,4391.47,4391.83,4391.44,4391.7,19.0,2026-09-02 14:11:34
1788358295,4391.68,4392.15,4391.58,4392.15,30.0,2026-09-02 14:11:35
1788358296,4392.36,4392.87,4392.33,4392.75,21.0,2026-09-02 14:11:36
1788358297,4392.73,4392.8,4392.72,4392.8,9.0,2026-09-02 14:11:37
1788358298,4392.81,4392.98,4392.79,4392.84,15.0,2026-09-02 14:11:38
1788358299,4392.78,4392.78,4392.42,4392.42,29.0,2026-09-02 14:11:39
1788358300,4392.41,4392.41,4392.14,4392.14,14.0,2026-09-02 14:11:40
1788358301,4392.15,4392.74,4392.1,4392.74,11.0,2026-09-02 14:11:41
1788358302,4392.74,4392.74,4392.73,4392.73,2.0,2026-09-02 14:11:42
1788358303,4392.75,4393.04,4392.75,4393.02,11.0,2026-09-02 14:11:43
1788358304,4393.03,4393.14,4393.03,4393.11,6.0,2026-09-02 14:11:44
1788358305,4393.09,4393.9,4393.07,4393.9,21.0,2026-09-02 14:11:45
1788358306,4393.83,4394.37,4393.83,4394.37,13.0,2026-09-02 14:11:46
1788358307,4394.33,4394.74,4394.3,4394.74,14.0,2026-09-02 14:11:47
1788358308,4394.66,4394.66,4394.66,4394.66,1.0,2026-09-02 14:11:48
1788358309,4394.17,4394.73,4394.16,4394.68,15.0,2026-09-02 14:11:49
1788358310,4394.75,4394.75,4394.59,4394.6,11.0,2026-09-02 14:11:50
1788358311,4394.58,4395.03,4394.58,4394.73,27.0,2026-09-02 14:11:51
1788358312,4394.68,4394.7,4394.63,4394.7,11.0,2026-09-02 14:11:52
1788358313,4394.82,4394.91,4394.82,4394.85,7.0,2026-09-02 14:11:53
1788358314,4394.95,4395.01,4394.85,4395.01,16.0,2026-09-02 14:11:54
1788358315,4394.96,4395.06,4394.96,4395.02,7.0,2026-09-02 14:11:55
1788358316,4395.0,4395.04,4394.7,4394.83,18.0,2026-09-02 14:11:56
1788358317,4394.83,4395.31,4394.81,4395.26,28.0,2026-09-02 14:11:57
1788358318,4395.25,4395.4,4395.25,4395.35,20.0,2026-09-02 14:11:58
1788358319,4395.36,4395.8,4395.28,4395.8,18.0,2026-09-02 14:11:59
1788358320,4395.85,4396.02,4395.79,4395.83,12.0,2026-09-02 14:12:00
1788358321,4395.79,4395.8,4395.7,4395.7,5.0,2026-09-02 14:12:01
1788358322,4395.51,4395.77,4395.51,4395.74,13.0,2026-09-02 14:12:02
1788358323,4395.75,4395.98,4395.75,4395.92,18.0,2026-09-02 14:12:03
1788358324,4395.91,4395.91,4395.86,4395.86,5.0,2026-09-02 14:12:04
1788358325,4395.89,4396.08,4395.78,4396.08,20.0,2026-09-02 14:12:05
1788358326,4396.09,4396.33,4396.05,4396.26,5.0,2026-09-02 14:12:06
1788358327,4396.27,4396.3,4396.06,4396.09,14.0,2026-09-02 14:12:07
1788358328,4396.06,4396.06,4395.99,4395.99,3.0,2026-09-02 14:12:08
1788358330,4396.01,4396.2,4396.01,4396.2,7.0,2026-09-02 14:12:10
1788358331,4396.24,4396.24,4396.24,4396.24,1.0,2026-09-02 14:12:11
1788358332,4396.26,4396.27,4396.25,4396.25,3.0,2026-09-02 14:12:12
1788358333,4396.2,4396.34,4396.19,4396.34,5.0,2026-09-02 14:12:13
1788358334,4396.5,4396.69,4396.5,4396.69,9.0,2026-09-02 14:12:14
1788358335,4396.68,4396.69,4396.68,4396.69,2.0,2026-09-02 14:12:15
1788358336,4396.81,4396.88,4396.81,4396.88,4.0,2026-09-02 14:12:16
1788358337,4396.86,4396.96,4396.81,4396.96,13.0,2026-09-02 14:12:17
1788358338,4396.96,4396.97,4396.72,4396.72,27.0,2026-09-02 14:12:18
1788358339,4396.77,4396.86,4396.65,4396.85,17.0,2026-09-02 14:12:19
1788358340,4396.78,4396.82,4396.73,4396.74,13.0,2026-09-02 14:12:20
1788358341,4396.75,4396.94,4396.75,4396.94,14.0,2026-09-02 14:12:21
1788358342,4396.94,4397.2,4396.94,4397.0,17.0,2026-09-02 14:12:22
1788358343,4397.04,4397.08,4396.99,4397.08,11.0,2026-09-02 14:12:23
1788358344,4397.11,4397.28,4396.9,4397.1,28.0,2026-09-02 14:12:24
1788358345,4397.04,4397.05,4396.95,4396.99,13.0,2026-09-02 14:12:25
1788358346,4397.08,4397.22,4397.01,4397.17,26.0,2026-09-02 14:12:26
1788358347,4397.27,4397.69,4397.27,4397.33,14.0,2026-09-02 14:12:27
1788358348,4397.2,4397.32,4397.19,4397.19,9.0,2026-09-02 14:12:28
1788358349,4396.78,4396.78,4395.51,4395.69,19.0,2026-09-02 14:12:29
1788358350,4395.85,4395.85,4394.88,4394.96,30.0,2026-09-02 14:12:30
1788358351,4394.88,4394.99,4394.69,4394.72,25.0,2026-09-02 14:12:31
1788358352,4394.74,4394.74,4394.64,4394.65,12.0,2026-09-02 14:12:32
1788358353,4394.21,4394.64,4394.2,4394.61,26.0,2026-09-02 14:12:33
1788358354,4394.26,4394.79,4394.26,4394.75,21.0,2026-09-02 14:12:34
1788358355,4394.77,4394.83,4394.41,4394.41,16.0,2026-09-02 14:12:35
1788358356,4394.36,4394.36,4394.36,4394.36,1.0,2026-09-02 14:12:36
1788358357,4394.72,4394.76,4394.72,4394.76,4.0,2026-09-02 14:12:37
1788358358,4394.83,4394.84,4394.79,4394.84,7.0,2026-09-02 14:12:38
1788358359,4394.37,4394.45,4394.37,4394.44,10.0,2026-09-02 14:12:39
1788358360,4394.44,4394.46,4394.29,4394.46,21.0,2026-09-02 14:12:40
1788358361,4394.49,4394.68,4394.49,4394.6,21.0,2026-09-02 14:12:41
1788358362,4394.63,4394.63,4394.24,4394.24,12.0,2026-09-02 14:12:42
1788358363,4394.23,4394.33,4394.18,4394.3,12.0,2026-09-02 14:12:43
1788358364,4394.29,4394.51,4394.11,4394.18,24.0,2026-09-02 14:12:44
1788358365,4394.17,4394.17,4393.78,4393.89,21.0,2026-09-02 14:12:45
1788358366,4393.91,4393.91,4393.68,4393.68,10.0,2026-09-02 14:12:46
1788358367,4393.84,4393.92,4393.81,4393.92,4.0,2026-09-02 14:12:47
1788358368,4393.99,4394.02,4393.05,4393.05,31.0,2026-09-02 14:12:48
1788358369,4393.11,4393.61,4393.07,4393.49,22.0,2026-09-02 14:12:49
1788358370,4393.56,4393.66,4393.43,4393.55,22.0,2026-09-02 14:12:50
1788358371,4393.51,4393.51,4393.5,4393.51,3.0,2026-09-02 14:12:51
1788358372,4393.12,4393.12,4392.89,4392.93,4.0,2026-09-02 14:12:52
1788358373,4392.87,4392.87,4392.79,4392.82,9.0,2026-09-02 14:12:53
1788358375,4393.26,4393.26,4393.26,4393.26,1.0,2026-09-02 14:12:55
1788358376,4393.59,4393.59,4393.01,4393.02,15.0,2026-09-02 14:12:56
1788358377,4393.09,4393.49,4393.04,4393.43,22.0,2026-09-02 14:12:57
1788358378,4393.48,4393.78,4393.45,4393.67,15.0,2026-09-02 14:12:58
1788358379,4393.65,4393.69,4393.65,4393.67,4.0,2026-09-02 14:12:59
1788358380,4393.25,4393.25,4393.11,4393.17,4.0,2026-09-02 14:13:00
1788358381,4393.15,4393.3,4393.14,4393.21,10.0,2026-09-02 14:13:01
1788358382,4393.22,4393.56,4393.22,4393.34,12.0,2026-09-02 14:13:02
1788358383,4393.31,4393.36,4393.29,4393.36,10.0,2026-09-02 14:13:03
1788358384,4393.35,4393.35,4393.27,4393.27,4.0,2026-09-02 14:13:04
1788358385,4393.11,4393.22,4393.11,4393.16,8.0,2026-09-02 14:13:05
1788358386,4393.1,4393.11,4393.06,4393.1,8.0,2026-09-02 14:13:06
1788358387,4393.03,4393.07,4392.89,4393.07,23.0,2026-09-02 14:13:07
1788358388,4393.05,4393.05,4392.74,4392.83,11.0,2026-09-02 14:13:08
1788358389,4392.8,4393.37,4392.68,4393.37,24.0,2026-09-02 14:13:09
1788358390,4393.39,4393.51,4392.93,4392.95,23.0,2026-09-02 14:13:10
1788358391,4392.96,4393.14,4392.87,4393.14,9.0,2026-09-02 14:13:11
1788358392,4393.05,4393.05,4392.49,4392.62,15.0,2026-09-02 14:13:12
1788358393,4392.53,4392.8,4392.32,4392.8,25.0,2026-09-02 14:13:13
1788358394,4392.84,4393.04,4392.84,4393.04,3.0,2026-09-02 14:13:14
1788358395,4393.09,4393.36,4393.08,4393.36,11.0,2026-09-02 14:13:15
1788358396,4393.24,4393.24,4393.15,4393.2,9.0,2026-09-02 14:13:16
1788358397,4393.45,4393.98,4393.45,4393.98,10.0,2026-09-02 14:13:17
1788358398,4393.96,4394.36,4393.96,4394.3,17.0,2026-09-02 14:13:18
1788358399,4394.29,4394.29,4394.08,4394.08,5.0,2026-09-02 14:13:19
1788358400,4394.36,4394.47,4394.36,4394.47,9.0,2026-09-02 14:13:20
1788358401,4394.39,4394.39,4393.82,4393.82,25.0,2026-09-02 14:13:21
1788358402,4393.68,4393.71,4393.43,4393.43,18.0,2026-09-02 14:13:22
1788358403,4393.41,4393.41,4393.2,4393.2,11.0,2026-09-02 14:13:23
1788358404,4393.21,4393.22,4393.2,4393.2,5.0,2026-09-02 14:13:24
1788358405,4393.34,4393.51,4393.34,4393.47,10.0,2026-09-02 14:13:25
1788358406,4393.49,4393.52,4393.4,4393.52,6.0,2026-09-02 14:13:26
1788358407,4393.45,4393.45,4392.82,4392.89,13.0,2026-09-02 14:13:27
1788358408,4392.89,4393.08,4392.85,4393.07,16.0,2026-09-02 14:13:28
1788358409,4393.09,4393.09,4393.08,4393.08,2.0,2026-09-02 14:13:29
1788358410,4393.29,4393.31,4393.25,4393.28,6.0,2026-09-02 14:13:30
1788358411,4393.14,4393.15,4393.04,4393.04,9.0,2026-09-02 14:13:31
1788358412,4393.03,4393.03,4392.93,4392.97,12.0,2026-09-02 14:13:32
1788358413,4392.87,4393.68,4392.87,4393.31,26.0,2026-09-02 14:13:33
1788358414,4393.33,4393.39,4393.29,4393.32,12.0,2026-09-02 14:13:34
1788358415,4393.43,4394.07,4393.43,4394.07,13.0,2026-09-02 14:13:35
1788358416,4394.08,4394.08,4393.9,4393.94,15.0,2026-09-02 14:13:36
1788358417,4393.91,4393.91,4393.91,4393.91,1.0,2026-09-02 14:13:37
1788358418,4394.19,4394.19,4394.11,4394.11,4.0,2026-09-02 14:13:38
1788358419,4393.75,4393.75,4393.52,4393.61,12.0,2026-09-02 14:13:39
1788358420,4393.62,4393.62,4393.55,4393.58,4.0,2026-09-02 14:13:40
1788358422,4393.59,4393.72,4393.59,4393.72,4.0,2026-09-02 14:13:42
1788358423,4393.73,4393.73,4393.73,4393.73,1.0,2026-09-02 14:13:43
1788358424,4393.75,4393.82,4393.75,4393.82,4.0,2026-09-02 14:13:44
1788358425,4393.85,4393.91,4393.85,4393.91,3.0,2026-09-02 14:13:45
1788358426,4393.81,4393.81,4393.73,4393.73,3.0,2026-09-02 14:13:46
1788358427,4393.71,4393.71,4393.49,4393.55,8.0,2026-09-02 14:13:47
1788358428,4393.56,4393.59,4393.52,4393.59,8.0,2026-09-02 14:13:48
1788358429,4393.6,4394.37,4393.56,4394.37,29.0,2026-09-02 14:13:49
1788358430,4394.42,4394.63,4394.39,4394.55,16.0,2026-09-02 14:13:50
1788358431,4394.59,4394.97,4394.59,4394.95,19.0,2026-09-02 14:13:51
1788358432,4394.97,4395.06,4394.97,4395.05,6.0,2026-09-02 14:13:52
1788358433,4394.83,4395.02,4394.83,4394.98,7.0,2026-09-02 14:13:53
1788358434,4395.01,4395.02,4394.97,4395.01,9.0,2026-09-02 14:13:54
1788358435,4395.03,4395.03,4394.9,4394.98,13.0,2026-09-02 14:13:55
1788358436,4394.98,4395.27,4394.97,4395.23,10.0,2026-09-02 14:13:56
1788358437,4395.22,4395.23,4395.15,4395.23,16.0,2026-09-02 14:13:57
1788358438,4395.26,4395.58,4395.25,4395.58,11.0,2026-09-02 14:13:58
1788358439,4395.74,4395.92,4395.57,4395.6,18.0,2026-09-02 14:13:59
1788358440,4395.59,4395.59,4395.59,4395.59,1.0,2026-09-02 14:14:00
1788358441,4395.6,4395.6,4395.29,4395.31,10.0,2026-09-02 14:14:01
1788358442,4395.31,4395.37,4395.28,4395.37,5.0,2026-09-02 14:14:02
1788358443,4395.46,4395.46,4395.19,4395.19,8.0,2026-09-02 14:14:03
1788358444,4395.22,4395.32,4394.86,4394.93,17.0,2026-09-02 14:14:04
1788358445,4394.98,4394.98,4394.98,4394.98,1.0,2026-09-02 14:14:05
1788358446,4394.33,4394.34,4394.33,4394.34,2.0,2026-09-02 14:14:06
1788358447,4394.08,4394.1,4394.08,4394.1,2.0,2026-09-02 14:14:07
1788358448,4394.02,4394.02,4394.02,4394.02,1.0,2026-09-02 14:14:08
1788358449,4394.0,4394.0,4393.85,4393.86,3.0,2026-09-02 14:14:09
1788358450,4393.59,4393.59,4393.5,4393.5,5.0,2026-09-02 14:14:10
1788358451,4393.41,4393.41,4393.09,4393.13,8.0,2026-09-02 14:14:11
1788358452,4393.9,4393.9,4393.6,4393.68,4.0,2026-09-02 14:14:12
1788358453,4393.62,4393.62,4393.62,4393.62,1.0,2026-09-02 14:14:13
1788358507,4388.51,4388.51,4388.35,4388.35,13.0,2026-09-02 14:15:07
1788358508,4388.38,4388.5,4388.32,4388.37,20.0,2026-09-02 14:15:08
1788358509,4388.36,4388.36,4388.35,4388.35,2.0,2026-09-02 14:15:09
1788358510,4388.27,4388.27,4388.17,4388.18,5.0,2026-09-02 14:15:10
1788358511,4388.24,4388.24,4388.1,4388.1,14.0,2026-09-02 14:15:11
1788358512,4388.11,4388.11,4387.76,4387.78,21.0,2026-09-02 14:15:12
1788358513,4387.78,4387.99,4387.68,4387.99,15.0,2026-09-02 14:15:13
1788358515,4388.01,4388.01,4387.96,4387.96,3.0,2026-09-02 14:15:15
1788358516,4387.96,4387.96,4387.9,4387.9,3.0,2026-09-02 14:15:16
1788358517,4387.63,4387.63,4387.57,4387.57,9.0,2026-09-02 14:15:17
1788358518,4387.58,4387.88,4387.58,4387.87,14.0,2026-09-02 14:15:18
1788358519,4387.89,4388.05,4387.87,4387.99,19.0,2026-09-02 14:15:19
1788358520,4388.0,4388.05,4387.64,4387.69,24.0,2026-09-02 14:15:20
1788358521,4387.67,4387.67,4387.67,4387.67,1.0,2026-09-02 14:15:21
1788358522,4387.38,4387.38,4387.34,4387.35,4.0,2026-09-02 14:15:22
1788358523,4387.58,4387.7,4387.57,4387.7,9.0,2026-09-02 14:15:23
1788358524,4387.83,4387.86,4387.71,4387.71,15.0,2026-09-02 14:15:24
1788358525,4387.94,4388.05,4387.93,4388.05,13.0,2026-09-02 14:15:25
1788358526,4388.04,4388.06,4387.6,4387.6,18.0,2026-09-02 14:15:26
1788358527,4387.61,4387.72,4387.5,4387.66,26.0,2026-09-02 14:15:27
1788358528,4387.65,4387.65,4387.52,4387.52,14.0,2026-09-02 14:15:28
1788358529,4387.53,4387.53,4387.49,4387.49,4.0,2026-09-02 14:15:29
1788358530,4387.35,4387.48,4387.25,4387.45,14.0,2026-09-02 14:15:30
1788358531,4387.38,4387.41,4387.0,4387.09,12.0,2026-09-02 14:15:31
1788358532,4386.87,4386.87,4386.72,4386.72,13.0,2026-09-02 14:15:32
1788358533,4386.77,4386.78,4386.08,4386.1,19.0,2026-09-02 14:15:33
1788358534,4386.11,4386.67,4386.11,4386.64,18.0,2026-09-02 14:15:34
1788358535,4386.67,4386.81,4386.67,4386.81,7.0,2026-09-02 14:15:35
1788358536,4386.85,4386.88,4386.85,4386.86,5.0,2026-09-02 14:15:36
1788358537,4386.86,4386.86,4386.8,4386.8,2.0,2026-09-02 14:15:37
1788358538,4386.83,4386.85,4386.81,4386.84,7.0,2026-09-02 14:15:38
1788358539,4386.88,4386.88,4386.68,4386.78,13.0,2026-09-02 14:15:39
1788358540,4386.68,4386.72,4386.58,4386.59,11.0,2026-09-02 14:15:40
1788358541,4386.45,4386.61,4386.43,4386.61,6.0,2026-09-02 14:15:41
1788358542,4386.54,4386.59,4386.4,4386.4,14.0,2026-09-02 14:15:42
1788358543,4386.38,4386.42,4386.33,4386.42,8.0,2026-09-02 14:15:43
1788358544,4386.44,4386.51,4386.44,4386.51,7.0,2026-09-02 14:15:44
1788358545,4386.51,4386.51,4386.44,4386.44,3.0,2026-09-02 14:15:45
1788358546,4386.26,4386.34,4386.25,4386.27,10.0,2026-09-02 14:15:46
1788358547,4386.29,4386.34,4386.23,4386.33,11.0,2026-09-02 14:15:47
1788358548,4386.33,4386.33,4386.22,4386.3,15.0,2026-09-02 14:15:48
1788358549,4386.31,4386.31,4386.15,4386.26,11.0,2026-09-02 14:15:49
1788358550,4386.27,4386.43,4386.27,4386.43,15.0,2026-09-02 14:15:50
1788358551,4386.41,4386.54,4386.4,4386.54,9.0,2026-09-02 14:15:51
1788358552,4386.85,4386.89,4386.85,4386.87,9.0,2026-09-02 14:15:52
1788358553,4386.99,4386.99,4386.8,4386.94,11.0,2026-09-02 14:15:53
1788358554,4386.87,4387.47,4386.87,4387.47,26.0,2026-09-02 14:15:54
1788358555,4387.44,4387.45,4387.35,4387.35,10.0,2026-09-02 14:15:55
1788358556,4387.34,4387.37,4386.97,4387.08,26.0,2026-09-02 14:15:56
1788358557,4387.11,4387.16,4387.11,4387.16,3.0,2026-09-02 14:15:57
1788358558,4387.22,4387.22,4387.2,4387.2,2.0,2026-09-02 14:15:58
1788358559,4387.12,4387.48,4387.12,4387.39,13.0,2026-09-02 14:15:59
1788358560,4387.24,4387.24,4387.24,4387.24,1.0,2026-09-02 14:16:00
1788358561,4387.07,4387.16,4387.07,4387.16,8.0,2026-09-02 14:16:01
1788358562,4387.14,4387.22,4387.14,4387.22,8.0,2026-09-02 14:16:02
1788358563,4387.21,4387.21,4387.15,4387.17,7.0,2026-09-02 14:16:03
1788358564,4387.16,4387.57,4387.15,4387.57,12.0,2026-09-02 14:16:04
1788358565,4387.58,4387.58,4387.58,4387.58,1.0,2026-09-02 14:16:05
1788358566,4387.54,4387.54,4387.54,4387.54,1.0,2026-09-02 14:16:06
1788358567,4387.53,4387.53,4387.43,4387.46,5.0,2026-09-02 14:16:07
1788358568,4387.52,4387.68,4387.52,4387.61,7.0,2026-09-02 14:16:08
1788358569,4387.86,4388.2,4387.86,4388.02,13.0,2026-09-02 14:16:09
1788358570,4387.82,4387.94,4387.77,4387.93,23.0,2026-09-02 14:16:10
1788358571,4387.9,4387.9,4387.9,4387.9,1.0,2026-09-02 14:16:11
1788358572,4388.3,4388.3,4388.24,4388.24,2.0,2026-09-02 14:16:12
1788358573,4387.96,4387.97,4387.8,4387.86,9.0,2026-09-02 14:16:13
1788358574,4387.91,4387.97,4387.91,4387.97,3.0,2026-09-02 14:16:14
1788358575,4387.66,4387.66,4387.64,4387.65,5.0,2026-09-02 14:16:15
1788358576,4387.44,4387.44,4387.36,4387.36,5.0,2026-09-02 14:16:16
1788358577,4387.17,4387.19,4387.06,4387.19,11.0,2026-09-02 14:16:17
1788358578,4387.2,4387.22,4387.2,4387.2,4.0,2026-09-02 14:16:18
1788358579,4387.2,4388.1,4387.2,4388.1,21.0,2026-09-02 14:16:19
1788358580,4388.13,4388.13,4387.99,4387.99,11.0,2026-09-02 14:16:20
1788358581,4387.96,4388.24,4387.89,4388.21,16.0,2026-09-02 14:16:21
1788358582,4388.22,4388.22,4388.22,4388.22,1.0,2026-09-02 14:16:22
1788358583,4388.35,4388.35,4388.15,4388.15,7.0,2026-09-02 14:16:23
1788358584,4388.11,4388.15,4388.1,4388.15,5.0,2026-09-02 14:16:24
1788358585,4388.02,4388.18,4388.02,4388.18,7.0,2026-09-02 14:16:25
1788358586,4388.14,4388.26,4388.12,4388.19,13.0,2026-09-02 14:16:26
1788358587,4388.21,4388.52,4388.21,4388.44,15.0,2026-09-02 14:16:27
1788358588,4388.46,4388.75,4388.46,4388.58,21.0,2026-09-02 14:16:28
1788358589,4388.56,4388.61,4388.55,4388.59,6.0,2026-09-02 14:16:29
1788358590,4388.6,4388.63,4388.6,4388.63,3.0,2026-09-02 14:16:30
1788358593,4388.68,4388.68,4388.67,4388.67,2.0,2026-09-02 14:16:33
1788358594,4388.58,4388.58,4388.55,4388.56,3.0,2026-09-02 14:16:34
1788358595,4388.57,4388.63,4388.57,4388.63,3.0,2026-09-02 14:16:35
1788358596,4388.7,4388.83,4388.65,4388.74,11.0,2026-09-02 14:16:36
1788358597,4388.73,4388.91,4388.73,4388.91,9.0,2026-09-02 14:16:37
1788358598,4388.95,4389.1,4388.82,4388.85,23.0,2026-09-02 14:16:38
1788358599,4388.83,4388.83,4388.7,4388.74,8.0,2026-09-02 14:16:39
1788358600,4388.58,4388.58,4388.32,4388.32,10.0,2026-09-02 14:16:40
1788358601,4388.36,4388.36,4388.26,4388.26,6.0,2026-09-02 14:16:41
1788358602,4388.23,4388.29,4388.21,4388.29,8.0,2026-09-02 14:16:42
1788358603,4388.24,4388.36,4388.23,4388.36,7.0,2026-09-02 14:16:43
1788358604,4388.18,4388.26,4387.94,4388.2,25.0,2026-09-02 14:16:44
1788358605,4388.17,4389.25,4388.17,4389.25,18.0,2026-09-02 14:16:45
1788358606,4389.05,4389.05,4388.18,4388.31,31.0,2026-09-02 14:16:46
1788358607,4388.3,4388.63,4388.08,4388.62,25.0,2026-09-02 14:16:47
1788358608,4388.61,4388.65,4388.45,4388.45,10.0,2026-09-02 14:16:48
1788358609,4388.42,4388.42,4388.03,4388.06,9.0,2026-09-02 14:16:49
1788358610,4388.2,4388.45,4388.2,4388.36,21.0,2026-09-02 14:16:50
1788358611,4388.4,4388.41,4388.35,4388.38,13.0,2026-09-02 14:16:51
1788358612,4388.14,4388.17,4387.74,4387.74,25.0,2026-09-02 14:16:52
1788358613,4387.5,4387.5,4387.05,4387.09,19.0,2026-09-02 14:16:53
1788358614,4387.08,4387.08,4386.91,4386.91,3.0,2026-09-02 14:16:54
1788358615,4387.07,4387.14,4387.07,4387.13,10.0,2026-09-02 14:16:55
1788358616,4387.08,4387.15,4387.08,4387.15,10.0,2026-09-02 14:16:56
1788358617,4387.24,4387.25,4387.11,4387.11,6.0,2026-09-02 14:16:57
1788358618,4387.02,4387.1,4387.02,4387.1,7.0,2026-09-02 14:16:58
1788358619,4387.21,4387.32,4387.21,4387.32,7.0,2026-09-02 14:16:59
1788358620,4387.33,4387.61,4387.33,4387.56,12.0,2026-09-02 14:17:00
1788358621,4387.52,4387.56,4387.27,4387.27,17.0,2026-09-02 14:17:01
1788358622,4387.25,4387.25,4387.2,4387.2,4.0,2026-09-02 14:17:02
1788358623,4387.23,4387.42,4387.23,4387.41,12.0,2026-09-02 14:17:03
1788358624,4387.43,4387.45,4387.42,4387.45,5.0,2026-09-02 14:17:04
1788358625,4387.7,4387.7,4387.48,4387.54,16.0,2026-09-02 14:17:05
1788358626,4387.41,4387.41,4387.18,4387.26,19.0,2026-09-02 14:17:06
1788358627,4387.3,4387.3,4386.94,4387.09,32.0,2026-09-02 14:17:07
1788358628,4387.27,4387.27,4386.91,4387.05,22.0,2026-09-02 14:17:08
1788358629,4387.06,4387.22,4387.06,4387.22,4.0,2026-09-02 14:17:09
1788358630,4387.46,4387.48,4387.46,4387.46,5.0,2026-09-02 14:17:10
1788358631,4386.96,4386.97,4386.77,4386.92,24.0,2026-09-02 14:17:11
1788358632,4386.88,4386.88,4386.75,4386.78,6.0,2026-09-02 14:17:12
1788358634,4386.77,4386.93,4386.77,4386.93,13.0,2026-09-02 14:17:14
1788358635,4386.9,4386.9,4386.82,4386.82,4.0,2026-09-02 14:17:15
1788358636,4386.88,4386.95,4386.87,4386.95,8.0,2026-09-02 14:17:16
1788358637,4387.0,4387.42,4387.0,4387.29,9.0,2026-09-02 14:17:17
1788358638,4387.11,4387.16,4387.1,4387.1,10.0,2026-09-02 14:17:18
1788358639,4387.15,4387.2,4387.15,4387.18,10.0,2026-09-02 14:17:19
1788358640,4387.15,4387.95,4387.14,4387.95,17.0,2026-09-02 14:17:20
1788358641,4387.91,4387.91,4387.89,4387.89,2.0,2026-09-02 14:17:21
1788358642,4387.86,4387.86,4387.75,4387.75,6.0,2026-09-02 14:17:22
1788358643,4387.93,4387.98,4387.85,4387.87,15.0,2026-09-02 14:17:23
1788358644,4387.99,4388.06,4387.97,4387.97,19.0,2026-09-02 14:17:24
1788358645,4387.84,4387.84,4387.32,4387.41,17.0,2026-09-02 14:17:25
1788358646,4387.46,4387.54,4387.36,4387.39,14.0,2026-09-02 14:17:26
1788358647,4387.39,4387.4,4387.39,4387.4,2.0,2026-09-02 14:17:27
1788358648,4387.81,4387.94,4387.81,4387.94,5.0,2026-09-02 14:17:28
1788358649,4388.14,4388.14,4388.0,4388.06,9.0,2026-09-02 14:17:29
1788358650,4387.82,4388.07,4387.81,4388.07,10.0,2026-09-02 14:17:30
1788358651,4387.76,4387.8,4387.76,4387.8,4.0,2026-09-02 14:17:31
1788358652,4387.87,4387.89,4387.87,4387.89,9.0,2026-09-02 14:17:32
1788358653,4387.86,4387.86,4387.56,4387.58,16.0,2026-09-02 14:17:33
1788358654,4387.52,4387.63,4387.52,4387.6,22.0,2026-09-02 14:17:34
1788358655,4387.61,4387.63,4387.44,4387.44,6.0,2026-09-02 14:17:35
1788358656,4387.5,4387.5,4387.34,4387.41,13.0,2026-09-02 14:17:36
1788358657,4387.37,4387.38,4387.3,4387.3,7.0,2026-09-02 14:17:37
1788358658,4387.27,4387.48,4387.27,4387.48,7.0,2026-09-02 14:17:38
1788358659,4387.47,4387.58,4387.47,4387.48,17.0,2026-09-02 14:17:39
1788358660,4387.47,4387.47,4387.47,4387.47,1.0,2026-09-02 14:17:40
1788358661,4387.39,4387.39,4387.15,4387.27,10.0,2026-09-02 14:17:41
1788358662,4387.26,4387.32,4387.26,4387.27,7.0,2026-09-02 14:17:42
1788358663,4387.08,4387.11,4387.04,4387.05,11.0,2026-09-02 14:17:43
1788358664,4387.52,4387.86,4387.52,4387.85,15.0,2026-09-02 14:17:44
1788358665,4387.91,4387.99,4387.9,4387.96,11.0,2026-09-02 14:17:45
1788358666,4387.94,4388.0,4387.48,4387.49,51.0,2026-09-02 14:17:46
1788358667,4387.47,4387.6,4387.47,4387.6,8.0,2026-09-02 14:17:47
1788358668,4387.62,4387.62,4387.3,4387.3,15.0,2026-09-02 14:17:48
1788358669,4387.23,4387.46,4387.23,4387.46,13.0,2026-09-02 14:17:49
1788358670,4387.31,4387.87,4387.31,4387.86,27.0,2026-09-02 14:17:50
1788358671,4387.9,4387.94,4387.77,4387.83,15.0,2026-09-02 14:17:51
1788358672,4387.81,4387.81,4387.81,4387.81,1.0,2026-09-02 14:17:52
1788358673,4387.83,4387.85,4387.83,4387.85,4.0,2026-09-02 14:17:53
1788358674,4387.97,4388.89,4387.97,4388.84,14.0,2026-09-02 14:17:54
1788358675,4388.98,4389.18,4388.96,4389.04,24.0,2026-09-02 14:17:55
1788358676,4389.07,4389.07,4387.99,4387.99,22.0,2026-09-02 14:17:56
1788358677,4388.02,4388.02,4388.02,4388.02,2.0,2026-09-02 14:17:57
1788358680,4387.9,4388.11,4387.88,4388.11,12.0,2026-09-02 14:18:00
1788358681,4388.11,4388.11,4388.1,4388.1,2.0,2026-09-02 14:18:01
1788358682,4388.05,4388.1,4388.05,4388.1,6.0,2026-09-02 14:18:02
1788358683,4388.06,4388.06,4387.89,4387.92,19.0,2026-09-02 14:18:03
1788358684,4387.94,4387.94,4387.87,4387.89,5.0,2026-09-02 14:18:04
1788358685,4387.89,4387.89,4387.89,4387.89,1.0,2026-09-02 14:18:05
1788358686,4387.74,4388.03,4387.69,4388.03,7.0,2026-09-02 14:18:06
1788358687,4388.01,4388.07,4387.98,4388.07,9.0,2026-09-02 14:18:07
1788358688,4387.99,4387.99,4387.7,4387.7,13.0,2026-09-02 14:18:08
1788358689,4387.62,4387.64,4387.62,4387.62,5.0,2026-09-02 14:18:09
1788358690,4387.33,4387.33,4386.75,4386.75,8.0,2026-09-02 14:18:10
1788358691,4386.71,4386.75,4386.64,4386.75,5.0,2026-09-02 14:18:11
1788358692,4386.83,4386.83,4386.83,4386.83,1.0,2026-09-02 14:18:12
1788358693,4386.93,4387.2,4386.84,4387.2,26.0,2026-09-02 14:18:13
1788358694,4387.33,4387.38,4387.33,4387.38,3.0,2026-09-02 14:18:14
1788358695,4387.41,4387.43,4387.41,4387.42,7.0,2026-09-02 14:18:15
1788358696,4387.43,4387.44,4387.43,4387.44,2.0,2026-09-02 14:18:16
1788358697,4387.36,4387.42,4387.34,4387.36,8.0,2026-09-02 14:18:17
1788358698,4387.37,4387.38,4387.28,4387.28,6.0,2026-09-02 14:18:18
1788358699,4387.28,4387.28,4387.07,4387.07,14.0,2026-09-02 14:18:19
1788358700,4386.88,4387.08,4386.78,4387.05,19.0,2026-09-02 14:18:20
1788358701,4387.05,4387.14,4387.03,4387.14,14.0,2026-09-02 14:18:21
1788358702,4387.21,4387.31,4387.11,4387.14,13.0,2026-09-02 14:18:22
1788358703,4387.15,4387.16,4387.05,4387.06,11.0,2026-09-02 14:18:23
1788358704,4387.12,4387.16,4386.43,4386.43,11.0,2026-09-02 14:18:24
1788358705,4386.45,4386.56,4386.44,4386.55,15.0,2026-09-02 14:18:25
1788358706,4386.5,4386.5,4386.46,4386.46,7.0,2026-09-02 14:18:26
1788358707,4385.98,4386.01,4385.89,4385.9,13.0,2026-09-02 14:18:27
1788358708,4385.93,4386.0,4385.88,4385.88,15.0,2026-09-02 14:18:28
1788358709,4385.89,4385.89,4385.67,4385.67,13.0,2026-09-02 14:18:29
1788358710,4385.66,4385.67,4385.45,4385.45,9.0,2026-09-02 14:18:30
1788358711,4385.39,4385.39,4385.25,4385.25,5.0,2026-09-02 14:18:31
1788358712,4385.28,4385.33,4385.28,4385.31,5.0,2026-09-02 14:18:32
1788358713,4385.33,4385.33,4385.0,4385.21,21.0,2026-09-02 14:18:33
1788358714,4385.25,4385.25,4385.25,4385.25,1.0,2026-09-02 14:18:34
1788358715,4385.53,4385.58,4385.53,4385.57,5.0,2026-09-02 14:18:35
1788358716,4385.44,4385.44,4385.18,4385.3,12.0,2026-09-02 14:18:36
1788358717,4385.43,4385.43,4385.24,4385.27,14.0,2026-09-02 14:18:37
1788358718,4385.26,4385.42,4384.98,4385.3,17.0,2026-09-02 14:18:38
1788358719,4385.26,4385.29,4385.26,4385.29,3.0,2026-09-02 14:18:39
1788358720,4385.27,4385.39,4385.27,4385.38,7.0,2026-09-02 14:18:40
1788358721,4385.79,4385.86,4385.37,4385.42,21.0,2026-09-02 14:18:41
1788358722,4385.39,4385.46,4385.34,4385.46,7.0,2026-09-02 14:18:42
1788358724,4385.51,4385.76,4385.51,4385.76,10.0,2026-09-02 14:18:44
1788358725,4385.8,4385.8,4385.8,4385.8,1.0,2026-09-02 14:18:45
1788358726,4385.86,4385.86,4385.82,4385.82,3.0,2026-09-02 14:18:46
1788358727,4385.95,4386.32,4385.93,4386.31,9.0,2026-09-02 14:18:47
1788358728,4386.18,4386.21,4386.06,4386.09,10.0,2026-09-02 14:18:48
1788358729,4385.9,4385.9,4385.78,4385.82,15.0,2026-09-02 14:18:49
1788358730,4385.9,4385.9,4385.32,4385.41,19.0,2026-09-02 14:18:50
1788358731,4385.38,4385.42,4385.31,4385.38,14.0,2026-09-02 14:18:51
1788358732,4385.35,4385.49,4385.35,4385.46,13.0,2026-09-02 14:18:52
1788358733,4385.47,4385.55,4385.47,4385.51,11.0,2026-09-02 14:18:53
1788358734,4385.91,4385.99,4385.91,4385.99,9.0,2026-09-02 14:18:54
1788358735,4385.79,4385.83,4385.79,4385.83,10.0,2026-09-02 14:18:55
1788358736,4386.0,4386.09,4385.91,4386.05,28.0,2026-09-02 14:18:56
1788358737,4385.99,4385.99,4385.84,4385.84,5.0,2026-09-02 14:18:57
1788358738,4386.03,4386.25,4386.01,4386.25,10.0,2026-09-02 14:18:58
1788358739,4386.28,4386.37,4386.27,4386.32,14.0,2026-09-02 14:18:59
1788358740,4386.33,4386.33,4386.33,4386.33,1.0,2026-09-02 14:19:00
1788358741,4386.25,4386.26,4386.0,4386.0,12.0,2026-09-02 14:19:01
1788358742,4386.55,4387.59,4386.55,4387.59,14.0,2026-09-02 14:19:02
1788358743,4387.63,4388.09,4387.63,4388.09,20.0,2026-09-02 14:19:03
1788358744,4388.03,4388.03,4387.59,4387.8,23.0,2026-09-02 14:19:04
1788358745,4387.79,4388.1,4387.76,4388.08,25.0,2026-09-02 14:19:05
1788358746,4388.09,4388.09,4387.97,4387.97,4.0,2026-09-02 14:19:06
1788358747,4388.68,4388.68,4388.64,4388.64,3.0,2026-09-02 14:19:07
1788358748,4388.98,4389.22,4388.86,4388.86,23.0,2026-09-02 14:19:08
1788358749,4388.7,4388.75,4388.61,4388.75,7.0,2026-09-02 14:19:09
1788358750,4388.87,4388.88,4388.85,4388.87,9.0,2026-09-02 14:19:10
1788358751,4388.92,4389.05,4388.92,4389.02,13.0,2026-09-02 14:19:11
1788358752,4389.3,4389.59,4389.29,4389.56,27.0,2026-09-02 14:19:12
1788358753,4389.56,4389.71,4389.56,4389.71,3.0,2026-09-02 14:19:13
1788358754,4389.69,4389.69,4389.6,4389.62,6.0,2026-09-02 14:19:14
1788358755,4389.66,4389.66,4389.44,4389.57,14.0,2026-09-02 14:19:15
1788358756,4389.48,4389.86,4389.48,4389.74,29.0,2026-09-02 14:19:16
1788358757,4389.71,4389.74,4389.53,4389.66,23.0,2026-09-02 14:19:17
1788358758,4389.67,4389.84,4389.64,4389.84,7.0,2026-09-02 14:19:18
1788358759,4389.74,4389.82,4389.65,4389.65,12.0,2026-09-02 14:19:19
1788358760,4389.76,4389.92,4389.74,4389.75,23.0,2026-09-02 14:19:20
1788358761,4389.57,4389.83,4389.38,4389.74,34.0,2026-09-02 14:19:21
1788358762,4389.87,4389.93,4389.67,4389.7,24.0,2026-09-02 14:19:22
1788358763,4389.62,4391.12,4389.62,4390.97,43.0,2026-09-02 14:19:23
1788358764,4391.01,4391.03,4390.49,4390.78,17.0,2026-09-02 14:19:24
1788358765,4390.74,4390.79,4390.22,4390.22,17.0,2026-09-02 14:19:25
1788358766,4389.23,4389.45,4389.23,4389.37,14.0,2026-09-02 14:19:26
1788358767,4389.51,4389.51,4389.32,4389.32,9.0,2026-09-02 14:19:27
1788358768,4389.33,4390.0,4389.3,4390.0,36.0,2026-09-02 14:19:28
1788358771,4389.95,4389.99,4389.9,4389.98,9.0,2026-09-02 14:19:31
1788358772,4389.97,4389.98,4389.96,4389.97,4.0,2026-09-02 14:19:32
1788358773,4389.98,4390.15,4389.98,4390.15,7.0,2026-09-02 14:19:33
1788358774,4390.04,4390.05,4390.01,4390.01,8.0,2026-09-02 14:19:34
1788358775,4390.22,4390.22,4390.1,4390.16,9.0,2026-09-02 14:19:35
1788358776,4389.92,4390.49,4389.9,4390.49,19.0,2026-09-02 14:19:36
1788358777,4390.62,4391.52,4390.62,4390.95,36.0,2026-09-02 14:19:37
1788358778,4390.92,4391.06,4390.41,4390.42,16.0,2026-09-02 14:19:38
1788358779,4390.18,4390.84,4390.12,4390.84,19.0,2026-09-02 14:19:39
1788358780,4391.18,4391.4,4391.18,4391.39,32.0,2026-09-02 14:19:40
1788358781,4391.63,4392.0,4391.63,4392.0,16.0,2026-09-02 14:19:41
1788358782,4392.01,4392.1,4392.01,4392.01,12.0,2026-09-02 14:19:42
1788358783,4392.05,4392.06,4392.0,4392.06,6.0,2026-09-02 14:19:43
1788358784,4392.34,4392.58,4392.34,4392.58,7.0,2026-09-02 14:19:44
1788358785,4392.05,4392.13,4392.05,4392.13,6.0,2026-09-02 14:19:45
1788358786,4392.55,4392.57,4392.03,4392.11,19.0,2026-09-02 14:19:46
1788358787,4392.11,4392.49,4392.11,4392.49,28.0,2026-09-02 14:19:47
1788358788,4392.46,4392.53,4392.3,4392.32,18.0,2026-09-02 14:19:48
1788358789,4392.35,4392.43,4392.18,4392.25,12.0,2026-09-02 14:19:49
1788358790,4392.28,4392.28,4392.23,4392.28,6.0,2026-09-02 14:19:50
1788358791,4392.44,4392.44,4392.33,4392.41,12.0,2026-09-02 14:19:51
1788358792,4392.43,4392.44,4392.27,4392.33,15.0,2026-09-02 14:19:52
1788358793,4392.42,4392.42,4392.25,4392.41,13.0,2026-09-02 14:19:53
1788358794,4392.43,4392.46,4392.42,4392.46,13.0,2026-09-02 14:19:54
1788358795,4392.43,4392.43,4392.29,4392.35,23.0,2026-09-02 14:19:55
1788358796,4392.4,4392.42,4392.36,4392.36,4.0,2026-09-02 14:19:56
1788358797,4392.44,4392.46,4392.44,4392.46,5.0,2026-09-02 14:19:57
1788358798,4392.54,4392.55,4392.4,4392.42,8.0,2026-09-02 14:19:58
1788358799,4392.38,4392.38,4392.23,4392.29,20.0,2026-09-02 14:19:59
1788358800,4392.2,4392.46,4392.2,4392.29,24.0,2026-09-02 14:20:00
1788358801,4392.34,4392.62,4392.32,4392.62,28.0,2026-09-02 14:20:01
1788358802,4392.66,4392.66,4392.57,4392.62,5.0,2026-09-02 14:20:02
1788358803,4392.7,4392.7,4392.59,4392.59,4.0,2026-09-02 14:20:03
1788358804,4392.67,4393.84,4392.66,4393.7,15.0,2026-09-02 14:20:04
1788358805,4393.56,4393.56,4393.05,4393.16,25.0,2026-09-02 14:20:05
1788358806,4393.16,4393.48,4393.12,4393.47,25.0,2026-09-02 14:20:06
1788358807,4393.52,4393.66,4393.47,4393.53,23.0,2026-09-02 14:20:07
1788358808,4393.59,4394.08,4393.52,4393.6,36.0,2026-09-02 14:20:08
1788358809,4393.52,4393.63,4393.5,4393.63,20.0,2026-09-02 14:20:09
1788358810,4393.63,4393.63,4393.63,4393.63,1.0,2026-09-02 14:20:10
1788358811,4393.47,4393.86,4393.46,4393.86,13.0,2026-09-02 14:20:11
1788358812,4394.21,4394.21,4393.96,4394.0,14.0,2026-09-02 14:20:12
1788358813,4393.93,4394.16,4393.93,4394.16,14.0,2026-09-02 14:20:13
1788358814,4394.14,4394.15,4393.85,4393.96,21.0,2026-09-02 14:20:14
1788358815,4393.94,4393.94,4392.17,4392.55,37.0,2026-09-02 14:20:15
1788358816,4392.53,4392.9,4392.53,4392.9,2.0,2026-09-02 14:20:16
1788358817,4392.71,4392.71,4392.61,4392.61,4.0,2026-09-02 14:20:17
1788358818,4392.86,4393.58,4392.71,4393.58,14.0,2026-09-02 14:20:18
1788358819,4393.94,4394.04,4393.82,4393.82,13.0,2026-09-02 14:20:19
1788358820,4393.81,4393.88,4393.63,4393.8,17.0,2026-09-02 14:20:20
1788358821,4393.93,4394.26,4393.93,4394.26,15.0,2026-09-02 14:20:21
1788358822,4394.27,4394.72,4394.24,4394.67,22.0,2026-09-02 14:20:22
1788358823,4394.69,4394.69,4394.69,4394.69,1.0,2026-09-02 14:20:23
1788358824,4394.9,4395.04,4394.9,4395.04,4.0,2026-09-02 14:20:24
1788358825,4395.01,4395.07,4395.01,4395.05,6.0,2026-09-02 14:20:25
1788358826,4394.87,4395.05,4394.87,4395.0,7.0,2026-09-02 14:20:26
1788358827,4395.19,4395.2,4394.39,4394.39,22.0,2026-09-02 14:20:27
1788358828,4394.5,4394.56,4394.23,4394.31,27.0,2026-09-02 14:20:28
1788358829,4394.39,4394.39,4393.53,4393.53,29.0,2026-09-02 14:20:29
1788358830,4393.49,4393.49,4393.49,4393.49,1.0,2026-09-02 14:20:30
1788358831,4392.84,4392.84,4392.61,4392.69,7.0,2026-09-02 14:20:31
1788358832,4392.62,4392.65,4392.62,4392.62,6.0,2026-09-02 14:20:32
1788358833,4392.64,4392.75,4392.46,4392.46,15.0,2026-09-02 14:20:33
1788358834,4392.61,4392.73,4392.3,4392.3,21.0,2026-09-02 14:20:34
1788358835,4392.29,4392.3,4392.1,4392.3,17.0,2026-09-02 14:20:35
1788358836,4392.3,4393.01,4392.3,4392.95,7.0,2026-09-02 14:20:36
1788358837,4392.92,4393.0,4392.92,4392.95,6.0,2026-09-02 14:20:37
1788358838,4393.28,4393.54,4393.28,4393.54,8.0,2026-09-02 14:20:38
1788358839,4392.92,4393.0,4392.92,4392.92,8.0,2026-09-02 14:20:39
1788358840,4392.79,4392.79,4392.53,4392.53,14.0,2026-09-02 14:20:40
1788358841,4392.51,4392.74,4392.51,4392.74,11.0,2026-09-02 14:20:41
1788358842,4392.75,4392.76,4392.75,4392.75,3.0,2026-09-02 14:20:42
1788358843,4392.94,4393.01,4392.92,4393.01,7.0,2026-09-02 14:20:43
1788358844,4392.51,4392.51,4392.46,4392.48,11.0,2026-09-02 14:20:44
1788358845,4392.55,4393.59,4392.52,4393.49,20.0,2026-09-02 14:20:45
1788358846,4393.31,4393.43,4393.29,4393.43,19.0,2026-09-02 14:20:46
1788358847,4393.56,4393.59,4393.54,4393.54,4.0,2026-09-02 14:20:47
1788358848,4393.35,4393.37,4393.32,4393.37,8.0,2026-09-02 14:20:48
1788358849,4393.37,4393.54,4393.37,4393.54,10.0,2026-09-02 14:20:49
1788358850,4393.95,4393.97,4393.93,4393.96,5.0,2026-09-02 14:20:50
1788358851,4394.01,4394.01,4393.8,4393.8,15.0,2026-09-02 14:20:51
1788358852,4393.77,4393.9,4393.77,4393.89,13.0,2026-09-02 14:20:52
1788358853,4393.83,4394.18,4393.75,4394.18,8.0,2026-09-02 14:20:53
1788358854,4394.28,4394.28,4394.16,4394.16,5.0,2026-09-02 14:20:54
1788358855,4394.44,4394.52,4394.42,4394.47,10.0,2026-09-02 14:20:55
1788358856,4394.47,4394.68,4394.39,4394.59,22.0,2026-09-02 14:20:56
1788358857,4394.63,4394.74,4394.3,4394.74,23.0,2026-09-02 14:20:57
1788358858,4394.73,4394.76,4394.73,4394.76,3.0,2026-09-02 14:20:58
1788358859,4394.95,4395.07,4394.94,4395.07,5.0,2026-09-02 14:20:59
1788358860,4395.09,4395.56,4394.93,4395.33,18.0,2026-09-02 14:21:00
1788358861,4395.39,4395.64,4395.34,4395.52,24.0,2026-09-02 14:21:01
1788358862,4395.49,4395.95,4395.49,4395.95,17.0,2026-09-02 14:21:02
1788358863,4395.93,4396.02,4395.82,4395.92,18.0,2026-09-02 14:21:03
1788358864,4395.99,4396.15,4395.96,4396.15,10.0,2026-09-02 14:21:04
1788358865,4395.98,4396.19,4395.98,4396.19,12.0,2026-09-02 14:21:05
1788358866,4396.17,4396.2,4395.88,4395.88,15.0,2026-09-02 14:21:06
1788358867,4395.99,4395.99,4395.6,4395.65,13.0,2026-09-02 14:21:07
1788358868,4395.5,4395.5,4395.34,4395.41,26.0,2026-09-02 14:21:08
1788358869,4395.41,4395.41,4394.76,4395.0,10.0,2026-09-02 14:21:09
1788358870,4394.72,4394.77,4394.41,4394.69,14.0,2026-09-02 14:21:10
1788358871,4395.21,4395.22,4394.89,4394.89,12.0,2026-09-02 14:21:11
1788358872,4395.11,4395.13,4395.1,4395.1,6.0,2026-09-02 14:21:12
1788358873,4395.02,4395.29,4395.02,4395.29,19.0,2026-09-02 14:21:13
1788358874,4395.27,4395.27,4395.24,4395.24,2.0,2026-09-02 14:21:14
1788358875,4395.68,4395.81,4395.64,4395.78,7.0,2026-09-02 14:21:15
1788358876,4395.89,4396.11,4395.88,4396.09,13.0,2026-09-02 14:21:16
1788358877,4396.1,4396.6,4396.08,4396.6,20.0,2026-09-02 14:21:17
1788358878,4396.59,4396.84,4396.59,4396.83,18.0,2026-09-02 14:21:18
1788358879,4396.84,4397.32,4396.84,4396.88,24.0,2026-09-02 14:21:19
1788358880,4396.89,4396.89,4396.78,4396.81,6.0,2026-09-02 14:21:20
1788358881,4396.83,4396.89,4396.73,4396.73,9.0,2026-09-02 14:21:21
1788358882,4396.55,4396.55,4396.24,4396.24,18.0,2026-09-02 14:21:22
1788358883,4396.11,4396.32,4396.08,4396.32,17.0,2026-09-02 14:21:23
1788358884,4396.4,4396.49,4396.28,4396.29,18.0,2026-09-02 14:21:24
1788358885,4396.28,4396.79,4396.28,4396.59,18.0,2026-09-02 14:21:25
1788358886,4396.58,4396.63,4396.19,4396.24,18.0,2026-09-02 14:21:26
1788358887,4396.23,4396.23,4396.21,4396.21,2.0,2026-09-02 14:21:27
1788358888,4396.18,4396.27,4396.16,4396.27,5.0,2026-09-02 14:21:28
1788358889,4395.88,4396.0,4395.87,4395.95,9.0,2026-09-02 14:21:29
1788358890,4395.87,4395.96,4395.82,4395.82,10.0,2026-09-02 14:21:30
1788358891,4395.82,4395.82,4395.6,4395.63,10.0,2026-09-02 14:21:31
1788358892,4395.66,4395.68,4395.59,4395.68,10.0,2026-09-02 14:21:32
1788358893,4395.69,4395.69,4394.91,4395.11,24.0,2026-09-02 14:21:33
1788358894,4395.11,4395.33,4395.11,4395.33,17.0,2026-09-02 14:21:34
1788358895,4395.33,4395.35,4395.33,4395.35,3.0,2026-09-02 14:21:35
1788358896,4394.97,4394.97,4394.79,4394.79,4.0,2026-09-02 14:21:36
1788358897,4395.08,4395.08,4395.02,4395.06,7.0,2026-09-02 14:21:37
1788358898,4394.68,4394.68,4394.38,4394.5,11.0,2026-09-02 14:21:38
1788358899,4394.5,4394.51,4394.21,4394.21,11.0,2026-09-02 14:21:39
1788358900,4394.25,4394.4,4394.08,4394.27,22.0,2026-09-02 14:21:40
1788358901,4394.26,4394.56,4394.23,4394.55,17.0,2026-09-02 14:21:41
1788358902,4394.56,4394.56,4394.42,4394.48,12.0,2026-09-02 14:21:42
1788358903,4394.5,4394.71,4394.5,4394.71,5.0,2026-09-02 14:21:43
1788358904,4394.94,4394.94,4394.74,4394.76,9.0,2026-09-02 14:21:44
1788358905,4394.56,4394.67,4394.56,4394.67,10.0,2026-09-02 14:21:45
1788358906,4394.98,4394.98,4394.88,4394.92,11.0,2026-09-02 14:21:46
1788358907,4394.91,4395.1,4394.91,4394.96,18.0,2026-09-02 14:21:47
1788358908,4394.97,4394.98,4394.96,4394.96,3.0,2026-09-02 14:21:48
1788358909,4394.42,4394.42,4394.28,4394.29,8.0,2026-09-02 14:21:49
1788358910,4394.21,4394.24,4394.0,4394.16,14.0,2026-09-02 14:21:50
1788358911,4394.06,4394.06,4393.9,4393.92,10.0,2026-09-02 14:21:51
1788358912,4393.99,4394.14,4393.99,4394.11,14.0,2026-09-02 14:21:52
1788358913,4394.11,4394.11,4393.58,4393.77,25.0,2026-09-02 14:21:53
1788358914,4393.81,4393.95,4393.8,4393.95,15.0,2026-09-02 14:21:54
1788358915,4393.92,4393.92,4393.88,4393.88,3.0,2026-09-02 14:21:55
1788358916,4394.08,4394.08,4393.63,4393.63,11.0,2026-09-02 14:21:56
1788358917,4393.83,4393.87,4393.62,4393.8,21.0,2026-09-02 14:21:57
1788358918,4393.79,4393.84,4393.72,4393.72,12.0,2026-09-02 14:21:58
1788358919,4393.78,4393.8,4393.75,4393.77,12.0,2026-09-02 14:21:59
1788358920,4393.78,4393.78,4393.78,4393.78,1.0,2026-09-02 14:22:00
1788358921,4393.64,4393.65,4393.55,4393.55,5.0,2026-09-02 14:22:01
1788358922,4393.03,4393.07,4392.75,4393.07,13.0,2026-09-02 14:22:02
1788358923,4393.1,4393.1,4392.79,4392.82,12.0,2026-09-02 14:22:03
1788358924,4392.99,4393.24,4392.99,4393.13,20.0,2026-09-02 14:22:04
1788358925,4393.13,4393.14,4392.92,4392.95,14.0,2026-09-02 14:22:05
1788358926,4392.91,4393.13,4392.91,4393.06,17.0,2026-09-02 14:22:06
1788358927,4393.02,4393.02,4392.9,4392.96,6.0,2026-09-02 14:22:07
1788358928,4392.66,4392.66,4392.53,4392.55,8.0,2026-09-02 14:22:08
1788358929,4392.7,4392.7,4392.4,4392.4,14.0,2026-09-02 14:22:09
1788358930,4392.4,4392.46,4392.12,4392.18,18.0,2026-09-02 14:22:10
1788358931,4392.19,4392.21,4392.19,4392.21,2.0,2026-09-02 14:22:11
1788358932,4392.22,4392.26,4392.22,4392.24,4.0,2026-09-02 14:22:12
1788358933,4391.78,4391.79,4391.77,4391.78,4.0,2026-09-02 14:22:13
1788358934,4391.61,4391.63,4391.55,4391.62,7.0,2026-09-02 14:22:14
1788358935,4391.59,4391.59,4391.55,4391.58,7.0,2026-09-02 14:22:15
1788358936,4391.57,4391.7,4391.57,4391.7,11.0,2026-09-02 14:22:16
1788358937,4391.71,4392.06,4391.7,4392.05,18.0,2026-09-02 14:22:17
1788358938,4392.05,4392.52,4392.03,4392.51,12.0,2026-09-02 14:22:18
1788358939,4392.52,4392.52,4392.52,4392.52,1.0,2026-09-02 14:22:19
1788358940,4393.03,4393.64,4393.03,4393.61,8.0,2026-09-02 14:22:20
1788358941,4393.92,4393.92,4393.78,4393.85,8.0,2026-09-02 14:22:21
1788358942,4393.98,4393.98,4393.96,4393.97,4.0,2026-09-02 14:22:22
1788358943,4394.25,4394.57,4394.25,4394.31,17.0,2026-09-02 14:22:23
1788358944,4394.29,4394.32,4393.77,4393.77,19.0,2026-09-02 14:22:24
1788358945,4393.76,4393.82,4393.38,4393.77,25.0,2026-09-02 14:22:25
1788358946,4393.76,4393.76,4393.76,4393.76,1.0,2026-09-02 14:22:26
1788358947,4393.88,4394.01,4393.77,4394.01,9.0,2026-09-02 14:22:27
1788358948,4394.12,4394.26,4394.08,4394.19,12.0,2026-09-02 14:22:28
1788358949,4394.11,4394.24,4394.0,4394.24,19.0,2026-09-02 14:22:29
1788358950,4394.27,4394.27,4393.52,4393.52,30.0,2026-09-02 14:22:30
1788358951,4393.52,4393.52,4393.42,4393.45,16.0,2026-09-02 14:22:31
1788358952,4393.43,4393.56,4393.43,4393.49,7.0,2026-09-02 14:22:32
1788358953,4393.48,4393.48,4393.34,4393.35,9.0,2026-09-02 14:22:33
1788358954,4393.45,4393.5,4393.43,4393.44,15.0,2026-09-02 14:22:34
1788358955,4393.42,4393.5,4393.37,4393.49,11.0,2026-09-02 14:22:35
1788358956,4393.38,4393.47,4393.37,4393.46,11.0,2026-09-02 14:22:36
1788358957,4393.46,4393.46,4393.46,4393.46,1.0,2026-09-02 14:22:37
1788358958,4393.5,4393.6,4393.1,4393.14,10.0,2026-09-02 14:22:38
1788358959,4393.11,4393.11,4392.96,4392.96,7.0,2026-09-02 14:22:39
1788358960,4392.92,4393.0,4392.92,4393.0,5.0,2026-09-02 14:22:40
1788358961,4392.98,4393.13,4392.9,4392.9,17.0,2026-09-02 14:22:41
1788358962,4392.87,4392.98,4392.83,4392.94,16.0,2026-09-02 14:22:42
1788358963,4392.98,4393.23,4392.79,4393.14,27.0,2026-09-02 14:22:43
1788358964,4393.05,4393.05,4392.36,4392.36,21.0,2026-09-02 14:22:44
1788358965,4392.3,4392.3,4391.94,4391.94,7.0,2026-09-02 14:22:45
1788358966,4391.62,4391.63,4391.61,4391.61,3.0,2026-09-02 14:22:46
1788358967,4391.49,4391.49,4391.25,4391.25,9.0,2026-09-02 14:22:47
1788358968,4391.23,4391.23,4390.81,4390.81,9.0,2026-09-02 14:22:48
1788358969,4391.33,4391.37,4391.29,4391.29,10.0,2026-09-02 14:22:49
1788358970,4391.33,4391.47,4391.33,4391.46,9.0,2026-09-02 14:22:50
1788358971,4391.45,4392.02,4391.45,4391.96,21.0,2026-09-02 14:22:51
1788358972,4391.94,4391.98,4391.94,4391.98,2.0,2026-09-02 14:22:52
1788358973,4391.96,4392.04,4391.96,4392.02,7.0,2026-09-02 14:22:53
1788358974,4391.95,4392.06,4391.72,4391.72,11.0,2026-09-02 14:22:54
1788358975,4391.39,4391.4,4390.83,4390.83,14.0,2026-09-02 14:22:55
1788358976,4390.71,4390.71,4390.09,4390.3,24.0,2026-09-02 14:22:56
1788358977,4390.25,4390.37,4390.03,4390.36,17.0,2026-09-02 14:22:57
1788358978,4390.37,4390.38,4390.27,4390.31,17.0,2026-09-02 14:22:58
1788358979,4390.32,4390.41,4390.32,4390.41,4.0,2026-09-02 14:22:59
1788358980,4390.33,4390.64,4390.31,4390.43,14.0,2026-09-02 14:23:00
1788358981,4390.44,4390.47,4390.44,4390.46,7.0,2026-09-02 14:23:01
1788358982,4390.38,4390.38,4390.1,4390.1,21.0,2026-09-02 14:23:02
1788358983,4390.09,4390.22,4390.08,4390.13,14.0,2026-09-02 14:23:03
1788358984,4390.13,4390.14,4390.13,4390.14,2.0,2026-09-02 14:23:04
1788358985,4390.11,4390.41,4390.1,4390.41,8.0,2026-09-02 14:23:05
1788358986,4390.67,4390.7,4390.47,4390.48,8.0,2026-09-02 14:23:06
1788358987,4390.47,4390.49,4390.2,4390.34,12.0,2026-09-02 14:23:07
1788358988,4390.36,4390.36,4390.16,4390.16,17.0,2026-09-02 14:23:08
1788358989,4390.14,4390.3,4390.14,4390.26,13.0,2026-09-02 14:23:09
1788358990,4390.27,4390.95,4390.27,4390.9,26.0,2026-09-02 14:23:10
1788358991,4390.93,4390.93,4390.86,4390.86,3.0,2026-09-02 14:23:11
1788358992,4390.98,4391.08,4390.95,4390.95,5.0,2026-09-02 14:23:12
1788358993,4390.94,4391.0,4390.84,4390.86,10.0,2026-09-02 14:23:13
1788358994,4390.75,4390.84,4390.75,4390.8,9.0,2026-09-02 14:23:14
1788358995,4390.72,4390.89,4390.72,4390.86,14.0,2026-09-02 14:23:15
1788358996,4390.89,4390.89,4390.74,4390.74,13.0,2026-09-02 14:23:16
1788358997,4390.76,4390.76,4390.55,4390.58,19.0,2026-09-02 14:23:17
1788358998,4390.56,4390.56,4390.46,4390.46,3.0,2026-09-02 14:23:18
1788358999,4390.55,4390.55,4390.36,4390.52,9.0,2026-09-02 14:23:19
1788359000,4390.42,4390.51,4390.42,4390.51,7.0,2026-09-02 14:23:20
1788359001,4390.5,4390.53,4390.41,4390.42,15.0,2026-09-02 14:23:21
1788359002,4390.41,4390.42,4390.06,4390.06,7.0,2026-09-02 14:23:22
1788359003,4390.09,4390.14,4390.09,4390.13,7.0,2026-09-02 14:23:23
1788359004,4390.13,4390.13,4390.12,4390.12,2.0,2026-09-02 14:23:24
1788359005,4390.11,4390.14,4390.08,4390.11,8.0,2026-09-02 14:23:25
1788359006,4390.2,4390.21,4390.16,4390.18,6.0,2026-09-02 14:23:26
1788359007,4390.11,4390.13,4389.81,4389.88,17.0,2026-09-02 14:23:27
1788359008,4390.01,4390.39,4390.01,4390.24,21.0,2026-09-02 14:23:28
1788359009,4390.24,4390.34,4390.16,4390.34,16.0,2026-09-02 14:23:29
1788359010,4390.34,4390.35,4390.32,4390.35,5.0,2026-09-02 14:23:30
1788359011,4389.83,4389.83,4389.71,4389.71,8.0,2026-09-02 14:23:31
1788359012,4389.65,4389.65,4389.33,4389.34,14.0,2026-09-02 14:23:32
1788359013,4389.29,4389.29,4389.07,4389.07,11.0,2026-09-02 14:23:33
1788359014,4389.04,4389.04,4389.0,4389.0,8.0,2026-09-02 14:23:34
1788359015,4389.0,4389.0,4389.0,4389.0,1.0,2026-09-02 14:23:35
1788359016,4389.07,4389.14,4389.07,4389.14,5.0,2026-09-02 14:23:36
1788359017,4389.45,4389.5,4389.42,4389.5,8.0,2026-09-02 14:23:37
1788359018,4389.55,4389.55,4389.41,4389.41,13.0,2026-09-02 14:23:38
1788359019,4389.41,4389.5,4389.13,4389.13,18.0,2026-09-02 14:23:39
1788359020,4389.12,4389.12,4388.91,4388.92,12.0,2026-09-02 14:23:40
1788359021,4388.91,4389.0,4388.91,4389.0,7.0,2026-09-02 14:23:41
1788359022,4389.17,4389.19,4389.14,4389.14,7.0,2026-09-02 14:23:42
1788359023,4389.0,4389.0,4388.96,4388.99,5.0,2026-09-02 14:23:43
1788359024,4388.99,4389.02,4388.99,4389.0,10.0,2026-09-02 14:23:44
1788359025,4389.0,4389.02,4388.98,4389.0,9.0,2026-09-02 14:23:45
1788359026,4388.99,4388.99,4388.99,4388.99,1.0,2026-09-02 14:23:46
1788359027,4388.63,4388.63,4388.47,4388.47,7.0,2026-09-02 14:23:47
1788359028,4388.5,4388.5,4388.44,4388.44,6.0,2026-09-02 14:23:48
1788359029,4388.35,4388.35,4387.95,4388.05,22.0,2026-09-02 14:23:49
1788359030,4388.23,4388.5,4388.18,4388.39,14.0,2026-09-02 14:23:50
1788359031,4388.39,4388.39,4388.33,4388.35,5.0,2026-09-02 14:23:51
1788359032,4387.9,4387.9,4387.7,4387.71,8.0,2026-09-02 14:23:52
1788359033,4387.72,4387.74,4387.64,4387.65,10.0,2026-09-02 14:23:53
1788359034,4387.64,4387.65,4387.64,4387.65,10.0,2026-09-02 14:23:54
1788359035,4387.75,4387.99,4387.75,4387.99,14.0,2026-09-02 14:23:55
1788359036,4388.16,4388.16,4387.83,4388.04,16.0,2026-09-02 14:23:56
1788359037,4388.06,4388.32,4388.05,4388.32,16.0,2026-09-02 14:23:57
1788359038,4388.32,4388.36,4388.32,4388.36,4.0,2026-09-02 14:23:58
1788359039,4388.53,4388.55,4388.4,4388.4,7.0,2026-09-02 14:23:59
1788359040,4388.41,4388.41,4387.93,4387.93,16.0,2026-09-02 14:24:00
1788359041,4387.99,4388.03,4387.74,4387.79,20.0,2026-09-02 14:24:01
1788359042,4387.79,4388.11,4387.73,4388.03,18.0,2026-09-02 14:24:02
1788359043,4388.02,4388.02,4388.02,4388.02,1.0,2026-09-02 14:24:03
1788359044,4387.88,4387.88,4387.68,4387.74,12.0,2026-09-02 14:24:04
1788359045,4387.59,4387.87,4387.51,4387.61,19.0,2026-09-02 14:24:05
1788359046,4387.86,4387.88,4387.69,4387.69,10.0,2026-09-02 14:24:06
1788359047,4387.69,4387.73,4387.6,4387.63,20.0,2026-09-02 14:24:07
1788359048,4387.61,4387.61,4387.42,4387.42,12.0,2026-09-02 14:24:08
1788359049,4387.42,4387.75,4387.42,4387.75,15.0,2026-09-02 14:24:09
1788359050,4387.76,4387.9,4387.76,4387.9,6.0,2026-09-02 14:24:10
1788359051,4388.05,4388.05,4387.76,4387.83,11.0,2026-09-02 14:24:11
1788359052,4387.68,4387.68,4387.63,4387.63,8.0,2026-09-02 14:24:12
1788359053,4387.73,4387.75,4387.69,4387.69,12.0,2026-09-02 14:24:13
1788359054,4387.66,4387.66,4387.45,4387.5,15.0,2026-09-02 14:24:14
1788359055,4387.53,4387.62,4387.11,4387.26,24.0,2026-09-02 14:24:15
1788359056,4387.17,4387.17,4386.92,4386.92,14.0,2026-09-02 14:24:16
1788359057,4386.92,4386.93,4386.92,4386.93,2.0,2026-09-02 14:24:17
1788359058,4387.02,4387.11,4387.02,4387.11,5.0,2026-09-02 14:24:18
1788359059,4387.14,4387.14,4387.14,4387.14,2.0,2026-09-02 14:24:19
1788359060,4386.99,4387.02,4386.93,4387.02,11.0,2026-09-02 14:24:20
1788359061,4387.12,4387.35,4387.12,4387.26,8.0,2026-09-02 14:24:21
1788359062,4387.28,4387.62,4387.28,4387.62,19.0,2026-09-02 14:24:22
1788359063,4387.62,4387.65,4387.62,4387.64,6.0,2026-09-02 14:24:23
1788359064,4387.63,4387.63,4387.63,4387.63,1.0,2026-09-02 14:24:24
1788359065,4387.47,4387.47,4387.29,4387.29,5.0,2026-09-02 14:24:25
1788359066,4387.3,4387.32,4387.29,4387.29,4.0,2026-09-02 14:24:26
1788359067,4387.18,4387.21,4387.15,4387.15,5.0,2026-09-02 14:24:27
1788359068,4387.12,4387.16,4387.12,4387.16,3.0,2026-09-02 14:24:28
1788359069,4387.16,4387.17,4387.08,4387.08,15.0,2026-09-02 14:24:29
1788359070,4387.11,4387.11,4387.11,4387.11,1.0,2026-09-02 14:24:30
1788359071,4387.12,4387.12,4387.0,4387.0,3.0,2026-09-02 14:24:31
1788359072,4387.07,4387.07,4387.07,4387.07,1.0,2026-09-02 14:24:32
1788359073,4387.12,4387.5,4387.12,4387.47,14.0,2026-09-02 14:24:33
1788359074,4387.5,4387.64,4387.49,4387.64,11.0,2026-09-02 14:24:34
1788359075,4387.74,4387.78,4387.58,4387.58,15.0,2026-09-02 14:24:35
1788359076,4387.57,4387.64,4387.45,4387.48,16.0,2026-09-02 14:24:36
1788359077,4387.47,4387.47,4387.47,4387.47,2.0,2026-09-02 14:24:37
1788359078,4387.59,4387.61,4387.55,4387.55,10.0,2026-09-02 14:24:38
1788359079,4387.45,4387.45,4387.23,4387.25,11.0,2026-09-02 14:24:39
1788359080,4387.25,4387.26,4387.23,4387.23,4.0,2026-09-02 14:24:40
1788359081,4387.16,4387.24,4387.13,4387.24,16.0,2026-09-02 14:24:41
1788359082,4387.15,4387.15,4386.84,4386.99,19.0,2026-09-02 14:24:42
1788359083,4386.99,4387.22,4386.99,4387.19,17.0,2026-09-02 14:24:43
1788359084,4387.17,4387.17,4387.16,4387.16,2.0,2026-09-02 14:24:44
1788359085,4388.39,4388.4,4388.18,4388.26,11.0,2026-09-02 14:24:45
1788359086,4388.21,4388.22,4387.98,4388.01,12.0,2026-09-02 14:24:46
1788359087,4387.93,4387.93,4387.82,4387.83,9.0,2026-09-02 14:24:47
1788359088,4387.91,4387.92,4387.7,4387.7,18.0,2026-09-02 14:24:48
1788359089,4387.64,4387.65,4387.61,4387.61,4.0,2026-09-02 14:24:49
1788359090,4387.62,4387.62,4387.53,4387.53,3.0,2026-09-02 14:24:50
1788359091,4387.58,4387.58,4387.53,4387.57,7.0,2026-09-02 14:24:51
1788359092,4387.66,4387.78,4387.66,4387.68,9.0,2026-09-02 14:24:52
1788359093,4387.75,4387.86,4387.67,4387.7,14.0,2026-09-02 14:24:53
1788359094,4387.86,4387.87,4387.45,4387.45,21.0,2026-09-02 14:24:54
1788359095,4387.41,4387.41,4387.19,4387.27,17.0,2026-09-02 14:24:55
1788359096,4387.31,4387.39,4387.31,4387.39,7.0,2026-09-02 14:24:56
1788359097,4387.39,4387.39,4387.28,4387.28,4.0,2026-09-02 14:24:57
1788359098,4387.16,4387.21,4387.16,4387.21,6.0,2026-09-02 14:24:58
1788359099,4387.16,4387.34,4387.11,4387.34,19.0,2026-09-02 14:24:59
1788359100,4387.26,4387.86,4387.21,4387.86,26.0,2026-09-02 14:25:00
1788359101,4387.99,4388.61,4387.99,4388.55,25.0,2026-09-02 14:25:01
1788359102,4388.52,4388.52,4388.48,4388.48,3.0,2026-09-02 14:25:02
1788359103,4387.96,4387.96,4387.82,4387.96,8.0,2026-09-02 14:25:03
1788359104,4387.89,4388.09,4387.89,4388.05,9.0,2026-09-02 14:25:04
1788359105,4388.27,4388.34,4388.26,4388.34,5.0,2026-09-02 14:25:05
1788359106,4388.25,4388.25,4388.11,4388.16,14.0,2026-09-02 14:25:06
1788359107,4388.46,4388.63,4388.38,4388.63,12.0,2026-09-02 14:25:07
1788359108,4388.56,4388.56,4388.51,4388.53,8.0,2026-09-02 14:25:08
1788359109,4388.56,4388.92,4388.56,4388.92,12.0,2026-09-02 14:25:09
1788359110,4388.93,4388.93,4388.93,4388.93,1.0,2026-09-02 14:25:10
1788359111,4388.49,4388.54,4388.45,4388.45,7.0,2026-09-02 14:25:11
1788359112,4388.37,4388.41,4388.34,4388.34,6.0,2026-09-02 14:25:12
1788359113,4388.33,4388.33,4388.14,4388.16,12.0,2026-09-02 14:25:13
1788359114,4387.67,4387.71,4387.56,4387.65,17.0,2026-09-02 14:25:14
1788359115,4387.59,4387.59,4387.11,4387.26,23.0,2026-09-02 14:25:15
1788359116,4387.25,4387.25,4387.25,4387.25,1.0,2026-09-02 14:25:16
1788359117,4387.19,4387.26,4387.19,4387.26,6.0,2026-09-02 14:25:17
1788359118,4387.59,4387.68,4387.49,4387.54,16.0,2026-09-02 14:25:18
1788359119,4387.58,4387.6,4387.34,4387.37,16.0,2026-09-02 14:25:19
1788359120,4387.35,4387.35,4387.35,4387.35,1.0,2026-09-02 14:25:20
1788359121,4387.38,4387.38,4387.33,4387.33,4.0,2026-09-02 14:25:21
1788359122,4387.08,4387.09,4387.08,4387.08,4.0,2026-09-02 14:25:22
1788359123,4387.63,4387.83,4387.58,4387.65,16.0,2026-09-02 14:25:23
1788359124,4387.66,4388.09,4387.66,4388.09,18.0,2026-09-02 14:25:24
1788359125,4388.08,4388.08,4387.97,4388.0,7.0,2026-09-02 14:25:25
1788359126,4387.9,4387.9,4387.76,4387.76,9.0,2026-09-02 14:25:26
1788359127,4387.38,4387.38,4387.13,4387.13,19.0,2026-09-02 14:25:27
1788359128,4387.12,4387.27,4387.09,4387.27,7.0,2026-09-02 14:25:28
1788359129,4386.87,4386.92,4386.76,4386.79,10.0,2026-09-02 14:25:29
1788359130,4386.81,4387.11,4386.81,4387.03,16.0,2026-09-02 14:25:30
1788359131,4387.21,4387.21,4387.03,4387.14,17.0,2026-09-02 14:25:31
1788359132,4387.16,4387.16,4387.14,4387.14,2.0,2026-09-02 14:25:32
1788359133,4387.11,4387.11,4386.77,4386.77,9.0,2026-09-02 14:25:33
1788359134,4386.96,4386.96,4386.74,4386.77,13.0,2026-09-02 14:25:34
1788359135,4386.61,4386.62,4386.45,4386.5,11.0,2026-09-02 14:25:35
1788359136,4386.46,4386.46,4386.32,4386.32,10.0,2026-09-02 14:25:36
1788359137,4386.23,4386.43,4386.22,4386.43,13.0,2026-09-02 14:25:37
1788359138,4386.42,4386.42,4386.42,4386.42,1.0,2026-09-02 14:25:38
1788359139,4386.3,4386.3,4386.26,4386.27,6.0,2026-09-02 14:25:39
1788359140,4386.07,4386.08,4386.02,4386.02,5.0,2026-09-02 14:25:40
1788359141,4386.01,4386.36,4385.94,4386.31,20.0,2026-09-02 14:25:41
1788359142,4386.33,4386.34,4386.08,4386.08,12.0,2026-09-02 14:25:42
1788359143,4386.01,4386.01,4386.01,4386.01,1.0,2026-09-02 14:25:43
1788359144,4385.98,4386.02,4385.91,4385.92,7.0,2026-09-02 14:25:44
1788359145,4385.9,4385.9,4385.82,4385.83,9.0,2026-09-02 14:25:45
1788359146,4385.83,4385.87,4385.82,4385.84,10.0,2026-09-02 14:25:46
1788359147,4385.85,4385.85,4385.85,4385.85,1.0,2026-09-02 14:25:47
1788359148,4385.95,4386.21,4385.94,4386.19,13.0,2026-09-02 14:25:48
1788359149,4386.05,4386.16,4385.94,4385.94,12.0,2026-09-02 14:25:49
1788359150,4385.97,4386.09,4385.87,4385.89,19.0,2026-09-02 14:25:50
1788359151,4385.88,4385.89,4385.88,4385.89,2.0,2026-09-02 14:25:51
1788359152,4385.76,4385.76,4385.66,4385.66,7.0,2026-09-02 14:25:52
1788359153,4385.44,4385.51,4385.43,4385.51,10.0,2026-09-02 14:25:53
1788359154,4385.74,4386.09,4385.74,4386.06,13.0,2026-09-02 14:25:54
1788359155,4386.05,4386.1,4386.0,4386.1,12.0,2026-09-02 14:25:55
1788359156,4386.11,4386.11,4386.02,4386.08,14.0,2026-09-02 14:25:56
1788359157,4386.08,4386.1,4386.08,4386.1,3.0,2026-09-02 14:25:57
1788359158,4385.6,4385.62,4385.59,4385.61,8.0,2026-09-02 14:25:58
1788359159,4385.57,4385.63,4385.57,4385.62,7.0,2026-09-02 14:25:59
1788359160,4385.61,4385.63,4385.49,4385.63,17.0,2026-09-02 14:26:00
1788359161,4385.63,4385.63,4385.5,4385.53,18.0,2026-09-02 14:26:01
1788359162,4385.52,4385.52,4385.52,4385.52,1.0,2026-09-02 14:26:02
1788359163,4385.67,4385.67,4385.6,4385.61,6.0,2026-09-02 14:26:03
1788359164,4385.7,4385.7,4385.63,4385.63,6.0,2026-09-02 14:26:04
1788359165,4385.69,4385.75,4385.65,4385.65,14.0,2026-09-02 14:26:05
1788359166,4385.69,4385.77,4385.68,4385.68,19.0,2026-09-02 14:26:06
1788359167,4385.67,4385.67,4385.65,4385.65,2.0,2026-09-02 14:26:07
1788359168,4385.61,4385.82,4385.61,4385.82,8.0,2026-09-02 14:26:08
1788359169,4385.99,4385.99,4385.86,4385.89,7.0,2026-09-02 14:26:09
1788359170,4385.94,4386.15,4385.94,4386.15,9.0,2026-09-02 14:26:10
1788359171,4386.15,4386.17,4385.8,4385.85,22.0,2026-09-02 14:26:11
1788359172,4385.84,4386.05,4385.84,4385.96,16.0,2026-09-02 14:26:12
1788359173,4385.94,4386.05,4385.94,4386.05,7.0,2026-09-02 14:26:13
1788359174,4386.29,4386.33,4386.28,4386.3,9.0,2026-09-02 14:26:14
1788359175,4386.3,4386.3,4386.21,4386.29,7.0,2026-09-02 14:26:15
1788359176,4386.55,4386.68,4386.43,4386.59,20.0,2026-09-02 14:26:16
1788359177,4386.61,4386.64,4386.49,4386.54,17.0,2026-09-02 14:26:17
1788359178,4386.55,4386.55,4386.48,4386.5,6.0,2026-09-02 14:26:18
1788359179,4386.27,4386.27,4386.24,4386.24,3.0,2026-09-02 14:26:19
1788359180,4386.54,4386.76,4386.5,4386.76,12.0,2026-09-02 14:26:20
1788359181,4387.05,4387.09,4387.0,4387.0,10.0,2026-09-02 14:26:21
1788359182,4387.01,4387.01,4387.01,4387.01,1.0,2026-09-02 14:26:22
1788359183,4386.78,4386.78,4386.68,4386.69,8.0,2026-09-02 14:26:23
1788359184,4386.81,4387.22,4386.81,4387.17,8.0,2026-09-02 14:26:24
1788359185,4387.03,4387.03,4386.6,4386.61,13.0,2026-09-02 14:26:25
1788359186,4386.41,4386.54,4386.2,4386.54,13.0,2026-09-02 14:26:26
1788359187,4386.68,4386.68,4386.34,4386.44,20.0,2026-09-02 14:26:27
1788359188,4386.45,4386.71,4386.38,4386.59,23.0,2026-09-02 14:26:28
1788359189,4386.6,4386.68,4386.54,4386.68,10.0,2026-09-02 14:26:29
1788359190,4386.7,4386.74,4386.7,4386.72,4.0,2026-09-02 14:26:30
1788359191,4386.83,4387.11,4386.83,4387.11,13.0,2026-09-02 14:26:31
1788359192,4387.14,4387.14,4387.11,4387.11,6.0,2026-09-02 14:26:32
1788359193,4387.14,4387.14,4387.14,4387.14,3.0,2026-09-02 14:26:33
1788359194,4387.17,4387.34,4387.11,4387.2,18.0,2026-09-02 14:26:34
1788359195,4387.23,4387.47,4387.23,4387.38,19.0,2026-09-02 14:26:35
1788359196,4387.39,4387.42,4387.39,4387.42,2.0,2026-09-02 14:26:36
1788359197,4387.62,4387.66,4387.62,4387.63,5.0,2026-09-02 14:26:37
1788359198,4387.38,4387.38,4387.14,4387.23,14.0,2026-09-02 14:26:38
1788359199,4387.2,4387.2,4387.16,4387.2,6.0,2026-09-02 14:26:39
1788359200,4387.27,4387.27,4387.09,4387.16,12.0,2026-09-02 14:26:40
1788359201,4387.15,4387.15,4386.74,4386.76,20.0,2026-09-02 14:26:41
1788359202,4386.74,4386.99,4386.74,4386.96,14.0,2026-09-02 14:26:42
1788359203,4386.96,4386.96,4386.88,4386.88,4.0,2026-09-02 14:26:43
1788359204,4386.77,4386.98,4386.77,4386.98,10.0,2026-09-02 14:26:44
1788359205,4386.84,4386.84,4386.79,4386.79,8.0,2026-09-02 14:26:45
1788359206,4386.8,4387.09,4386.79,4387.09,8.0,2026-09-02 14:26:46
1788359207,4387.25,4387.25,4387.1,4387.16,13.0,2026-09-02 14:26:47
1788359208,4387.19,4387.19,4386.79,4386.79,19.0,2026-09-02 14:26:48
1788359209,4386.77,4386.87,4386.76,4386.87,16.0,2026-09-02 14:26:49
1788359210,4386.86,4386.86,4386.86,4386.86,1.0,2026-09-02 14:26:50
1788359211,4386.91,4386.91,4386.91,4386.91,1.0,2026-09-02 14:26:51
1788359212,4387.59,4387.6,4387.51,4387.53,13.0,2026-09-02 14:26:52
1788359213,4387.34,4387.43,4387.33,4387.34,19.0,2026-09-02 14:26:53
1788359214,4387.34,4387.34,4386.92,4386.92,19.0,2026-09-02 14:26:54
1788359215,4386.9,4386.9,4386.59,4386.6,16.0,2026-09-02 14:26:55
1788359216,4386.59,4386.59,4386.56,4386.57,8.0,2026-09-02 14:26:56
1788359217,4386.55,4386.55,4386.43,4386.43,5.0,2026-09-02 14:26:57
1788359218,4386.58,4386.59,4386.48,4386.53,10.0,2026-09-02 14:26:58
1788359219,4386.57,4386.94,4386.57,4386.94,14.0,2026-09-02 14:26:59
1788359220,4386.96,4387.01,4386.91,4386.97,16.0,2026-09-02 14:27:00
1788359221,4386.99,4387.17,4386.99,4387.06,21.0,2026-09-02 14:27:01
1788359222,4387.05,4387.09,4386.99,4386.99,8.0,2026-09-02 14:27:02
1788359223,4386.92,4386.92,4386.9,4386.92,5.0,2026-09-02 14:27:03
1788359224,4386.96,4387.31,4386.96,4387.31,14.0,2026-09-02 14:27:04
1788359225,4387.28,4387.28,4387.07,4387.07,15.0,2026-09-02 14:27:05
1788359226,4387.05,4387.57,4387.05,4387.36,26.0,2026-09-02 14:27:06
1788359227,4387.34,4387.36,4387.34,4387.36,2.0,2026-09-02 14:27:07
1788359228,4387.37,4387.37,4387.26,4387.28,6.0,2026-09-02 14:27:08
1788359229,4387.66,4387.71,4387.66,4387.69,5.0,2026-09-02 14:27:09
1788359230,4387.66,4387.69,4387.66,4387.68,10.0,2026-09-02 14:27:10
1788359231,4387.65,4388.18,4387.46,4388.18,34.0,2026-09-02 14:27:11
1788359232,4388.21,4388.21,4388.04,4388.08,12.0,2026-09-02 14:27:12
1788359233,4388.11,4388.11,4388.08,4388.08,4.0,2026-09-02 14:27:13
1788359234,4388.33,4388.33,4388.33,4388.33,2.0,2026-09-02 14:27:14
1788359235,4388.05,4388.05,4387.87,4387.95,10.0,2026-09-02 14:27:15
1788359236,4387.93,4388.22,4387.93,4388.22,11.0,2026-09-02 14:27:16
1788359237,4388.06,4388.08,4387.13,4387.13,22.0,2026-09-02 14:27:17
1788359238,4387.15,4387.24,4387.15,4387.24,11.0,2026-09-02 14:27:18
1788359239,4387.24,4387.24,4387.24,4387.24,1.0,2026-09-02 14:27:19
1788359240,4386.58,4386.59,4386.58,4386.58,3.0,2026-09-02 14:27:20
1788359241,4386.58,4387.47,4386.58,4387.45,11.0,2026-09-02 14:27:21
1788359242,4387.63,4387.63,4387.5,4387.5,7.0,2026-09-02 14:27:22
1788359243,4387.35,4387.54,4387.35,4387.54,11.0,2026-09-02 14:27:23
1788359244,4387.62,4388.41,4387.62,4388.41,21.0,2026-09-02 14:27:24
1788359245,4388.37,4388.4,4388.29,4388.37,17.0,2026-09-02 14:27:25
1788359246,4388.35,4388.35,4388.32,4388.32,2.0,2026-09-02 14:27:26
1788359247,4388.5,4388.54,4388.41,4388.41,6.0,2026-09-02 14:27:27
1788359248,4388.55,4388.61,4388.54,4388.61,8.0,2026-09-02 14:27:28
1788359249,4388.63,4389.02,4388.63,4388.99,15.0,2026-09-02 14:27:29
1788359250,4388.73,4388.9,4388.73,4388.9,17.0,2026-09-02 14:27:30
1788359251,4388.92,4389.12,4388.92,4389.12,15.0,2026-09-02 14:27:31
1788359252,4389.15,4389.17,4389.15,4389.16,3.0,2026-09-02 14:27:32
1788359253,4389.07,4389.07,4389.07,4389.07,2.0,2026-09-02 14:27:33
1788359254,4389.29,4389.32,4389.28,4389.32,4.0,2026-09-02 14:27:34
1788359255,4389.23,4389.29,4389.12,4389.22,14.0,2026-09-02 14:27:35
1788359256,4389.32,4389.42,4389.32,4389.42,8.0,2026-09-02 14:27:36
1788359257,4389.45,4389.52,4388.56,4388.56,29.0,2026-09-02 14:27:37
1788359258,4388.61,4388.61,4388.61,4388.61,1.0,2026-09-02 14:27:38
1788359259,4388.59,4388.83,4388.59,4388.83,8.0,2026-09-02 14:27:39
1788359260,4388.93,4389.0,4388.93,4388.98,7.0,2026-09-02 14:27:40
1788359261,4388.74,4388.98,4388.73,4388.98,16.0,2026-09-02 14:27:41
1788359262,4388.96,4388.96,4388.77,4388.78,15.0,2026-09-02 14:27:42
1788359263,4388.77,4388.77,4388.69,4388.74,17.0,2026-09-02 14:27:43
1788359264,4388.74,4388.79,4388.74,4388.77,5.0,2026-09-02 14:27:44
1788359265,4388.74,4388.82,4388.74,4388.82,8.0,2026-09-02 14:27:45
1788359266,4388.85,4388.85,4388.48,4388.52,15.0,2026-09-02 14:27:46
1788359267,4388.31,4388.36,4388.22,4388.36,15.0,2026-09-02 14:27:47
1788359268,4388.41,4388.54,4388.41,4388.53,14.0,2026-09-02 14:27:48
1788359269,4388.58,4388.58,4388.42,4388.42,12.0,2026-09-02 14:27:49
1788359270,4388.45,4388.45,4388.45,4388.45,1.0,2026-09-02 14:27:50
1788359271,4388.24,4388.25,4388.22,4388.22,3.0,2026-09-02 14:27:51
1788359272,4388.09,4388.1,4388.08,4388.09,5.0,2026-09-02 14:27:52
1788359273,4388.07,4388.15,4388.07,4388.12,14.0,2026-09-02 14:27:53
1788359274,4388.12,4388.17,4388.12,4388.17,9.0,2026-09-02 14:27:54
1788359275,4388.17,4388.21,4388.16,4388.2,10.0,2026-09-02 14:27:55
1788359276,4388.21,4388.39,4388.21,4388.39,15.0,2026-09-02 14:27:56
1788359277,4388.38,4388.38,4388.29,4388.29,4.0,2026-09-02 14:27:57
1788359278,4388.26,4388.48,4388.25,4388.48,12.0,2026-09-02 14:27:58
1788359279,4388.5,4388.54,4388.5,4388.54,7.0,2026-09-02 14:27:59
1788359280,4388.53,4388.53,4388.36,4388.36,13.0,2026-09-02 14:28:00
1788359281,4388.35,4388.47,4388.35,4388.39,13.0,2026-09-02 14:28:01
1788359282,4388.39,4388.43,4388.35,4388.37,16.0,2026-09-02 14:28:02
1788359283,4388.36,4388.37,4388.36,4388.37,2.0,2026-09-02 14:28:03
1788359284,4388.4,4388.41,4388.4,4388.41,2.0,2026-09-02 14:28:04
1788359285,4388.24,4388.44,4388.15,4388.41,11.0,2026-09-02 14:28:05
1788359286,4388.43,4388.73,4388.4,4388.47,15.0,2026-09-02 14:28:06
1788359287,4388.44,4388.44,4388.28,4388.29,13.0,2026-09-02 14:28:07
1788359288,4388.28,4388.28,4388.21,4388.21,6.0,2026-09-02 14:28:08
1788359289,4388.22,4388.22,4388.2,4388.2,2.0,2026-09-02 14:28:09
1788359290,4388.3,4388.48,4388.3,4388.48,6.0,2026-09-02 14:28:10
1788359291,4388.4,4388.4,4388.0,4388.02,10.0,2026-09-02 14:28:11
1788359292,4387.93,4388.15,4387.93,4388.11,13.0,2026-09-02 14:28:12
1788359293,4388.13,4388.13,4387.92,4387.92,13.0,2026-09-02 14:28:13
1788359294,4387.91,4388.24,4387.91,4387.93,19.0,2026-09-02 14:28:14
1788359295,4387.95,4387.97,4387.95,4387.97,2.0,2026-09-02 14:28:15
1788359296,4387.93,4388.12,4387.93,4388.09,8.0,2026-09-02 14:28:16
1788359297,4388.04,4388.04,4387.98,4388.0,9.0,2026-09-02 14:28:17
1788359298,4388.06,4388.1,4388.03,4388.04,12.0,2026-09-02 14:28:18
1788359299,4388.01,4388.01,4387.91,4388.0,9.0,2026-09-02 14:28:19
1788359300,4388.01,4388.02,4387.93,4387.93,11.0,2026-09-02 14:28:20
1788359301,4387.91,4387.91,4387.76,4387.76,5.0,2026-09-02 14:28:21
1788359302,4387.89,4387.91,4387.78,4387.78,7.0,2026-09-02 14:28:22
1788359303,4387.91,4388.54,4387.87,4388.54,13.0,2026-09-02 14:28:23
1788359304,4389.26,4389.26,4388.91,4389.11,21.0,2026-09-02 14:28:24
1788359305,4389.12,4389.43,4389.11,4389.43,17.0,2026-09-02 14:28:25
1788359306,4389.44,4389.45,4389.43,4389.45,3.0,2026-09-02 14:28:26
1788359307,4389.36,4389.41,4389.35,4389.4,10.0,2026-09-02 14:28:27
1788359308,4389.43,4389.43,4389.01,4389.01,14.0,2026-09-02 14:28:28
1788359309,4388.99,4388.99,4388.73,4388.99,18.0,2026-09-02 14:28:29
1788359310,4389.0,4389.13,4388.98,4388.98,8.0,2026-09-02 14:28:30
1788359311,4388.98,4388.98,4388.84,4388.86,8.0,2026-09-02 14:28:31
1788359312,4388.78,4388.78,4388.72,4388.73,9.0,2026-09-02 14:28:32
1788359313,4388.7,4388.85,4388.7,4388.84,13.0,2026-09-02 14:28:33
1788359314,4388.85,4389.48,4388.85,4389.46,10.0,2026-09-02 14:28:34
1788359315,4389.45,4389.47,4389.45,4389.47,2.0,2026-09-02 14:28:35
1788359316,4389.39,4389.42,4389.39,4389.42,5.0,2026-09-02 14:28:36
1788359317,4389.18,4389.19,4389.13,4389.14,8.0,2026-09-02 14:28:37
1788359318,4389.13,4389.16,4389.13,4389.16,5.0,2026-09-02 14:28:38
1788359319,4389.18,4389.25,4389.14,4389.23,14.0,2026-09-02 14:28:39
1788359320,4389.23,4389.41,4389.23,4389.41,11.0,2026-09-02 14:28:40
1788359321,4389.43,4389.93,4389.43,4389.77,20.0,2026-09-02 14:28:41
1788359322,4389.73,4389.73,4389.52,4389.52,4.0,2026-09-02 14:28:42
1788359323,4389.54,4389.67,4389.54,4389.65,6.0,2026-09-02 14:28:43
1788359324,4389.53,4389.8,4389.52,4389.8,15.0,2026-09-02 14:28:44
1788359325,4389.97,4390.21,4389.97,4390.2,18.0,2026-09-02 14:28:45
1788359326,4390.21,4390.27,4390.07,4390.07,14.0,2026-09-02 14:28:46
1788359327,4390.08,4390.15,4389.93,4389.94,18.0,2026-09-02 14:28:47
1788359328,4389.94,4389.94,4389.92,4389.92,3.0,2026-09-02 14:28:48
1788359329,4389.9,4389.9,4389.89,4389.9,3.0,2026-09-02 14:28:49
1788359330,4389.97,4389.97,4389.85,4389.85,6.0,2026-09-02 14:28:50
1788359331,4389.86,4389.86,4389.78,4389.8,8.0,2026-09-02 14:28:51
1788359332,4389.81,4389.84,4389.81,4389.84,4.0,2026-09-02 14:28:52
1788359333,4389.84,4389.85,4389.75,4389.75,10.0,2026-09-02 14:28:53
1788359334,4389.74,4389.78,4389.63,4389.63,11.0,2026-09-02 14:28:54
1788359335,4389.6,4389.6,4389.49,4389.53,4.0,2026-09-02 14:28:55
1788359336,4389.49,4389.66,4389.49,4389.65,6.0,2026-09-02 14:28:56
1788359337,4389.41,4389.41,4389.3,4389.32,10.0,2026-09-02 14:28:57
1788359338,4389.52,4389.59,4389.52,4389.55,6.0,2026-09-02 14:28:58
1788359339,4389.51,4389.63,4389.49,4389.6,10.0,2026-09-02 14:28:59
1788359340,4389.63,4389.78,4389.61,4389.66,19.0,2026-09-02 14:29:00
1788359341,4389.65,4389.65,4389.6,4389.6,2.0,2026-09-02 14:29:01
1788359342,4389.64,4389.68,4389.64,4389.68,5.0,2026-09-02 14:29:02
1788359343,4389.83,4389.83,4389.81,4389.81,5.0,2026-09-02 14:29:03
1788359344,4389.78,4389.78,4389.68,4389.68,11.0,2026-09-02 14:29:04
1788359345,4389.69,4389.69,4389.59,4389.59,10.0,2026-09-02 14:29:05
1788359346,4389.57,4389.74,4389.53,4389.68,20.0,2026-09-02 14:29:06
1788359347,4389.68,4389.86,4389.64,4389.84,15.0,2026-09-02 14:29:07
1788359348,4389.86,4390.02,4389.86,4390.02,7.0,2026-09-02 14:29:08
1788359349,4390.04,4390.04,4389.89,4389.89,9.0,2026-09-02 14:29:09
1788359350,4389.88,4390.01,4389.88,4390.01,10.0,2026-09-02 14:29:10
1788359351,4390.02,4390.39,4389.94,4390.33,22.0,2026-09-02 14:29:11
1788359352,4390.32,4390.38,4390.31,4390.38,14.0,2026-09-02 14:29:12
1788359353,4390.31,4390.31,4389.73,4389.82,22.0,2026-09-02 14:29:13
1788359354,4389.83,4389.9,4389.79,4389.79,13.0,2026-09-02 14:29:14
1788359355,4389.78,4389.78,4389.75,4389.76,11.0,2026-09-02 14:29:15
1788359356,4389.76,4390.02,4389.76,4390.02,17.0,2026-09-02 14:29:16
1788359357,4390.04,4390.15,4389.97,4390.02,19.0,2026-09-02 14:29:17
1788359358,4390.03,4390.04,4389.87,4390.02,17.0,2026-09-02 14:29:18
1788359359,4390.03,4390.2,4390.03,4390.05,15.0,2026-09-02 14:29:19
1788359360,4390.04,4390.04,4389.61,4389.61,20.0,2026-09-02 14:29:20
1788359361,4389.63,4389.83,4389.63,4389.63,14.0,2026-09-02 14:29:21
1788359362,4389.62,4389.62,4389.46,4389.46,10.0,2026-09-02 14:29:22
1788359363,4389.47,4389.47,4389.06,4389.07,19.0,2026-09-02 14:29:23
1788359364,4389.11,4389.35,4389.11,4389.29,15.0,2026-09-02 14:29:24
1788359365,4389.23,4389.24,4389.12,4389.12,9.0,2026-09-02 14:29:25
1788359366,4389.11,4389.11,4388.99,4388.99,9.0,2026-09-02 14:29:26
1788359367,4388.99,4389.29,4388.99,4389.28,9.0,2026-09-02 14:29:27
1788359368,4389.26,4389.26,4389.18,4389.21,10.0,2026-09-02 14:29:28
1788359369,4389.19,4389.19,4389.05,4389.05,14.0,2026-09-02 14:29:29
1788359370,4389.06,4389.12,4388.97,4389.08,17.0,2026-09-02 14:29:30
1788359371,4389.09,4389.09,4388.72,4388.72,19.0,2026-09-02 14:29:31
1788359372,4388.7,4388.7,4388.53,4388.65,21.0,2026-09-02 14:29:32
1788359373,4388.67,4389.08,4388.67,4388.72,21.0,2026-09-02 14:29:33
1788359374,4388.74,4388.79,4388.63,4388.67,15.0,2026-09-02 14:29:34
1788359375,4388.67,4388.76,4388.66,4388.69,13.0,2026-09-02 14:29:35
1788359376,4388.67,4388.95,4388.65,4388.91,12.0,2026-09-02 14:29:36
1788359377,4388.91,4388.99,4388.91,4388.95,10.0,2026-09-02 14:29:37
1788359378,4388.94,4388.94,4388.72,4388.72,17.0,2026-09-02 14:29:38
1788359379,4388.68,4388.7,4388.45,4388.45,17.0,2026-09-02 14:29:39
1788359380,4388.44,4388.44,4388.09,4388.11,15.0,2026-09-02 14:29:40
1788359381,4388.08,4388.1,4387.98,4387.98,14.0,2026-09-02 14:29:41
1788359382,4387.95,4387.98,4387.86,4387.86,16.0,2026-09-02 14:29:42
1788359383,4387.87,4387.87,4387.41,4387.41,22.0,2026-09-02 14:29:43
1788359384,4387.43,4387.75,4387.36,4387.75,18.0,2026-09-02 14:29:44
1788359385,4387.71,4388.05,4387.71,4388.05,19.0,2026-09-02 14:29:45
1788359386,4388.06,4388.64,4388.06,4388.62,17.0,2026-09-02 14:29:46
1788359387,4388.63,4388.69,4388.32,4388.32,22.0,2026-09-02 14:29:47
1788359388,4388.31,4388.31,4387.85,4388.16,20.0,2026-09-02 14:29:48
1788359389,4388.2,4388.2,4388.05,4388.11,17.0,2026-09-02 14:29:49
1788359390,4388.1,4388.39,4388.1,4388.32,14.0,2026-09-02 14:29:50
1788359391,4388.34,4388.39,4388.34,4388.37,13.0,2026-09-02 14:29:51
1788359392,4388.38,4388.51,4388.38,4388.41,11.0,2026-09-02 14:29:52
1788359393,4388.45,4388.55,4388.45,4388.49,9.0,2026-09-02 14:29:53
1788359394,4388.43,4388.43,4388.3,4388.3,10.0,2026-09-02 14:29:54
1788359395,4388.29,4388.34,4388.29,4388.34,15.0,2026-09-02 14:29:55
1788359396,4388.34,4388.34,4388.18,4388.21,13.0,2026-09-02 14:29:56
1788359397,4388.16,4388.18,4387.86,4387.89,17.0,2026-09-02 14:29:57
1788359398,4387.88,4387.91,4387.85,4387.91,11.0,2026-09-02 14:29:58
1788359399,4387.84,4387.84,4387.58,4387.62,14.0,2026-09-02 14:29:59
1788359400,4387.63,4387.63,4386.84,4386.84,27.0,2026-09-02 14:30:00
1788359401,4386.73,4387.42,4386.69,4386.78,33.0,2026-09-02 14:30:01
1788359402,4386.74,4387.07,4386.74,4386.78,20.0,2026-09-02 14:30:02
1788359403,4386.77,4386.79,4385.77,4385.86,26.0,2026-09-02 14:30:03
1788359404,4385.83,4385.87,4385.27,4385.65,27.0,2026-09-02 14:30:04
1788359405,4385.69,4385.69,4384.63,4384.63,31.0,2026-09-02 14:30:05
1788359406,4384.68,4384.8,4384.58,4384.75,30.0,2026-09-02 14:30:06
1788359407,4384.77,4384.85,4384.51,4384.59,28.0,2026-09-02 14:30:07
1788359408,4384.57,4384.89,4384.57,4384.8,28.0,2026-09-02 14:30:08
1788359409,4384.85,4385.15,4384.85,4385.14,16.0,2026-09-02 14:30:09
1788359410,4385.16,4385.37,4385.12,4385.37,22.0,2026-09-02 14:30:10
1788359411,4385.33,4385.36,4385.02,4385.07,20.0,2026-09-02 14:30:11
1788359412,4385.06,4385.15,4385.0,4385.0,19.0,2026-09-02 14:30:12
1788359413,4384.98,4384.98,4384.84,4384.93,19.0,2026-09-02 14:30:13
1788359414,4384.95,4385.2,4384.87,4385.2,25.0,2026-09-02 14:30:14
1788359415,4385.18,4385.19,4385.0,4385.17,20.0,2026-09-02 14:30:15
1788359416,4385.18,4385.18,4384.85,4385.0,19.0,2026-09-02 14:30:16
1788359417,4385.05,4385.18,4385.02,4385.09,18.0,2026-09-02 14:30:17
1788359418,4385.06,4385.08,4384.87,4384.97,17.0,2026-09-02 14:30:18
1788359419,4384.98,4385.02,4384.82,4384.85,18.0,2026-09-02 14:30:19
1788359420,4384.82,4384.89,4384.82,4384.87,8.0,2026-09-02 14:30:20
1788359421,4384.69,4384.77,4384.64,4384.76,21.0,2026-09-02 14:30:21
1788359422,4384.8,4385.38,4384.8,4385.38,22.0,2026-09-02 14:30:22
1788359423,4385.41,4385.41,4385.41,4385.41,1.0,2026-09-02 14:30:23
1788359424,4385.13,4385.2,4385.12,4385.14,11.0,2026-09-02 14:30:24
1788359425,4385.14,4385.15,4385.14,4385.15,2.0,2026-09-02 14:30:25
1788359426,4385.21,4385.21,4385.18,4385.18,3.0,2026-09-02 14:30:26
1788359427,4385.14,4385.24,4384.36,4384.8,26.0,2026-09-02 14:30:27
1788359428,4384.77,4384.77,4384.37,4384.37,22.0,2026-09-02 14:30:28
1788359429,4384.58,4384.76,4384.23,4384.31,28.0,2026-09-02 14:30:29
1788359430,4384.28,4384.28,4384.23,4384.25,6.0,2026-09-02 14:30:30
1788359431,4384.19,4384.19,4384.19,4384.19,1.0,2026-09-02 14:30:31
1788359432,4383.89,4384.07,4383.76,4383.81,25.0,2026-09-02 14:30:32
1788359433,4383.84,4384.0,4383.84,4384.0,14.0,2026-09-02 14:30:33
1788359434,4384.01,4384.15,4383.8,4383.83,20.0,2026-09-02 14:30:34
1788359435,4383.83,4383.83,4383.83,4383.83,1.0,2026-09-02 14:30:35
1788359436,4383.96,4384.01,4383.84,4383.84,12.0,2026-09-02 14:30:36
1788359437,4383.8,4383.8,4383.62,4383.63,15.0,2026-09-02 14:30:37
1788359438,4383.6,4383.6,4383.46,4383.48,4.0,2026-09-02 14:30:38
1788359439,4383.63,4383.74,4383.62,4383.74,10.0,2026-09-02 14:30:39
1788359440,4383.8,4383.82,4383.71,4383.71,14.0,2026-09-02 14:30:40
1788359441,4383.71,4383.8,4383.62,4383.78,21.0,2026-09-02 14:30:41
1788359442,4383.77,4383.77,4383.47,4383.47,12.0,2026-09-02 14:30:42
1788359443,4383.46,4383.46,4383.45,4383.45,2.0,2026-09-02 14:30:43
1788359444,4383.59,4383.63,4383.59,4383.63,6.0,2026-09-02 14:30:44
1788359445,4383.6,4383.61,4383.53,4383.56,11.0,2026-09-02 14:30:45
1788359446,4383.62,4383.62,4383.06,4383.06,20.0,2026-09-02 14:30:46
1788359447,4383.07,4383.26,4382.93,4383.24,21.0,2026-09-02 14:30:47
1788359448,4383.19,4383.24,4383.01,4383.01,15.0,2026-09-02 14:30:48
1788359449,4383.02,4383.09,4382.96,4383.09,15.0,2026-09-02 14:30:49
1788359450,4383.09,4383.09,4383.07,4383.07,2.0,2026-09-02 14:30:50
1788359451,4382.92,4382.95,4382.92,4382.95,3.0,2026-09-02 14:30:51
1788359452,4383.43,4383.43,4383.39,4383.4,5.0,2026-09-02 14:30:52
1788359453,4384.04,4384.04,4383.88,4383.95,7.0,2026-09-02 14:30:53
1788359454,4383.63,4383.69,4383.56,4383.66,12.0,2026-09-02 14:30:54
1788359455,4383.68,4383.73,4383.45,4383.49,18.0,2026-09-02 14:30:55
1788359456,4383.56,4383.98,4383.56,4383.65,25.0,2026-09-02 14:30:56
1788359457,4383.63,4383.64,4383.53,4383.63,13.0,2026-09-02 14:30:57
1788359458,4383.64,4383.8,4383.64,4383.72,15.0,2026-09-02 14:30:58
1788359459,4383.64,4383.88,4383.64,4383.88,12.0,2026-09-02 14:30:59
1788359460,4383.88,4384.05,4383.83,4384.05,8.0,2026-09-02 14:31:00
1788359461,4384.28,4384.29,4384.28,4384.29,2.0,2026-09-02 14:31:01
1788359462,4384.22,4384.25,4383.93,4383.93,12.0,2026-09-02 14:31:02
1788359463,4383.64,4383.74,4383.61,4383.74,12.0,2026-09-02 14:31:03
1788359464,4383.73,4383.82,4383.73,4383.81,8.0,2026-09-02 14:31:04
1788359465,4383.82,4383.85,4383.82,4383.85,2.0,2026-09-02 14:31:05
1788359466,4383.96,4384.34,4383.96,4384.2,20.0,2026-09-02 14:31:06
1788359467,4384.22,4384.26,4384.22,4384.26,4.0,2026-09-02 14:31:07
1788359468,4384.39,4384.39,4384.13,4384.15,13.0,2026-09-02 14:31:08
1788359469,4384.06,4384.08,4383.97,4383.97,10.0,2026-09-02 14:31:09
1788359470,4384.01,4384.06,4384.01,4384.04,9.0,2026-09-02 14:31:10
1788359471,4384.04,4384.15,4384.02,4384.15,16.0,2026-09-02 14:31:11
1788359472,4384.21,4384.21,4384.21,4384.21,1.0,2026-09-02 14:31:12
1788359473,4384.25,4384.37,4384.22,4384.37,11.0,2026-09-02 14:31:13
1788359474,4384.38,4384.38,4384.37,4384.37,3.0,2026-09-02 14:31:14
1788359475,4384.54,4384.57,4384.53,4384.53,5.0,2026-09-02 14:31:15
1788359476,4384.36,4384.48,4384.34,4384.48,16.0,2026-09-02 14:31:16
1788359477,4384.55,4385.11,4384.55,4384.99,13.0,2026-09-02 14:31:17
1788359478,4384.99,4385.0,4384.85,4384.89,21.0,2026-09-02 14:31:18
1788359479,4384.9,4384.93,4384.87,4384.87,4.0,2026-09-02 14:31:19
1788359480,4384.55,4384.57,4384.54,4384.56,5.0,2026-09-02 14:31:20
1788359481,4384.55,4384.59,4384.54,4384.59,6.0,2026-09-02 14:31:21
1788359482,4384.6,4384.76,4384.6,4384.73,6.0,2026-09-02 14:31:22
1788359483,4385.0,4385.22,4384.98,4385.22,13.0,2026-09-02 14:31:23
1788359484,4385.41,4385.46,4385.41,4385.46,6.0,2026-09-02 14:31:24
1788359485,4385.47,4386.0,4385.45,4386.0,18.0,2026-09-02 14:31:25
1788359486,4386.0,4386.05,4385.98,4386.0,9.0,2026-09-02 14:31:26
1788359487,4386.02,4386.05,4385.77,4385.77,6.0,2026-09-02 14:31:27
1788359488,4385.37,4385.37,4385.22,4385.24,7.0,2026-09-02 14:31:28
1788359489,4385.25,4385.32,4385.2,4385.32,12.0,2026-09-02 14:31:29
1788359490,4385.09,4385.22,4385.09,4385.22,5.0,2026-09-02 14:31:30
1788359491,4385.25,4385.25,4385.1,4385.12,14.0,2026-09-02 14:31:31
1788359492,4385.12,4385.12,4384.98,4385.09,11.0,2026-09-02 14:31:32
1788359493,4385.19,4385.2,4384.82,4384.87,18.0,2026-09-02 14:31:33
1788359494,4384.88,4384.95,4384.88,4384.95,4.0,2026-09-02 14:31:34
1788359495,4384.91,4384.99,4384.85,4384.99,11.0,2026-09-02 14:31:35
1788359496,4385.04,4385.23,4385.04,4385.21,11.0,2026-09-02 14:31:36
1788359497,4385.19,4385.28,4385.19,4385.28,8.0,2026-09-02 14:31:37
1788359498,4385.29,4385.33,4385.21,4385.32,14.0,2026-09-02 14:31:38
1788359499,4385.53,4385.63,4385.4,4385.41,19.0,2026-09-02 14:31:39
1788359500,4385.33,4385.33,4385.33,4385.33,1.0,2026-09-02 14:31:40
1788359501,4385.29,4385.32,4385.29,4385.32,5.0,2026-09-02 14:31:41
1788359502,4385.33,4385.45,4385.33,4385.45,6.0,2026-09-02 14:31:42
1788359503,4385.42,4385.42,4385.33,4385.33,5.0,2026-09-02 14:31:43
1788359504,4384.82,4384.88,4384.82,4384.88,3.0,2026-09-02 14:31:44
1788359505,4385.13,4385.33,4385.13,4385.27,16.0,2026-09-02 14:31:45
1788359506,4385.3,4386.27,4385.3,4386.05,27.0,2026-09-02 14:31:46
1788359507,4386.03,4386.13,4385.98,4386.02,21.0,2026-09-02 14:31:47
1788359508,4386.03,4386.29,4386.03,4386.13,19.0,2026-09-02 14:31:48
1788359509,4386.11,4386.11,4386.11,4386.11,1.0,2026-09-02 14:31:49
1788359510,4385.99,4385.99,4385.99,4385.99,2.0,2026-09-02 14:31:50
1788359511,4385.52,4385.64,4385.52,4385.64,7.0,2026-09-02 14:31:51
1788359512,4385.78,4385.84,4385.45,4385.56,15.0,2026-09-02 14:31:52
1788359513,4385.53,4385.54,4385.48,4385.48,7.0,2026-09-02 14:31:53
1788359514,4385.55,4385.55,4385.52,4385.53,6.0,2026-09-02 14:31:54
1788359515,4385.53,4385.89,4385.52,4385.89,12.0,2026-09-02 14:31:55
1788359516,4385.88,4386.02,4385.85,4385.96,12.0,2026-09-02 14:31:56
1788359517,4385.97,4385.97,4385.97,4385.97,1.0,2026-09-02 14:31:57
1788359518,4386.08,4386.22,4386.08,4386.22,5.0,2026-09-02 14:31:58
1788359519,4386.35,4386.38,4386.32,4386.38,6.0,2026-09-02 14:31:59
1788359520,4386.21,4386.21,4386.05,4386.08,9.0,2026-09-02 14:32:00
1788359521,4385.9,4386.02,4385.9,4386.0,8.0,2026-09-02 14:32:01
1788359522,4385.99,4386.1,4385.55,4385.55,17.0,2026-09-02 14:32:02
1788359523,4385.55,4385.55,4385.38,4385.47,12.0,2026-09-02 14:32:03
1788359524,4385.6,4385.67,4385.54,4385.54,14.0,2026-09-02 14:32:04
1788359525,4385.54,4385.54,4385.54,4385.54,1.0,2026-09-02 14:32:05
1788359526,4385.55,4385.61,4384.93,4384.93,22.0,2026-09-02 14:32:06
1788359527,4384.91,4384.91,4384.77,4384.77,4.0,2026-09-02 14:32:07
1788359528,4385.03,4385.07,4385.03,4385.05,4.0,2026-09-02 14:32:08
1788359529,4384.96,4385.09,4384.94,4385.09,9.0,2026-09-02 14:32:09
1788359530,4384.94,4384.94,4384.91,4384.91,4.0,2026-09-02 14:32:10
1788359531,4384.87,4384.95,4384.72,4384.95,17.0,2026-09-02 14:32:11
1788359532,4384.87,4385.53,4384.87,4385.53,17.0,2026-09-02 14:32:12
1788359533,4385.43,4385.54,4385.32,4385.51,27.0,2026-09-02 14:32:13
1788359534,4385.54,4385.54,4385.34,4385.35,17.0,2026-09-02 14:32:14
1788359535,4385.37,4385.81,4385.37,4385.78,15.0,2026-09-02 14:32:15
1788359536,4385.72,4385.72,4385.68,4385.69,4.0,2026-09-02 14:32:16
1788359537,4385.99,4385.99,4385.9,4385.93,8.0,2026-09-02 14:32:17
1788359538,4385.87,4385.98,4385.86,4385.96,11.0,2026-09-02 14:32:18
1788359539,4385.95,4386.31,4385.9,4386.31,12.0,2026-09-02 14:32:19
1788359540,4386.27,4386.27,4385.92,4386.02,17.0,2026-09-02 14:32:20
1788359541,4386.02,4386.03,4385.98,4385.99,10.0,2026-09-02 14:32:21
1788359542,4386.0,4386.08,4386.0,4386.05,11.0,2026-09-02 14:32:22
1788359543,4386.07,4386.24,4386.07,4386.24,12.0,2026-09-02 14:32:23
1788359544,4386.25,4386.34,4386.25,4386.34,5.0,2026-09-02 14:32:24
1788359545,4385.99,4386.04,4385.99,4386.04,6.0,2026-09-02 14:32:25
1788359546,4386.25,4386.27,4386.19,4386.27,11.0,2026-09-02 14:32:26
1788359547,4386.26,4386.26,4386.11,4386.11,9.0,2026-09-02 14:32:27
1788359548,4386.08,4386.6,4386.07,4386.6,14.0,2026-09-02 14:32:28
1788359549,4386.72,4386.72,4386.65,4386.66,6.0,2026-09-02 14:32:29
1788359550,4386.72,4386.92,4386.67,4386.92,13.0,2026-09-02 14:32:30
1788359551,4386.95,4387.01,4386.95,4386.97,4.0,2026-09-02 14:32:31
1788359552,4386.84,4386.84,4386.84,4386.84,2.0,2026-09-02 14:32:32
1788359553,4385.96,4385.96,4385.96,4385.96,1.0,2026-09-02 14:32:33
1788359554,4386.04,4386.28,4386.01,4386.28,8.0,2026-09-02 14:32:34
1788359555,4387.09,4387.17,4387.08,4387.09,10.0,2026-09-02 14:32:35
1788359556,4387.16,4387.99,4387.16,4387.96,25.0,2026-09-02 14:32:36
1788359557,4387.84,4388.19,4387.82,4388.19,13.0,2026-09-02 14:32:37
1788359558,4388.2,4388.21,4387.7,4387.85,19.0,2026-09-02 14:32:38
1788359559,4387.82,4387.88,4387.4,4387.4,24.0,2026-09-02 14:32:39
1788359560,4387.38,4387.38,4387.31,4387.31,5.0,2026-09-02 14:32:40
1788359561,4386.7,4386.71,4386.61,4386.61,8.0,2026-09-02 14:32:41
1788359562,4386.63,4386.64,4386.58,4386.59,9.0,2026-09-02 14:32:42
1788359563,4386.55,4386.71,4386.52,4386.57,15.0,2026-09-02 14:32:43
1788359564,4386.51,4386.73,4386.51,4386.62,18.0,2026-09-02 14:32:44
1788359565,4386.58,4386.58,4386.57,4386.57,2.0,2026-09-02 14:32:45
1788359566,4386.61,4386.69,4386.61,4386.69,6.0,2026-09-02 14:32:46
1788359567,4386.89,4386.91,4386.89,4386.89,7.0,2026-09-02 14:32:47
1788359568,4386.91,4386.97,4386.86,4386.87,10.0,2026-09-02 14:32:48
1788359569,4386.95,4387.14,4386.95,4387.14,10.0,2026-09-02 14:32:49
1788359570,4387.08,4387.6,4387.08,4387.6,18.0,2026-09-02 14:32:50
1788359571,4387.61,4387.61,4387.08,4387.1,22.0,2026-09-02 14:32:51
1788359572,4387.11,4387.11,4386.98,4386.98,4.0,2026-09-02 14:32:52
1788359573,4386.94,4386.96,4386.94,4386.96,2.0,2026-09-02 14:32:53
1788359574,4386.9,4386.9,4386.76,4386.76,3.0,2026-09-02 14:32:54
1788359575,4386.98,4386.98,4386.98,4386.98,1.0,2026-09-02 14:32:55
1788359576,4386.98,4387.06,4386.98,4386.98,8.0,2026-09-02 14:32:56
1788359577,4386.97,4386.97,4386.97,4386.97,2.0,2026-09-02 14:32:57
1788359578,4386.95,4387.04,4386.95,4387.04,5.0,2026-09-02 14:32:58
1788359579,4387.06,4387.13,4386.67,4386.67,16.0,2026-09-02 14:32:59
1788359580,4386.7,4386.7,4386.7,4386.7,1.0,2026-09-02 14:33:00
1788359581,4386.47,4386.47,4386.47,4386.47,1.0,2026-09-02 14:33:01
1788359582,4386.45,4386.45,4386.12,4386.13,8.0,2026-09-02 14:33:02
1788359583,4386.13,4386.13,4386.13,4386.13,1.0,2026-09-02 14:33:03
1788359584,4385.87,4385.91,4385.87,4385.9,4.0,2026-09-02 14:33:04
1788359585,4386.15,4386.19,4386.15,4386.19,3.0,2026-09-02 14:33:05
1788359586,4386.18,4386.18,4386.07,4386.08,9.0,2026-09-02 14:33:06
1788359587,4386.56,4386.66,4386.52,4386.66,12.0,2026-09-02 14:33:07
1788359588,4386.69,4387.02,4386.69,4386.78,19.0,2026-09-02 14:33:08
1788359589,4386.76,4386.79,4386.6,4386.63,9.0,2026-09-02 14:33:09
1788359590,4386.67,4386.67,4386.51,4386.58,11.0,2026-09-02 14:33:10
1788359591,4386.59,4386.64,4386.56,4386.56,14.0,2026-09-02 14:33:11
1788359592,4386.55,4386.55,4386.55,4386.55,1.0,2026-09-02 14:33:12
1788359593,4386.48,4386.49,4386.46,4386.48,5.0,2026-09-02 14:33:13
1788359594,4385.64,4385.64,4385.61,4385.61,5.0,2026-09-02 14:33:14
1788359595,4385.67,4385.68,4385.64,4385.64,6.0,2026-09-02 14:33:15
1788359596,4385.55,4385.6,4385.51,4385.57,9.0,2026-09-02 14:33:16
1788359597,4385.36,4385.36,4385.24,4385.34,7.0,2026-09-02 14:33:17
1788359598,4385.52,4385.61,4385.52,4385.58,9.0,2026-09-02 14:33:18
1788359599,4385.59,4385.59,4385.29,4385.29,12.0,2026-09-02 14:33:19
1788359600,4385.27,4385.31,4385.01,4385.29,23.0,2026-09-02 14:33:20
1788359601,4385.27,4385.28,4385.13,4385.13,15.0,2026-09-02 14:33:21
1788359602,4385.11,4385.11,4385.11,4385.11,1.0,2026-09-02 14:33:22
1788359603,4385.05,4385.06,4385.05,4385.06,2.0,2026-09-02 14:33:23
1788359604,4384.95,4385.1,4384.95,4385.1,5.0,2026-09-02 14:33:24
1788359605,4384.93,4384.93,4384.92,4384.92,3.0,2026-09-02 14:33:25
1788359606,4384.81,4384.94,4384.81,4384.94,6.0,2026-09-02 14:33:26
1788359607,4384.52,4384.52,4384.52,4384.52,1.0,2026-09-02 14:33:27
1788359608,4384.23,4384.28,4384.23,4384.27,4.0,2026-09-02 14:33:28
1788359609,4384.24,4384.24,4384.19,4384.19,6.0,2026-09-02 14:33:29
1788359610,4384.57,4385.0,4384.57,4384.69,15.0,2026-09-02 14:33:30
1788359611,4384.69,4384.69,4384.69,4384.69,1.0,2026-09-02 14:33:31
1788359612,4385.04,4385.15,4385.04,4385.15,4.0,2026-09-02 14:33:32
1788359613,4385.44,4385.57,4385.39,4385.57,16.0,2026-09-02 14:33:33
1788359614,4385.58,4385.73,4385.58,4385.66,8.0,2026-09-02 14:33:34
1788359615,4385.67,4385.67,4385.46,4385.46,12.0,2026-09-02 14:33:35
1788359616,4385.46,4385.46,4385.39,4385.41,6.0,2026-09-02 14:33:36
1788359617,4385.61,4385.62,4385.52,4385.57,17.0,2026-09-02 14:33:37
1788359618,4385.46,4385.48,4385.18,4385.18,13.0,2026-09-02 14:33:38
1788359619,4385.15,4385.15,4384.97,4384.97,11.0,2026-09-02 14:33:39
1788359620,4384.96,4384.98,4384.88,4384.88,15.0,2026-09-02 14:33:40
1788359621,4384.85,4384.85,4384.85,4384.85,1.0,2026-09-02 14:33:41
1788359622,4385.59,4385.59,4385.59,4385.59,2.0,2026-09-02 14:33:42
1788359623,4385.79,4385.83,4385.55,4385.55,16.0,2026-09-02 14:33:43
1788359624,4385.55,4386.05,4385.55,4386.05,15.0,2026-09-02 14:33:44
1788359625,4386.04,4386.04,4386.02,4386.04,6.0,2026-09-02 14:33:45
1788359626,4385.79,4385.91,4385.67,4385.74,16.0,2026-09-02 14:33:46
1788359627,4385.77,4385.88,4385.77,4385.85,10.0,2026-09-02 14:33:47
1788359628,4385.86,4385.87,4385.85,4385.86,4.0,2026-09-02 14:33:48
1788359629,4385.96,4386.16,4385.91,4386.16,14.0,2026-09-02 14:33:49
1788359630,4386.13,4386.13,4386.11,4386.11,2.0,2026-09-02 14:33:50
1788359631,4385.94,4385.95,4385.88,4385.88,11.0,2026-09-02 14:33:51
1788359632,4385.9,4385.9,4385.68,4385.69,10.0,2026-09-02 14:33:52
1788359633,4385.7,4385.76,4385.7,4385.76,2.0,2026-09-02 14:33:53
1788359634,4385.85,4385.86,4385.84,4385.85,4.0,2026-09-02 14:33:54
1788359635,4385.86,4385.86,4385.78,4385.83,14.0,2026-09-02 14:33:55
1788359636,4386.16,4386.33,4386.16,4386.33,9.0,2026-09-02 14:33:56
1788359637,4386.38,4386.74,4386.38,4386.74,17.0,2026-09-02 14:33:57
1788359638,4386.75,4386.82,4386.75,4386.82,3.0,2026-09-02 14:33:58
1788359639,4386.64,4386.64,4386.5,4386.57,13.0,2026-09-02 14:33:59
1788359640,4386.56,4386.63,4386.53,4386.63,5.0,2026-09-02 14:34:00
1788359641,4386.69,4386.76,4386.69,4386.76,8.0,2026-09-02 14:34:01
1788359642,4386.79,4386.82,4386.67,4386.78,9.0,2026-09-02 14:34:02
1788359643,4386.79,4386.84,4386.59,4386.75,17.0,2026-09-02 14:34:03
1788359644,4386.83,4387.13,4386.83,4387.13,17.0,2026-09-02 14:34:04
1788359645,4387.12,4387.12,4386.94,4387.07,7.0,2026-09-02 14:34:05
1788359646,4387.13,4387.13,4386.93,4386.96,10.0,2026-09-02 14:34:06
1788359647,4386.94,4386.96,4386.61,4386.68,13.0,2026-09-02 14:34:07
1788359648,4386.59,4386.59,4386.43,4386.43,11.0,2026-09-02 14:34:08
1788359649,4386.54,4386.62,4386.38,4386.38,17.0,2026-09-02 14:34:09
1788359650,4386.36,4386.36,4386.13,4386.13,17.0,2026-09-02 14:34:10
1788359651,4386.13,4386.13,4385.66,4385.66,21.0,2026-09-02 14:34:11
1788359652,4385.66,4385.72,4385.66,4385.72,3.0,2026-09-02 14:34:12
1788359653,4385.89,4386.12,4385.89,4386.12,7.0,2026-09-02 14:34:13
1788359654,4386.16,4386.49,4386.16,4386.49,9.0,2026-09-02 14:34:14
1788359655,4386.6,4386.6,4386.45,4386.47,22.0,2026-09-02 14:34:15
1788359656,4386.47,4386.53,4386.38,4386.53,12.0,2026-09-02 14:34:16
1788359657,4386.54,4387.01,4386.54,4386.63,20.0,2026-09-02 14:34:17
1788359658,4386.84,4386.86,4386.73,4386.73,15.0,2026-09-02 14:34:18
1788359659,4386.7,4386.74,4386.4,4386.47,20.0,2026-09-02 14:34:19
1788359660,4386.47,4386.59,4386.42,4386.59,18.0,2026-09-02 14:34:20
1788359661,4386.62,4387.26,4386.62,4387.26,29.0,2026-09-02 14:34:21
1788359662,4387.23,4387.39,4387.23,4387.33,5.0,2026-09-02 14:34:22
1788359663,4387.56,4387.56,4386.97,4386.98,14.0,2026-09-02 14:34:23
1788359664,4387.01,4387.01,4387.0,4387.0,2.0,2026-09-02 14:34:24
1788359665,4386.96,4386.96,4386.96,4386.96,1.0,2026-09-02 14:34:25
1788359666,4386.75,4386.75,4386.64,4386.73,10.0,2026-09-02 14:34:26
1788359667,4386.98,4387.01,4386.95,4386.97,9.0,2026-09-02 14:34:27
1788359668,4387.14,4387.16,4387.06,4387.06,9.0,2026-09-02 14:34:28
1788359669,4386.97,4386.98,4386.84,4386.94,15.0,2026-09-02 14:34:29
1788359670,4387.07,4387.07,4387.06,4387.06,3.0,2026-09-02 14:34:30
1788359671,4386.87,4386.87,4386.7,4386.73,20.0,2026-09-02 14:34:31
1788359672,4386.9,4386.93,4386.02,4386.02,28.0,2026-09-02 14:34:32
1788359673,4386.01,4386.01,4386.01,4386.01,1.0,2026-09-02 14:34:33
1788359674,4386.23,4386.23,4385.97,4386.0,13.0,2026-09-02 14:34:34
1788359675,4385.98,4385.98,4385.98,4385.98,1.0,2026-09-02 14:34:35
1788359676,4385.98,4385.98,4385.98,4385.98,1.0,2026-09-02 14:34:36
1788359677,4386.25,4386.38,4386.25,4386.38,17.0,2026-09-02 14:34:37
1788359678,4386.46,4386.46,4386.33,4386.33,11.0,2026-09-02 14:34:38
1788359679,4386.29,4386.29,4386.07,4386.19,15.0,2026-09-02 14:34:39
1788359680,4386.2,4387.0,4386.19,4386.59,25.0,2026-09-02 14:34:40
1788359681,4386.61,4386.61,4385.92,4386.2,17.0,2026-09-02 14:34:41
1788359682,4386.23,4386.25,4386.21,4386.22,5.0,2026-09-02 14:34:42
1788359683,4386.14,4386.22,4386.14,4386.22,4.0,2026-09-02 14:34:43
1788359684,4386.49,4386.49,4386.46,4386.47,6.0,2026-09-02 14:34:44
1788359685,4386.56,4386.93,4386.56,4386.93,16.0,2026-09-02 14:34:45
1788359686,4386.97,4387.1,4386.97,4387.1,12.0,2026-09-02 14:34:46
1788359687,4387.02,4387.09,4386.99,4387.09,11.0,2026-09-02 14:34:47
1788359688,4387.13,4387.45,4387.13,4387.45,4.0,2026-09-02 14:34:48
1788359689,4387.59,4387.59,4387.5,4387.5,4.0,2026-09-02 14:34:49
1788359690,4387.03,4387.03,4387.01,4387.01,3.0,2026-09-02 14:34:50
1788359691,4387.28,4387.28,4387.21,4387.27,9.0,2026-09-02 14:34:51
1788359692,4387.36,4387.37,4387.11,4387.11,15.0,2026-09-02 14:34:52
1788359693,4387.02,4387.02,4386.96,4387.0,9.0,2026-09-02 14:34:53
1788359694,4386.63,4386.63,4386.36,4386.51,20.0,2026-09-02 14:34:54
1788359695,4386.44,4386.52,4386.39,4386.43,16.0,2026-09-02 14:34:55
1788359696,4386.4,4386.4,4386.12,4386.12,19.0,2026-09-02 14:34:56
1788359697,4386.04,4386.04,4385.86,4385.95,19.0,2026-09-02 14:34:57
1788359698,4385.95,4386.31,4385.95,4386.31,10.0,2026-09-02 14:34:58
1788359699,4386.33,4386.36,4386.33,4386.36,5.0,2026-09-02 14:34:59
1788359700,4386.51,4386.64,4386.51,4386.64,6.0,2026-09-02 14:35:00
1788359701,4386.6,4386.6,4386.54,4386.54,5.0,2026-09-02 14:35:01
1788359702,4386.51,4386.51,4386.49,4386.5,7.0,2026-09-02 14:35:02
1788359703,4386.55,4386.55,4386.31,4386.31,14.0,2026-09-02 14:35:03
1788359704,4386.27,4386.43,4386.27,4386.43,9.0,2026-09-02 14:35:04
1788359705,4386.63,4386.85,4386.63,4386.85,4.0,2026-09-02 14:35:05
1788359706,4386.86,4386.86,4386.28,4386.46,19.0,2026-09-02 14:35:06
1788359707,4386.45,4386.64,4386.45,4386.64,9.0,2026-09-02 14:35:07
1788359708,4386.74,4386.86,4386.74,4386.86,15.0,2026-09-02 14:35:08
1788359709,4386.72,4386.75,4386.72,4386.73,10.0,2026-09-02 14:35:09
1788359710,4386.55,4386.71,4386.54,4386.68,12.0,2026-09-02 14:35:10
1788359711,4386.62,4387.06,4386.62,4387.06,11.0,2026-09-02 14:35:11
1788359712,4387.06,4387.56,4387.06,4387.56,17.0,2026-09-02 14:35:12
1788359713,4387.59,4387.71,4387.44,4387.64,27.0,2026-09-02 14:35:13
1788359714,4387.63,4387.63,4386.84,4386.84,25.0,2026-09-02 14:35:14
1788359715,4386.78,4386.78,4386.63,4386.63,5.0,2026-09-02 14:35:15
1788359716,4386.77,4386.77,4386.67,4386.67,3.0,2026-09-02 14:35:16
1788359717,4385.71,4385.71,4385.7,4385.71,3.0,2026-09-02 14:35:17
1788359718,4385.59,4385.59,4385.54,4385.55,6.0,2026-09-02 14:35:18
1788359719,4385.66,4385.66,4385.61,4385.61,6.0,2026-09-02 14:35:19
1788359720,4385.45,4385.71,4385.45,4385.69,14.0,2026-09-02 14:35:20
1788359721,4385.75,4386.03,4385.75,4386.03,15.0,2026-09-02 14:35:21
1788359722,4386.02,4386.04,4386.02,4386.02,4.0,2026-09-02 14:35:22
1788359723,4386.13,4386.13,4385.97,4385.97,7.0,2026-09-02 14:35:23
1788359724,4386.05,4386.05,4385.99,4386.0,6.0,2026-09-02 14:35:24
1788359725,4386.15,4386.23,4385.67,4385.67,12.0,2026-09-02 14:35:25
1788359726,4385.85,4385.86,4385.51,4385.51,18.0,2026-09-02 14:35:26
1788359727,4385.5,4385.51,4385.1,4385.12,18.0,2026-09-02 14:35:27
1788359728,4385.07,4385.07,4384.87,4384.94,20.0,2026-09-02 14:35:28
1788359729,4384.91,4384.91,4384.91,4384.91,1.0,2026-09-02 14:35:29
1788359730,4384.89,4384.89,4384.79,4384.79,5.0,2026-09-02 14:35:30
1788359731,4385.06,4385.14,4385.05,4385.14,7.0,2026-09-02 14:35:31
1788359732,4385.24,4385.28,4385.24,4385.27,6.0,2026-09-02 14:35:32
1788359733,4385.36,4385.43,4385.36,4385.43,6.0,2026-09-02 14:35:33
1788359734,4385.48,4385.58,4385.41,4385.42,11.0,2026-09-02 14:35:34
1788359735,4385.58,4385.59,4385.58,4385.59,2.0,2026-09-02 14:35:35
1788359736,4385.62,4385.85,4385.62,4385.85,9.0,2026-09-02 14:35:36
1788359737,4385.92,4385.92,4385.61,4385.61,14.0,2026-09-02 14:35:37
1788359738,4385.59,4385.68,4385.59,4385.68,5.0,2026-09-02 14:35:38
1788359739,4385.66,4385.66,4384.94,4384.94,11.0,2026-09-02 14:35:39
1788359740,4384.96,4385.01,4384.77,4384.77,13.0,2026-09-02 14:35:40
1788359741,4384.3,4384.47,4384.29,4384.47,9.0,2026-09-02 14:35:41
1788359742,4384.37,4384.84,4384.37,4384.83,15.0,2026-09-02 14:35:42
1788359743,4384.86,4384.86,4384.74,4384.83,13.0,2026-09-02 14:35:43
1788359744,4384.85,4384.85,4384.46,4384.46,19.0,2026-09-02 14:35:44
1788359745,4384.4,4384.48,4384.3,4384.34,17.0,2026-09-02 14:35:45
1788359746,4384.33,4384.33,4384.21,4384.29,10.0,2026-09-02 14:35:46
1788359747,4384.3,4384.73,4384.3,4384.73,8.0,2026-09-02 14:35:47
1788359748,4384.77,4384.91,4384.77,4384.91,5.0,2026-09-02 14:35:48
1788359749,4385.02,4385.02,4384.64,4384.67,9.0,2026-09-02 14:35:49
1788359750,4384.69,4384.84,4384.69,4384.8,5.0,2026-09-02 14:35:50
1788359751,4384.54,4384.72,4384.44,4384.44,14.0,2026-09-02 14:35:51
1788359752,4384.41,4384.42,4384.39,4384.39,4.0,2026-09-02 14:35:52
1788359753,4384.48,4384.49,4384.48,4384.49,3.0,2026-09-02 14:35:53
1788359754,4384.58,4384.85,4384.57,4384.62,23.0,2026-09-02 14:35:54
1788359755,4384.59,4384.84,4384.49,4384.84,14.0,2026-09-02 14:35:55
1788359756,4384.9,4384.9,4384.89,4384.9,3.0,2026-09-02 14:35:56
1788359757,4384.9,4384.93,4384.89,4384.93,5.0,2026-09-02 14:35:57
1788359758,4385.03,4385.08,4384.94,4385.03,11.0,2026-09-02 14:35:58
1788359759,4385.14,4385.14,4384.86,4384.86,12.0,2026-09-02 14:35:59
1788359760,4384.98,4384.98,4384.77,4384.77,10.0,2026-09-02 14:36:00
1788359761,4384.64,4384.65,4384.63,4384.65,3.0,2026-09-02 14:36:01
1788359762,4384.75,4384.75,4384.32,4384.32,7.0,2026-09-02 14:36:02
1788359763,4384.33,4384.39,4384.27,4384.27,6.0,2026-09-02 14:36:03
1788359764,4384.19,4384.19,4383.88,4383.88,19.0,2026-09-02 14:36:04
1788359765,4383.86,4383.97,4383.86,4383.97,10.0,2026-09-02 14:36:05
1788359766,4384.0,4384.04,4383.94,4383.94,7.0,2026-09-02 14:36:06
1788359767,4383.94,4384.39,4383.93,4384.39,17.0,2026-09-02 14:36:07
1788359768,4384.36,4384.36,4384.05,4384.05,13.0,2026-09-02 14:36:08
1788359769,4384.05,4384.05,4383.96,4383.96,6.0,2026-09-02 14:36:09
1788359770,4383.9,4383.9,4383.48,4383.55,13.0,2026-09-02 14:36:10
1788359771,4383.54,4383.65,4383.54,4383.59,23.0,2026-09-02 14:36:11
1788359772,4383.64,4383.64,4383.64,4383.64,1.0,2026-09-02 14:36:12
1788359773,4383.88,4383.95,4383.87,4383.89,14.0,2026-09-02 14:36:13
1788359774,4383.9,4383.91,4383.83,4383.84,17.0,2026-09-02 14:36:14
1788359775,4383.83,4383.86,4383.78,4383.78,11.0,2026-09-02 14:36:15
1788359776,4383.8,4383.88,4383.8,4383.88,3.0,2026-09-02 14:36:16
1788359777,4383.91,4384.27,4383.91,4384.12,9.0,2026-09-02 14:36:17
1788359778,4384.28,4384.46,4384.28,4384.46,15.0,2026-09-02 14:36:18
1788359779,4384.47,4384.48,4384.32,4384.36,9.0,2026-09-02 14:36:19
1788359780,4384.47,4384.47,4384.38,4384.38,6.0,2026-09-02 14:36:20
1788359781,4384.29,4384.37,4384.27,4384.37,4.0,2026-09-02 14:36:21
1788359782,4384.32,4384.32,4384.12,4384.12,5.0,2026-09-02 14:36:22
1788359783,4383.98,4384.04,4383.98,4384.04,8.0,2026-09-02 14:36:23
1788359784,4384.32,4384.33,4384.3,4384.33,5.0,2026-09-02 14:36:24
1788359785,4384.32,4384.32,4384.22,4384.24,7.0,2026-09-02 14:36:25
1788359786,4384.34,4384.37,4384.32,4384.33,6.0,2026-09-02 14:36:26
1788359787,4384.04,4384.07,4383.95,4383.95,14.0,2026-09-02 14:36:27
1788359788,4383.92,4384.01,4383.9,4383.99,8.0,2026-09-02 14:36:28
1788359789,4383.98,4384.1,4383.8,4384.01,15.0,2026-09-02 14:36:29
1788359790,4384.04,4384.07,4383.98,4383.98,5.0,2026-09-02 14:36:30
1788359791,4383.63,4383.63,4383.31,4383.41,17.0,2026-09-02 14:36:31
1788359792,4383.51,4383.74,4383.51,4383.62,12.0,2026-09-02 14:36:32
1788359793,4384.16,4384.27,4384.16,4384.27,17.0,2026-09-02 14:36:33
1788359794,4384.27,4384.53,4384.27,4384.47,24.0,2026-09-02 14:36:34
1788359795,4384.46,4384.77,4384.45,4384.68,15.0,2026-09-02 14:36:35
1788359796,4384.7,4384.7,4384.7,4384.7,1.0,2026-09-02 14:36:36
1788359797,4384.46,4384.46,4384.45,4384.46,3.0,2026-09-02 14:36:37
1788359798,4384.32,4384.4,4384.32,4384.38,5.0,2026-09-02 14:36:38
1788359799,4384.37,4384.45,4384.3,4384.45,6.0,2026-09-02 14:36:39
1788359800,4384.49,4384.5,4384.34,4384.34,5.0,2026-09-02 14:36:40
1788359801,4383.91,4383.91,4383.81,4383.83,6.0,2026-09-02 14:36:41
1788359802,4383.94,4383.94,4383.94,4383.94,1.0,2026-09-02 14:36:42
1788359803,4384.17,4384.17,4384.03,4384.03,7.0,2026-09-02 14:36:43
1788359804,4384.08,4384.08,4384.08,4384.08,2.0,2026-09-02 14:36:44
1788359805,4384.17,4384.17,4384.1,4384.13,7.0,2026-09-02 14:36:45
1788359806,4384.02,4384.02,4383.97,4383.97,9.0,2026-09-02 14:36:46
1788359807,4383.98,4384.15,4383.98,4384.09,11.0,2026-09-02 14:36:47
1788359808,4384.13,4384.28,4384.13,4384.28,10.0,2026-09-02 14:36:48
1788359809,4384.29,4384.3,4384.16,4384.16,6.0,2026-09-02 14:36:49
1788359810,4383.94,4383.95,4383.82,4383.88,10.0,2026-09-02 14:36:50
1788359811,4383.85,4383.87,4383.79,4383.85,11.0,2026-09-02 14:36:51
1788359812,4383.85,4383.93,4383.79,4383.82,14.0,2026-09-02 14:36:52
1788359813,4383.74,4383.74,4383.7,4383.71,10.0,2026-09-02 14:36:53
1788359814,4383.72,4383.72,4383.54,4383.54,16.0,2026-09-02 14:36:54
1788359815,4383.48,4383.51,4383.38,4383.39,16.0,2026-09-02 14:36:55
1788359816,4383.38,4383.38,4383.35,4383.35,3.0,2026-09-02 14:36:56
1788359817,4383.23,4383.51,4383.21,4383.51,12.0,2026-09-02 14:36:57
1788359818,4383.5,4383.51,4383.48,4383.51,9.0,2026-09-02 14:36:58
1788359819,4383.5,4383.5,4383.27,4383.35,19.0,2026-09-02 14:36:59
1788359820,4383.35,4383.4,4383.34,4383.4,5.0,2026-09-02 14:37:00
1788359821,4383.37,4383.43,4383.32,4383.36,6.0,2026-09-02 14:37:01
1788359822,4383.24,4383.24,4383.14,4383.15,8.0,2026-09-02 14:37:02
1788359823,4383.14,4383.14,4383.12,4383.14,4.0,2026-09-02 14:37:03
1788359824,4383.19,4383.2,4383.13,4383.13,8.0,2026-09-02 14:37:04
1788359825,4383.15,4383.22,4383.15,4383.22,5.0,2026-09-02 14:37:05
1788359826,4383.2,4383.2,4383.15,4383.17,8.0,2026-09-02 14:37:06
1788359827,4383.57,4384.0,4383.57,4383.97,15.0,2026-09-02 14:37:07
1788359828,4383.91,4383.91,4383.76,4383.79,9.0,2026-09-02 14:37:08
1788359829,4383.74,4383.74,4383.7,4383.72,7.0,2026-09-02 14:37:09
1788359830,4383.73,4383.93,4383.73,4383.83,15.0,2026-09-02 14:37:10
1788359831,4383.86,4383.94,4383.86,4383.91,13.0,2026-09-02 14:37:11
1788359832,4383.82,4383.98,4383.78,4383.98,12.0,2026-09-02 14:37:12
1788359833,4383.96,4383.96,4383.87,4383.88,7.0,2026-09-02 14:37:13
1788359834,4383.94,4384.15,4383.75,4384.12,20.0,2026-09-02 14:37:14
1788359835,4384.13,4384.13,4383.99,4384.0,10.0,2026-09-02 14:37:15
1788359836,4383.67,4383.86,4383.67,4383.74,15.0,2026-09-02 14:37:16
1788359837,4383.79,4383.79,4383.73,4383.73,8.0,2026-09-02 14:37:17
1788359838,4383.73,4383.73,4383.7,4383.7,4.0,2026-09-02 14:37:18
1788359839,4383.85,4383.87,4383.76,4383.87,11.0,2026-09-02 14:37:19
1788359840,4383.87,4383.92,4383.69,4383.7,12.0,2026-09-02 14:37:20
1788359841,4383.7,4383.71,4383.7,4383.71,2.0,2026-09-02 14:37:21
1788359842,4383.79,4383.88,4383.67,4383.67,17.0,2026-09-02 14:37:22
1788359843,4383.66,4383.66,4383.62,4383.62,2.0,2026-09-02 14:37:23
1788359844,4383.69,4383.69,4383.68,4383.69,5.0,2026-09-02 14:37:24
1788359845,4383.71,4383.93,4383.71,4383.84,17.0,2026-09-02 14:37:25
1788359846,4383.85,4383.9,4383.85,4383.9,3.0,2026-09-02 14:37:26
1788359847,4383.98,4384.03,4383.98,4384.03,5.0,2026-09-02 14:37:27
1788359848,4384.42,4384.43,4384.4,4384.4,4.0,2026-09-02 14:37:28
1788359849,4384.47,4384.53,4384.47,4384.49,9.0,2026-09-02 14:37:29
1788359850,4384.3,4384.3,4384.13,4384.15,12.0,2026-09-02 14:37:30
1788359851,4384.2,4384.24,4384.11,4384.24,8.0,2026-09-02 14:37:31
1788359852,4384.1,4384.11,4383.99,4384.06,15.0,2026-09-02 14:37:32
1788359853,4384.15,4384.15,4384.15,4384.15,1.0,2026-09-02 14:37:33
1788359854,4384.22,4384.22,4384.11,4384.11,9.0,2026-09-02 14:37:34
1788359855,4384.08,4384.08,4383.79,4383.81,12.0,2026-09-02 14:37:35
1788359856,4383.74,4383.85,4383.71,4383.85,10.0,2026-09-02 14:37:36
1788359857,4383.93,4383.97,4383.83,4383.97,12.0,2026-09-02 14:37:37
1788359858,4384.05,4384.17,4384.02,4384.17,11.0,2026-09-02 14:37:38
1788359859,4384.26,4384.35,4384.24,4384.25,13.0,2026-09-02 14:37:39
1788359860,4384.26,4384.26,4383.94,4383.94,11.0,2026-09-02 14:37:40
1788359861,4383.98,4383.98,4383.64,4383.71,15.0,2026-09-02 14:37:41
1788359862,4383.73,4384.24,4383.73,4384.2,20.0,2026-09-02 14:37:42
1788359863,4384.19,4384.21,4384.1,4384.21,9.0,2026-09-02 14:37:43
1788359864,4384.26,4384.4,4384.25,4384.3,15.0,2026-09-02 14:37:44
1788359865,4384.3,4384.38,4384.25,4384.27,8.0,2026-09-02 14:37:45
1788359866,4384.28,4384.29,4384.21,4384.21,5.0,2026-09-02 14:37:46
1788359867,4384.14,4384.14,4384.02,4384.02,8.0,2026-09-02 14:37:47
1788359868,4384.0,4384.0,4384.0,4384.0,1.0,2026-09-02 14:37:48
1788359869,4384.09,4384.11,4384.09,4384.1,4.0,2026-09-02 14:37:49
1788359870,4384.11,4384.11,4384.11,4384.11,1.0,2026-09-02 14:37:50
1788359871,4384.08,4384.08,4384.05,4384.07,3.0,2026-09-02 14:37:51
1788359872,4384.08,4384.12,4384.03,4384.07,14.0,2026-09-02 14:37:52
1788359873,4384.09,4384.37,4384.09,4384.37,10.0,2026-09-02 14:37:53
1788359874,4384.45,4384.48,4384.45,4384.48,5.0,2026-09-02 14:37:54
1788359875,4384.5,4384.5,4384.5,4384.5,2.0,2026-09-02 14:37:55
1788359876,4384.51,4384.53,4384.34,4384.34,11.0,2026-09-02 14:37:56
1788359877,4384.31,4384.39,4384.3,4384.39,6.0,2026-09-02 14:37:57
1788359878,4384.31,4384.31,4384.26,4384.26,8.0,2026-09-02 14:37:58
1788359879,4384.24,4384.24,4384.1,4384.17,10.0,2026-09-02 14:37:59
1788359880,4384.41,4384.41,4384.41,4384.41,1.0,2026-09-02 14:38:00
1788359881,4384.43,4384.66,4384.43,4384.46,16.0,2026-09-02 14:38:01
1788359882,4384.43,4384.48,4384.21,4384.21,14.0,2026-09-02 14:38:02
1788359883,4384.17,4384.28,4384.14,4384.28,12.0,2026-09-02 14:38:03
1788359884,4384.12,4384.12,4384.04,4384.05,12.0,2026-09-02 14:38:04
1788359885,4384.06,4384.1,4383.84,4383.84,19.0,2026-09-02 14:38:05
1788359886,4383.79,4383.79,4383.73,4383.78,12.0,2026-09-02 14:38:06
1788359887,4383.79,4383.81,4383.54,4383.54,16.0,2026-09-02 14:38:07
1788359888,4383.58,4383.65,4383.58,4383.65,2.0,2026-09-02 14:38:08
1788359889,4383.44,4383.44,4383.44,4383.44,1.0,2026-09-02 14:38:09
1788359890,4383.49,4383.98,4383.49,4383.95,14.0,2026-09-02 14:38:10
1788359891,4384.68,4384.87,4384.65,4384.7,18.0,2026-09-02 14:38:11
1788359892,4384.69,4384.69,4384.63,4384.63,2.0,2026-09-02 14:38:12
1788359893,4384.25,4384.25,4384.25,4384.25,1.0,2026-09-02 14:38:13
1788359894,4384.16,4384.16,4383.98,4384.02,7.0,2026-09-02 14:38:14
1788359895,4384.06,4384.06,4383.92,4384.06,8.0,2026-09-02 14:38:15
1788359896,4383.76,4383.77,4383.7,4383.7,3.0,2026-09-02 14:38:16
1788359897,4383.25,4383.41,4383.17,4383.32,13.0,2026-09-02 14:38:17
1788359898,4383.19,4383.24,4383.16,4383.23,7.0,2026-09-02 14:38:18
1788359899,4383.24,4383.27,4383.21,4383.27,7.0,2026-09-02 14:38:19
1788359900,4383.34,4383.57,4383.34,4383.45,14.0,2026-09-02 14:38:20
1788359901,4383.34,4383.45,4383.33,4383.45,10.0,2026-09-02 14:38:21
1788359902,4383.51,4383.51,4383.4,4383.45,10.0,2026-09-02 14:38:22
1788359903,4383.3,4383.3,4383.0,4383.02,13.0,2026-09-02 14:38:23
1788359904,4382.99,4383.15,4382.99,4383.07,16.0,2026-09-02 14:38:24
1788359905,4383.09,4383.09,4383.01,4383.04,18.0,2026-09-02 14:38:25
1788359906,4382.98,4382.98,4382.66,4382.66,15.0,2026-09-02 14:38:26
1788359907,4382.68,4383.12,4382.68,4383.09,11.0,2026-09-02 14:38:27
1788359908,4383.12,4383.12,4383.08,4383.08,8.0,2026-09-02 14:38:28
1788359909,4383.07,4383.09,4382.97,4383.08,8.0,2026-09-02 14:38:29
1788359910,4383.09,4383.83,4383.06,4383.78,29.0,2026-09-02 14:38:30
1788359911,4383.79,4383.81,4383.79,4383.81,2.0,2026-09-02 14:38:31
1788359912,4383.71,4383.93,4383.59,4383.59,18.0,2026-09-02 14:38:32
1788359913,4383.58,4383.58,4383.37,4383.38,19.0,2026-09-02 14:38:33
1788359914,4383.37,4383.37,4383.37,4383.37,2.0,2026-09-02 14:38:34
1788359915,4383.31,4383.57,4383.22,4383.57,23.0,2026-09-02 14:38:35
1788359916,4383.59,4383.82,4383.59,4383.82,5.0,2026-09-02 14:38:36
1788359917,4384.02,4384.23,4384.02,4384.1,6.0,2026-09-02 14:38:37
1788359918,4383.88,4383.88,4383.85,4383.87,3.0,2026-09-02 14:38:38
1788359919,4383.66,4383.66,4383.55,4383.55,7.0,2026-09-02 14:38:39
1788359920,4383.4,4383.5,4383.4,4383.42,8.0,2026-09-02 14:38:40
1788359921,4383.34,4383.34,4383.19,4383.19,8.0,2026-09-02 14:38:41
1788359922,4382.9,4383.22,4382.9,4383.19,17.0,2026-09-02 14:38:42
1788359923,4383.54,4383.57,4383.18,4383.18,17.0,2026-09-02 14:38:43
1788359924,4383.18,4383.24,4383.18,4383.18,9.0,2026-09-02 14:38:44
1788359925,4383.19,4383.23,4383.15,4383.23,8.0,2026-09-02 14:38:45
1788359926,4383.25,4383.31,4383.25,4383.29,5.0,2026-09-02 14:38:46
1788359927,4383.27,4383.27,4383.06,4383.11,15.0,2026-09-02 14:38:47
1788359928,4383.1,4383.24,4383.09,4383.16,14.0,2026-09-02 14:38:48
1788359929,4383.18,4383.18,4383.18,4383.18,1.0,2026-09-02 14:38:49
1788359930,4383.33,4383.33,4383.33,4383.33,1.0,2026-09-02 14:38:50
1788359931,4383.41,4383.41,4383.24,4383.24,9.0,2026-09-02 14:38:51
1788359932,4383.25,4383.42,4383.25,4383.35,11.0,2026-09-02 14:38:52
1788359933,4383.34,4383.35,4383.33,4383.35,3.0,2026-09-02 14:38:53
1788359934,4383.36,4383.36,4383.26,4383.26,5.0,2026-09-02 14:38:54
1788359935,4382.74,4382.74,4382.74,4382.74,1.0,2026-09-02 14:38:55
1788359936,4382.69,4382.81,4382.69,4382.78,6.0,2026-09-02 14:38:56
1788359937,4383.08,4383.24,4383.07,4383.24,10.0,2026-09-02 14:38:57
1788359938,4383.22,4383.27,4383.22,4383.27,5.0,2026-09-02 14:38:58
1788359939,4383.47,4383.86,4383.47,4383.86,12.0,2026-09-02 14:38:59
1788359940,4383.98,4384.07,4383.97,4384.07,5.0,2026-09-02 14:39:00
1788359941,4384.15,4384.23,4384.09,4384.23,10.0,2026-09-02 14:39:01
1788359942,4384.33,4384.51,4384.33,4384.51,10.0,2026-09-02 14:39:02
1788359943,4384.54,4384.85,4384.54,4384.85,13.0,2026-09-02 14:39:03
1788359944,4384.88,4384.88,4384.81,4384.81,2.0,2026-09-02 14:39:04
1788359945,4384.68,4384.81,4384.63,4384.8,14.0,2026-09-02 14:39:05
1788359946,4384.94,4384.94,4384.8,4384.8,11.0,2026-09-02 14:39:06
1788359947,4384.81,4384.98,4384.56,4384.56,23.0,2026-09-02 14:39:07
1788359948,4384.58,4384.84,4384.57,4384.84,20.0,2026-09-02 14:39:08
1788359949,4384.86,4385.03,4384.86,4384.88,14.0,2026-09-02 14:39:09
1788359950,4384.95,4384.95,4384.87,4384.87,5.0,2026-09-02 14:39:10
1788359951,4384.84,4384.84,4384.7,4384.82,10.0,2026-09-02 14:39:11
1788359952,4384.83,4384.97,4384.83,4384.97,10.0,2026-09-02 14:39:12
1788359953,4384.96,4384.99,4384.96,4384.99,3.0,2026-09-02 14:39:13
1788359954,4384.82,4384.82,4384.82,4384.82,1.0,2026-09-02 14:39:14
1788359955,4384.59,4384.63,4384.59,4384.63,5.0,2026-09-02 14:39:15
1788359956,4384.54,4384.54,4384.35,4384.35,6.0,2026-09-02 14:39:16
1788359957,4384.4,4384.65,4384.4,4384.65,11.0,2026-09-02 14:39:17
1788359958,4384.65,4384.66,4384.65,4384.65,4.0,2026-09-02 14:39:18
1788359959,4384.37,4384.38,4384.33,4384.33,7.0,2026-09-02 14:39:19
1788359960,4384.34,4384.51,4384.33,4384.51,11.0,2026-09-02 14:39:20
1788359961,4384.49,4384.49,4384.41,4384.41,7.0,2026-09-02 14:39:21
1788359962,4384.51,4384.56,4384.51,4384.56,4.0,2026-09-02 14:39:22
1788359963,4384.54,4384.98,4384.54,4384.98,15.0,2026-09-02 14:39:23
1788359964,4384.88,4384.91,4384.79,4384.79,13.0,2026-09-02 14:39:24
1788359965,4384.49,4384.56,4384.37,4384.37,17.0,2026-09-02 14:39:25
1788359966,4384.31,4384.31,4384.22,4384.22,6.0,2026-09-02 14:39:26
1788359967,4384.2,4384.22,4384.2,4384.22,4.0,2026-09-02 14:39:27
1788359968,4384.14,4384.14,4384.07,4384.07,4.0,2026-09-02 14:39:28
1788359969,4384.03,4384.03,4383.47,4383.47,19.0,2026-09-02 14:39:29
1788359970,4383.46,4383.46,4383.14,4383.14,13.0,2026-09-02 14:39:30
1788359971,4383.14,4383.51,4383.14,4383.42,16.0,2026-09-02 14:39:31
1788359972,4383.4,4383.4,4383.25,4383.25,14.0,2026-09-02 14:39:32
1788359973,4383.25,4383.32,4382.95,4383.32,13.0,2026-09-02 14:39:33
1788359974,4383.33,4383.37,4383.07,4383.12,14.0,2026-09-02 14:39:34
1788359975,4383.15,4383.2,4383.13,4383.14,14.0,2026-09-02 14:39:35
1788359976,4383.14,4383.14,4383.11,4383.11,5.0,2026-09-02 14:39:36
1788359977,4383.1,4383.1,4383.03,4383.03,3.0,2026-09-02 14:39:37
1788359978,4382.8,4382.8,4382.8,4382.8,1.0,2026-09-02 14:39:38
1788359979,4382.68,4382.68,4382.67,4382.67,2.0,2026-09-02 14:39:39
1788359980,4382.78,4382.78,4382.47,4382.5,7.0,2026-09-02 14:39:40
1788359981,4382.39,4382.45,4382.37,4382.42,15.0,2026-09-02 14:39:41
1788359982,4382.47,4382.69,4382.47,4382.69,9.0,2026-09-02 14:39:42
1788359983,4382.8,4382.8,4382.64,4382.65,8.0,2026-09-02 14:39:43
1788359984,4382.66,4382.69,4382.66,4382.69,3.0,2026-09-02 14:39:44
1788359985,4382.86,4382.87,4382.76,4382.8,9.0,2026-09-02 14:39:45
1788359986,4382.71,4382.71,4382.5,4382.52,10.0,2026-09-02 14:39:46
1788359987,4382.44,4382.69,4382.44,4382.69,9.0,2026-09-02 14:39:47
1788359988,4382.8,4382.83,4382.8,4382.83,3.0,2026-09-02 14:39:48
1788359989,4382.84,4382.85,4382.79,4382.82,9.0,2026-09-02 14:39:49
1788359990,4382.31,4382.41,4382.31,4382.39,8.0,2026-09-02 14:39:50
1788359991,4382.37,4382.6,4382.37,4382.52,15.0,2026-09-02 14:39:51
1788359992,4382.63,4383.08,4382.63,4383.08,18.0,2026-09-02 14:39:52
1788359993,4383.27,4383.36,4382.95,4382.95,15.0,2026-09-02 14:39:53
1788359994,4382.99,4383.05,4382.99,4383.01,8.0,2026-09-02 14:39:54
1788359995,4383.0,4383.01,4382.66,4382.68,17.0,2026-09-02 14:39:55
1788359996,4382.6,4382.64,4382.47,4382.49,17.0,2026-09-02 14:39:56
1788359997,4382.48,4382.51,4382.44,4382.48,11.0,2026-09-02 14:39:57
1788359998,4382.54,4382.7,4382.54,4382.68,9.0,2026-09-02 14:39:58
1788359999,4382.69,4382.72,4382.69,4382.72,2.0,2026-09-02 14:39:59
1788360000,4382.78,4382.78,4382.78,4382.78,1.0,2026-09-02 14:40:00
1788360001,4382.94,4382.95,4382.85,4382.85,15.0,2026-09-02 14:40:01
1788360002,4382.87,4382.91,4382.84,4382.91,13.0,2026-09-02 14:40:02
1788360003,4382.89,4382.89,4382.66,4382.83,19.0,2026-09-02 14:40:03
1788360004,4382.85,4382.85,4382.85,4382.85,1.0,2026-09-02 14:40:04
1788360005,4382.81,4382.84,4382.81,4382.84,3.0,2026-09-02 14:40:05
1788360006,4382.85,4382.85,4382.85,4382.85,1.0,2026-09-02 14:40:06
1788360007,4382.88,4382.88,4382.88,4382.88,1.0,2026-09-02 14:40:07
1788360008,4382.84,4382.84,4382.54,4382.54,11.0,2026-09-02 14:40:08
1788360009,4382.46,4382.46,4382.43,4382.43,3.0,2026-09-02 14:40:09
1788360010,4382.78,4382.78,4382.51,4382.53,11.0,2026-09-02 14:40:10
1788360011,4382.16,4382.32,4382.13,4382.22,15.0,2026-09-02 14:40:11
1788360012,4382.16,4382.16,4382.09,4382.09,12.0,2026-09-02 14:40:12
1788360013,4382.11,4382.38,4382.1,4382.36,13.0,2026-09-02 14:40:13
1788360014,4382.36,4382.36,4382.29,4382.3,9.0,2026-09-02 14:40:14
1788360015,4382.27,4382.43,4382.27,4382.4,12.0,2026-09-02 14:40:15
1788360016,4382.36,4382.36,4382.18,4382.18,15.0,2026-09-02 14:40:16
1788360017,4382.17,4382.4,4382.14,4382.4,11.0,2026-09-02 14:40:17
1788360018,4382.39,4382.63,4382.23,4382.61,14.0,2026-09-02 14:40:18
1788360019,4382.65,4382.65,4382.56,4382.56,10.0,2026-09-02 14:40:19
1788360020,4382.56,4382.66,4382.49,4382.66,14.0,2026-09-02 14:40:20
1788360021,4382.69,4382.69,4382.68,4382.68,2.0,2026-09-02 14:40:21
1788360022,4382.87,4382.87,4382.87,4382.87,1.0,2026-09-02 14:40:22
1788360023,4382.75,4382.76,4382.48,4382.48,7.0,2026-09-02 14:40:23
1788360024,4382.51,4382.56,4382.51,4382.56,5.0,2026-09-02 14:40:24
1788360025,4382.16,4382.22,4382.16,4382.22,3.0,2026-09-02 14:40:25
1788360026,4382.16,4382.17,4382.14,4382.16,5.0,2026-09-02 14:40:26
1788360027,4382.11,4382.45,4382.05,4382.45,10.0,2026-09-02 14:40:27
1788360028,4382.46,4382.46,4382.33,4382.33,8.0,2026-09-02 14:40:28
1788360029,4382.07,4382.07,4382.07,4382.07,1.0,2026-09-02 14:40:29
1788360030,4382.12,4382.14,4382.09,4382.09,9.0,2026-09-02 14:40:30
1788360031,4382.09,4382.17,4381.99,4382.0,11.0,2026-09-02 14:40:31
1788360032,4381.97,4381.97,4381.97,4381.97,1.0,2026-09-02 14:40:32
1788360033,4381.9,4381.92,4381.89,4381.92,7.0,2026-09-02 14:40:33
1788360034,4381.88,4381.88,4381.84,4381.86,7.0,2026-09-02 14:40:34
1788360035,4381.89,4381.89,4381.45,4381.5,12.0,2026-09-02 14:40:35
1788360036,4381.5,4381.5,4381.4,4381.43,8.0,2026-09-02 14:40:36
1788360037,4381.47,4381.47,4381.37,4381.38,14.0,2026-09-02 14:40:37
1788360038,4381.38,4381.42,4381.37,4381.42,6.0,2026-09-02 14:40:38
1788360039,4381.44,4381.64,4381.44,4381.64,14.0,2026-09-02 14:40:39
1788360040,4381.67,4381.67,4381.67,4381.67,1.0,2026-09-02 14:40:40
1788360041,4381.77,4381.77,4381.68,4381.68,3.0,2026-09-02 14:40:41
1788360042,4381.61,4381.69,4381.6,4381.68,9.0,2026-09-02 14:40:42
1788360043,4382.09,4382.1,4382.06,4382.07,7.0,2026-09-02 14:40:43
1788360044,4382.08,4382.08,4381.92,4381.92,8.0,2026-09-02 14:40:44
1788360045,4381.89,4381.89,4381.89,4381.89,1.0,2026-09-02 14:40:45
1788360046,4382.01,4382.08,4382.01,4382.08,4.0,2026-09-02 14:40:46
1788360047,4382.07,4382.09,4382.07,4382.08,3.0,2026-09-02 14:40:47
1788360048,4382.37,4382.37,4382.29,4382.31,5.0,2026-09-02 14:40:48
1788360049,4382.3,4382.4,4382.3,4382.38,10.0,2026-09-02 14:40:49
1788360050,4382.34,4382.34,4382.32,4382.33,5.0,2026-09-02 14:40:50
1788360051,4382.35,4382.5,4382.35,4382.5,7.0,2026-09-02 14:40:51
1788360052,4382.57,4382.61,4382.57,4382.6,4.0,2026-09-02 14:40:52
1788360053,4382.79,4382.92,4382.62,4382.62,17.0,2026-09-02 14:40:53
1788360054,4382.6,4382.65,4382.38,4382.44,16.0,2026-09-02 14:40:54
1788360055,4382.49,4382.83,4382.49,4382.83,17.0,2026-09-02 14:40:55
1788360056,4383.15,4383.31,4383.15,4383.24,13.0,2026-09-02 14:40:56
1788360057,4383.23,4383.5,4383.15,4383.48,21.0,2026-09-02 14:40:57
1788360058,4383.4,4383.4,4383.34,4383.37,9.0,2026-09-02 14:40:58
1788360059,4383.36,4383.37,4383.31,4383.37,12.0,2026-09-02 14:40:59
1788360060,4383.47,4383.52,4383.47,4383.52,9.0,2026-09-02 14:41:00
1788360061,4383.54,4383.55,4383.54,4383.55,2.0,2026-09-02 14:41:01
1788360062,4383.12,4383.12,4383.09,4383.09,2.0,2026-09-02 14:41:02
1788360063,4383.05,4383.05,4382.86,4382.91,5.0,2026-09-02 14:41:03
1788360064,4382.77,4382.77,4382.41,4382.47,18.0,2026-09-02 14:41:04
1788360065,4382.45,4382.5,4382.45,4382.5,7.0,2026-09-02 14:41:05
1788360066,4382.62,4382.62,4382.6,4382.6,3.0,2026-09-02 14:41:06
1788360067,4382.36,4382.36,4382.3,4382.3,5.0,2026-09-02 14:41:07
1788360068,4382.34,4382.34,4382.32,4382.32,2.0,2026-09-02 14:41:08
1788360069,4382.34,4382.34,4382.34,4382.34,2.0,2026-09-02 14:41:09
1788360070,4382.32,4382.33,4382.32,4382.33,2.0,2026-09-02 14:41:10
1788360071,4382.41,4382.43,4382.41,4382.43,2.0,2026-09-02 14:41:11
1788360072,4382.44,4382.51,4382.42,4382.43,9.0,2026-09-02 14:41:12
1788360073,4382.38,4382.39,4382.35,4382.39,9.0,2026-09-02 14:41:13
1788360074,4382.46,4382.5,4382.46,4382.47,7.0,2026-09-02 14:41:14
1788360075,4382.53,4383.2,4382.53,4383.17,20.0,2026-09-02 14:41:15
1788360076,4383.14,4383.14,4382.87,4382.87,12.0,2026-09-02 14:41:16
1788360077,4382.9,4382.99,4382.9,4382.94,8.0,2026-09-02 14:41:17
1788360078,4382.94,4383.05,4382.94,4383.05,8.0,2026-09-02 14:41:18
1788360079,4383.04,4383.51,4383.02,4383.51,13.0,2026-09-02 14:41:19
1788360080,4383.53,4383.72,4383.53,4383.72,8.0,2026-09-02 14:41:20
1788360081,4383.74,4383.74,4383.43,4383.46,15.0,2026-09-02 14:41:21
1788360082,4383.43,4383.43,4383.43,4383.43,1.0,2026-09-02 14:41:22
1788360083,4383.08,4383.08,4383.08,4383.08,1.0,2026-09-02 14:41:23
1788360084,4383.04,4383.32,4383.04,4383.32,9.0,2026-09-02 14:41:24
1788360085,4383.35,4383.39,4383.35,4383.39,2.0,2026-09-02 14:41:25
1788360086,4383.57,4383.64,4383.57,4383.61,4.0,2026-09-02 14:41:26
1788360087,4383.79,4383.8,4383.78,4383.8,5.0,2026-09-02 14:41:27
1788360088,4383.81,4383.97,4383.81,4383.97,6.0,2026-09-02 14:41:28
1788360089,4383.95,4383.99,4383.95,4383.99,3.0,2026-09-02 14:41:29
1788360090,4383.48,4383.52,4383.44,4383.45,9.0,2026-09-02 14:41:30
1788360091,4383.4,4383.4,4383.27,4383.3,8.0,2026-09-02 14:41:31
1788360092,4383.29,4383.29,4382.79,4382.79,12.0,2026-09-02 14:41:32
1788360093,4382.39,4382.44,4382.3,4382.44,11.0,2026-09-02 14:41:33
1788360094,4382.59,4382.59,4382.37,4382.37,13.0,2026-09-02 14:41:34
1788360095,4382.25,4382.25,4382.09,4382.09,13.0,2026-09-02 14:41:35
1788360096,4382.37,4382.78,4382.36,4382.78,17.0,2026-09-02 14:41:36
1788360097,4382.81,4382.99,4382.75,4382.99,12.0,2026-09-02 14:41:37
1788360098,4382.98,4382.98,4382.95,4382.98,7.0,2026-09-02 14:41:38
1788360099,4382.98,4382.99,4382.98,4382.99,3.0,2026-09-02 14:41:39
1788360100,4382.97,4384.03,4382.97,4383.91,19.0,2026-09-02 14:41:40
1788360101,4383.92,4384.0,4383.57,4383.58,18.0,2026-09-02 14:41:41
1788360102,4383.55,4383.55,4383.3,4383.37,21.0,2026-09-02 14:41:42
1788360103,4383.35,4383.36,4383.34,4383.36,3.0,2026-09-02 14:41:43
1788360104,4383.23,4383.27,4383.21,4383.21,4.0,2026-09-02 14:41:44
1788360105,4383.03,4383.14,4383.03,4383.14,4.0,2026-09-02 14:41:45
1788360106,4383.14,4383.19,4383.14,4383.17,6.0,2026-09-02 14:41:46
1788360107,4382.94,4382.94,4382.94,4382.94,1.0,2026-09-02 14:41:47
1788360108,4382.93,4382.93,4382.85,4382.87,5.0,2026-09-02 14:41:48
1788360109,4382.94,4382.96,4382.62,4382.62,11.0,2026-09-02 14:41:49
1788360110,4382.92,4383.16,4382.92,4383.16,8.0,2026-09-02 14:41:50
1788360111,4383.45,4383.48,4383.39,4383.39,7.0,2026-09-02 14:41:51
1788360112,4383.34,4383.41,4383.34,4383.41,6.0,2026-09-02 14:41:52
1788360113,4383.59,4383.62,4383.59,4383.62,4.0,2026-09-02 14:41:53
1788360114,4383.65,4383.65,4383.51,4383.51,5.0,2026-09-02 14:41:54
1788360115,4383.41,4383.42,4383.34,4383.34,12.0,2026-09-02 14:41:55
1788360116,4383.25,4383.38,4383.0,4383.38,14.0,2026-09-02 14:41:56
1788360117,4383.45,4383.57,4383.44,4383.57,15.0,2026-09-02 14:41:57
1788360118,4383.58,4383.78,4383.58,4383.64,14.0,2026-09-02 14:41:58
1788360119,4383.63,4383.63,4383.47,4383.59,13.0,2026-09-02 14:41:59
1788360120,4383.61,4383.71,4383.61,4383.7,8.0,2026-09-02 14:42:00
1788360121,4383.74,4383.86,4383.74,4383.85,9.0,2026-09-02 14:42:01
1788360122,4383.87,4383.89,4383.87,4383.89,5.0,2026-09-02 14:42:02
1788360123,4384.08,4384.18,4383.54,4383.54,24.0,2026-09-02 14:42:03
1788360124,4383.55,4383.79,4383.43,4383.79,19.0,2026-09-02 14:42:04
1788360125,4383.8,4383.99,4383.58,4383.58,28.0,2026-09-02 14:42:05
1788360126,4383.57,4383.62,4383.57,4383.59,5.0,2026-09-02 14:42:06
1788360127,4383.67,4383.67,4383.62,4383.62,3.0,2026-09-02 14:42:07
1788360128,4383.72,4383.84,4383.72,4383.84,6.0,2026-09-02 14:42:08
1788360129,4383.99,4384.01,4383.99,4384.01,4.0,2026-09-02 14:42:09
1788360130,4384.07,4384.09,4384.07,4384.09,5.0,2026-09-02 14:42:10
1788360131,4383.96,4383.99,4383.96,4383.98,6.0,2026-09-02 14:42:11
1788360132,4383.67,4383.71,4383.5,4383.5,13.0,2026-09-02 14:42:12
1788360133,4383.44,4383.59,4383.41,4383.59,10.0,2026-09-02 14:42:13
1788360134,4383.61,4383.61,4383.51,4383.53,5.0,2026-09-02 14:42:14
1788360135,4383.55,4383.63,4383.48,4383.63,11.0,2026-09-02 14:42:15
1788360136,4383.62,4383.72,4383.6,4383.72,12.0,2026-09-02 14:42:16
1788360137,4383.73,4383.73,4383.73,4383.73,1.0,2026-09-02 14:42:17
1788360138,4383.74,4383.74,4383.69,4383.69,2.0,2026-09-02 14:42:18
1788360139,4383.8,4383.8,4383.79,4383.79,2.0,2026-09-02 14:42:19
1788360140,4383.66,4383.66,4383.64,4383.64,2.0,2026-09-02 14:42:20
1788360141,4384.28,4384.32,4384.28,4384.29,3.0,2026-09-02 14:42:21
1788360142,4384.31,4384.36,4384.31,4384.36,3.0,2026-09-02 14:42:22
1788360143,4384.35,4384.9,4384.35,4384.9,11.0,2026-09-02 14:42:23
1788360144,4384.9,4384.9,4384.47,4384.5,9.0,2026-09-02 14:42:24
1788360145,4384.62,4384.91,4384.62,4384.84,13.0,2026-09-02 14:42:25
1788360146,4385.35,4385.46,4385.24,4385.24,9.0,2026-09-02 14:42:26
1788360147,4385.12,4385.12,4385.01,4385.01,12.0,2026-09-02 14:42:27
1788360148,4385.01,4385.48,4385.01,4385.48,18.0,2026-09-02 14:42:28
1788360149,4385.5,4385.5,4385.25,4385.31,17.0,2026-09-02 14:42:29
1788360150,4385.55,4385.73,4385.55,4385.73,19.0,2026-09-02 14:42:30
1788360151,4385.94,4386.08,4385.5,4385.67,26.0,2026-09-02 14:42:31
1788360152,4385.65,4385.82,4385.36,4385.36,23.0,2026-09-02 14:42:32
1788360153,4385.42,4385.44,4385.23,4385.23,17.0,2026-09-02 14:42:33
1788360154,4385.15,4385.23,4385.01,4385.23,16.0,2026-09-02 14:42:34
1788360155,4385.32,4385.64,4385.32,4385.35,23.0,2026-09-02 14:42:35
1788360156,4385.34,4385.34,4385.15,4385.17,23.0,2026-09-02 14:42:36
1788360157,4385.14,4385.14,4385.05,4385.05,7.0,2026-09-02 14:42:37
1788360158,4385.08,4385.08,4385.06,4385.06,2.0,2026-09-02 14:42:38
1788360159,4384.76,4384.76,4384.72,4384.72,5.0,2026-09-02 14:42:39
1788360160,4384.8,4384.87,4384.8,4384.87,2.0,2026-09-02 14:42:40
1788360161,4385.0,4385.54,4385.0,4385.46,13.0,2026-09-02 14:42:41
1788360162,4385.26,4385.26,4385.0,4385.02,11.0,2026-09-02 14:42:42
1788360163,4384.9,4384.9,4384.8,4384.83,5.0,2026-09-02 14:42:43
1788360164,4384.6,4384.7,4384.39,4384.45,14.0,2026-09-02 14:42:44
1788360165,4384.33,4384.35,4384.3,4384.32,8.0,2026-09-02 14:42:45
1788360166,4384.31,4384.36,4384.29,4384.29,8.0,2026-09-02 14:42:46
1788360167,4384.36,4384.36,4384.02,4384.02,24.0,2026-09-02 14:42:47
1788360168,4383.92,4383.92,4383.7,4383.8,16.0,2026-09-02 14:42:48
1788360169,4383.81,4383.81,4383.34,4383.5,24.0,2026-09-02 14:42:49
1788360170,4383.59,4383.76,4383.55,4383.68,13.0,2026-09-02 14:42:50
1788360171,4383.79,4383.81,4383.52,4383.63,22.0,2026-09-02 14:42:51
1788360172,4383.61,4383.65,4383.61,4383.65,2.0,2026-09-02 14:42:52
1788360173,4383.76,4383.76,4383.66,4383.66,4.0,2026-09-02 14:42:53
1788360174,4383.65,4383.65,4383.49,4383.58,6.0,2026-09-02 14:42:54
1788360175,4383.69,4383.69,4383.69,4383.69,1.0,2026-09-02 14:42:55
1788360176,4383.68,4383.68,4383.67,4383.67,2.0,2026-09-02 14:42:56
1788360177,4384.27,4384.27,4383.68,4383.72,10.0,2026-09-02 14:42:57
1788360178,4383.71,4383.71,4383.64,4383.65,6.0,2026-09-02 14:42:58
1788360179,4383.78,4384.04,4383.77,4384.04,10.0,2026-09-02 14:42:59
1788360180,4384.23,4384.23,4384.16,4384.18,8.0,2026-09-02 14:43:00
1788360181,4384.17,4384.17,4383.93,4383.93,10.0,2026-09-02 14:43:01
1788360182,4383.88,4383.95,4383.88,4383.95,5.0,2026-09-02 14:43:02
1788360183,4383.95,4383.95,4383.89,4383.93,7.0,2026-09-02 14:43:03
1788360184,4383.9,4384.12,4383.89,4384.09,6.0,2026-09-02 14:43:04
1788360185,4384.07,4384.08,4384.06,4384.06,5.0,2026-09-02 14:43:05
1788360186,4383.96,4384.24,4383.96,4384.24,12.0,2026-09-02 14:43:06
1788360187,4384.45,4384.6,4384.42,4384.49,17.0,2026-09-02 14:43:07
1788360188,4384.49,4384.49,4384.05,4384.05,24.0,2026-09-02 14:43:08
1788360189,4384.08,4384.13,4384.0,4384.1,13.0,2026-09-02 14:43:09
1788360190,4384.09,4384.44,4384.09,4384.44,14.0,2026-09-02 14:43:10
1788360191,4384.45,4384.47,4384.44,4384.44,3.0,2026-09-02 14:43:11
1788360192,4384.26,4384.27,4384.23,4384.23,7.0,2026-09-02 14:43:12
1788360193,4384.22,4384.22,4384.08,4384.22,13.0,2026-09-02 14:43:13
1788360194,4384.2,4384.2,4384.06,4384.08,6.0,2026-09-02 14:43:14
1788360195,4384.16,4384.18,4384.16,4384.18,2.0,2026-09-02 14:43:15
1788360196,4384.6,4384.6,4384.6,4384.6,1.0,2026-09-02 14:43:16
1788360197,4384.62,4384.63,4384.61,4384.63,3.0,2026-09-02 14:43:17
1788360198,4384.58,4384.63,4384.58,4384.63,5.0,2026-09-02 14:43:18
1788360199,4384.68,4384.68,4384.62,4384.62,5.0,2026-09-02 14:43:19
1788360200,4384.65,4384.71,4384.65,4384.7,4.0,2026-09-02 14:43:20
1788360201,4384.71,4385.01,4384.71,4384.8,14.0,2026-09-02 14:43:21
1788360202,4384.94,4385.03,4384.94,4385.0,9.0,2026-09-02 14:43:22
1788360203,4385.06,4385.21,4385.04,4385.06,14.0,2026-09-02 14:43:23
1788360204,4385.05,4385.06,4384.94,4385.06,13.0,2026-09-02 14:43:24
1788360205,4385.08,4385.09,4384.88,4385.02,17.0,2026-09-02 14:43:25
1788360206,4385.02,4385.43,4385.02,4385.43,15.0,2026-09-02 14:43:26
1788360207,4385.44,4385.44,4385.44,4385.44,1.0,2026-09-02 14:43:27
1788360208,4385.27,4385.27,4385.27,4385.27,1.0,2026-09-02 14:43:28
1788360209,4384.91,4384.91,4384.91,4384.91,1.0,2026-09-02 14:43:29
1788360210,4384.95,4385.3,4384.95,4385.3,7.0,2026-09-02 14:43:30
1788360211,4385.22,4385.23,4385.18,4385.18,6.0,2026-09-02 14:43:31
1788360212,4385.31,4385.31,4385.31,4385.31,1.0,2026-09-02 14:43:32
1788360213,4385.39,4385.44,4385.39,4385.44,4.0,2026-09-02 14:43:33
1788360214,4385.51,4385.51,4385.47,4385.47,3.0,2026-09-02 14:43:34
1788360215,4385.55,4385.57,4385.55,4385.55,3.0,2026-09-02 14:43:35
1788360216,4385.53,4385.53,4385.42,4385.44,4.0,2026-09-02 14:43:36
1788360217,4385.27,4385.32,4385.07,4385.09,10.0,2026-09-02 14:43:37
1788360218,4385.19,4385.51,4385.19,4385.51,9.0,2026-09-02 14:43:38
1788360219,4385.58,4385.62,4385.58,4385.6,8.0,2026-09-02 14:43:39
1788360220,4385.78,4385.78,4385.51,4385.7,17.0,2026-09-02 14:43:40
1788360221,4385.58,4385.66,4385.57,4385.62,8.0,2026-09-02 14:43:41
1788360222,4385.49,4385.6,4385.46,4385.6,9.0,2026-09-02 14:43:42
1788360223,4385.5,4385.53,4385.27,4385.34,15.0,2026-09-02 14:43:43
1788360224,4385.35,4385.42,4385.14,4385.21,13.0,2026-09-02 14:43:44
1788360225,4385.42,4385.5,4385.18,4385.19,17.0,2026-09-02 14:43:45
1788360226,4385.18,4385.18,4384.64,4384.67,18.0,2026-09-02 14:43:46
1788360227,4384.64,4384.64,4384.46,4384.52,8.0,2026-09-02 14:43:47
1788360228,4384.51,4384.53,4383.91,4383.93,20.0,2026-09-02 14:43:48
1788360229,4384.0,4384.0,4383.93,4383.98,14.0,2026-09-02 14:43:49
1788360230,4383.98,4383.99,4383.98,4383.99,2.0,2026-09-02 14:43:50
1788360231,4382.72,4382.72,4382.56,4382.71,9.0,2026-09-02 14:43:51
1788360232,4382.9,4383.46,4382.9,4383.42,20.0,2026-09-02 14:43:52
1788360233,4383.39,4383.39,4383.31,4383.31,7.0,2026-09-02 14:43:53
1788360234,4383.06,4383.12,4383.04,4383.05,7.0,2026-09-02 14:43:54
1788360235,4383.01,4383.02,4382.91,4382.91,6.0,2026-09-02 14:43:55
1788360236,4382.99,4383.14,4382.99,4383.14,9.0,2026-09-02 14:43:56
1788360237,4383.22,4383.27,4383.05,4383.27,10.0,2026-09-02 14:43:57
1788360238,4383.25,4383.29,4383.25,4383.29,5.0,2026-09-02 14:43:58
1788360239,4383.38,4383.39,4383.37,4383.39,3.0,2026-09-02 14:43:59
1788360240,4383.63,4383.69,4383.63,4383.69,4.0,2026-09-02 14:44:00
1788360241,4383.86,4383.91,4383.75,4383.77,18.0,2026-09-02 14:44:01
1788360242,4383.73,4384.32,4383.72,4384.13,25.0,2026-09-02 14:44:02
1788360243,4384.14,4384.27,4383.88,4383.93,18.0,2026-09-02 14:44:03
1788360244,4383.91,4383.93,4383.88,4383.93,11.0,2026-09-02 14:44:04
1788360245,4383.93,4384.22,4383.93,4384.22,5.0,2026-09-02 14:44:05
1788360246,4384.34,4384.34,4384.24,4384.24,3.0,2026-09-02 14:44:06
1788360247,4384.18,4384.19,4384.18,4384.19,2.0,2026-09-02 14:44:07
1788360248,4384.44,4384.63,4384.44,4384.63,4.0,2026-09-02 14:44:08
1788360249,4384.58,4384.58,4384.56,4384.56,2.0,2026-09-02 14:44:09
1788360250,4384.3,4384.3,4384.23,4384.23,4.0,2026-09-02 14:44:10
1788360251,4384.29,4384.29,4384.23,4384.23,8.0,2026-09-02 14:44:11
1788360252,4384.36,4384.5,4384.36,4384.47,8.0,2026-09-02 14:44:12
1788360253,4384.47,4384.56,4384.46,4384.56,9.0,2026-09-02 14:44:13
1788360254,4384.53,4384.66,4384.53,4384.66,10.0,2026-09-02 14:44:14
1788360255,4384.67,4384.67,4384.49,4384.52,8.0,2026-09-02 14:44:15
1788360256,4384.77,4384.77,4384.28,4384.28,17.0,2026-09-02 14:44:16
1788360257,4384.21,4384.3,4384.21,4384.28,9.0,2026-09-02 14:44:17
1788360258,4384.64,4384.68,4384.47,4384.5,12.0,2026-09-02 14:44:18
1788360259,4384.59,4384.6,4384.54,4384.56,11.0,2026-09-02 14:44:19
1788360260,4384.77,4384.82,4384.77,4384.82,5.0,2026-09-02 14:44:20
1788360261,4384.64,4384.64,4384.46,4384.46,16.0,2026-09-02 14:44:21
1788360262,4384.45,4384.45,4384.37,4384.4,11.0,2026-09-02 14:44:22
1788360263,4384.41,4384.51,4383.93,4384.15,23.0,2026-09-02 14:44:23
1788360264,4384.11,4384.45,4384.11,4384.43,10.0,2026-09-02 14:44:24
1788360265,4384.42,4384.43,4384.42,4384.43,2.0,2026-09-02 14:44:25
1788360266,4384.58,4384.78,4384.58,4384.78,8.0,2026-09-02 14:44:26
1788360267,4384.8,4385.24,4384.8,4385.2,22.0,2026-09-02 14:44:27
1788360268,4385.22,4385.32,4385.2,4385.32,6.0,2026-09-02 14:44:28
1788360269,4385.7,4385.7,4385.69,4385.7,3.0,2026-09-02 14:44:29
1788360270,4385.66,4385.66,4385.33,4385.33,10.0,2026-09-02 14:44:30
1788360271,4385.19,4385.19,4385.09,4385.17,5.0,2026-09-02 14:44:31
1788360272,4385.26,4385.26,4385.22,4385.24,5.0,2026-09-02 14:44:32
1788360273,4385.35,4385.35,4385.03,4385.07,12.0,2026-09-02 14:44:33
1788360274,4385.16,4385.26,4385.16,4385.26,10.0,2026-09-02 14:44:34
1788360275,4385.29,4385.33,4385.29,4385.31,5.0,2026-09-02 14:44:35
1788360276,4385.19,4385.19,4385.08,4385.1,9.0,2026-09-02 14:44:36
1788360277,4384.87,4384.88,4384.87,4384.87,3.0,2026-09-02 14:44:37
1788360278,4384.97,4385.11,4384.97,4385.08,9.0,2026-09-02 14:44:38
1788360279,4385.07,4385.07,4384.77,4384.8,11.0,2026-09-02 14:44:39
1788360280,4384.79,4384.89,4384.79,4384.88,16.0,2026-09-02 14:44:40
1788360281,4384.89,4385.07,4384.89,4385.04,10.0,2026-09-02 14:44:41
1788360282,4385.0,4385.14,4384.97,4385.11,11.0,2026-09-02 14:44:42
1788360283,4385.11,4385.13,4385.08,4385.13,5.0,2026-09-02 14:44:43
1788360284,4385.14,4385.14,4384.99,4385.0,9.0,2026-09-02 14:44:44
1788360285,4385.01,4385.1,4385.01,4385.1,3.0,2026-09-02 14:44:45
1788360286,4385.13,4385.19,4385.06,4385.06,7.0,2026-09-02 14:44:46
1788360287,4384.95,4384.95,4384.87,4384.87,4.0,2026-09-02 14:44:47
1788360288,4384.94,4384.94,4384.74,4384.8,10.0,2026-09-02 14:44:48
1788360289,4384.75,4384.75,4384.74,4384.74,2.0,2026-09-02 14:44:49
1788360290,4384.91,4384.92,4384.74,4384.74,10.0,2026-09-02 14:44:50
1788360291,4384.68,4384.69,4384.64,4384.64,7.0,2026-09-02 14:44:51
1788360292,4384.22,4384.48,4384.22,4384.41,8.0,2026-09-02 14:44:52
1788360293,4384.37,4384.98,4384.37,4384.97,15.0,2026-09-02 14:44:53
1788360294,4384.94,4385.0,4384.94,4385.0,5.0,2026-09-02 14:44:54
1788360295,4385.08,4385.18,4385.02,4385.18,12.0,2026-09-02 14:44:55
1788360296,4385.23,4385.61,4385.23,4385.61,12.0,2026-09-02 14:44:56
1788360297,4385.66,4385.66,4385.59,4385.59,9.0,2026-09-02 14:44:57
1788360298,4385.3,4385.63,4385.28,4385.63,16.0,2026-09-02 14:44:58
1788360299,4385.63,4385.67,4385.54,4385.54,9.0,2026-09-02 14:44:59
1788360300,4385.53,4385.53,4385.46,4385.46,5.0,2026-09-02 14:45:00
1788360301,4385.68,4385.7,4385.68,4385.7,2.0,2026-09-02 14:45:01
1788360302,4386.18,4386.23,4386.18,4386.23,3.0,2026-09-02 14:45:02
1788360303,4386.73,4386.73,4386.51,4386.56,7.0,2026-09-02 14:45:03
1788360304,4386.13,4386.13,4386.11,4386.13,3.0,2026-09-02 14:45:04
1788360305,4385.68,4385.69,4385.48,4385.5,16.0,2026-09-02 14:45:05
1788360306,4385.53,4385.66,4385.5,4385.51,11.0,2026-09-02 14:45:06
1788360307,4385.46,4385.46,4385.36,4385.38,10.0,2026-09-02 14:45:07
1788360308,4385.42,4385.82,4385.38,4385.76,14.0,2026-09-02 14:45:08
1788360309,4385.66,4385.66,4385.39,4385.44,15.0,2026-09-02 14:45:09
1788360310,4385.42,4385.42,4385.25,4385.33,12.0,2026-09-02 14:45:10
1788360311,4385.35,4385.4,4385.34,4385.4,8.0,2026-09-02 14:45:11
1788360312,4385.35,4385.7,4385.35,4385.7,15.0,2026-09-02 14:45:12
1788360313,4385.69,4385.69,4385.43,4385.43,8.0,2026-09-02 14:45:13
1788360314,4385.43,4385.46,4385.4,4385.42,9.0,2026-09-02 14:45:14
1788360315,4385.43,4385.69,4385.43,4385.66,10.0,2026-09-02 14:45:15
1788360316,4385.67,4385.67,4385.67,4385.67,1.0,2026-09-02 14:45:16
1788360317,4385.71,4385.75,4385.68,4385.68,10.0,2026-09-02 14:45:17
1788360318,4385.67,4385.67,4385.67,4385.67,1.0,2026-09-02 14:45:18
1788360319,4385.59,4385.59,4385.44,4385.46,6.0,2026-09-02 14:45:19
1788360320,4385.36,4385.37,4385.36,4385.37,2.0,2026-09-02 14:45:20
1788360321,4385.18,4385.2,4385.14,4385.2,6.0,2026-09-02 14:45:21
1788360322,4385.29,4385.29,4385.15,4385.15,6.0,2026-09-02 14:45:22
1788360323,4384.91,4385.03,4384.91,4385.03,6.0,2026-09-02 14:45:23
1788360324,4384.97,4384.99,4384.97,4384.98,4.0,2026-09-02 14:45:24
1788360325,4384.88,4384.97,4384.88,4384.97,5.0,2026-09-02 14:45:25
1788360326,4384.36,4384.36,4384.03,4384.06,11.0,2026-09-02 14:45:26
1788360327,4384.08,4384.28,4384.08,4384.26,9.0,2026-09-02 14:45:27
1788360328,4384.27,4384.31,4384.27,4384.31,5.0,2026-09-02 14:45:28
1788360329,4384.25,4384.25,4384.17,4384.23,11.0,2026-09-02 14:45:29
1788360330,4384.17,4384.23,4384.14,4384.2,10.0,2026-09-02 14:45:30
1788360331,4384.15,4384.15,4383.98,4383.98,12.0,2026-09-02 14:45:31
1788360332,4383.72,4383.78,4383.64,4383.76,10.0,2026-09-02 14:45:32
1788360333,4383.64,4383.89,4383.64,4383.76,10.0,2026-09-02 14:45:33
1788360334,4383.71,4383.71,4383.59,4383.62,10.0,2026-09-02 14:45:34
1788360335,4383.65,4383.65,4383.56,4383.56,9.0,2026-09-02 14:45:35
1788360336,4383.76,4383.76,4383.64,4383.65,11.0,2026-09-02 14:45:36
1788360337,4383.62,4383.63,4383.52,4383.52,7.0,2026-09-02 14:45:37
1788360338,4383.57,4383.73,4383.51,4383.65,18.0,2026-09-02 14:45:38
1788360339,4383.63,4383.65,4383.51,4383.55,11.0,2026-09-02 14:45:39
1788360340,4383.54,4383.7,4383.52,4383.7,12.0,2026-09-02 14:45:40
1788360341,4383.66,4383.72,4383.64,4383.72,13.0,2026-09-02 14:45:41
1788360342,4383.71,4383.71,4383.71,4383.71,1.0,2026-09-02 14:45:42
1788360343,4383.84,4383.88,4383.8,4383.8,13.0,2026-09-02 14:45:43
1788360344,4383.79,4383.87,4383.77,4383.87,6.0,2026-09-02 14:45:44
1788360345,4383.86,4383.9,4383.4,4383.4,15.0,2026-09-02 14:45:45
1788360346,4383.42,4383.42,4383.42,4383.42,1.0,2026-09-02 14:45:46
1788360347,4383.06,4383.13,4382.96,4382.97,17.0,2026-09-02 14:45:47
1788360348,4382.97,4383.19,4382.97,4383.02,19.0,2026-09-02 14:45:48
1788360349,4383.03,4383.13,4383.03,4383.13,6.0,2026-09-02 14:45:49
1788360350,4382.91,4382.92,4382.89,4382.92,4.0,2026-09-02 14:45:50
1788360351,4383.03,4383.09,4383.03,4383.09,3.0,2026-09-02 14:45:51
1788360352,4383.1,4383.11,4383.1,4383.11,2.0,2026-09-02 14:45:52
1788360353,4382.79,4382.81,4382.37,4382.41,13.0,2026-09-02 14:45:53
1788360354,4382.43,4382.43,4382.4,4382.4,3.0,2026-09-02 14:45:54
1788360355,4382.03,4382.03,4381.97,4381.98,6.0,2026-09-02 14:45:55
1788360356,4381.65,4381.65,4381.62,4381.62,2.0,2026-09-02 14:45:56
1788360357,4381.42,4382.06,4381.38,4382.05,9.0,2026-09-02 14:45:57
1788360358,4382.03,4382.03,4381.62,4381.62,11.0,2026-09-02 14:45:58
1788360359,4381.58,4381.61,4381.58,4381.61,3.0,2026-09-02 14:45:59
1788360360,4381.61,4381.63,4381.61,4381.63,3.0,2026-09-02 14:46:00
1788360361,4381.51,4381.61,4381.51,4381.61,2.0,2026-09-02 14:46:01
1788360362,4381.65,4381.65,4381.61,4381.61,3.0,2026-09-02 14:46:02
1788360363,4381.62,4381.64,4381.59,4381.6,8.0,2026-09-02 14:46:03
1788360364,4381.59,4381.62,4381.45,4381.46,14.0,2026-09-02 14:46:04
1788360365,4381.4,4381.43,4381.37,4381.43,12.0,2026-09-02 14:46:05
1788360366,4381.4,4381.4,4381.24,4381.29,6.0,2026-09-02 14:46:06
1788360367,4381.39,4381.39,4381.11,4381.11,12.0,2026-09-02 14:46:07
1788360368,4381.17,4381.37,4381.17,4381.26,13.0,2026-09-02 14:46:08
1788360369,4381.23,4381.4,4381.18,4381.18,14.0,2026-09-02 14:46:09
1788360370,4381.08,4381.38,4381.08,4381.38,18.0,2026-09-02 14:46:10
1788360371,4381.36,4381.37,4381.27,4381.29,10.0,2026-09-02 14:46:11
1788360372,4381.57,4381.61,4381.57,4381.59,9.0,2026-09-02 14:46:12
1788360373,4381.56,4381.56,4381.4,4381.4,14.0,2026-09-02 14:46:13
1788360374,4381.39,4381.39,4381.33,4381.33,6.0,2026-09-02 14:46:14
1788360375,4381.34,4381.53,4381.34,4381.53,6.0,2026-09-02 14:46:15
1788360376,4381.63,4381.83,4381.6,4381.6,16.0,2026-09-02 14:46:16
1788360377,4381.61,4381.92,4381.61,4381.92,13.0,2026-09-02 14:46:17
1788360378,4381.95,4382.33,4381.95,4382.32,14.0,2026-09-02 14:46:18
1788360379,4382.33,4382.33,4382.33,4382.33,1.0,2026-09-02 14:46:19
1788360380,4381.82,4381.83,4381.79,4381.79,10.0,2026-09-02 14:46:20
1788360381,4381.8,4381.97,4381.8,4381.97,17.0,2026-09-02 14:46:21
1788360382,4382.0,4382.12,4381.96,4382.12,12.0,2026-09-02 14:46:22
1788360383,4382.09,4382.13,4382.09,4382.13,2.0,2026-09-02 14:46:23
1788360384,4382.35,4382.36,4382.35,4382.36,2.0,2026-09-02 14:46:24
1788360385,4381.95,4381.95,4381.94,4381.94,2.0,2026-09-02 14:46:25
1788360386,4381.83,4381.83,4381.83,4381.83,1.0,2026-09-02 14:46:26
1788360387,4381.98,4381.98,4381.97,4381.98,3.0,2026-09-02 14:46:27
1788360388,4381.98,4382.01,4381.95,4381.97,6.0,2026-09-02 14:46:28
1788360389,4381.82,4381.82,4381.7,4381.7,5.0,2026-09-02 14:46:29
1788360390,4381.48,4381.48,4381.31,4381.31,11.0,2026-09-02 14:46:30
1788360391,4381.59,4381.66,4381.59,4381.66,6.0,2026-09-02 14:46:31
1788360392,4381.87,4381.92,4381.86,4381.86,6.0,2026-09-02 14:46:32
1788360393,4381.83,4381.83,4381.6,4381.6,8.0,2026-09-02 14:46:33
1788360394,4381.61,4381.62,4381.61,4381.62,3.0,2026-09-02 14:46:34
1788360395,4381.5,4381.5,4381.34,4381.49,11.0,2026-09-02 14:46:35
1788360396,4381.5,4381.5,4381.5,4381.5,1.0,2026-09-02 14:46:36
1788360397,4381.25,4381.32,4381.25,4381.32,5.0,2026-09-02 14:46:37
1788360398,4381.43,4381.43,4381.38,4381.38,4.0,2026-09-02 14:46:38
1788360399,4381.4,4381.86,4381.4,4381.86,15.0,2026-09-02 14:46:39
1788360400,4381.87,4381.87,4381.85,4381.87,3.0,2026-09-02 14:46:40
1788360401,4381.82,4381.83,4381.67,4381.67,7.0,2026-09-02 14:46:41
1788360402,4381.47,4381.47,4381.41,4381.41,6.0,2026-09-02 14:46:42
1788360403,4381.46,4381.47,4381.41,4381.41,9.0,2026-09-02 14:46:43
1788360404,4381.39,4381.54,4381.39,4381.51,12.0,2026-09-02 14:46:44
1788360405,4381.5,4381.5,4381.39,4381.39,7.0,2026-09-02 14:46:45
1788360406,4381.57,4381.78,4381.57,4381.75,14.0,2026-09-02 14:46:46
1788360407,4381.76,4381.78,4381.67,4381.77,12.0,2026-09-02 14:46:47
1788360408,4381.78,4381.8,4381.38,4381.48,18.0,2026-09-02 14:46:48
1788360409,4381.54,4381.76,4381.53,4381.76,10.0,2026-09-02 14:46:49
1788360410,4382.02,4382.02,4381.77,4381.77,16.0,2026-09-02 14:46:50
1788360411,4381.7,4381.7,4381.57,4381.58,13.0,2026-09-02 14:46:51
1788360412,4381.59,4381.59,4381.51,4381.53,10.0,2026-09-02 14:46:52
1788360413,4381.51,4381.51,4381.51,4381.51,1.0,2026-09-02 14:46:53
1788360414,4381.25,4381.37,4381.22,4381.25,15.0,2026-09-02 14:46:54
1788360415,4381.25,4381.25,4381.25,4381.25,1.0,2026-09-02 14:46:55
1788360416,4381.27,4381.27,4381.27,4381.27,1.0,2026-09-02 14:46:56
1788360417,4381.09,4381.09,4381.05,4381.05,7.0,2026-09-02 14:46:57
1788360418,4381.04,4381.04,4381.02,4381.02,2.0,2026-09-02 14:46:58
1788360419,4380.81,4380.87,4380.81,4380.87,12.0,2026-09-02 14:46:59
1788360420,4380.88,4381.0,4380.88,4381.0,5.0,2026-09-02 14:47:00
1788360421,4380.97,4381.0,4380.97,4380.97,5.0,2026-09-02 14:47:01
1788360422,4380.57,4380.57,4380.54,4380.56,5.0,2026-09-02 14:47:02
1788360423,4380.81,4380.81,4380.79,4380.8,4.0,2026-09-02 14:47:03
1788360424,4380.81,4380.96,4380.81,4380.96,2.0,2026-09-02 14:47:04
1788360425,4381.21,4381.21,4381.06,4381.06,7.0,2026-09-02 14:47:05
1788360426,4380.82,4380.82,4380.79,4380.79,3.0,2026-09-02 14:47:06
1788360427,4380.92,4380.97,4380.88,4380.95,8.0,2026-09-02 14:47:07
1788360428,4381.0,4381.07,4380.99,4381.04,10.0,2026-09-02 14:47:08
1788360429,4381.02,4381.03,4381.02,4381.03,5.0,2026-09-02 14:47:09
1788360430,4381.06,4381.1,4381.06,4381.1,5.0,2026-09-02 14:47:10
1788360431,4380.96,4380.96,4380.93,4380.94,6.0,2026-09-02 14:47:11
1788360432,4380.75,4380.75,4380.75,4380.75,1.0,2026-09-02 14:47:12
1788360433,4380.73,4380.87,4380.73,4380.87,4.0,2026-09-02 14:47:13
1788360434,4380.63,4380.67,4380.63,4380.65,6.0,2026-09-02 14:47:14
1788360435,4380.63,4381.07,4380.62,4381.07,14.0,2026-09-02 14:47:15
1788360436,4381.0,4381.0,4380.94,4380.94,5.0,2026-09-02 14:47:16
1788360437,4380.88,4380.88,4380.7,4380.8,13.0,2026-09-02 14:47:17
1788360438,4380.8,4380.83,4380.79,4380.82,5.0,2026-09-02 14:47:18
1788360439,4380.82,4381.12,4380.82,4381.12,10.0,2026-09-02 14:47:19
1788360440,4381.12,4381.12,4381.02,4381.04,9.0,2026-09-02 14:47:20
1788360441,4381.06,4381.12,4380.97,4380.97,9.0,2026-09-02 14:47:21
1788360442,4380.99,4381.0,4380.73,4380.73,12.0,2026-09-02 14:47:22
1788360443,4380.75,4380.75,4380.74,4380.75,3.0,2026-09-02 14:47:23
1788360444,4380.76,4380.89,4380.76,4380.89,8.0,2026-09-02 14:47:24
1788360445,4380.67,4380.69,4380.63,4380.68,10.0,2026-09-02 14:47:25
1788360446,4380.69,4380.95,4380.69,4380.95,13.0,2026-09-02 14:47:26
1788360447,4380.97,4380.97,4380.97,4380.97,1.0,2026-09-02 14:47:27
1788360448,4380.81,4380.85,4380.81,4380.82,9.0,2026-09-02 14:47:28
1788360449,4380.82,4380.82,4380.81,4380.81,5.0,2026-09-02 14:47:29
1788360450,4380.81,4380.81,4380.78,4380.8,3.0,2026-09-02 14:47:30
1788360451,4380.76,4380.77,4380.75,4380.77,4.0,2026-09-02 14:47:31
1788360452,4380.75,4380.75,4380.5,4380.52,7.0,2026-09-02 14:47:32
1788360453,4380.46,4380.48,4380.46,4380.48,4.0,2026-09-02 14:47:33
1788360454,4380.47,4380.69,4380.46,4380.69,8.0,2026-09-02 14:47:34
1788360455,4380.74,4380.75,4380.74,4380.75,3.0,2026-09-02 14:47:35
1788360456,4380.8,4380.96,4380.8,4380.93,5.0,2026-09-02 14:47:36
1788360457,4380.93,4380.93,4380.86,4380.89,7.0,2026-09-02 14:47:37
1788360458,4380.93,4381.04,4380.93,4381.01,13.0,2026-09-02 14:47:38
1788360459,4380.95,4380.95,4380.9,4380.91,6.0,2026-09-02 14:47:39
1788360460,4380.89,4380.97,4380.86,4380.86,11.0,2026-09-02 14:47:40
1788360461,4380.91,4380.91,4380.67,4380.67,16.0,2026-09-02 14:47:41
1788360462,4380.66,4380.66,4380.6,4380.6,6.0,2026-09-02 14:47:42
1788360463,4380.55,4380.55,4380.39,4380.39,10.0,2026-09-02 14:47:43
1788360464,4380.38,4380.38,4380.32,4380.34,13.0,2026-09-02 14:47:44
1788360465,4380.31,4380.31,4380.19,4380.2,9.0,2026-09-02 14:47:45
1788360466,4380.23,4380.45,4380.23,4380.44,9.0,2026-09-02 14:47:46
1788360467,4380.45,4380.7,4380.45,4380.7,19.0,2026-09-02 14:47:47
1788360468,4380.7,4380.78,4380.7,4380.76,8.0,2026-09-02 14:47:48
1788360469,4380.75,4380.8,4380.68,4380.8,13.0,2026-09-02 14:47:49
1788360470,4380.82,4380.82,4380.71,4380.72,8.0,2026-09-02 14:47:50
1788360471,4380.73,4380.73,4380.73,4380.73,1.0,2026-09-02 14:47:51
1788360472,4380.39,4380.39,4380.38,4380.38,2.0,2026-09-02 14:47:52
1788360473,4380.2,4380.4,4380.2,4380.32,12.0,2026-09-02 14:47:53
1788360474,4380.31,4380.33,4380.3,4380.33,7.0,2026-09-02 14:47:54
1788360475,4380.32,4380.32,4380.28,4380.3,11.0,2026-09-02 14:47:55
1788360476,4380.29,4380.3,4380.29,4380.3,2.0,2026-09-02 14:47:56
1788360477,4380.16,4380.16,4380.16,4380.16,1.0,2026-09-02 14:47:57
1788360478,4380.25,4380.43,4380.25,4380.4,10.0,2026-09-02 14:47:58
1788360479,4380.42,4380.45,4380.4,4380.4,6.0,2026-09-02 14:47:59
1788360480,4380.34,4380.36,4380.34,4380.36,2.0,2026-09-02 14:48:00
1788360481,4380.15,4380.15,4380.13,4380.13,6.0,2026-09-02 14:48:01
1788360482,4380.1,4380.22,4380.05,4380.22,12.0,2026-09-02 14:48:02
1788360483,4380.25,4380.25,4380.13,4380.2,6.0,2026-09-02 14:48:03
1788360484,4380.24,4380.25,4380.24,4380.25,3.0,2026-09-02 14:48:04
1788360485,4380.22,4380.23,4380.22,4380.22,3.0,2026-09-02 14:48:05
1788360486,4380.19,4380.37,4380.19,4380.37,10.0,2026-09-02 14:48:06
1788360487,4380.45,4380.5,4380.45,4380.5,5.0,2026-09-02 14:48:07
1788360488,4380.53,4380.63,4380.53,4380.63,7.0,2026-09-02 14:48:08
1788360489,4380.86,4380.86,4380.69,4380.69,7.0,2026-09-02 14:48:09
1788360490,4380.44,4380.44,4380.26,4380.32,10.0,2026-09-02 14:48:10
1788360491,4380.38,4380.42,4380.33,4380.42,10.0,2026-09-02 14:48:11
1788360492,4380.43,4380.55,4380.35,4380.54,12.0,2026-09-02 14:48:12
1788360493,4380.54,4380.64,4380.54,4380.63,11.0,2026-09-02 14:48:13
1788360494,4380.62,4380.64,4380.58,4380.58,7.0,2026-09-02 14:48:14
1788360495,4380.57,4380.57,4380.46,4380.47,12.0,2026-09-02 14:48:15
1788360496,4380.47,4380.47,4380.45,4380.45,3.0,2026-09-02 14:48:16
1788360497,4380.45,4380.45,4380.18,4380.18,4.0,2026-09-02 14:48:17
1788360498,4380.13,4380.13,4380.05,4380.05,8.0,2026-09-02 14:48:18
1788360499,4380.01,4380.01,4379.86,4379.9,10.0,2026-09-02 14:48:19
1788360500,4379.87,4379.87,4379.84,4379.84,11.0,2026-09-02 14:48:20
1788360501,4379.84,4379.84,4379.68,4379.68,9.0,2026-09-02 14:48:21
1788360502,4379.6,4379.72,4379.32,4379.71,24.0,2026-09-02 14:48:22
1788360503,4379.73,4379.8,4379.59,4379.66,19.0,2026-09-02 14:48:23
1788360504,4379.67,4379.67,4379.67,4379.67,1.0,2026-09-02 14:48:24
1788360505,4379.61,4379.61,4379.55,4379.55,2.0,2026-09-02 14:48:25
1788360506,4379.41,4379.43,4379.41,4379.43,2.0,2026-09-02 14:48:26
1788360507,4379.42,4379.42,4379.42,4379.42,1.0,2026-09-02 14:48:27
1788360508,4379.45,4379.45,4379.23,4379.26,16.0,2026-09-02 14:48:28
1788360509,4379.23,4379.3,4379.23,4379.29,4.0,2026-09-02 14:48:29
1788360510,4379.09,4379.09,4379.06,4379.06,3.0,2026-09-02 14:48:30
1788360511,4379.25,4379.25,4379.25,4379.25,1.0,2026-09-02 14:48:31
1788360512,4379.35,4379.36,4379.21,4379.25,7.0,2026-09-02 14:48:32
1788360513,4379.35,4379.35,4379.34,4379.35,3.0,2026-09-02 14:48:33
1788360514,4379.25,4379.47,4379.25,4379.46,9.0,2026-09-02 14:48:34
1788360515,4379.34,4379.39,4379.34,4379.38,6.0,2026-09-02 14:48:35
1788360516,4379.34,4379.51,4379.34,4379.48,11.0,2026-09-02 14:48:36
1788360517,4379.71,4379.95,4379.71,4379.95,10.0,2026-09-02 14:48:37
1788360518,4380.4,4380.51,4380.4,4380.51,9.0,2026-09-02 14:48:38
1788360519,4380.46,4380.49,4380.46,4380.49,6.0,2026-09-02 14:48:39
1788360520,4380.48,4380.48,4380.15,4380.16,17.0,2026-09-02 14:48:40
1788360521,4380.09,4380.23,4380.09,4380.23,10.0,2026-09-02 14:48:41
1788360522,4380.27,4380.27,4380.24,4380.24,6.0,2026-09-02 14:48:42
1788360523,4380.07,4380.15,4380.07,4380.15,4.0,2026-09-02 14:48:43
1788360524,4380.19,4380.2,4380.08,4380.08,8.0,2026-09-02 14:48:44
1788360525,4380.08,4380.12,4380.08,4380.11,10.0,2026-09-02 14:48:45
1788360526,4380.11,4380.11,4379.99,4379.99,15.0,2026-09-02 14:48:46
1788360527,4379.99,4379.99,4379.87,4379.87,12.0,2026-09-02 14:48:47
1788360528,4379.86,4379.88,4379.86,4379.86,9.0,2026-09-02 14:48:48
1788360529,4379.86,4379.86,4379.86,4379.86,1.0,2026-09-02 14:48:49
1788360530,4380.18,4380.2,4379.93,4379.93,15.0,2026-09-02 14:48:50
1788360531,4379.94,4379.95,4379.73,4379.79,14.0,2026-09-02 14:48:51
1788360532,4379.79,4379.84,4379.59,4379.69,14.0,2026-09-02 14:48:52
1788360533,4379.69,4379.69,4379.67,4379.67,2.0,2026-09-02 14:48:53
1788360534,4379.48,4379.48,4379.47,4379.47,2.0,2026-09-02 14:48:54
1788360535,4379.42,4379.42,4379.42,4379.42,1.0,2026-09-02 14:48:55
1788360536,4379.6,4379.6,4379.58,4379.58,3.0,2026-09-02 14:48:56
1788360537,4379.46,4379.54,4379.45,4379.54,10.0,2026-09-02 14:48:57
1788360538,4379.54,4379.57,4379.54,4379.56,4.0,2026-09-02 14:48:58
1788360539,4379.45,4379.45,4379.44,4379.44,2.0,2026-09-02 14:48:59
1788360540,4379.54,4379.54,4379.52,4379.52,2.0,2026-09-02 14:49:00
1788360541,4379.41,4379.42,4379.38,4379.4,5.0,2026-09-02 14:49:01
1788360542,4379.36,4379.36,4379.35,4379.36,3.0,2026-09-02 14:49:02
1788360543,4379.42,4379.43,4379.42,4379.43,3.0,2026-09-02 14:49:03
1788360544,4379.37,4379.39,4379.37,4379.39,3.0,2026-09-02 14:49:04
1788360545,4379.3,4379.3,4379.23,4379.23,7.0,2026-09-02 14:49:05
1788360546,4379.24,4379.24,4378.89,4378.91,13.0,2026-09-02 14:49:06
1788360547,4379.01,4379.01,4379.01,4379.01,1.0,2026-09-02 14:49:07
1788360548,4379.07,4379.1,4379.07,4379.1,5.0,2026-09-02 14:49:08
1788360549,4379.14,4379.26,4379.14,4379.26,6.0,2026-09-02 14:49:09
1788360550,4379.25,4379.35,4379.25,4379.35,6.0,2026-09-02 14:49:10
1788360551,4379.37,4379.4,4379.37,4379.38,5.0,2026-09-02 14:49:11
1788360552,4379.66,4379.66,4379.26,4379.45,12.0,2026-09-02 14:49:12
1788360553,4379.48,4379.7,4379.48,4379.7,13.0,2026-09-02 14:49:13
1788360554,4379.65,4379.71,4379.64,4379.71,8.0,2026-09-02 14:49:14
1788360555,4379.75,4379.75,4379.63,4379.63,8.0,2026-09-02 14:49:15
1788360556,4379.59,4379.6,4379.43,4379.43,11.0,2026-09-02 14:49:16
1788360557,4379.31,4379.69,4379.31,4379.69,13.0,2026-09-02 14:49:17
1788360558,4379.67,4379.68,4379.61,4379.61,8.0,2026-09-02 14:49:18
1788360559,4379.58,4379.62,4379.58,4379.62,5.0,2026-09-02 14:49:19
1788360560,4379.63,4379.68,4379.63,4379.68,7.0,2026-09-02 14:49:20
1788360561,4379.63,4379.88,4379.44,4379.77,23.0,2026-09-02 14:49:21
1788360562,4379.76,4380.01,4379.76,4380.01,10.0,2026-09-02 14:49:22
1788360563,4380.03,4380.03,4379.86,4379.88,14.0,2026-09-02 14:49:23
1788360564,4379.92,4380.01,4379.91,4379.94,14.0,2026-09-02 14:49:24
1788360565,4379.93,4380.07,4379.92,4380.07,11.0,2026-09-02 14:49:25
1788360566,4380.1,4380.23,4380.09,4380.14,13.0,2026-09-02 14:49:26
1788360567,4380.14,4380.14,4380.0,4380.02,16.0,2026-09-02 14:49:27
1788360568,4380.02,4380.21,4380.01,4380.12,19.0,2026-09-02 14:49:28
1788360569,4380.13,4380.14,4380.13,4380.14,2.0,2026-09-02 14:49:29
1788360570,4380.04,4380.04,4380.02,4380.02,2.0,2026-09-02 14:49:30
1788360571,4380.04,4380.04,4380.04,4380.04,1.0,2026-09-02 14:49:31
1788360572,4379.97,4379.99,4379.97,4379.99,3.0,2026-09-02 14:49:32
1788360573,4380.18,4380.2,4380.18,4380.2,3.0,2026-09-02 14:49:33
1788360574,4380.3,4380.33,4380.3,4380.33,3.0,2026-09-02 14:49:34
1788360575,4380.27,4380.27,4380.25,4380.25,3.0,2026-09-02 14:49:35
1788360576,4380.4,4380.4,4380.27,4380.27,8.0,2026-09-02 14:49:36
1788360577,4380.28,4380.37,4380.27,4380.37,8.0,2026-09-02 14:49:37
1788360578,4380.37,4380.37,4380.37,4380.37,1.0,2026-09-02 14:49:38
1788360579,4380.37,4380.52,4380.36,4380.39,13.0,2026-09-02 14:49:39
1788360580,4380.51,4380.52,4380.51,4380.52,2.0,2026-09-02 14:49:40
1788360581,4380.56,4380.69,4380.45,4380.46,14.0,2026-09-02 14:49:41
1788360582,4380.43,4380.5,4380.31,4380.31,13.0,2026-09-02 14:49:42
1788360583,4380.32,4380.32,4380.3,4380.3,2.0,2026-09-02 14:49:43
1788360584,4380.18,4380.22,4380.18,4380.21,5.0,2026-09-02 14:49:44
1788360585,4380.22,4380.23,4380.13,4380.15,9.0,2026-09-02 14:49:45
1788360586,4380.19,4380.19,4379.98,4380.02,13.0,2026-09-02 14:49:46
1788360587,4379.88,4379.89,4379.76,4379.8,13.0,2026-09-02 14:49:47
1788360588,4379.8,4380.02,4379.8,4380.02,9.0,2026-09-02 14:49:48
1788360589,4380.01,4380.15,4380.01,4380.15,8.0,2026-09-02 14:49:49
1788360590,4380.16,4380.24,4380.16,4380.2,11.0,2026-09-02 14:49:50
1788360591,4380.29,4380.8,4380.29,4380.8,20.0,2026-09-02 14:49:51
1788360592,4380.8,4380.88,4380.74,4380.74,10.0,2026-09-02 14:49:52
1788360593,4380.73,4380.73,4380.73,4380.73,1.0,2026-09-02 14:49:53
1788360594,4380.67,4380.67,4380.67,4380.67,1.0,2026-09-02 14:49:54
1788360595,4380.79,4380.79,4380.67,4380.74,4.0,2026-09-02 14:49:55
1788360596,4380.96,4381.0,4380.94,4380.98,9.0,2026-09-02 14:49:56
1788360597,4380.97,4381.05,4380.97,4381.02,9.0,2026-09-02 14:49:57
1788360598,4381.0,4381.0,4380.92,4380.92,3.0,2026-09-02 14:49:58
1788360599,4381.01,4381.01,4381.0,4381.0,4.0,2026-09-02 14:49:59
1788360600,4381.01,4381.02,4380.95,4380.95,5.0,2026-09-02 14:50:00
1788360601,4380.81,4380.81,4380.69,4380.69,7.0,2026-09-02 14:50:01
1788360602,4380.65,4380.65,4380.64,4380.64,6.0,2026-09-02 14:50:02
1788360603,4380.47,4380.49,4380.37,4380.41,8.0,2026-09-02 14:50:03
1788360604,4380.31,4380.41,4380.28,4380.41,11.0,2026-09-02 14:50:04
1788360605,4380.52,4380.55,4380.5,4380.5,6.0,2026-09-02 14:50:05
1788360606,4380.36,4380.36,4380.35,4380.35,3.0,2026-09-02 14:50:06
1788360607,4380.38,4380.4,4380.38,4380.38,4.0,2026-09-02 14:50:07
1788360608,4380.37,4380.37,4380.36,4380.36,2.0,2026-09-02 14:50:08
1788360609,4380.59,4380.61,4380.59,4380.61,3.0,2026-09-02 14:50:09
1788360610,4380.59,4380.59,4380.39,4380.41,12.0,2026-09-02 14:50:10
1788360611,4380.42,4380.74,4380.42,4380.74,11.0,2026-09-02 14:50:11
1788360612,4380.91,4380.94,4380.91,4380.94,6.0,2026-09-02 14:50:12
1788360613,4380.97,4380.99,4380.97,4380.99,5.0,2026-09-02 14:50:13
1788360614,4381.11,4381.21,4381.11,4381.21,6.0,2026-09-02 14:50:14
1788360615,4381.26,4381.44,4381.25,4381.44,15.0,2026-09-02 14:50:15
1788360616,4381.5,4381.65,4381.5,4381.55,13.0,2026-09-02 14:50:16
1788360617,4381.63,4381.67,4381.59,4381.61,10.0,2026-09-02 14:50:17
1788360618,4381.44,4381.53,4381.36,4381.52,13.0,2026-09-02 14:50:18
1788360619,4381.49,4381.5,4381.35,4381.35,7.0,2026-09-02 14:50:19
1788360620,4381.34,4381.69,4381.32,4381.63,16.0,2026-09-02 14:50:20
1788360621,4381.5,4381.5,4381.39,4381.42,13.0,2026-09-02 14:50:21
1788360622,4381.45,4381.55,4380.83,4380.83,27.0,2026-09-02 14:50:22
1788360623,4380.81,4380.81,4380.79,4380.79,2.0,2026-09-02 14:50:23
1788360624,4380.91,4380.91,4380.91,4380.91,1.0,2026-09-02 14:50:24
1788360625,4381.49,4381.61,4381.46,4381.61,9.0,2026-09-02 14:50:25
1788360626,4381.61,4381.63,4381.61,4381.63,2.0,2026-09-02 14:50:26
1788360627,4381.91,4381.91,4381.86,4381.86,2.0,2026-09-02 14:50:27
1788360628,4381.46,4381.46,4381.2,4381.26,18.0,2026-09-02 14:50:28
1788360629,4381.24,4381.72,4381.18,4381.69,17.0,2026-09-02 14:50:29
1788360630,4381.7,4381.81,4381.7,4381.73,6.0,2026-09-02 14:50:30
1788360631,4381.71,4382.05,4381.71,4382.04,6.0,2026-09-02 14:50:31
1788360632,4382.38,4382.38,4382.11,4382.11,7.0,2026-09-02 14:50:32
1788360633,4381.62,4381.72,4381.62,4381.71,6.0,2026-09-02 14:50:33
1788360634,4381.32,4381.32,4381.25,4381.25,4.0,2026-09-02 14:50:34
1788360635,4381.27,4381.27,4381.21,4381.21,5.0,2026-09-02 14:50:35
1788360636,4381.07,4381.07,4381.02,4381.02,4.0,2026-09-02 14:50:36
1788360637,4380.81,4380.81,4380.8,4380.8,2.0,2026-09-02 14:50:37
1788360638,4380.94,4380.94,4380.68,4380.69,11.0,2026-09-02 14:50:38
1788360639,4380.57,4380.6,4380.52,4380.55,10.0,2026-09-02 14:50:39
1788360640,4380.56,4380.58,4380.35,4380.35,13.0,2026-09-02 14:50:40
1788360641,4380.38,4380.38,4380.33,4380.33,5.0,2026-09-02 14:50:41
1788360642,4380.05,4380.06,4379.94,4379.94,7.0,2026-09-02 14:50:42
1788360643,4380.01,4380.42,4380.01,4380.42,17.0,2026-09-02 14:50:43
1788360644,4380.39,4380.41,4380.21,4380.21,15.0,2026-09-02 14:50:44
1788360645,4380.2,4380.21,4379.9,4379.95,14.0,2026-09-02 14:50:45
1788360646,4379.92,4379.92,4379.67,4379.74,23.0,2026-09-02 14:50:46
1788360647,4379.73,4379.74,4379.72,4379.72,3.0,2026-09-02 14:50:47
1788360648,4379.65,4379.71,4379.65,4379.71,4.0,2026-09-02 14:50:48
1788360649,4379.57,4379.57,4379.28,4379.33,19.0,2026-09-02 14:50:49
1788360650,4379.32,4379.46,4379.32,4379.46,8.0,2026-09-02 14:50:50
1788360651,4379.64,4379.71,4379.64,4379.71,4.0,2026-09-02 14:50:51
1788360652,4379.71,4379.71,4379.57,4379.57,6.0,2026-09-02 14:50:52
1788360653,4379.63,4379.87,4379.63,4379.87,9.0,2026-09-02 14:50:53
1788360654,4380.14,4380.38,4380.09,4380.38,10.0,2026-09-02 14:50:54
1788360655,4380.45,4380.6,4380.45,4380.51,10.0,2026-09-02 14:50:55
1788360656,4380.49,4380.49,4380.22,4380.22,14.0,2026-09-02 14:50:56
1788360657,4380.05,4380.07,4380.05,4380.07,4.0,2026-09-02 14:50:57
1788360658,4380.27,4380.28,4380.27,4380.28,4.0,2026-09-02 14:50:58
1788360659,4380.17,4380.17,4379.97,4379.98,11.0,2026-09-02 14:50:59
1788360660,4379.91,4380.04,4379.91,4379.97,12.0,2026-09-02 14:51:00
1788360661,4379.98,4380.03,4379.98,4380.03,4.0,2026-09-02 14:51:01
1788360662,4380.04,4380.18,4380.04,4380.18,8.0,2026-09-02 14:51:02
1788360663,4380.2,4380.21,4380.19,4380.21,4.0,2026-09-02 14:51:03
1788360664,4380.22,4380.22,4379.87,4379.87,14.0,2026-09-02 14:51:04
1788360665,4379.88,4379.88,4379.63,4379.63,24.0,2026-09-02 14:51:05
1788360666,4379.63,4379.63,4379.52,4379.52,4.0,2026-09-02 14:51:06
1788360667,4379.5,4379.5,4379.5,4379.5,1.0,2026-09-02 14:51:07
1788360668,4379.5,4379.52,4379.5,4379.52,4.0,2026-09-02 14:51:08
1788360669,4378.97,4379.04,4378.97,4379.04,4.0,2026-09-02 14:51:09
1788360670,4378.97,4378.97,4378.65,4378.65,20.0,2026-09-02 14:51:10
1788360671,4378.64,4378.81,4378.64,4378.81,6.0,2026-09-02 14:51:11
1788360672,4379.01,4379.1,4378.76,4378.76,18.0,2026-09-02 14:51:12
1788360673,4378.75,4378.75,4378.7,4378.7,6.0,2026-09-02 14:51:13
1788360674,4378.63,4378.8,4378.63,4378.8,6.0,2026-09-02 14:51:14
1788360675,4378.8,4379.09,4378.8,4379.03,8.0,2026-09-02 14:51:15
1788360676,4378.82,4378.87,4378.82,4378.84,6.0,2026-09-02 14:51:16
1788360677,4378.74,4378.74,4378.74,4378.74,1.0,2026-09-02 14:51:17
1788360678,4378.76,4378.78,4378.67,4378.67,9.0,2026-09-02 14:51:18
1788360679,4378.23,4378.23,4378.14,4378.16,8.0,2026-09-02 14:51:19
1788360680,4378.24,4378.28,4378.15,4378.15,10.0,2026-09-02 14:51:20
1788360681,4378.19,4378.19,4377.87,4377.87,10.0,2026-09-02 14:51:21
1788360682,4377.74,4377.86,4377.72,4377.86,10.0,2026-09-02 14:51:22
1788360683,4377.85,4377.85,4377.74,4377.74,9.0,2026-09-02 14:51:23
1788360684,4377.67,4377.84,4377.65,4377.76,14.0,2026-09-02 14:51:24
1788360685,4377.9,4377.9,4377.85,4377.85,7.0,2026-09-02 14:51:25
1788360686,4377.87,4377.87,4377.77,4377.78,10.0,2026-09-02 14:51:26
1788360687,4378.0,4378.21,4378.0,4378.21,9.0,2026-09-02 14:51:27
1788360688,4378.15,4378.24,4378.1,4378.24,12.0,2026-09-02 14:51:28
1788360689,4378.27,4378.35,4378.27,4378.34,9.0,2026-09-02 14:51:29
1788360690,4378.28,4378.37,4378.24,4378.24,16.0,2026-09-02 14:51:30
1788360691,4378.21,4378.21,4378.21,4378.21,1.0,2026-09-02 14:51:31
1788360692,4378.23,4379.01,4378.23,4378.98,7.0,2026-09-02 14:51:32
1788360693,4379.01,4379.01,4378.54,4378.58,22.0,2026-09-02 14:51:33
1788360694,4378.57,4378.58,4378.4,4378.58,14.0,2026-09-02 14:51:34
1788360695,4378.59,4378.6,4378.59,4378.6,2.0,2026-09-02 14:51:35
1788360696,4378.64,4378.64,4378.63,4378.63,2.0,2026-09-02 14:51:36
1788360697,4378.65,4378.65,4378.63,4378.63,2.0,2026-09-02 14:51:37
1788360698,4378.67,4378.72,4378.67,4378.72,4.0,2026-09-02 14:51:38
1788360699,4378.65,4378.65,4378.64,4378.64,2.0,2026-09-02 14:51:39
1788360700,4378.68,4378.73,4378.67,4378.69,7.0,2026-09-02 14:51:40
1788360701,4378.59,4378.59,4378.37,4378.39,7.0,2026-09-02 14:51:41
1788360702,4378.39,4378.44,4378.39,4378.44,6.0,2026-09-02 14:51:42
1788360703,4378.37,4378.39,4378.26,4378.26,7.0,2026-09-02 14:51:43
1788360704,4378.22,4378.28,4378.22,4378.28,6.0,2026-09-02 14:51:44
1788360705,4378.46,4378.74,4378.46,4378.73,10.0,2026-09-02 14:51:45
1788360706,4378.76,4378.76,4378.49,4378.49,12.0,2026-09-02 14:51:46
1788360707,4378.3,4378.3,4378.18,4378.18,9.0,2026-09-02 14:51:47
1788360708,4378.23,4378.32,4378.23,4378.28,10.0,2026-09-02 14:51:48
1788360709,4378.04,4378.05,4377.92,4377.92,14.0,2026-09-02 14:51:49
1788360710,4377.91,4377.91,4377.7,4377.7,15.0,2026-09-02 14:51:50
1788360711,4377.67,4377.69,4377.56,4377.56,13.0,2026-09-02 14:51:51
1788360712,4377.56,4377.56,4377.47,4377.51,13.0,2026-09-02 14:51:52
1788360713,4377.51,4377.51,4377.42,4377.49,15.0,2026-09-02 14:51:53
1788360714,4377.5,4377.66,4377.5,4377.66,12.0,2026-09-02 14:51:54
1788360715,4377.64,4377.94,4377.64,4377.94,14.0,2026-09-02 14:51:55
1788360716,4377.92,4378.13,4377.91,4378.13,12.0,2026-09-02 14:51:56
1788360717,4378.15,4378.34,4378.1,4378.34,18.0,2026-09-02 14:51:57
1788360718,4378.35,4378.38,4378.09,4378.1,16.0,2026-09-02 14:51:58
1788360719,4378.11,4378.23,4378.1,4378.23,10.0,2026-09-02 14:51:59
1788360720,4378.24,4378.45,4378.24,4378.41,19.0,2026-09-02 14:52:00
1788360721,4378.41,4378.41,4378.27,4378.4,16.0,2026-09-02 14:52:01
1788360722,4378.42,4378.46,4378.17,4378.23,18.0,2026-09-02 14:52:02
1788360723,4378.24,4378.33,4378.24,4378.31,12.0,2026-09-02 14:52:03
1788360724,4378.38,4378.42,4378.24,4378.24,17.0,2026-09-02 14:52:04
1788360725,4378.25,4378.27,4378.21,4378.22,12.0,2026-09-02 14:52:05
1788360726,4378.21,4378.21,4378.1,4378.11,12.0,2026-09-02 14:52:06
1788360727,4378.1,4378.1,4378.03,4378.07,9.0,2026-09-02 14:52:07
1788360728,4378.06,4378.06,4377.58,4377.59,21.0,2026-09-02 14:52:08
1788360729,4377.57,4377.59,4377.5,4377.53,14.0,2026-09-02 14:52:09
1788360730,4377.53,4377.66,4377.52,4377.66,12.0,2026-09-02 14:52:10
1788360731,4377.67,4377.77,4377.67,4377.75,11.0,2026-09-02 14:52:11
1788360732,4377.75,4377.77,4377.62,4377.62,13.0,2026-09-02 14:52:12
1788360733,4377.62,4377.69,4377.59,4377.64,15.0,2026-09-02 14:52:13
1788360734,4377.62,4377.64,4377.56,4377.62,15.0,2026-09-02 14:52:14
1788360735,4377.61,4377.62,4377.49,4377.51,9.0,2026-09-02 14:52:15
1788360736,4377.48,4377.62,4377.47,4377.62,14.0,2026-09-02 14:52:16
1788360737,4377.64,4377.65,4377.59,4377.63,17.0,2026-09-02 14:52:17
1788360738,4377.61,4377.65,4377.47,4377.47,18.0,2026-09-02 14:52:18
1788360739,4377.46,4377.52,4377.45,4377.46,14.0,2026-09-02 14:52:19
1788360740,4377.47,4377.56,4377.47,4377.56,4.0,2026-09-02 14:52:20
1788360741,4377.48,4377.52,4377.35,4377.38,13.0,2026-09-02 14:52:21
1788360742,4377.28,4377.28,4377.25,4377.25,5.0,2026-09-02 14:52:22
1788360743,4377.23,4377.29,4377.22,4377.25,5.0,2026-09-02 14:52:23
1788360744,4377.28,4377.31,4377.28,4377.31,4.0,2026-09-02 14:52:24
1788360745,4377.32,4377.32,4377.23,4377.23,6.0,2026-09-02 14:52:25
1788360746,4377.44,4377.45,4377.44,4377.45,4.0,2026-09-02 14:52:26
1788360747,4377.45,4377.72,4377.45,4377.72,13.0,2026-09-02 14:52:27
1788360748,4377.72,4377.82,4377.68,4377.82,13.0,2026-09-02 14:52:28
1788360749,4377.89,4378.03,4377.88,4378.03,7.0,2026-09-02 14:52:29
1788360750,4378.04,4378.04,4377.9,4377.92,13.0,2026-09-02 14:52:30
1788360751,4377.88,4377.88,4377.86,4377.87,5.0,2026-09-02 14:52:31
1788360752,4377.87,4377.87,4377.74,4377.86,15.0,2026-09-02 14:52:32
1788360753,4378.29,4378.6,4378.29,4378.6,16.0,2026-09-02 14:52:33
1788360754,4378.71,4378.75,4378.56,4378.59,16.0,2026-09-02 14:52:34
1788360755,4378.58,4378.58,4378.4,4378.42,13.0,2026-09-02 14:52:35
1788360756,4378.42,4378.42,4378.41,4378.41,2.0,2026-09-02 14:52:36
1788360757,4378.52,4378.56,4378.5,4378.5,9.0,2026-09-02 14:52:37
1788360758,4378.5,4378.5,4378.5,4378.5,1.0,2026-09-02 14:52:38
1788360759,4378.58,4378.58,4378.57,4378.57,2.0,2026-09-02 14:52:39
1788360760,4378.37,4378.37,4378.37,4378.37,1.0,2026-09-02 14:52:40
1788360761,4378.61,4378.7,4378.61,4378.7,5.0,2026-09-02 14:52:41
1788360762,4378.73,4378.77,4378.73,4378.73,5.0,2026-09-02 14:52:42
1788360763,4378.63,4378.63,4378.58,4378.58,3.0,2026-09-02 14:52:43
1788360764,4378.88,4378.88,4378.84,4378.84,4.0,2026-09-02 14:52:44
1788360765,4378.75,4378.75,4378.59,4378.69,12.0,2026-09-02 14:52:45
1788360766,4378.57,4378.57,4378.57,4378.57,1.0,2026-09-02 14:52:46
1788360767,4378.49,4378.49,4378.43,4378.47,7.0,2026-09-02 14:52:47
1788360768,4378.35,4378.35,4378.32,4378.34,4.0,2026-09-02 14:52:48
1788360769,4378.22,4378.23,4378.19,4378.19,5.0,2026-09-02 14:52:49
1788360770,4378.23,4378.23,4378.17,4378.2,5.0,2026-09-02 14:52:50
1788360771,4378.17,4378.17,4378.14,4378.16,5.0,2026-09-02 14:52:51
1788360772,4378.0,4378.0,4377.98,4377.99,4.0,2026-09-02 14:52:52
1788360773,4377.94,4377.94,4377.92,4377.93,3.0,2026-09-02 14:52:53
1788360774,4377.92,4377.94,4377.91,4377.91,3.0,2026-09-02 14:52:54
1788360775,4377.83,4377.96,4377.83,4377.95,8.0,2026-09-02 14:52:55
1788360776,4377.98,4377.99,4377.98,4377.99,2.0,2026-09-02 14:52:56
1788360777,4378.12,4378.13,4378.12,4378.13,3.0,2026-09-02 14:52:57
1788360778,4378.28,4378.38,4378.28,4378.38,10.0,2026-09-02 14:52:58
1788360779,4378.36,4378.41,4378.36,4378.41,5.0,2026-09-02 14:52:59
1788360780,4378.41,4378.41,4378.4,4378.41,3.0,2026-09-02 14:53:00
1788360781,4378.36,4378.36,4378.15,4378.16,16.0,2026-09-02 14:53:01
1788360782,4378.15,4378.2,4378.15,4378.16,8.0,2026-09-02 14:53:02
1788360783,4378.35,4378.48,4378.35,4378.46,12.0,2026-09-02 14:53:03
1788360784,4378.32,4378.43,4378.3,4378.36,10.0,2026-09-02 14:53:04
1788360785,4378.34,4378.66,4378.3,4378.64,12.0,2026-09-02 14:53:05
1788360786,4378.64,4378.65,4378.5,4378.5,15.0,2026-09-02 14:53:06
1788360787,4378.5,4378.5,4378.41,4378.46,10.0,2026-09-02 14:53:07
1788360788,4378.46,4378.46,4378.33,4378.33,9.0,2026-09-02 14:53:08
1788360789,4378.33,4378.36,4378.33,4378.36,5.0,2026-09-02 14:53:09
1788360790,4378.35,4378.35,4378.11,4378.12,16.0,2026-09-02 14:53:10
1788360791,4378.11,4378.12,4378.11,4378.12,2.0,2026-09-02 14:53:11
1788360792,4377.58,4377.89,4377.58,4377.82,17.0,2026-09-02 14:53:12
1788360793,4377.84,4377.84,4377.77,4377.8,4.0,2026-09-02 14:53:13
1788360794,4377.79,4377.79,4377.79,4377.79,1.0,2026-09-02 14:53:14
1788360795,4377.64,4377.71,4377.64,4377.69,7.0,2026-09-02 14:53:15
1788360796,4377.69,4377.69,4377.69,4377.69,1.0,2026-09-02 14:53:16
1788360797,4377.52,4377.52,4377.52,4377.52,1.0,2026-09-02 14:53:17
1788360798,4377.43,4377.45,4377.43,4377.45,3.0,2026-09-02 14:53:18
1788360799,4377.62,4377.62,4377.62,4377.62,1.0,2026-09-02 14:53:19
1788360800,4377.03,4377.07,4377.03,4377.07,2.0,2026-09-02 14:53:20
1788360801,4376.26,4376.37,4376.26,4376.36,6.0,2026-09-02 14:53:21
1788360802,4376.4,4376.42,4376.4,4376.42,2.0,2026-09-02 14:53:22
1788360803,4376.95,4377.09,4376.95,4377.09,5.0,2026-09-02 14:53:23
1788360804,4376.94,4377.05,4376.94,4377.04,7.0,2026-09-02 14:53:24
1788360805,4376.98,4377.01,4376.98,4377.01,3.0,2026-09-02 14:53:25
1788360806,4377.18,4377.23,4377.18,4377.23,4.0,2026-09-02 14:53:26
1788360807,4377.17,4377.23,4377.17,4377.23,4.0,2026-09-02 14:53:27
1788360808,4377.27,4377.28,4377.27,4377.28,2.0,2026-09-02 14:53:28
1788360809,4377.25,4377.25,4376.95,4377.03,12.0,2026-09-02 14:53:29
1788360810,4376.9,4376.9,4376.89,4376.89,2.0,2026-09-02 14:53:30
1788360811,4376.81,4376.86,4376.77,4376.86,7.0,2026-09-02 14:53:31
1788360812,4376.84,4376.84,4376.81,4376.81,3.0,2026-09-02 14:53:32
1788360813,4376.85,4376.85,4376.76,4376.78,12.0,2026-09-02 14:53:33
1788360814,4376.72,4376.81,4376.72,4376.8,7.0,2026-09-02 14:53:34
1788360815,4376.43,4376.46,4376.39,4376.46,8.0,2026-09-02 14:53:35
1788360816,4376.53,4376.55,4376.49,4376.49,10.0,2026-09-02 14:53:36
1788360817,4376.52,4376.63,4376.52,4376.58,9.0,2026-09-02 14:53:37
1788360818,4376.59,4376.66,4376.59,4376.63,7.0,2026-09-02 14:53:38
1788360819,4376.63,4376.65,4376.51,4376.51,8.0,2026-09-02 14:53:39
1788360820,4376.58,4376.89,4376.58,4376.89,14.0,2026-09-02 14:53:40
1788360821,4376.87,4376.88,4376.66,4376.71,15.0,2026-09-02 14:53:41
1788360822,4376.7,4376.81,4376.7,4376.81,9.0,2026-09-02 14:53:42
1788360823,4376.9,4376.9,4376.85,4376.87,7.0,2026-09-02 14:53:43
1788360824,4376.92,4376.92,4376.84,4376.88,12.0,2026-09-02 14:53:44
1788360825,4376.89,4377.02,4376.89,4377.01,10.0,2026-09-02 14:53:45
1788360826,4377.01,4377.08,4377.01,4377.03,8.0,2026-09-02 14:53:46
1788360827,4377.01,4377.15,4376.87,4377.13,18.0,2026-09-02 14:53:47
1788360828,4377.13,4377.17,4377.02,4377.02,11.0,2026-09-02 14:53:48
1788360829,4377.0,4377.01,4376.94,4376.94,11.0,2026-09-02 14:53:49
1788360830,4376.93,4377.14,4376.88,4377.14,15.0,2026-09-02 14:53:50
1788360831,4377.16,4377.16,4377.16,4377.16,1.0,2026-09-02 14:53:51
1788360832,4377.31,4377.42,4377.31,4377.42,10.0,2026-09-02 14:53:52
1788360833,4377.41,4377.63,4377.41,4377.57,11.0,2026-09-02 14:53:53
1788360834,4377.52,4377.52,4377.52,4377.52,1.0,2026-09-02 14:53:54
1788360835,4377.29,4377.3,4377.28,4377.29,6.0,2026-09-02 14:53:55
1788360836,4377.3,4377.3,4377.28,4377.28,4.0,2026-09-02 14:53:56
1788360837,4377.29,4377.32,4377.29,4377.32,7.0,2026-09-02 14:53:57
1788360838,4377.32,4377.32,4377.31,4377.31,2.0,2026-09-02 14:53:58
1788360839,4377.38,4377.38,4377.38,4377.38,1.0,2026-09-02 14:53:59
1788360840,4377.25,4377.31,4377.23,4377.31,5.0,2026-09-02 14:54:00
1788360841,4377.29,4377.3,4377.27,4377.3,3.0,2026-09-02 14:54:01
1788360842,4377.39,4377.39,4377.39,4377.39,1.0,2026-09-02 14:54:02
1788360843,4377.58,4377.75,4377.58,4377.75,6.0,2026-09-02 14:54:03
1788360844,4377.88,4377.94,4377.86,4377.94,6.0,2026-09-02 14:54:04
1788360845,4377.94,4377.94,4377.86,4377.86,3.0,2026-09-02 14:54:05
1788360846,4377.65,4377.66,4377.63,4377.66,6.0,2026-09-02 14:54:06
1788360847,4377.49,4377.71,4377.49,4377.71,13.0,2026-09-02 14:54:07
1788360848,4377.7,4377.71,4377.7,4377.71,2.0,2026-09-02 14:54:08
1788360849,4377.67,4377.67,4377.59,4377.59,4.0,2026-09-02 14:54:09
1788360850,4377.35,4377.57,4377.35,4377.57,9.0,2026-09-02 14:54:10
1788360851,4377.36,4377.44,4377.36,4377.44,5.0,2026-09-02 14:54:11
1788360852,4377.62,4377.69,4377.62,4377.69,6.0,2026-09-02 14:54:12
1788360853,4377.58,4377.61,4377.46,4377.46,12.0,2026-09-02 14:54:13
1788360854,4377.48,4377.5,4377.48,4377.48,4.0,2026-09-02 14:54:14
1788360855,4377.41,4377.41,4377.22,4377.33,11.0,2026-09-02 14:54:15
1788360856,4377.33,4377.33,4377.32,4377.32,3.0,2026-09-02 14:54:16
1788360857,4377.31,4377.31,4377.14,4377.19,4.0,2026-09-02 14:54:17
1788360858,4377.23,4377.23,4377.19,4377.21,5.0,2026-09-02 14:54:18
1788360859,4377.27,4377.27,4377.12,4377.14,7.0,2026-09-02 14:54:19
1788360860,4377.13,4377.21,4377.13,4377.21,10.0,2026-09-02 14:54:20
1788360861,4377.13,4377.14,4377.03,4377.03,10.0,2026-09-02 14:54:21
1788360862,4376.99,4377.05,4376.98,4377.01,7.0,2026-09-02 14:54:22
1788360863,4377.0,4377.03,4376.96,4377.02,15.0,2026-09-02 14:54:23
1788360864,4377.01,4377.04,4377.01,4377.04,6.0,2026-09-02 14:54:24
1788360865,4377.04,4377.18,4377.04,4377.09,11.0,2026-09-02 14:54:25
1788360866,4377.1,4377.23,4377.1,4377.13,8.0,2026-09-02 14:54:26
1788360867,4377.09,4377.23,4377.09,4377.23,12.0,2026-09-02 14:54:27
1788360868,4377.23,4377.23,4377.11,4377.14,13.0,2026-09-02 14:54:28
1788360869,4377.1,4377.12,4377.07,4377.09,11.0,2026-09-02 14:54:29
1788360870,4377.09,4377.09,4377.09,4377.09,1.0,2026-09-02 14:54:30
1788360871,4377.15,4377.15,4377.05,4377.05,3.0,2026-09-02 14:54:31
1788360872,4376.88,4377.19,4376.88,4377.19,15.0,2026-09-02 14:54:32
1788360873,4377.2,4377.2,4377.2,4377.2,1.0,2026-09-02 14:54:33
1788360874,4377.15,4377.19,4377.12,4377.19,7.0,2026-09-02 14:54:34
1788360875,4377.18,4377.18,4377.18,4377.18,1.0,2026-09-02 14:54:35
1788360876,4377.45,4377.47,4377.45,4377.47,2.0,2026-09-02 14:54:36
1788360877,4377.59,4377.65,4377.55,4377.65,13.0,2026-09-02 14:54:37
1788360878,4377.67,4377.76,4377.67,4377.76,4.0,2026-09-02 14:54:38
1788360879,4377.84,4377.99,4377.84,4377.96,7.0,2026-09-02 14:54:39
1788360880,4377.92,4377.92,4377.91,4377.92,3.0,2026-09-02 14:54:40
1788360881,4377.67,4377.67,4377.54,4377.54,6.0,2026-09-02 14:54:41
1788360882,4377.61,4377.61,4377.55,4377.57,5.0,2026-09-02 14:54:42
1788360883,4377.53,4377.53,4377.52,4377.52,2.0,2026-09-02 14:54:43
1788360884,4377.53,4377.55,4377.53,4377.55,3.0,2026-09-02 14:54:44
1788360885,4377.57,4377.57,4377.57,4377.57,2.0,2026-09-02 14:54:45
1788360886,4377.56,4377.56,4377.56,4377.56,2.0,2026-09-02 14:54:46
1788360887,4377.47,4377.49,4377.47,4377.49,2.0,2026-09-02 14:54:47
1788360888,4377.16,4377.16,4377.07,4377.07,4.0,2026-09-02 14:54:48
1788360889,4376.97,4376.97,4376.9,4376.9,4.0,2026-09-02 14:54:49
1788360890,4376.63,4376.63,4376.63,4376.63,1.0,2026-09-02 14:54:50
1788360891,4376.48,4376.48,4376.27,4376.27,10.0,2026-09-02 14:54:51
1788360892,4376.27,4376.27,4376.23,4376.23,3.0,2026-09-02 14:54:52
1788360893,4376.09,4376.29,4376.03,4376.29,13.0,2026-09-02 14:54:53
1788360894,4376.24,4376.32,4376.21,4376.29,8.0,2026-09-02 14:54:54
1788360895,4376.19,4376.19,4376.17,4376.17,2.0,2026-09-02 14:54:55
1788360896,4376.3,4376.37,4376.3,4376.35,8.0,2026-09-02 14:54:56
1788360897,4376.27,4376.64,4376.27,4376.63,13.0,2026-09-02 14:54:57
1788360898,4376.73,4376.86,4376.73,4376.86,7.0,2026-09-02 14:54:58
1788360899,4376.82,4376.95,4376.79,4376.95,6.0,2026-09-02 14:54:59
1788360900,4376.93,4376.93,4376.69,4376.69,15.0,2026-09-02 14:55:00
1788360901,4376.67,4376.8,4376.67,4376.76,16.0,2026-09-02 14:55:01
1788360902,4376.7,4376.7,4376.64,4376.64,7.0,2026-09-02 14:55:02
1788360903,4376.73,4376.85,4376.7,4376.85,13.0,2026-09-02 14:55:03
1788360904,4376.89,4376.9,4376.85,4376.85,7.0,2026-09-02 14:55:04
1788360905,4376.85,4377.0,4376.85,4377.0,17.0,2026-09-02 14:55:05
1788360906,4377.06,4377.3,4377.06,4377.3,9.0,2026-09-02 14:55:06
1788360907,4377.33,4377.61,4377.31,4377.6,16.0,2026-09-02 14:55:07
1788360908,4377.61,4377.64,4377.61,4377.64,3.0,2026-09-02 14:55:08
1788360909,4377.66,4377.7,4377.6,4377.6,14.0,2026-09-02 14:55:09
1788360910,4377.6,4377.6,4377.59,4377.59,2.0,2026-09-02 14:55:10
1788360911,4377.72,4377.72,4376.94,4377.08,24.0,2026-09-02 14:55:11
1788360912,4377.09,4377.09,4377.09,4377.09,1.0,2026-09-02 14:55:12
1788360913,4377.2,4377.22,4377.12,4377.12,13.0,2026-09-02 14:55:13
1788360914,4377.09,4377.09,4377.09,4377.09,1.0,2026-09-02 14:55:14
1788360915,4377.31,4377.32,4377.26,4377.26,5.0,2026-09-02 14:55:15
1788360916,4377.22,4377.22,4377.21,4377.21,2.0,2026-09-02 14:55:16
1788360917,4377.21,4377.21,4377.21,4377.21,2.0,2026-09-02 14:55:17
1788360918,4377.37,4377.37,4377.25,4377.34,5.0,2026-09-02 14:55:18
1788360919,4377.15,4377.15,4376.95,4376.96,7.0,2026-09-02 14:55:19
1788360920,4376.8,4376.8,4376.79,4376.79,4.0,2026-09-02 14:55:20
1788360921,4376.86,4376.98,4376.86,4376.98,5.0,2026-09-02 14:55:21
1788360922,4377.43,4378.0,4377.43,4378.0,5.0,2026-09-02 14:55:22
1788360923,4378.03,4378.21,4377.99,4377.99,9.0,2026-09-02 14:55:23
1788360924,4378.35,4378.35,4378.35,4378.35,1.0,2026-09-02 14:55:24
1788360925,4378.04,4378.04,4377.94,4377.94,7.0,2026-09-02 14:55:25
1788360926,4377.95,4378.02,4377.95,4378.02,6.0,2026-09-02 14:55:26
1788360927,4378.1,4378.16,4378.06,4378.16,9.0,2026-09-02 14:55:27
1788360928,4378.18,4378.22,4378.18,4378.22,5.0,2026-09-02 14:55:28
1788360929,4378.19,4378.19,4378.11,4378.19,10.0,2026-09-02 14:55:29
1788360930,4378.08,4378.33,4378.08,4378.33,10.0,2026-09-02 14:55:30
1788360931,4378.43,4378.45,4378.36,4378.38,7.0,2026-09-02 14:55:31
1788360932,4378.4,4378.5,4378.4,4378.5,8.0,2026-09-02 14:55:32
1788360933,4378.47,4378.53,4378.4,4378.4,9.0,2026-09-02 14:55:33
1788360934,4378.39,4378.43,4378.35,4378.43,9.0,2026-09-02 14:55:34
1788360935,4378.44,4378.51,4378.44,4378.51,6.0,2026-09-02 14:55:35
1788360936,4378.39,4378.39,4378.04,4378.04,11.0,2026-09-02 14:55:36
1788360937,4378.07,4378.21,4378.07,4378.21,8.0,2026-09-02 14:55:37
1788360938,4378.27,4378.36,4378.27,4378.35,7.0,2026-09-02 14:55:38
1788360939,4378.3,4378.3,4378.22,4378.22,5.0,2026-09-02 14:55:39
1788360940,4378.24,4378.24,4377.94,4377.96,16.0,2026-09-02 14:55:40
1788360941,4377.95,4377.95,4377.83,4377.83,7.0,2026-09-02 14:55:41
1788360942,4377.75,4377.75,4377.5,4377.5,13.0,2026-09-02 14:55:42
1788360943,4377.47,4377.47,4377.47,4377.47,1.0,2026-09-02 14:55:43
1788360944,4377.33,4377.46,4377.33,4377.33,17.0,2026-09-02 14:55:44
1788360945,4377.33,4377.33,4377.33,4377.33,1.0,2026-09-02 14:55:45
1788360946,4377.32,4377.32,4377.3,4377.3,2.0,2026-09-02 14:55:46
1788360947,4377.27,4377.27,4377.24,4377.24,5.0,2026-09-02 14:55:47
1788360948,4377.24,4377.34,4377.24,4377.33,7.0,2026-09-02 14:55:48
1788360949,4377.34,4377.42,4377.34,4377.42,4.0,2026-09-02 14:55:49
1788360950,4377.3,4377.3,4377.06,4377.06,11.0,2026-09-02 14:55:50
1788360951,4377.08,4377.12,4377.08,4377.12,3.0,2026-09-02 14:55:51
1788360952,4377.2,4377.2,4377.17,4377.17,2.0,2026-09-02 14:55:52
1788360953,4377.33,4377.47,4377.33,4377.47,7.0,2026-09-02 14:55:53
1788360954,4377.66,4377.66,4377.64,4377.64,3.0,2026-09-02 14:55:54
1788360955,4377.56,4377.56,4377.51,4377.51,3.0,2026-09-02 14:55:55
1788360956,4377.23,4377.23,4376.95,4376.95,12.0,2026-09-02 14:55:56
1788360957,4376.9,4376.9,4376.9,4376.9,2.0,2026-09-02 14:55:57
1788360958,4376.89,4376.89,4376.79,4376.79,6.0,2026-09-02 14:55:58
1788360959,4376.85,4376.89,4376.62,4376.62,7.0,2026-09-02 14:55:59
1788360960,4376.28,4376.28,4376.27,4376.27,2.0,2026-09-02 14:56:00
1788360961,4376.08,4376.38,4376.08,4376.34,12.0,2026-09-02 14:56:01
1788360962,4376.37,4376.39,4376.36,4376.39,7.0,2026-09-02 14:56:02
1788360963,4376.36,4376.36,4376.36,4376.36,1.0,2026-09-02 14:56:03
1788360964,4376.32,4376.32,4376.16,4376.16,7.0,2026-09-02 14:56:04
1788360965,4376.13,4376.13,4375.82,4375.88,9.0,2026-09-02 14:56:05
1788360966,4375.86,4375.95,4375.83,4375.88,14.0,2026-09-02 14:56:06
1788360967,4376.08,4376.14,4375.98,4375.98,9.0,2026-09-02 14:56:07
1788360968,4375.97,4376.04,4375.91,4376.04,10.0,2026-09-02 14:56:08
1788360969,4375.94,4375.94,4375.88,4375.88,8.0,2026-09-02 14:56:09
1788360970,4375.92,4376.09,4375.92,4376.07,11.0,2026-09-02 14:56:10
1788360971,4376.07,4376.07,4376.04,4376.04,4.0,2026-09-02 14:56:11
1788360972,4375.92,4376.03,4375.92,4375.92,9.0,2026-09-02 14:56:12
1788360973,4375.98,4376.04,4375.96,4376.04,9.0,2026-09-02 14:56:13
1788360974,4376.05,4376.07,4376.04,4376.06,9.0,2026-09-02 14:56:14
1788360975,4376.07,4376.07,4375.89,4375.94,6.0,2026-09-02 14:56:15
1788360976,4375.9,4376.23,4375.9,4376.23,17.0,2026-09-02 14:56:16
1788360977,4376.24,4376.29,4376.24,4376.29,5.0,2026-09-02 14:56:17
1788360978,4376.25,4376.25,4376.1,4376.1,9.0,2026-09-02 14:56:18
1788360979,4376.08,4376.08,4376.06,4376.06,4.0,2026-09-02 14:56:19
1788360980,4376.06,4376.18,4376.06,4376.16,9.0,2026-09-02 14:56:20
1788360981,4376.16,4376.16,4376.12,4376.12,3.0,2026-09-02 14:56:21
1788360982,4375.92,4375.92,4375.88,4375.89,6.0,2026-09-02 14:56:22
1788360983,4375.8,4375.82,4375.79,4375.79,7.0,2026-09-02 14:56:23
1788360984,4375.78,4375.78,4375.76,4375.76,4.0,2026-09-02 14:56:24
1788360985,4375.88,4375.88,4375.85,4375.85,5.0,2026-09-02 14:56:25
1788360986,4375.82,4375.83,4375.78,4375.8,9.0,2026-09-02 14:56:26
1788360987,4375.75,4375.75,4375.74,4375.74,2.0,2026-09-02 14:56:27
1788360988,4375.81,4375.85,4375.81,4375.84,4.0,2026-09-02 14:56:28
1788360989,4375.77,4375.8,4375.75,4375.76,10.0,2026-09-02 14:56:29
1788360990,4375.87,4376.09,4375.87,4376.09,7.0,2026-09-02 14:56:30
1788360991,4376.06,4376.15,4376.06,4376.12,8.0,2026-09-02 14:56:31
1788360992,4376.19,4376.23,4376.15,4376.21,10.0,2026-09-02 14:56:32
1788360993,4376.35,4376.35,4376.34,4376.34,4.0,2026-09-02 14:56:33
1788360994,4376.31,4376.33,4376.24,4376.33,7.0,2026-09-02 14:56:34
1788360995,4376.2,4376.21,4376.15,4376.18,8.0,2026-09-02 14:56:35
1788360996,4376.26,4376.37,4376.22,4376.36,14.0,2026-09-02 14:56:36
1788360997,4376.36,4376.37,4376.32,4376.34,8.0,2026-09-02 14:56:37
1788360998,4376.34,4376.35,4376.25,4376.27,8.0,2026-09-02 14:56:38
1788360999,4376.23,4376.6,4376.23,4376.52,12.0,2026-09-02 14:56:39
1788361000,4376.54,4376.54,4376.22,4376.22,16.0,2026-09-02 14:56:40
1788361001,4376.19,4376.23,4376.17,4376.2,14.0,2026-09-02 14:56:41
1788361002,4376.23,4376.23,4376.23,4376.23,1.0,2026-09-02 14:56:42
1788361003,4376.32,4376.33,4376.32,4376.33,3.0,2026-09-02 14:56:43
1788361004,4376.34,4376.34,4376.31,4376.31,5.0,2026-09-02 14:56:44
1788361005,4376.3,4376.3,4376.28,4376.28,2.0,2026-09-02 14:56:45
1788361006,4376.3,4376.3,4376.3,4376.3,1.0,2026-09-02 14:56:46
1788361007,4376.21,4376.64,4376.21,4376.64,17.0,2026-09-02 14:56:47
1788361008,4376.64,4376.64,4376.64,4376.64,1.0,2026-09-02 14:56:48
1788361009,4376.47,4376.57,4376.47,4376.57,4.0,2026-09-02 14:56:49
1788361010,4377.07,4377.07,4377.05,4377.05,3.0,2026-09-02 14:56:50
1788361011,4376.95,4377.12,4376.95,4377.12,5.0,2026-09-02 14:56:51
1788361012,4377.17,4377.17,4377.11,4377.13,5.0,2026-09-02 14:56:52
1788361013,4376.77,4376.77,4376.76,4376.76,2.0,2026-09-02 14:56:53
1788361014,4376.67,4376.68,4376.62,4376.68,8.0,2026-09-02 14:56:54
1788361015,4376.66,4376.67,4376.38,4376.51,13.0,2026-09-02 14:56:55
1788361016,4376.42,4376.42,4376.3,4376.3,8.0,2026-09-02 14:56:56
1788361017,4376.27,4376.34,4376.27,4376.34,4.0,2026-09-02 14:56:57
1788361018,4376.31,4376.34,4376.26,4376.26,5.0,2026-09-02 14:56:58
1788361019,4376.29,4376.38,4376.29,4376.38,5.0,2026-09-02 14:56:59
1788361020,4376.71,4376.71,4376.54,4376.56,6.0,2026-09-02 14:57:00
1788361021,4376.58,4376.69,4376.58,4376.63,7.0,2026-09-02 14:57:01
1788361022,4376.67,4376.67,4376.63,4376.63,4.0,2026-09-02 14:57:02
1788361023,4376.44,4376.46,4376.43,4376.44,6.0,2026-09-02 14:57:03
1788361024,4376.42,4376.58,4376.42,4376.47,11.0,2026-09-02 14:57:04
1788361025,4376.43,4376.43,4376.36,4376.38,5.0,2026-09-02 14:57:05
1788361026,4376.37,4376.38,4376.31,4376.31,11.0,2026-09-02 14:57:06
1788361027,4376.26,4376.26,4376.19,4376.19,6.0,2026-09-02 14:57:07
1788361028,4376.2,4376.2,4376.06,4376.06,8.0,2026-09-02 14:57:08
1788361029,4376.09,4376.09,4375.79,4375.79,10.0,2026-09-02 14:57:09
1788361030,4375.71,4375.77,4375.62,4375.77,12.0,2026-09-02 14:57:10
1788361031,4375.74,4375.74,4375.69,4375.69,3.0,2026-09-02 14:57:11
1788361032,4375.68,4375.68,4375.43,4375.43,15.0,2026-09-02 14:57:12
1788361033,4375.41,4376.15,4375.41,4376.15,13.0,2026-09-02 14:57:13
1788361034,4376.08,4376.48,4376.05,4376.48,16.0,2026-09-02 14:57:14
1788361035,4376.5,4376.56,4376.35,4376.52,18.0,2026-09-02 14:57:15
1788361036,4376.53,4376.53,4376.53,4376.53,1.0,2026-09-02 14:57:16
1788361037,4376.52,4376.85,4376.52,4376.74,19.0,2026-09-02 14:57:17
1788361038,4376.75,4376.75,4376.73,4376.73,2.0,2026-09-02 14:57:18
1788361039,4376.77,4376.77,4376.74,4376.74,2.0,2026-09-02 14:57:19
1788361040,4376.42,4376.5,4376.42,4376.5,4.0,2026-09-02 14:57:20
1788361041,4376.65,4376.65,4376.65,4376.65,1.0,2026-09-02 14:57:21
1788361042,4376.7,4376.72,4376.7,4376.72,2.0,2026-09-02 14:57:22
1788361043,4376.6,4376.61,4376.6,4376.61,5.0,2026-09-02 14:57:23
1788361044,4376.59,4376.59,4376.57,4376.58,3.0,2026-09-02 14:57:24
1788361045,4376.35,4376.37,4376.33,4376.34,7.0,2026-09-02 14:57:25
1788361046,4376.34,4376.34,4376.29,4376.29,5.0,2026-09-02 14:57:26
1788361047,4376.15,4376.15,4376.15,4376.15,1.0,2026-09-02 14:57:27
1788361048,4376.11,4376.11,4376.02,4376.03,6.0,2026-09-02 14:57:28
1788361049,4375.98,4376.04,4375.98,4376.04,6.0,2026-09-02 14:57:29
1788361050,4376.18,4376.34,4376.18,4376.34,8.0,2026-09-02 14:57:30
1788361051,4376.52,4376.62,4376.44,4376.62,9.0,2026-09-02 14:57:31
1788361052,4376.32,4376.34,4376.32,4376.34,2.0,2026-09-02 14:57:32
1788361053,4376.51,4376.51,4376.25,4376.25,13.0,2026-09-02 14:57:33
1788361054,4376.25,4376.38,4376.25,4376.38,9.0,2026-09-02 14:57:34
1788361055,4376.46,4376.89,4376.46,4376.89,8.0,2026-09-02 14:57:35
1788361056,4376.87,4376.87,4376.65,4376.66,12.0,2026-09-02 14:57:36
1788361057,4376.63,4376.65,4376.48,4376.48,11.0,2026-09-02 14:57:37
1788361058,4376.44,4376.72,4376.44,4376.72,13.0,2026-09-02 14:57:38
1788361059,4376.9,4377.13,4376.71,4376.71,22.0,2026-09-02 14:57:39
1788361060,4376.71,4376.72,4376.54,4376.72,15.0,2026-09-02 14:57:40
1788361061,4376.77,4376.77,4376.68,4376.74,11.0,2026-09-02 14:57:41
1788361062,4376.77,4376.85,4376.77,4376.85,5.0,2026-09-02 14:57:42
1788361063,4377.06,4377.07,4377.03,4377.03,5.0,2026-09-02 14:57:43
1788361064,4377.01,4377.01,4376.91,4376.94,16.0,2026-09-02 14:57:44
1788361065,4376.95,4377.0,4376.93,4376.94,11.0,2026-09-02 14:57:45
1788361066,4376.95,4376.95,4376.95,4376.95,1.0,2026-09-02 14:57:46
1788361067,4376.91,4376.91,4376.91,4376.91,1.0,2026-09-02 14:57:47
1788361068,4376.97,4376.98,4376.97,4376.97,3.0,2026-09-02 14:57:48
1788361069,4377.02,4377.02,4376.95,4376.96,8.0,2026-09-02 14:57:49
1788361070,4376.95,4376.96,4376.85,4376.85,14.0,2026-09-02 14:57:50
1788361071,4376.86,4377.05,4376.86,4377.04,12.0,2026-09-02 14:57:51
1788361072,4377.05,4377.05,4377.05,4377.05,2.0,2026-09-02 14:57:52
1788361073,4377.11,4377.19,4376.9,4377.07,19.0,2026-09-02 14:57:53
1788361074,4377.1,4377.1,4377.05,4377.08,3.0,2026-09-02 14:57:54
1788361075,4377.02,4377.02,4376.87,4376.87,7.0,2026-09-02 14:57:55
1788361076,4376.84,4376.84,4376.84,4376.84,1.0,2026-09-02 14:57:56
1788361077,4376.78,4376.78,4376.72,4376.72,9.0,2026-09-02 14:57:57
1788361078,4376.59,4376.59,4376.55,4376.55,3.0,2026-09-02 14:57:58
1788361079,4376.55,4376.55,4376.54,4376.54,3.0,2026-09-02 14:57:59
1788361080,4376.8,4376.8,4376.78,4376.78,4.0,2026-09-02 14:58:00
1788361081,4376.7,4376.74,4376.7,4376.74,5.0,2026-09-02 14:58:01
1788361082,4376.78,4376.78,4376.76,4376.76,2.0,2026-09-02 14:58:02
1788361083,4376.71,4376.71,4376.4,4376.4,4.0,2026-09-02 14:58:03
1788361084,4376.4,4376.4,4376.28,4376.3,6.0,2026-09-02 14:58:04
1788361085,4376.31,4376.32,4376.29,4376.32,5.0,2026-09-02 14:58:05
1788361086,4376.33,4376.39,4376.33,4376.34,6.0,2026-09-02 14:58:06
1788361087,4376.26,4376.27,4376.26,4376.27,2.0,2026-09-02 14:58:07
1788361088,4376.34,4376.41,4376.34,4376.38,8.0,2026-09-02 14:58:08
1788361089,4376.33,4376.57,4376.3,4376.57,11.0,2026-09-02 14:58:09
1788361090,4376.62,4376.62,4376.58,4376.58,7.0,2026-09-02 14:58:10
1788361091,4376.59,4376.59,4376.52,4376.54,8.0,2026-09-02 14:58:11
1788361092,4376.57,4376.57,4376.39,4376.39,10.0,2026-09-02 14:58:12
1788361093,4376.37,4376.56,4376.37,4376.37,11.0,2026-09-02 14:58:13
1788361094,4376.37,4376.37,4376.36,4376.37,5.0,2026-09-02 14:58:14
1788361095,4376.36,4376.69,4376.35,4376.69,12.0,2026-09-02 14:58:15
1788361096,4376.7,4376.7,4376.49,4376.51,6.0,2026-09-02 14:58:16
1788361097,4376.56,4376.58,4376.2,4376.21,17.0,2026-09-02 14:58:17
1788361098,4376.22,4376.22,4376.05,4376.06,10.0,2026-09-02 14:58:18
1788361099,4376.04,4376.26,4376.04,4376.25,14.0,2026-09-02 14:58:19
1788361100,4376.24,4376.25,4376.23,4376.25,4.0,2026-09-02 14:58:20
1788361101,4376.33,4376.38,4376.33,4376.38,3.0,2026-09-02 14:58:21
1788361102,4376.26,4376.26,4376.24,4376.25,4.0,2026-09-02 14:58:22
1788361103,4376.3,4376.3,4376.18,4376.18,8.0,2026-09-02 14:58:23
1788361104,4376.14,4376.14,4376.1,4376.11,3.0,2026-09-02 14:58:24
1788361106,4376.17,4376.18,4376.17,4376.18,2.0,2026-09-02 14:58:26
1788361107,4376.21,4376.26,4376.21,4376.26,4.0,2026-09-02 14:58:27
1788361108,4376.31,4376.34,4376.3,4376.3,5.0,2026-09-02 14:58:28
1788361109,4376.31,4376.33,4376.29,4376.31,6.0,2026-09-02 14:58:29
1788361110,4376.46,4376.46,4376.32,4376.35,13.0,2026-09-02 14:58:30
1788361111,4376.37,4376.37,4376.3,4376.3,8.0,2026-09-02 14:58:31
1788361112,4376.27,4376.29,4376.03,4376.03,10.0,2026-09-02 14:58:32
1788361113,4375.88,4375.88,4375.75,4375.78,8.0,2026-09-02 14:58:33
1788361114,4375.86,4375.87,4375.84,4375.87,4.0,2026-09-02 14:58:34
1788361115,4375.87,4375.87,4375.84,4375.87,8.0,2026-09-02 14:58:35
1788361116,4375.79,4375.82,4375.79,4375.82,3.0,2026-09-02 14:58:36
1788361117,4375.83,4375.92,4375.83,4375.92,7.0,2026-09-02 14:58:37
1788361118,4375.86,4375.86,4375.82,4375.82,5.0,2026-09-02 14:58:38
1788361119,4375.79,4375.79,4375.65,4375.65,8.0,2026-09-02 14:58:39
1788361120,4375.49,4375.49,4375.47,4375.47,4.0,2026-09-02 14:58:40
1788361121,4375.45,4375.45,4375.45,4375.45,1.0,2026-09-02 14:58:41
1788361122,4375.44,4375.45,4375.44,4375.45,3.0,2026-09-02 14:58:42
1788361123,4375.45,4375.46,4375.41,4375.42,7.0,2026-09-02 14:58:43
1788361124,4375.43,4375.45,4375.43,4375.45,2.0,2026-09-02 14:58:44
1788361125,4375.46,4375.46,4375.46,4375.46,1.0,2026-09-02 14:58:45
1788361126,4375.57,4375.58,4375.57,4375.58,2.0,2026-09-02 14:58:46
1788361127,4375.55,4375.55,4375.51,4375.55,9.0,2026-09-02 14:58:47
1788361128,4375.54,4375.55,4375.54,4375.55,2.0,2026-09-02 14:58:48
1788361129,4375.39,4375.39,4375.35,4375.35,10.0,2026-09-02 14:58:49
1788361130,4375.35,4375.36,4375.34,4375.36,5.0,2026-09-02 14:58:50
1788361131,4375.35,4375.35,4375.34,4375.35,4.0,2026-09-02 14:58:51
1788361132,4375.34,4375.35,4375.34,4375.35,2.0,2026-09-02 14:58:52
1788361133,4375.34,4375.34,4375.34,4375.34,3.0,2026-09-02 14:58:53
1788361134,4375.33,4375.33,4375.3,4375.32,5.0,2026-09-02 14:58:54
1788361135,4375.32,4375.32,4375.32,4375.32,2.0,2026-09-02 14:58:55
1788361136,4375.33,4375.33,4375.11,4375.29,9.0,2026-09-02 14:58:56
1788361137,4375.27,4375.27,4375.24,4375.25,4.0,2026-09-02 14:58:57
1788361138,4375.31,4375.31,4375.31,4375.31,1.0,2026-09-02 14:58:58
1788361139,4375.43,4375.43,4375.42,4375.42,2.0,2026-09-02 14:58:59
1788361140,4375.42,4375.43,4375.42,4375.43,4.0,2026-09-02 14:59:00
1788361141,4375.46,4375.46,4375.37,4375.4,6.0,2026-09-02 14:59:01
1788361142,4375.23,4375.24,4375.13,4375.13,11.0,2026-09-02 14:59:02
1788361143,4375.1,4375.18,4375.1,4375.18,4.0,2026-09-02 14:59:03
1788361144,4375.01,4375.01,4374.97,4374.98,4.0,2026-09-02 14:59:04
1788361145,4374.94,4374.97,4374.94,4374.96,5.0,2026-09-02 14:59:05
1788361146,4374.95,4375.13,4374.91,4374.91,14.0,2026-09-02 14:59:06
1788361147,4374.9,4374.94,4374.89,4374.94,9.0,2026-09-02 14:59:07
1788361148,4374.96,4374.96,4374.83,4374.94,10.0,2026-09-02 14:59:08
1788361149,4374.93,4374.93,4374.77,4374.77,8.0,2026-09-02 14:59:09
1788361150,4374.86,4374.96,4374.86,4374.96,7.0,2026-09-02 14:59:10
1788361151,4374.95,4374.95,4374.68,4374.69,10.0,2026-09-02 14:59:11
1788361152,4374.72,4374.72,4374.58,4374.58,11.0,2026-09-02 14:59:12
1788361153,4374.56,4374.59,4374.56,4374.59,2.0,2026-09-02 14:59:13
1788361154,4374.74,4374.74,4374.67,4374.7,10.0,2026-09-02 14:59:14
1788361155,4374.72,4374.86,4374.72,4374.84,9.0,2026-09-02 14:59:15
1788361156,4374.85,4374.85,4374.85,4374.85,1.0,2026-09-02 14:59:16
1788361157,4374.87,4374.87,4374.85,4374.85,3.0,2026-09-02 14:59:17
1788361158,4374.73,4374.77,4374.66,4374.77,9.0,2026-09-02 14:59:18
1788361159,4374.72,4374.74,4374.71,4374.74,6.0,2026-09-02 14:59:19
1788361160,4374.78,4374.78,4374.7,4374.7,4.0,2026-09-02 14:59:20
1788361161,4374.72,4374.72,4374.69,4374.69,4.0,2026-09-02 14:59:21
1788361162,4374.51,4374.6,4374.46,4374.6,10.0,2026-09-02 14:59:22
1788361163,4374.39,4374.39,4374.36,4374.36,5.0,2026-09-02 14:59:23
1788361164,4374.36,4374.37,4374.34,4374.37,4.0,2026-09-02 14:59:24
1788361165,4374.41,4374.41,4374.41,4374.41,2.0,2026-09-02 14:59:25
1788361166,4374.42,4374.43,4374.41,4374.43,3.0,2026-09-02 14:59:26
1788361167,4374.58,4374.62,4374.58,4374.62,4.0,2026-09-02 14:59:27
1788361168,4374.92,4375.38,4374.92,4375.33,21.0,2026-09-02 14:59:28
1788361169,4375.38,4375.39,4375.19,4375.21,12.0,2026-09-02 14:59:29
1788361170,4375.21,4375.21,4375.16,4375.17,6.0,2026-09-02 14:59:30
1788361171,4375.15,4375.15,4375.15,4375.15,3.0,2026-09-02 14:59:31
1788361172,4375.13,4375.13,4375.11,4375.13,5.0,2026-09-02 14:59:32
1788361173,4375.11,4375.17,4375.11,4375.17,5.0,2026-09-02 14:59:33
1788361174,4375.17,4375.17,4375.17,4375.17,1.0,2026-09-02 14:59:34
1788370930,4369.54,4369.59,4369.54,4369.58,5.0,2026-09-02 17:42:10
1788370931,4369.6,4369.94,4369.59,4369.94,9.0,2026-09-02 17:42:11
1788370932,4369.98,4369.98,4369.92,4369.93,9.0,2026-09-02 17:42:12
1788370933,4369.94,4369.94,4369.81,4369.82,10.0,2026-09-02 17:42:13
1788370934,4369.83,4369.83,4369.7,4369.7,9.0,2026-09-02 17:42:14
1788370935,4369.69,4369.7,4369.68,4369.68,5.0,2026-09-02 17:42:15
1788370936,4369.69,4369.69,4369.55,4369.56,10.0,2026-09-02 17:42:16
1788370937,4369.53,4369.54,4369.43,4369.44,11.0,2026-09-02 17:42:17
1788370938,4369.43,4369.44,4369.43,4369.44,3.0,2026-09-02 17:42:18
1788370939,4369.45,4369.45,4369.45,4369.45,1.0,2026-09-02 17:42:19
1788370940,4369.44,4369.53,4369.44,4369.53,7.0,2026-09-02 17:42:20
1788370941,4369.46,4369.46,4369.39,4369.39,4.0,2026-09-02 17:42:21
1788370942,4369.35,4369.35,4369.35,4369.35,1.0,2026-09-02 17:42:22
1788370943,4369.35,4369.35,4369.01,4369.01,17.0,2026-09-02 17:42:23
1788370944,4369.01,4369.03,4369.01,4369.03,4.0,2026-09-02 17:42:24
1788370945,4369.02,4369.02,4368.93,4368.93,5.0,2026-09-02 17:42:25
1788370946,4368.94,4368.99,4368.9,4368.9,9.0,2026-09-02 17:42:26
1788370947,4368.88,4368.88,4368.74,4368.83,14.0,2026-09-02 17:42:27
1788370948,4368.83,4368.93,4368.83,4368.93,9.0,2026-09-02 17:42:28
1788370949,4368.93,4368.93,4368.92,4368.92,2.0,2026-09-02 17:42:29
1788370951,4368.97,4372.51,4368.97,4372.51,37.0,2026-09-02 17:42:31
1788370952,4372.47,4373.14,4372.14,4372.32,44.0,2026-09-02 17:42:32
1788370953,4372.24,4372.29,4371.94,4372.11,29.0,2026-09-02 17:42:33
1788370954,4372.09,4372.29,4371.95,4372.06,29.0,2026-09-02 17:42:34
1788370955,4372.03,4372.27,4371.87,4372.18,26.0,2026-09-02 17:42:35
1788370956,4372.2,4372.3,4372.05,4372.05,22.0,2026-09-02 17:42:36
1788370957,4371.98,4372.03,4371.95,4371.98,17.0,2026-09-02 17:42:37
1788370958,4371.97,4372.02,4371.9,4372.02,19.0,2026-09-02 17:42:38
1788370959,4372.0,4372.19,4372.0,4372.1,15.0,2026-09-02 17:42:39
1788370960,4372.09,4372.09,4371.8,4371.92,18.0,2026-09-02 17:42:40
1788370961,4371.94,4371.94,4371.73,4371.82,14.0,2026-09-02 17:42:41
1788370962,4371.81,4372.0,4371.78,4372.0,15.0,2026-09-02 17:42:42
1788370963,4371.99,4371.99,4371.77,4371.79,14.0,2026-09-02 17:42:43
1788370964,4371.76,4371.95,4371.76,4371.93,12.0,2026-09-02 17:42:44
1788370965,4371.92,4371.93,4371.92,4371.93,4.0,2026-09-02 17:42:45
1788370966,4371.92,4372.01,4371.92,4372.01,8.0,2026-09-02 17:42:46
1788370967,4372.01,4372.01,4371.84,4371.97,16.0,2026-09-02 17:42:47
1788370968,4371.99,4372.56,4371.99,4372.56,14.0,2026-09-02 17:42:48
1788370969,4372.55,4372.58,4372.28,4372.28,16.0,2026-09-02 17:42:49
1788370970,4372.27,4372.27,4371.92,4371.92,20.0,2026-09-02 17:42:50
1788370971,4371.89,4372.2,4371.86,4372.15,18.0,2026-09-02 17:42:51
1788370972,4372.14,4372.22,4372.1,4372.19,13.0,2026-09-02 17:42:52
1788370973,4372.21,4372.21,4372.04,4372.04,15.0,2026-09-02 17:42:53
1788370974,4372.04,4372.04,4371.99,4371.99,4.0,2026-09-02 17:42:54
1788370975,4372.0,4372.0,4371.94,4371.96,6.0,2026-09-02 17:42:55
1788370976,4371.95,4372.02,4371.94,4371.95,12.0,2026-09-02 17:42:56
1788370977,4371.94,4371.94,4371.89,4371.93,8.0,2026-09-02 17:42:57
1788370978,4371.93,4371.93,4371.71,4371.82,14.0,2026-09-02 17:42:58
1788370979,4371.83,4371.9,4371.82,4371.89,8.0,2026-09-02 17:42:59
1788370980,4371.87,4372.05,4371.78,4372.04,13.0,2026-09-02 17:43:00
1788370981,4372.03,4372.03,4371.86,4371.86,16.0,2026-09-02 17:43:01
1788370982,4371.86,4371.88,4371.68,4371.88,11.0,2026-09-02 17:43:02
1788370983,4371.89,4371.89,4371.88,4371.88,2.0,2026-09-02 17:43:03
1788370984,4371.84,4371.9,4371.84,4371.87,9.0,2026-09-02 17:43:04
1788370986,4371.8,4371.81,4371.76,4371.77,10.0,2026-09-02 17:43:06
1788370987,4371.79,4371.99,4371.72,4371.89,15.0,2026-09-02 17:43:07
1788370988,4371.88,4371.93,4371.88,4371.91,10.0,2026-09-02 17:43:08
1788370989,4371.93,4373.16,4371.93,4373.08,28.0,2026-09-02 17:43:09
1788370990,4373.06,4373.06,4372.91,4372.96,13.0,2026-09-02 17:43:10
1788370991,4373.05,4374.24,4372.99,4374.19,18.0,2026-09-02 17:43:11
1788370992,4374.18,4374.49,4374.1,4374.49,19.0,2026-09-02 17:43:12
1788370993,4374.44,4374.47,4374.28,4374.47,17.0,2026-09-02 17:43:13
1788370994,4374.42,4374.44,4373.79,4373.79,24.0,2026-09-02 17:43:14
1788370995,4373.78,4373.8,4373.71,4373.71,6.0,2026-09-02 17:43:15
1788370996,4373.76,4373.96,4373.76,4373.81,13.0,2026-09-02 17:43:16
1788370997,4373.79,4373.8,4373.75,4373.75,7.0,2026-09-02 17:43:17
1788370998,4373.73,4373.79,4373.62,4373.79,7.0,2026-09-02 17:43:18
1788370999,4373.8,4373.86,4373.64,4373.64,15.0,2026-09-02 17:43:19
1788371000,4373.63,4373.68,4373.63,4373.68,13.0,2026-09-02 17:43:20
1788371001,4373.69,4373.69,4373.06,4373.09,21.0,2026-09-02 17:43:21
1788371002,4373.12,4373.3,4373.12,4373.29,8.0,2026-09-02 17:43:22
1788371003,4373.27,4373.27,4373.01,4373.01,17.0,2026-09-02 17:43:23
1788371004,4372.99,4373.11,4372.99,4373.08,12.0,2026-09-02 17:43:24
1788371005,4373.07,4373.1,4373.07,4373.08,5.0,2026-09-02 17:43:25
1788371006,4373.09,4373.1,4372.98,4372.99,14.0,2026-09-02 17:43:26
1788371007,4373.0,4373.0,4372.84,4372.84,11.0,2026-09-02 17:43:27
1788371008,4372.83,4372.83,4372.8,4372.81,5.0,2026-09-02 17:43:28
1788371009,4372.79,4373.13,4372.77,4372.77,24.0,2026-09-02 17:43:29
1788371010,4372.77,4372.81,4372.71,4372.77,11.0,2026-09-02 17:43:30
1788371011,4372.75,4372.85,4372.73,4372.85,8.0,2026-09-02 17:43:31
1788371012,4372.84,4372.84,4372.81,4372.81,5.0,2026-09-02 17:43:32
1788371013,4372.83,4372.95,4372.75,4372.79,13.0,2026-09-02 17:43:33
1788371014,4372.77,4373.03,4372.74,4373.02,16.0,2026-09-02 17:43:34
1788371015,4373.02,4373.05,4373.01,4373.05,6.0,2026-09-02 17:43:35
1788371016,4373.03,4373.17,4373.03,4373.16,8.0,2026-09-02 17:43:36
1788371017,4373.16,4373.16,4373.01,4373.01,6.0,2026-09-02 17:43:37
1788371018,4373.0,4373.0,4372.84,4372.84,10.0,2026-09-02 17:43:38
1788371019,4372.8,4372.8,4372.76,4372.76,4.0,2026-09-02 17:43:39
1788371020,4372.75,4372.76,4372.71,4372.73,6.0,2026-09-02 17:43:40
1788371021,4372.74,4372.85,4372.74,4372.8,7.0,2026-09-02 17:43:41
1788371022,4372.71,4372.74,4372.68,4372.69,10.0,2026-09-02 17:43:42
1788371023,4372.69,4372.88,4372.69,4372.88,7.0,2026-09-02 17:43:43
1788371024,4372.87,4372.87,4372.8,4372.82,8.0,2026-09-02 17:43:44
1788371025,4372.83,4372.92,4372.79,4372.81,15.0,2026-09-02 17:43:45
1788371026,4372.79,4372.97,4372.76,4372.97,11.0,2026-09-02 17:43:46
1788371027,4372.98,4373.49,4372.97,4373.49,13.0,2026-09-02 17:43:47
1788371028,4373.48,4373.66,4373.48,4373.59,14.0,2026-09-02 17:43:48
1788371029,4373.6,4373.93,4373.55,4373.88,13.0,2026-09-02 17:43:49
1788371030,4373.87,4373.96,4373.87,4373.96,6.0,2026-09-02 17:43:50
1788371031,4373.95,4374.17,4373.87,4374.17,17.0,2026-09-02 17:43:51
1788371032,4374.21,4374.69,4374.21,4374.58,21.0,2026-09-02 17:43:52
1788371033,4374.54,4374.54,4374.19,4374.19,19.0,2026-09-02 17:43:53
1788371034,4374.19,4374.19,4374.12,4374.13,5.0,2026-09-02 17:43:54
1788371035,4374.08,4374.08,4373.84,4373.84,10.0,2026-09-02 17:43:55
1788371036,4373.88,4373.88,4373.85,4373.85,4.0,2026-09-02 17:43:56
1788371037,4373.84,4373.84,4373.84,4373.84,2.0,2026-09-02 17:43:57
1788371038,4373.83,4373.83,4373.58,4373.71,17.0,2026-09-02 17:43:58
1788371039,4373.72,4373.72,4373.66,4373.67,8.0,2026-09-02 17:43:59
1788371040,4373.69,4373.69,4373.6,4373.64,10.0,2026-09-02 17:44:00
1788371041,4373.66,4373.79,4373.65,4373.76,9.0,2026-09-02 17:44:01
1788371042,4373.75,4373.75,4373.58,4373.75,13.0,2026-09-02 17:44:02
1788371043,4373.75,4373.78,4373.66,4373.74,14.0,2026-09-02 17:44:03
1788371044,4373.73,4373.76,4373.7,4373.73,10.0,2026-09-02 17:44:04
1788371045,4373.72,4374.01,4373.61,4373.62,20.0,2026-09-02 17:44:05
1788371046,4373.63,4373.9,4373.61,4373.89,12.0,2026-09-02 17:44:06
1788371047,4373.88,4373.88,4373.76,4373.76,9.0,2026-09-02 17:44:07
1788371048,4373.75,4373.78,4373.65,4373.71,11.0,2026-09-02 17:44:08
1788371049,4373.72,4373.73,4373.67,4373.67,5.0,2026-09-02 17:44:09
1788371050,4373.65,4374.58,4373.64,4374.42,16.0,2026-09-02 17:44:10
1788371051,4374.44,4374.76,4374.38,4374.76,17.0,2026-09-02 17:44:11
1788371052,4374.77,4374.87,4374.7,4374.85,17.0,2026-09-02 17:44:12
1788371053,4374.77,4375.03,4374.71,4375.02,13.0,2026-09-02 17:44:13
1788371054,4375.01,4375.87,4374.62,4375.87,30.0,2026-09-02 17:44:14
1788371055,4375.92,4376.48,4375.92,4376.47,26.0,2026-09-02 17:44:15
1788371056,4376.47,4376.91,4376.36,4376.88,22.0,2026-09-02 17:44:16
1788371057,4376.87,4377.16,4376.51,4376.7,30.0,2026-09-02 17:44:17
1788371058,4376.73,4377.09,4376.43,4377.09,30.0,2026-09-02 17:44:18
1788371059,4377.15,4377.62,4377.12,4377.12,25.0,2026-09-02 17:44:19
1788371060,4377.12,4377.45,4377.06,4377.37,25.0,2026-09-02 17:44:20
1788371061,4377.36,4377.72,4377.24,4377.59,22.0,2026-09-02 17:44:21
1788371062,4377.61,4377.69,4377.25,4377.25,24.0,2026-09-02 17:44:22
1788371063,4377.24,4377.24,4376.5,4376.5,26.0,2026-09-02 17:44:23
1788371064,4376.49,4376.51,4376.3,4376.3,13.0,2026-09-02 17:44:24
1788371065,4376.28,4376.35,4376.07,4376.35,21.0,2026-09-02 17:44:25
1788371066,4376.37,4376.37,4375.99,4375.99,15.0,2026-09-02 17:44:26
1788371067,4375.94,4375.95,4375.78,4375.94,20.0,2026-09-02 17:44:27
1788371068,4375.94,4376.0,4375.88,4375.97,16.0,2026-09-02 17:44:28
1788371069,4375.97,4375.97,4375.79,4375.8,8.0,2026-09-02 17:44:29
1788371070,4375.79,4375.79,4375.52,4375.52,12.0,2026-09-02 17:44:30
1788371071,4375.51,4375.53,4375.48,4375.49,6.0,2026-09-02 17:44:31
1788371072,4375.46,4375.46,4375.23,4375.26,13.0,2026-09-02 17:44:32
1788371073,4375.27,4375.27,4375.26,4375.27,3.0,2026-09-02 17:44:33
1788371074,4375.25,4375.44,4375.23,4375.44,9.0,2026-09-02 17:44:34
1788371075,4375.44,4375.53,4374.85,4374.86,18.0,2026-09-02 17:44:35
1788371076,4374.85,4375.12,4374.69,4375.11,17.0,2026-09-02 17:44:36
1788371077,4375.1,4375.13,4375.01,4375.01,8.0,2026-09-02 17:44:37
1788371078,4374.97,4374.97,4374.86,4374.89,7.0,2026-09-02 17:44:38
1788371079,4374.89,4374.95,4374.87,4374.94,13.0,2026-09-02 17:44:39
1788371080,4374.94,4375.1,4374.94,4374.98,12.0,2026-09-02 17:44:40
1788371081,4374.99,4375.04,4374.99,4375.04,10.0,2026-09-02 17:44:41
1788371082,4375.04,4375.04,4375.02,4375.02,5.0,2026-09-02 17:44:42
1788371083,4375.01,4375.01,4374.92,4374.96,12.0,2026-09-02 17:44:43
1788371084,4374.96,4375.29,4374.96,4375.28,14.0,2026-09-02 17:44:44
1788371085,4375.29,4375.8,4375.29,4375.8,16.0,2026-09-02 17:44:45
1788371086,4375.81,4375.85,4375.78,4375.83,8.0,2026-09-02 17:44:46
1788371087,4375.84,4375.84,4375.8,4375.82,5.0,2026-09-02 17:44:47
1788371088,4375.82,4375.82,4375.61,4375.74,18.0,2026-09-02 17:44:48
1788371089,4375.73,4375.73,4375.36,4375.39,18.0,2026-09-02 17:44:49
1788371090,4375.39,4375.39,4375.31,4375.31,12.0,2026-09-02 17:44:50
1788371091,4375.31,4375.31,4375.2,4375.23,7.0,2026-09-02 17:44:51
1788371092,4375.26,4375.26,4375.1,4375.11,9.0,2026-09-02 17:44:52
1788371093,4375.11,4375.11,4375.06,4375.07,6.0,2026-09-02 17:44:53
1788371094,4375.08,4375.08,4375.07,4375.08,6.0,2026-09-02 17:44:54
1788371095,4375.07,4375.08,4375.07,4375.08,2.0,2026-09-02 17:44:55
1788371096,4375.09,4375.26,4375.09,4375.19,7.0,2026-09-02 17:44:56
1788371097,4375.25,4375.77,4375.25,4375.76,13.0,2026-09-02 17:44:57
1788371098,4375.77,4376.11,4375.77,4376.11,16.0,2026-09-02 17:44:58
1788371099,4376.11,4376.75,4376.11,4376.54,25.0,2026-09-02 17:44:59
1788371100,4376.52,4376.52,4376.38,4376.47,15.0,2026-09-02 17:45:00
1788371101,4376.48,4376.48,4376.27,4376.35,17.0,2026-09-02 17:45:01
1788371102,4376.31,4376.42,4376.23,4376.42,13.0,2026-09-02 17:45:02
1788371103,4376.36,4376.37,4376.23,4376.23,7.0,2026-09-02 17:45:03
1788371104,4376.21,4376.24,4376.0,4376.03,12.0,2026-09-02 17:45:04
1788371105,4376.02,4376.36,4376.02,4376.36,13.0,2026-09-02 17:45:05
1788371106,4376.38,4376.48,4376.38,4376.48,9.0,2026-09-02 17:45:06
1788371107,4376.48,4376.58,4376.31,4376.58,16.0,2026-09-02 17:45:07
1788371108,4376.75,4376.98,4376.74,4376.98,15.0,2026-09-02 17:45:08
1788371109,4377.07,4377.43,4376.98,4377.18,22.0,2026-09-02 17:45:09
1788371110,4377.2,4377.39,4377.16,4377.39,19.0,2026-09-02 17:45:10
1788371111,4377.4,4377.4,4377.19,4377.31,14.0,2026-09-02 17:45:11
1788371112,4377.29,4377.29,4377.11,4377.28,20.0,2026-09-02 17:45:12
1788371113,4377.27,4377.52,4377.27,4377.52,14.0,2026-09-02 17:45:13
1788371114,4377.53,4377.53,4377.4,4377.5,17.0,2026-09-02 17:45:14
1788371115,4377.51,4377.51,4377.4,4377.43,10.0,2026-09-02 17:45:15
1788371116,4377.43,4379.51,4377.43,4379.1,35.0,2026-09-02 17:45:16
1788371117,4379.1,4379.11,4378.61,4378.72,28.0,2026-09-02 17:45:17
1788371118,4378.68,4379.53,4378.39,4379.35,30.0,2026-09-02 17:45:18
1788371119,4379.34,4379.68,4379.24,4379.67,24.0,2026-09-02 17:45:19
1788371120,4379.69,4379.77,4379.24,4379.25,23.0,2026-09-02 17:45:20
1788371121,4379.23,4379.24,4378.77,4378.93,25.0,2026-09-02 17:45:21
1788371122,4378.94,4379.41,4378.94,4379.27,19.0,2026-09-02 17:45:22
1788371123,4379.22,4379.22,4378.76,4378.76,18.0,2026-09-02 17:45:23
1788371124,4378.77,4378.79,4378.37,4378.39,22.0,2026-09-02 17:45:24
1788371125,4378.4,4378.41,4378.2,4378.2,15.0,2026-09-02 17:45:25
1788371126,4378.18,4378.18,4377.97,4377.97,11.0,2026-09-02 17:45:26
1788371127,4377.96,4378.33,4377.84,4378.33,17.0,2026-09-02 17:45:27
1788371128,4378.36,4378.85,4378.36,4378.79,21.0,2026-09-02 17:45:28
1788371129,4378.78,4378.82,4378.57,4378.69,21.0,2026-09-02 17:45:29
1788371130,4378.7,4379.38,4378.69,4379.38,16.0,2026-09-02 17:45:30
1788371131,4379.4,4379.47,4378.98,4378.99,23.0,2026-09-02 17:45:31
1788371132,4378.93,4379.22,4378.75,4379.11,22.0,2026-09-02 17:45:32
1788371133,4379.09,4379.09,4378.68,4378.73,18.0,2026-09-02 17:45:33
1788371134,4378.74,4379.75,4378.71,4379.7,20.0,2026-09-02 17:45:34
1788371135,4379.72,4380.03,4379.37,4379.88,26.0,2026-09-02 17:45:35
1788371136,4379.87,4379.87,4379.63,4379.7,15.0,2026-09-02 17:45:36
1788371137,4379.7,4380.53,4379.7,4380.51,24.0,2026-09-02 17:45:37
1788371138,4380.5,4380.51,4380.1,4380.34,18.0,2026-09-02 17:45:38
1788371139,4380.39,4380.52,4380.25,4380.52,19.0,2026-09-02 17:45:39
1788371140,4380.58,4380.73,4380.14,4380.14,23.0,2026-09-02 17:45:40
1788371141,4380.1,4380.1,4379.88,4379.97,21.0,2026-09-02 17:45:41
1788371142,4379.99,4379.99,4379.58,4379.58,19.0,2026-09-02 17:45:42
1788371143,4379.57,4379.57,4379.37,4379.53,17.0,2026-09-02 17:45:43
1788371144,4379.55,4379.55,4379.46,4379.46,12.0,2026-09-02 17:45:44
1788371145,4379.45,4379.45,4379.27,4379.39,15.0,2026-09-02 17:45:45
1788371146,4379.44,4379.95,4379.44,4379.54,19.0,2026-09-02 17:45:46
1788371147,4379.56,4379.65,4379.56,4379.65,6.0,2026-09-02 17:45:47
1788371148,4379.74,4379.77,4379.66,4379.66,9.0,2026-09-02 17:45:48
1788371149,4379.65,4379.76,4379.28,4379.38,17.0,2026-09-02 17:45:49
1788371150,4379.37,4379.42,4379.21,4379.42,14.0,2026-09-02 17:45:50
1788371151,4379.43,4379.76,4379.43,4379.76,14.0,2026-09-02 17:45:51
1788371152,4379.74,4379.74,4379.55,4379.55,12.0,2026-09-02 17:45:52
1788371153,4379.55,4380.11,4379.33,4380.08,23.0,2026-09-02 17:45:53
1788371154,4380.09,4380.13,4380.08,4380.08,8.0,2026-09-02 17:45:54
1788371155,4380.09,4380.17,4380.06,4380.06,14.0,2026-09-02 17:45:55
1788371156,4380.05,4380.21,4379.86,4379.9,20.0,2026-09-02 17:45:56
1788371157,4379.85,4379.98,4379.56,4379.98,28.0,2026-09-02 17:45:57
1788371158,4379.97,4379.99,4379.59,4379.8,22.0,2026-09-02 17:45:58
1788371159,4379.82,4379.82,4379.68,4379.73,14.0,2026-09-02 17:45:59
1788371160,4379.72,4379.72,4379.29,4379.56,23.0,2026-09-02 17:46:00
1788371161,4379.59,4379.65,4379.58,4379.61,11.0,2026-09-02 17:46:01
1788371162,4379.59,4380.06,4379.58,4380.06,21.0,2026-09-02 17:46:02
1788371163,4380.06,4380.06,4379.69,4379.74,17.0,2026-09-02 17:46:03
1788371164,4379.75,4379.75,4379.61,4379.61,14.0,2026-09-02 17:46:04
1788371165,4379.6,4379.6,4379.32,4379.45,23.0,2026-09-02 17:46:05
1788371166,4379.43,4379.44,4379.23,4379.23,14.0,2026-09-02 17:46:06
1788371167,4379.07,4379.34,4379.04,4379.31,19.0,2026-09-02 17:46:07
1788371168,4379.31,4379.38,4379.29,4379.37,8.0,2026-09-02 17:46:08
1788371169,4379.36,4379.45,4379.36,4379.41,10.0,2026-09-02 17:46:09
1788371170,4379.41,4379.42,4379.28,4379.31,10.0,2026-09-02 17:46:10
1788371171,4379.34,4379.41,4379.34,4379.41,6.0,2026-09-02 17:46:11
1788371172,4379.42,4379.42,4379.4,4379.4,2.0,2026-09-02 17:46:12
1788371173,4379.4,4379.5,4379.31,4379.31,14.0,2026-09-02 17:46:13
1788371174,4379.31,4379.33,4379.24,4379.3,14.0,2026-09-02 17:46:14
1788371175,4379.28,4379.41,4379.22,4379.41,9.0,2026-09-02 17:46:15
1788371176,4379.41,4379.42,4379.37,4379.4,12.0,2026-09-02 17:46:16
1788371177,4379.4,4379.47,4379.35,4379.37,15.0,2026-09-02 17:46:17
1788371178,4379.38,4379.38,4379.26,4379.34,15.0,2026-09-02 17:46:18
1788371179,4379.32,4379.48,4379.3,4379.48,10.0,2026-09-02 17:46:19
1788371180,4379.47,4379.5,4379.44,4379.44,11.0,2026-09-02 17:46:20
1788371181,4379.43,4379.43,4379.1,4379.1,13.0,2026-09-02 17:46:21
1788371182,4379.12,4379.14,4379.06,4379.06,17.0,2026-09-02 17:46:22
1788371183,4379.05,4379.09,4379.0,4379.09,13.0,2026-09-02 17:46:23
1788371184,4379.08,4379.12,4379.08,4379.11,5.0,2026-09-02 17:46:24
1788371185,4379.07,4379.07,4379.03,4379.03,2.0,2026-09-02 17:46:25
1788371186,4379.03,4379.03,4378.54,4378.56,22.0,2026-09-02 17:46:26
1788371187,4378.58,4378.67,4378.56,4378.67,9.0,2026-09-02 17:46:27
1788371188,4378.64,4378.78,4378.43,4378.78,16.0,2026-09-02 17:46:28
1788371189,4378.78,4378.79,4378.66,4378.71,12.0,2026-09-02 17:46:29
1788371190,4378.73,4379.02,4378.73,4378.95,9.0,2026-09-02 17:46:30
1788371191,4378.93,4378.99,4378.89,4378.91,11.0,2026-09-02 17:46:31
1788371192,4378.88,4378.88,4378.75,4378.75,13.0,2026-09-02 17:46:32
1788371193,4378.74,4378.74,4378.71,4378.71,3.0,2026-09-02 17:46:33
1788371194,4378.68,4379.05,4378.68,4378.97,14.0,2026-09-02 17:46:34
1788371195,4378.96,4378.96,4378.82,4378.82,8.0,2026-09-02 17:46:35
1788371196,4378.81,4378.81,4378.72,4378.73,7.0,2026-09-02 17:46:36
1788371197,4378.77,4378.98,4378.77,4378.98,8.0,2026-09-02 17:46:37
1788371198,4378.97,4378.97,4378.93,4378.93,4.0,2026-09-02 17:46:38
1788371199,4378.94,4379.22,4378.94,4379.17,13.0,2026-09-02 17:46:39
1788371200,4379.17,4379.17,4379.03,4379.04,8.0,2026-09-02 17:46:40
1788371201,4379.07,4379.7,4379.07,4379.7,20.0,2026-09-02 17:46:41
1788371202,4379.72,4380.0,4379.72,4379.87,19.0,2026-09-02 17:46:42
1788371203,4379.84,4379.9,4379.63,4379.63,15.0,2026-09-02 17:46:43
1788371204,4379.61,4379.67,4379.57,4379.67,9.0,2026-09-02 17:46:44
1788371205,4379.68,4379.83,4379.63,4379.83,10.0,2026-09-02 17:46:45
1788371206,4379.83,4379.98,4379.83,4379.98,19.0,2026-09-02 17:46:46
1788371207,4379.99,4380.23,4379.98,4380.14,14.0,2026-09-02 17:46:47
1788371208,4380.16,4380.17,4380.06,4380.17,12.0,2026-09-02 17:46:48
1788371209,4380.18,4380.2,4380.18,4380.2,3.0,2026-09-02 17:46:49
1788371210,4380.19,4380.19,4380.14,4380.18,7.0,2026-09-02 17:46:50
1788371211,4380.18,4380.19,4379.22,4379.22,23.0,2026-09-02 17:46:51
1788371212,4379.25,4379.4,4379.25,4379.3,11.0,2026-09-02 17:46:52
1788371213,4379.31,4379.37,4379.3,4379.34,10.0,2026-09-02 17:46:53
1788371214,4379.33,4379.5,4379.33,4379.49,11.0,2026-09-02 17:46:54
1788371215,4379.48,4379.62,4379.48,4379.54,12.0,2026-09-02 17:46:55
1788371216,4379.52,4379.52,4379.43,4379.45,8.0,2026-09-02 17:46:56
1788371217,4379.44,4379.62,4379.4,4379.61,13.0,2026-09-02 17:46:57
1788371218,4379.59,4379.59,4379.49,4379.59,10.0,2026-09-02 17:46:58
1788371219,4379.6,4379.75,4379.54,4379.54,12.0,2026-09-02 17:46:59
1788371220,4379.56,4379.56,4379.3,4379.3,21.0,2026-09-02 17:47:00
1788371221,4379.3,4379.3,4378.8,4378.8,16.0,2026-09-02 17:47:01
1788371222,4378.79,4378.79,4378.62,4378.62,17.0,2026-09-02 17:47:02
1788371223,4378.63,4378.63,4378.43,4378.43,9.0,2026-09-02 17:47:03
1788371224,4378.37,4378.37,4378.28,4378.32,13.0,2026-09-02 17:47:04
1788371225,4378.28,4378.28,4378.11,4378.13,11.0,2026-09-02 17:47:05
1788371226,4378.15,4378.17,4377.93,4377.95,12.0,2026-09-02 17:47:06
1788371227,4377.95,4377.95,4377.71,4377.72,10.0,2026-09-02 17:47:07
1788371228,4377.71,4377.97,4377.7,4377.93,11.0,2026-09-02 17:47:08
1788371229,4377.91,4378.27,4377.91,4378.27,14.0,2026-09-02 17:47:09
1788371230,4378.26,4378.29,4378.19,4378.19,13.0,2026-09-02 17:47:10
1788371231,4378.19,4378.19,4377.74,4377.74,16.0,2026-09-02 17:47:11
1788371232,4377.73,4377.82,4377.73,4377.78,14.0,2026-09-02 17:47:12
1788371233,4377.79,4377.79,4377.67,4377.67,10.0,2026-09-02 17:47:13
1788371234,4377.66,4377.66,4377.34,4377.45,20.0,2026-09-02 17:47:14
1788371235,4377.42,4377.62,4377.42,4377.51,13.0,2026-09-02 17:47:15
1788371236,4377.52,4377.58,4377.52,4377.58,7.0,2026-09-02 17:47:16
1788371237,4377.58,4377.58,4377.29,4377.29,9.0,2026-09-02 17:47:17
1788371238,4377.28,4377.3,4377.23,4377.28,14.0,2026-09-02 17:47:18
1788371239,4377.28,4377.5,4377.28,4377.5,20.0,2026-09-02 17:47:19
1788371240,4377.51,4377.51,4377.46,4377.49,7.0,2026-09-02 17:47:20
1788371241,4377.5,4377.57,4377.37,4377.54,15.0,2026-09-02 17:47:21
1788371242,4377.51,4377.51,4377.44,4377.46,13.0,2026-09-02 17:47:22
1788371243,4377.43,4377.44,4377.33,4377.33,7.0,2026-09-02 17:47:23
1788371244,4377.32,4377.32,4377.29,4377.29,6.0,2026-09-02 17:47:24
1788371245,4377.29,4377.29,4377.08,4377.09,11.0,2026-09-02 17:47:25
1788371246,4377.11,4377.15,4376.88,4376.88,20.0,2026-09-02 17:47:26
1788371247,4376.89,4376.92,4376.56,4376.56,16.0,2026-09-02 17:47:27
1788371248,4376.54,4376.54,4376.47,4376.52,9.0,2026-09-02 17:47:28
1788371249,4376.49,4376.51,4376.09,4376.09,18.0,2026-09-02 17:47:29
1788371250,4376.12,4376.15,4376.05,4376.08,9.0,2026-09-02 17:47:30
1788371251,4376.13,4376.18,4376.06,4376.06,16.0,2026-09-02 17:47:31
1788371252,4376.08,4376.32,4376.08,4376.3,12.0,2026-09-02 17:47:32
1788371253,4376.29,4376.29,4376.22,4376.22,9.0,2026-09-02 17:47:33
1788371254,4376.23,4376.23,4375.97,4375.97,17.0,2026-09-02 17:47:34
1788371255,4375.95,4376.08,4375.94,4376.08,7.0,2026-09-02 17:47:35
1788371256,4376.09,4376.32,4376.09,4376.32,12.0,2026-09-02 17:47:36
1788371257,4376.31,4376.44,4376.27,4376.44,15.0,2026-09-02 17:47:37
1788371258,4376.45,4377.8,4376.45,4377.57,28.0,2026-09-02 17:47:38
1788371259,4377.59,4377.64,4377.57,4377.63,10.0,2026-09-02 17:47:39
1788371260,4377.61,4377.61,4377.39,4377.39,11.0,2026-09-02 17:47:40
1788371261,4377.38,4377.38,4376.88,4376.93,14.0,2026-09-02 17:47:41
1788371262,4376.94,4376.94,4376.57,4376.63,14.0,2026-09-02 17:47:42
1788371263,4376.62,4376.71,4376.58,4376.66,16.0,2026-09-02 17:47:43
1788371264,4376.65,4376.65,4376.59,4376.6,12.0,2026-09-02 17:47:44
1788371265,4376.62,4376.62,4376.36,4376.45,9.0,2026-09-02 17:47:45
1788371266,4376.41,4376.42,4376.38,4376.38,6.0,2026-09-02 17:47:46
1788371267,4376.37,4376.37,4376.09,4376.12,14.0,2026-09-02 17:47:47
1788371268,4376.1,4376.48,4376.1,4376.48,13.0,2026-09-02 17:47:48
1788371269,4376.49,4376.6,4376.49,4376.6,7.0,2026-09-02 17:47:49
1788371270,4376.59,4376.69,4376.58,4376.65,13.0,2026-09-02 17:47:50
1788371271,4376.67,4377.0,4376.67,4377.0,13.0,2026-09-02 17:47:51
1788371272,4376.96,4376.97,4376.78,4376.83,16.0,2026-09-02 17:47:52
1788371273,4376.82,4376.82,4376.81,4376.81,2.0,2026-09-02 17:47:53
1788371274,4376.82,4376.97,4376.82,4376.94,10.0,2026-09-02 17:47:54
1788371275,4376.91,4377.09,4376.91,4377.09,13.0,2026-09-02 17:47:55
1788371276,4377.11,4377.47,4377.11,4377.47,18.0,2026-09-02 17:47:56
1788371277,4377.46,4377.46,4377.43,4377.43,7.0,2026-09-02 17:47:57
1788371278,4377.43,4377.43,4377.24,4377.32,14.0,2026-09-02 17:47:58
1788371279,4377.33,4377.5,4377.33,4377.45,13.0,2026-09-02 17:47:59
1788371280,4377.45,4377.45,4377.29,4377.32,16.0,2026-09-02 17:48:00
1788371281,4377.33,4377.39,4377.25,4377.28,14.0,2026-09-02 17:48:01
1788371282,4377.29,4377.63,4377.29,4377.59,16.0,2026-09-02 17:48:02
1788371283,4377.55,4377.9,4377.55,4377.9,20.0,2026-09-02 17:48:03
1788371284,4377.91,4378.1,4377.61,4377.64,18.0,2026-09-02 17:48:04
1788371285,4377.65,4377.65,4377.33,4377.34,13.0,2026-09-02 17:48:05
1788371286,4377.32,4377.42,4377.32,4377.42,5.0,2026-09-02 17:48:06
1788371287,4377.42,4377.62,4377.42,4377.57,13.0,2026-09-02 17:48:07
1788371288,4377.56,4377.57,4377.37,4377.39,10.0,2026-09-02 17:48:08
1788371289,4377.4,4377.44,4377.35,4377.39,11.0,2026-09-02 17:48:09
1788371290,4377.4,4377.4,4377.09,4377.14,15.0,2026-09-02 17:48:10
1788371291,4377.12,4377.12,4377.03,4377.03,11.0,2026-09-02 17:48:11
1788371292,4377.03,4377.03,4376.67,4376.71,15.0,2026-09-02 17:48:12
1788371293,4376.7,4376.83,4376.68,4376.68,15.0,2026-09-02 17:48:13
1788371294,4376.7,4376.79,4376.7,4376.79,9.0,2026-09-02 17:48:14
1788371295,4376.76,4376.76,4376.68,4376.69,6.0,2026-09-02 17:48:15
1788371296,4376.71,4376.78,4376.64,4376.64,16.0,2026-09-02 17:48:16
1788371297,4376.62,4376.65,4376.59,4376.65,4.0,2026-09-02 17:48:17
1788371298,4376.66,4376.66,4376.59,4376.61,10.0,2026-09-02 17:48:18
1788371299,4376.63,4376.66,4376.62,4376.62,5.0,2026-09-02 17:48:19
1788371300,4376.6,4376.6,4376.37,4376.37,7.0,2026-09-02 17:48:20
1788371301,4376.4,4376.51,4376.32,4376.41,17.0,2026-09-02 17:48:21
1788371302,4376.39,4376.58,4376.37,4376.58,9.0,2026-09-02 17:48:22
1788371303,4376.58,4376.59,4376.4,4376.4,8.0,2026-09-02 17:48:23
1788371304,4376.38,4376.38,4376.38,4376.38,3.0,2026-09-02 17:48:24
1788371305,4376.38,4376.43,4376.3,4376.42,12.0,2026-09-02 17:48:25
1788371306,4376.39,4376.39,4376.34,4376.35,7.0,2026-09-02 17:48:26
1788371307,4376.33,4376.45,4376.3,4376.45,7.0,2026-09-02 17:48:27
1788371308,4376.46,4376.47,4376.46,4376.47,2.0,2026-09-02 17:48:28
1788371309,4376.48,4376.48,4376.48,4376.48,1.0,2026-09-02 17:48:29
1788371310,4376.42,4376.42,4376.36,4376.38,5.0,2026-09-02 17:48:30
1788371311,4376.34,4376.34,4376.13,4376.15,11.0,2026-09-02 17:48:31
1788371312,4376.12,4376.12,4375.94,4376.1,16.0,2026-09-02 17:48:32
1788371313,4376.13,4376.15,4376.13,4376.15,4.0,2026-09-02 17:48:33
1788371314,4376.14,4376.19,4376.11,4376.19,11.0,2026-09-02 17:48:34
1788371315,4376.18,4376.2,4376.15,4376.15,7.0,2026-09-02 17:48:35
1788371316,4376.1,4376.15,4376.1,4376.15,5.0,2026-09-02 17:48:36
1788371317,4376.25,4376.26,4376.17,4376.23,13.0,2026-09-02 17:48:37
1788371318,4376.25,4376.37,4376.25,4376.37,11.0,2026-09-02 17:48:38
1788371319,4376.38,4376.43,4376.37,4376.41,9.0,2026-09-02 17:48:39
1788371320,4376.43,4376.55,4376.43,4376.55,7.0,2026-09-02 17:48:40
1788371321,4376.57,4376.79,4376.52,4376.58,18.0,2026-09-02 17:48:41
1788371322,4376.55,4376.56,4376.35,4376.35,14.0,2026-09-02 17:48:42
1788371323,4376.36,4376.36,4376.35,4376.36,3.0,2026-09-02 17:48:43
1788371324,4376.36,4376.36,4376.24,4376.28,9.0,2026-09-02 17:48:44
1788371325,4376.28,4376.33,4376.28,4376.33,6.0,2026-09-02 17:48:45
1788371326,4376.33,4376.39,4376.32,4376.39,13.0,2026-09-02 17:48:46
1788371327,4376.4,4376.4,4376.34,4376.39,8.0,2026-09-02 17:48:47
1788371328,4376.37,4376.37,4376.33,4376.33,3.0,2026-09-02 17:48:48
1788371329,4376.34,4376.4,4376.33,4376.4,7.0,2026-09-02 17:48:49
1788371330,4376.39,4376.39,4376.25,4376.25,8.0,2026-09-02 17:48:50
1788371331,4376.24,4376.27,4376.23,4376.25,7.0,2026-09-02 17:48:51
1788371332,4376.24,4376.32,4376.22,4376.32,8.0,2026-09-02 17:48:52
1788371333,4376.32,4376.33,4376.32,4376.33,2.0,2026-09-02 17:48:53
1788371334,4376.35,4376.35,4376.35,4376.35,1.0,2026-09-02 17:48:54
1788371335,4376.36,4376.36,4376.33,4376.33,3.0,2026-09-02 17:48:55
1788371336,4376.35,4376.35,4376.14,4376.14,5.0,2026-09-02 17:48:56
1788371337,4376.07,4376.09,4375.91,4375.92,14.0,2026-09-02 17:48:57
1788371338,4375.93,4376.11,4375.93,4376.09,9.0,2026-09-02 17:48:58
1788371339,4376.09,4376.09,4375.78,4375.79,12.0,2026-09-02 17:48:59
1788371340,4375.78,4375.78,4375.49,4375.5,10.0,2026-09-02 17:49:00
1788371341,4375.48,4375.73,4375.48,4375.73,13.0,2026-09-02 17:49:01
1788371342,4375.73,4375.73,4375.66,4375.7,7.0,2026-09-02 17:49:02
1788371343,4375.7,4375.7,4375.49,4375.56,13.0,2026-09-02 17:49:03
1788371344,4375.58,4375.63,4375.58,4375.59,7.0,2026-09-02 17:49:04
1788371345,4375.6,4375.6,4375.56,4375.56,9.0,2026-09-02 17:49:05
1788371346,4375.58,4375.6,4375.58,4375.59,5.0,2026-09-02 17:49:06
1788371347,4375.58,4375.58,4375.46,4375.46,9.0,2026-09-02 17:49:07
1788371348,4375.47,4375.51,4375.47,4375.51,9.0,2026-09-02 17:49:08
1788371349,4375.51,4375.72,4375.51,4375.56,12.0,2026-09-02 17:49:09
1788371350,4375.57,4375.57,4375.56,4375.56,4.0,2026-09-02 17:49:10
1788371351,4375.57,4375.58,4375.52,4375.54,9.0,2026-09-02 17:49:11
1788371352,4375.57,4375.82,4375.57,4375.82,11.0,2026-09-02 17:49:12
1788371353,4375.82,4376.21,4375.82,4376.21,16.0,2026-09-02 17:49:13
1788371354,4376.2,4376.3,4376.12,4376.3,12.0,2026-09-02 17:49:14
1788371355,4376.29,4376.34,4376.27,4376.27,6.0,2026-09-02 17:49:15
1788371356,4376.3,4376.51,4376.3,4376.51,8.0,2026-09-02 17:49:16
1788371357,4376.53,4376.53,4376.49,4376.51,11.0,2026-09-02 17:49:17
1788371358,4376.55,4376.59,4376.55,4376.58,8.0,2026-09-02 17:49:18
1788371359,4376.59,4376.59,4376.56,4376.58,4.0,2026-09-02 17:49:19
1788371360,4376.58,4376.75,4376.58,4376.68,12.0,2026-09-02 17:49:20
1788371362,4376.69,4376.88,4376.69,4376.82,14.0,2026-09-02 17:49:22
1788371363,4376.82,4376.93,4376.8,4376.93,7.0,2026-09-02 17:49:23
1788371364,4376.98,4377.05,4376.98,4377.01,9.0,2026-09-02 17:49:24
1788371365,4377.02,4377.03,4376.91,4376.91,14.0,2026-09-02 17:49:25
1788371366,4376.91,4376.91,4376.75,4376.75,11.0,2026-09-02 17:49:26
1788371367,4376.76,4376.78,4376.75,4376.76,4.0,2026-09-02 17:49:27
1788371368,4376.83,4376.84,4376.83,4376.84,2.0,2026-09-02 17:49:28
1788371369,4376.85,4377.14,4376.85,4377.05,10.0,2026-09-02 17:49:29
1788371370,4377.01,4377.01,4376.98,4377.01,4.0,2026-09-02 17:49:30
1788371371,4377.01,4377.02,4376.99,4376.99,5.0,2026-09-02 17:49:31
1788371372,4376.96,4376.96,4376.94,4376.95,5.0,2026-09-02 17:49:32
1788371373,4376.96,4376.97,4376.96,4376.97,2.0,2026-09-02 17:49:33
1788371374,4376.82,4376.82,4376.75,4376.75,9.0,2026-09-02 17:49:34
1788371375,4376.75,4376.81,4376.75,4376.81,3.0,2026-09-02 17:49:35
1788371376,4376.86,4376.86,4376.86,4376.86,1.0,2026-09-02 17:49:36
1788371377,4376.86,4376.86,4376.81,4376.81,2.0,2026-09-02 17:49:37
1788371378,4376.81,4376.81,4376.56,4376.56,13.0,2026-09-02 17:49:38
1788371379,4376.54,4376.54,4376.5,4376.5,8.0,2026-09-02 17:49:39
1788371380,4376.41,4376.47,4376.39,4376.4,12.0,2026-09-02 17:49:40
1788371381,4376.42,4376.51,4376.36,4376.44,9.0,2026-09-02 17:49:41
1788371382,4376.45,4376.45,4376.45,4376.45,1.0,2026-09-02 17:49:42
1788371383,4376.33,4376.4,4376.33,4376.38,5.0,2026-09-02 17:49:43
1788371384,4376.44,4376.44,4376.38,4376.38,3.0,2026-09-02 17:49:44
1788371385,4376.2,4376.21,4376.2,4376.2,4.0,2026-09-02 17:49:45
1788371386,4376.1,4376.13,4376.1,4376.13,3.0,2026-09-02 17:49:46
1788371387,4376.13,4376.13,4376.13,4376.13,1.0,2026-09-02 17:49:47
1788371388,4376.0,4376.07,4375.97,4376.07,7.0,2026-09-02 17:49:48
1788371389,4376.36,4376.39,4376.36,4376.39,3.0,2026-09-02 17:49:49
1788371390,4376.4,4376.41,4376.4,4376.41,3.0,2026-09-02 17:49:50
1788371391,4376.25,4376.27,4376.23,4376.24,5.0,2026-09-02 17:49:51
1788371392,4376.25,4376.28,4376.21,4376.28,5.0,2026-09-02 17:49:52
1788371393,4376.28,4376.37,4376.28,4376.35,6.0,2026-09-02 17:49:53
1788371394,4376.4,4376.4,4376.31,4376.31,6.0,2026-09-02 17:49:54
1788371395,4376.29,4376.33,4376.22,4376.22,10.0,2026-09-02 17:49:55
1788371396,4376.14,4376.16,4376.12,4376.16,5.0,2026-09-02 17:49:56
1788371397,4376.08,4376.16,4376.08,4376.16,5.0,2026-09-02 17:49:57
1788371398,4376.12,4376.13,4376.12,4376.13,3.0,2026-09-02 17:49:58
1788371399,4376.14,4376.14,4376.12,4376.12,3.0,2026-09-02 17:49:59
1788371400,4376.03,4376.07,4376.03,4376.06,4.0,2026-09-02 17:50:00
1788371401,4376.06,4376.17,4376.06,4376.13,9.0,2026-09-02 17:50:01
1788371402,4376.05,4376.11,4376.05,4376.11,5.0,2026-09-02 17:50:02
1788371403,4376.12,4376.22,4376.12,4376.22,5.0,2026-09-02 17:50:03
1788371404,4376.23,4376.23,4376.22,4376.23,3.0,2026-09-02 17:50:04
1788371405,4376.24,4376.29,4376.22,4376.29,10.0,2026-09-02 17:50:05
1788371406,4376.29,4376.29,4376.21,4376.23,8.0,2026-09-02 17:50:06
1788371407,4376.2,4376.2,4376.0,4376.01,11.0,2026-09-02 17:50:07
1788371408,4376.01,4376.1,4376.01,4376.07,10.0,2026-09-02 17:50:08
1788371409,4376.07,4376.1,4375.92,4376.07,18.0,2026-09-02 17:50:09
1788371410,4376.07,4376.07,4376.07,4376.07,1.0,2026-09-02 17:50:10
1788371411,4376.18,4376.19,4376.18,4376.18,3.0,2026-09-02 17:50:11
1788371412,4376.17,4376.34,4376.17,4376.34,3.0,2026-09-02 17:50:12
1788371413,4376.25,4376.36,4376.25,4376.36,8.0,2026-09-02 17:50:13
1788371414,4376.37,4376.37,4376.37,4376.37,1.0,2026-09-02 17:50:14
1788371415,4376.38,4376.39,4376.38,4376.39,2.0,2026-09-02 17:50:15
1788371416,4376.29,4376.29,4376.29,4376.29,1.0,2026-09-02 17:50:16
1788371417,4376.35,4376.37,4376.35,4376.37,3.0,2026-09-02 17:50:17
1788371418,4376.38,4376.38,4376.32,4376.32,4.0,2026-09-02 17:50:18
1788371419,4376.31,4376.39,4376.31,4376.39,4.0,2026-09-02 17:50:19
1788371420,4376.38,4376.39,4376.38,4376.39,2.0,2026-09-02 17:50:20
1788371421,4376.38,4376.38,4376.38,4376.38,1.0,2026-09-02 17:50:21
1788371422,4376.31,4376.31,4376.24,4376.25,5.0,2026-09-02 17:50:22
1788371423,4376.26,4376.27,4376.25,4376.27,5.0,2026-09-02 17:50:23
1788371424,4376.26,4376.26,4376.26,4376.26,1.0,2026-09-02 17:50:24
1788371425,4376.11,4376.19,4376.11,4376.19,4.0,2026-09-02 17:50:25
1788371426,4375.98,4375.98,4375.94,4375.94,2.0,2026-09-02 17:50:26
1788371427,4375.91,4376.09,4375.91,4376.03,11.0,2026-09-02 17:50:27
1788371428,4376.0,4376.0,4375.99,4375.99,2.0,2026-09-02 17:50:28
1788371429,4376.0,4376.14,4376.0,4376.04,12.0,2026-09-02 17:50:29
1788371430,4375.95,4375.95,4375.91,4375.91,4.0,2026-09-02 17:50:30
1788371431,4375.88,4375.88,4375.67,4375.69,10.0,2026-09-02 17:50:31
1788371432,4375.72,4375.74,4375.7,4375.7,6.0,2026-09-02 17:50:32
1788371433,4375.69,4375.69,4375.67,4375.67,2.0,2026-09-02 17:50:33
1788371434,4375.69,4375.7,4375.69,4375.7,2.0,2026-09-02 17:50:34
1788371435,4375.7,4375.77,4375.7,4375.77,5.0,2026-09-02 17:50:35
1788371437,4375.78,4375.89,4375.78,4375.89,3.0,2026-09-02 17:50:37
1788371438,4376.08,4376.08,4375.81,4375.81,8.0,2026-09-02 17:50:38
1788371439,4375.8,4375.82,4375.8,4375.82,5.0,2026-09-02 17:50:39
1788371440,4375.82,4375.82,4375.65,4375.65,10.0,2026-09-02 17:50:40
1788371441,4375.61,4375.62,4375.54,4375.54,8.0,2026-09-02 17:50:41
1788371442,4375.51,4375.69,4375.49,4375.69,12.0,2026-09-02 17:50:42
1788371443,4375.7,4375.81,4375.7,4375.74,10.0,2026-09-02 17:50:43
1788371444,4375.72,4376.05,4375.72,4376.05,11.0,2026-09-02 17:50:44
1788371445,4376.07,4376.07,4375.93,4375.94,7.0,2026-09-02 17:50:45
1788371446,4375.93,4376.09,4375.93,4376.05,11.0,2026-09-02 17:50:46
1788371447,4376.03,4376.03,4376.03,4376.03,1.0,2026-09-02 17:50:47
1788371448,4375.85,4375.85,4375.84,4375.84,2.0,2026-09-02 17:50:48
1788371449,4375.87,4375.9,4375.8,4375.8,9.0,2026-09-02 17:50:49
1788371450,4375.78,4375.78,4375.78,4375.78,1.0,2026-09-02 17:50:50
1788371451,4375.78,4375.78,4375.78,4375.78,1.0,2026-09-02 17:50:51
1788371452,4375.81,4376.08,4375.81,4376.08,6.0,2026-09-02 17:50:52
1788371453,4376.11,4376.11,4376.06,4376.06,2.0,2026-09-02 17:50:53
1788371454,4376.07,4376.07,4376.07,4376.07,1.0,2026-09-02 17:50:54
1788371455,4376.16,4376.16,4375.96,4375.99,6.0,2026-09-02 17:50:55
1788371456,4375.93,4375.94,4375.92,4375.93,4.0,2026-09-02 17:50:56
1788371457,4375.96,4375.96,4375.93,4375.93,4.0,2026-09-02 17:50:57
1788371458,4375.94,4375.97,4375.94,4375.94,5.0,2026-09-02 17:50:58
1788371459,4375.94,4375.98,4375.94,4375.98,3.0,2026-09-02 17:50:59
1788371460,4376.03,4376.19,4376.03,4376.1,6.0,2026-09-02 17:51:00
1788371461,4375.97,4376.03,4375.97,4376.03,5.0,2026-09-02 17:51:01
1788371462,4376.02,4376.02,4375.88,4375.93,6.0,2026-09-02 17:51:02
1788371463,4375.98,4376.04,4375.98,4376.04,4.0,2026-09-02 17:51:03
1788371464,4376.04,4376.04,4375.96,4375.99,6.0,2026-09-02 17:51:04
1788371465,4376.0,4376.01,4375.9,4375.9,9.0,2026-09-02 17:51:05
1788371466,4375.74,4376.27,4375.74,4376.27,15.0,2026-09-02 17:51:06
1788371467,4376.23,4376.23,4376.16,4376.17,7.0,2026-09-02 17:51:07
1788371468,4376.18,4376.18,4376.15,4376.15,3.0,2026-09-02 17:51:08
1788371469,4376.11,4376.11,4376.11,4376.11,1.0,2026-09-02 17:51:09
1788371470,4376.12,4376.12,4376.12,4376.12,1.0,2026-09-02 17:51:10
1788371472,4376.11,4376.11,4376.08,4376.09,4.0,2026-09-02 17:51:12
1788371473,4376.1,4376.1,4376.08,4376.08,3.0,2026-09-02 17:51:13
1788371474,4376.09,4376.17,4376.08,4376.08,7.0,2026-09-02 17:51:14
1788371475,4376.01,4376.01,4375.69,4375.71,11.0,2026-09-02 17:51:15
1788371476,4375.69,4375.73,4375.61,4375.61,13.0,2026-09-02 17:51:16
1788371477,4375.6,4375.6,4375.5,4375.53,9.0,2026-09-02 17:51:17
1788371478,4375.55,4375.66,4375.55,4375.65,8.0,2026-09-02 17:51:18
1788371479,4375.66,4375.66,4375.62,4375.62,2.0,2026-09-02 17:51:19
1788371480,4375.6,4375.6,4375.6,4375.6,1.0,2026-09-02 17:51:20
1788371481,4375.66,4375.84,4375.66,4375.84,3.0,2026-09-02 17:51:21
1788371482,4375.86,4375.86,4375.86,4375.86,1.0,2026-09-02 17:51:22
1788371483,4375.92,4375.95,4375.92,4375.95,2.0,2026-09-02 17:51:23
1788371484,4375.91,4376.01,4375.89,4376.01,4.0,2026-09-02 17:51:24
1788371485,4376.05,4376.06,4376.05,4376.06,2.0,2026-09-02 17:51:25
1788371486,4376.06,4376.06,4376.06,4376.06,2.0,2026-09-02 17:51:26
1788371487,4376.12,4376.24,4376.12,4376.24,3.0,2026-09-02 17:51:27
1788371488,4376.27,4376.28,4376.27,4376.28,3.0,2026-09-02 17:51:28
1788371489,4376.29,4376.35,4376.29,4376.35,3.0,2026-09-02 17:51:29
1788371490,4376.35,4376.35,4376.31,4376.31,4.0,2026-09-02 17:51:30
1788371491,4376.37,4376.4,4376.37,4376.38,4.0,2026-09-02 17:51:31
1788371492,4376.34,4376.34,4376.32,4376.32,2.0,2026-09-02 17:51:32
1788371493,4376.31,4376.31,4376.31,4376.31,1.0,2026-09-02 17:51:33
1788371494,4376.17,4376.17,4376.12,4376.13,4.0,2026-09-02 17:51:34
1788371495,4376.15,4376.17,4376.15,4376.17,3.0,2026-09-02 17:51:35
1788371496,4376.18,4376.19,4376.18,4376.19,2.0,2026-09-02 17:51:36
1788371497,4376.18,4376.18,4376.17,4376.17,3.0,2026-09-02 17:51:37
1788371498,4376.15,4376.16,4376.15,4376.16,2.0,2026-09-02 17:51:38
1788371499,4376.18,4376.18,4376.16,4376.16,3.0,2026-09-02 17:51:39
1788371500,4376.18,4376.21,4376.18,4376.2,7.0,2026-09-02 17:51:40
1788371501,4376.18,4376.19,4376.18,4376.19,2.0,2026-09-02 17:51:41
1788371502,4376.27,4376.27,4376.24,4376.24,2.0,2026-09-02 17:51:42
1788371503,4376.19,4376.19,4376.19,4376.19,1.0,2026-09-02 17:51:43
1788371504,4376.18,4376.27,4375.74,4376.27,18.0,2026-09-02 17:51:44
1788371505,4376.28,4376.28,4376.28,4376.28,2.0,2026-09-02 17:51:45
1788371506,4376.29,4376.3,4376.27,4376.28,7.0,2026-09-02 17:51:46
1788371507,4376.29,4376.38,4376.29,4376.38,6.0,2026-09-02 17:51:47
1788371508,4376.41,4376.75,4376.41,4376.75,14.0,2026-09-02 17:51:48
1788371509,4376.76,4376.83,4376.38,4376.44,13.0,2026-09-02 17:51:49
1788371510,4376.51,4376.6,4376.51,4376.6,9.0,2026-09-02 17:51:50
1788371511,4376.61,4376.82,4376.61,4376.75,9.0,2026-09-02 17:51:51
1788371512,4376.74,4376.74,4376.74,4376.74,1.0,2026-09-02 17:51:52
1788371513,4376.72,4376.78,4376.64,4376.73,10.0,2026-09-02 17:51:53
1788371514,4376.7,4376.7,4376.7,4376.7,1.0,2026-09-02 17:51:54
1788371515,4376.64,4376.64,4376.64,4376.64,1.0,2026-09-02 17:51:55
1788371516,4376.61,4376.61,4376.61,4376.61,1.0,2026-09-02 17:51:56
1788371517,4376.6,4376.62,4376.57,4376.62,3.0,2026-09-02 17:51:57
1788371518,4376.78,4376.8,4376.73,4376.76,7.0,2026-09-02 17:51:58
1788371519,4376.78,4376.78,4376.78,4376.78,1.0,2026-09-02 17:51:59
1788371520,4376.79,4376.79,4376.79,4376.79,1.0,2026-09-02 17:52:00
1788371521,4376.77,4376.79,4376.77,4376.79,3.0,2026-09-02 17:52:01
1788371522,4376.81,4376.9,4376.81,4376.9,5.0,2026-09-02 17:52:02
1788371523,4376.87,4376.87,4376.86,4376.86,3.0,2026-09-02 17:52:03
1788371524,4376.86,4376.87,4376.86,4376.87,2.0,2026-09-02 17:52:04
1788371525,4376.91,4377.03,4376.91,4377.03,4.0,2026-09-02 17:52:05
1788371526,4376.94,4376.95,4376.94,4376.95,3.0,2026-09-02 17:52:06
1788371527,4377.05,4377.05,4376.98,4377.04,7.0,2026-09-02 17:52:07
1788371528,4376.97,4377.0,4376.97,4377.0,3.0,2026-09-02 17:52:08
1788371529,4377.07,4377.07,4377.07,4377.07,1.0,2026-09-02 17:52:09
1788371530,4377.0,4377.05,4376.99,4377.05,5.0,2026-09-02 17:52:10
1788371531,4377.11,4377.11,4377.11,4377.11,1.0,2026-09-02 17:52:11
1788371532,4377.08,4377.08,4377.08,4377.08,1.0,2026-09-02 17:52:12
1788371533,4377.13,4377.13,4377.12,4377.12,3.0,2026-09-02 17:52:13
1788371534,4377.18,4377.27,4377.18,4377.27,4.0,2026-09-02 17:52:14
1788371535,4377.26,4377.26,4377.22,4377.22,4.0,2026-09-02 17:52:15
1788371536,4377.31,4377.31,4377.31,4377.31,1.0,2026-09-02 17:52:16
1788371537,4377.36,4377.47,4377.36,4377.47,8.0,2026-09-02 17:52:17
1788371538,4377.46,4377.46,4377.43,4377.46,4.0,2026-09-02 17:52:18
1788371539,4377.48,4377.53,4377.48,4377.48,6.0,2026-09-02 17:52:19
1788371540,4377.4,4377.4,4377.38,4377.39,3.0,2026-09-02 17:52:20
1788371541,4377.38,4377.39,4377.27,4377.27,6.0,2026-09-02 17:52:21
1788371542,4377.28,4377.28,4377.21,4377.21,5.0,2026-09-02 17:52:22
1788371543,4377.21,4377.24,4377.2,4377.2,3.0,2026-09-02 17:52:23
1788371544,4377.16,4377.16,4377.16,4377.16,1.0,2026-09-02 17:52:24
1788371545,4377.28,4377.28,4377.23,4377.24,4.0,2026-09-02 17:52:25
1788371546,4377.11,4377.11,4377.11,4377.11,1.0,2026-09-02 17:52:26
1788371547,4377.08,4377.08,4376.9,4376.93,6.0,2026-09-02 17:52:27
1788371548,4377.09,4377.09,4377.09,4377.09,3.0,2026-09-02 17:52:28
1788371549,4377.11,4377.12,4377.11,4377.12,2.0,2026-09-02 17:52:29
1788371550,4377.11,4377.13,4377.11,4377.13,2.0,2026-09-02 17:52:30
1788371551,4377.12,4377.12,4377.12,4377.12,1.0,2026-09-02 17:52:31
1788371552,4377.11,4377.11,4377.11,4377.11,1.0,2026-09-02 17:52:32
1788371553,4377.12,4377.12,4377.12,4377.12,1.0,2026-09-02 17:52:33
1788371554,4377.11,4377.11,4377.08,4377.08,4.0,2026-09-02 17:52:34
1788371555,4376.95,4376.96,4376.95,4376.95,4.0,2026-09-02 17:52:35
1788371556,4377.1,4377.24,4377.1,4377.24,6.0,2026-09-02 17:52:36
1788371557,4377.23,4377.24,4377.23,4377.24,2.0,2026-09-02 17:52:37
1788371558,4377.25,4377.25,4377.25,4377.25,1.0,2026-09-02 17:52:38
1788371560,4377.25,4377.25,4377.25,4377.25,1.0,2026-09-02 17:52:40
1788371561,4377.25,4377.25,4377.25,4377.25,2.0,2026-09-02 17:52:41
1788371562,4377.17,4377.17,4377.07,4377.07,4.0,2026-09-02 17:52:42
1788371563,4377.03,4377.03,4377.02,4377.02,2.0,2026-09-02 17:52:43
1788371564,4377.02,4377.03,4377.02,4377.02,3.0,2026-09-02 17:52:44
1788371565,4377.02,4377.02,4377.02,4377.02,1.0,2026-09-02 17:52:45
1788371566,4377.07,4377.19,4377.07,4377.18,11.0,2026-09-02 17:52:46
1788371567,4377.19,4377.22,4377.19,4377.21,3.0,2026-09-02 17:52:47
1788371568,4377.22,4377.22,4377.21,4377.21,3.0,2026-09-02 17:52:48
1788371569,4377.22,4377.23,4377.22,4377.22,5.0,2026-09-02 17:52:49
1788371570,4377.24,4377.24,4377.08,4377.08,8.0,2026-09-02 17:52:50
1788371571,4377.13,4377.13,4377.09,4377.09,4.0,2026-09-02 17:52:51
1788371572,4377.09,4377.09,4376.59,4376.76,14.0,2026-09-02 17:52:52
1788371573,4376.75,4376.78,4376.72,4376.78,8.0,2026-09-02 17:52:53
1788371574,4376.76,4376.92,4376.75,4376.79,13.0,2026-09-02 17:52:54
1788371575,4376.8,4376.8,4376.75,4376.75,4.0,2026-09-02 17:52:55
1788371576,4376.74,4376.74,4376.71,4376.74,4.0,2026-09-02 17:52:56
1788371577,4376.76,4376.76,4376.74,4376.74,2.0,2026-09-02 17:52:57
1788371578,4376.56,4376.56,4376.56,4376.56,1.0,2026-09-02 17:52:58
1788371579,4376.63,4376.63,4376.49,4376.53,13.0,2026-09-02 17:52:59
1788371580,4376.52,4376.52,4376.41,4376.41,4.0,2026-09-02 17:53:00
1788371581,4376.51,4376.51,4376.5,4376.5,2.0,2026-09-02 17:53:01
1788371582,4376.54,4376.54,4376.53,4376.53,2.0,2026-09-02 17:53:02
1788371583,4376.58,4376.69,4376.58,4376.66,6.0,2026-09-02 17:53:03
1788371584,4376.7,4376.7,4376.7,4376.7,1.0,2026-09-02 17:53:04
1788371585,4376.71,4376.71,4376.68,4376.68,3.0,2026-09-02 17:53:05
1788371586,4376.72,4376.72,4376.72,4376.72,1.0,2026-09-02 17:53:06
1788371587,4376.71,4376.71,4376.7,4376.7,2.0,2026-09-02 17:53:07
1788371588,4376.71,4376.71,4376.61,4376.63,7.0,2026-09-02 17:53:08
1788371589,4376.69,4376.69,4376.68,4376.69,5.0,2026-09-02 17:53:09
1788371590,4376.7,4376.7,4376.7,4376.7,1.0,2026-09-02 17:53:10
1788371591,4376.69,4376.69,4376.57,4376.57,8.0,2026-09-02 17:53:11
1788371592,4376.53,4376.54,4376.53,4376.54,2.0,2026-09-02 17:53:12
1788371593,4376.56,4376.56,4376.56,4376.56,2.0,2026-09-02 17:53:13
1788371594,4376.55,4376.55,4376.38,4376.44,5.0,2026-09-02 17:53:14
1788371595,4376.36,4376.36,4376.29,4376.29,8.0,2026-09-02 17:53:15
1788371596,4376.28,4376.63,4376.28,4376.61,14.0,2026-09-02 17:53:16
1788371597,4376.59,4376.59,4376.58,4376.58,2.0,2026-09-02 17:53:17
1788371598,4376.6,4376.74,4376.54,4376.7,9.0,2026-09-02 17:53:18
1788371599,4376.69,4376.69,4376.68,4376.68,2.0,2026-09-02 17:53:19
1788371600,4376.76,4376.78,4376.76,4376.78,2.0,2026-09-02 17:53:20
1788371601,4376.77,4376.77,4376.76,4376.76,2.0,2026-09-02 17:53:21
1788371602,4376.77,4376.79,4376.77,4376.79,3.0,2026-09-02 17:53:22
1788371603,4376.85,4376.87,4376.85,4376.86,3.0,2026-09-02 17:53:23
1788371604,4376.89,4376.89,4376.86,4376.86,3.0,2026-09-02 17:53:24
1788371605,4376.88,4376.88,4376.87,4376.87,2.0,2026-09-02 17:53:25
1788371606,4376.84,4376.84,4376.83,4376.83,2.0,2026-09-02 17:53:26
1788371607,4376.83,4376.83,4376.82,4376.83,3.0,2026-09-02 17:53:27
1788371608,4376.86,4376.86,4376.86,4376.86,1.0,2026-09-02 17:53:28
1788371609,4376.79,4376.8,4376.79,4376.8,2.0,2026-09-02 17:53:29
1788371610,4376.84,4376.92,4376.84,4376.92,5.0,2026-09-02 17:53:30
1788371611,4376.9,4376.9,4376.86,4376.86,4.0,2026-09-02 17:53:31
1788371612,4376.85,4376.96,4376.85,4376.93,7.0,2026-09-02 17:53:32
1788371613,4376.77,4376.78,4376.75,4376.75,6.0,2026-09-02 17:53:33
1788371614,4376.73,4376.73,4376.71,4376.71,3.0,2026-09-02 17:53:34
1788371615,4376.7,4376.7,4376.57,4376.57,7.0,2026-09-02 17:53:35
1788371616,4376.51,4376.55,4376.51,4376.54,6.0,2026-09-02 17:53:36
1788371617,4376.56,4376.61,4376.12,4376.16,10.0,2026-09-02 17:53:37
1788371618,4376.1,4376.1,4376.03,4376.03,6.0,2026-09-02 17:53:38
1788371619,4376.03,4376.03,4376.0,4376.0,3.0,2026-09-02 17:53:39
1788371620,4375.94,4375.94,4375.89,4375.89,3.0,2026-09-02 17:53:40
1788371621,4375.88,4375.91,4375.85,4375.88,8.0,2026-09-02 17:53:41
1788371622,4375.97,4376.01,4375.97,4376.01,5.0,2026-09-02 17:53:42
1788371623,4376.02,4376.02,4376.01,4376.02,3.0,2026-09-02 17:53:43
1788371624,4376.03,4376.06,4376.03,4376.06,2.0,2026-09-02 17:53:44
1788371625,4376.07,4376.07,4376.07,4376.07,1.0,2026-09-02 17:53:45
1788371626,4376.06,4376.06,4375.91,4375.91,9.0,2026-09-02 17:53:46
1788371627,4375.92,4376.03,4375.91,4376.03,6.0,2026-09-02 17:53:47
1788371628,4376.04,4376.08,4376.04,4376.08,3.0,2026-09-02 17:53:48
1788371629,4376.09,4376.09,4376.09,4376.09,1.0,2026-09-02 17:53:49
1788371630,4376.12,4376.21,4376.12,4376.2,4.0,2026-09-02 17:53:50
1788371631,4376.22,4376.3,4376.22,4376.3,4.0,2026-09-02 17:53:51
1788371632,4376.31,4376.31,4376.31,4376.31,1.0,2026-09-02 17:53:52
1788371633,4376.32,4376.39,4376.32,4376.39,3.0,2026-09-02 17:53:53
1788371634,4376.4,4376.41,4376.38,4376.38,6.0,2026-09-02 17:53:54
1788371635,4376.27,4376.34,4376.27,4376.3,6.0,2026-09-02 17:53:55
1788371636,4376.3,4376.3,4376.23,4376.23,3.0,2026-09-02 17:53:56
1788371637,4376.14,4376.14,4376.1,4376.1,4.0,2026-09-02 17:53:57
1788371638,4375.99,4376.02,4375.99,4376.02,4.0,2026-09-02 17:53:58
1788371639,4376.01,4376.01,4375.96,4375.96,4.0,2026-09-02 17:53:59
1788371640,4375.96,4375.97,4375.84,4375.88,11.0,2026-09-02 17:54:00
1788371641,4375.8,4375.8,4375.8,4375.8,1.0,2026-09-02 17:54:01
1788371642,4375.8,4375.8,4375.8,4375.8,3.0,2026-09-02 17:54:02
1788371643,4375.73,4375.76,4375.71,4375.76,3.0,2026-09-02 17:54:03
1788371644,4375.73,4375.94,4375.47,4375.94,19.0,2026-09-02 17:54:04
1788371645,4375.82,4375.84,4375.76,4375.76,8.0,2026-09-02 17:54:05
1788371646,4375.74,4375.74,4375.39,4375.47,12.0,2026-09-02 17:54:06
1788371647,4375.49,4375.68,4375.49,4375.67,8.0,2026-09-02 17:54:07
1788371648,4375.66,4375.67,4375.65,4375.67,4.0,2026-09-02 17:54:08
1788371649,4375.68,4375.75,4375.68,4375.75,6.0,2026-09-02 17:54:09
1788371650,4375.73,4375.74,4375.72,4375.74,4.0,2026-09-02 17:54:10
1788371651,4375.73,4375.73,4375.72,4375.72,2.0,2026-09-02 17:54:11
1788371652,4375.74,4376.24,4375.74,4376.24,16.0,2026-09-02 17:54:12
1788371653,4376.25,4376.32,4376.25,4376.32,8.0,2026-09-02 17:54:13
1788371654,4376.25,4376.35,4376.25,4376.34,11.0,2026-09-02 17:54:14
1788371655,4376.32,4376.36,4376.32,4376.36,4.0,2026-09-02 17:54:15
1788371656,4376.4,4376.46,4376.4,4376.46,4.0,2026-09-02 17:54:16
1788371657,4376.46,4376.46,4376.42,4376.42,3.0,2026-09-02 17:54:17
1788371658,4376.36,4376.37,4376.36,4376.37,2.0,2026-09-02 17:54:18
1788371659,4376.44,4376.44,4376.44,4376.44,1.0,2026-09-02 17:54:19
1788371660,4376.42,4376.45,4376.42,4376.45,2.0,2026-09-02 17:54:20
1788371661,4376.47,4376.52,4376.47,4376.52,4.0,2026-09-02 17:54:21
1788371662,4376.53,4376.56,4376.53,4376.56,3.0,2026-09-02 17:54:22
1788371663,4376.53,4376.53,4376.53,4376.53,1.0,2026-09-02 17:54:23
1788371664,4376.57,4376.59,4376.57,4376.59,2.0,2026-09-02 17:54:24
1788371665,4376.55,4376.59,4376.54,4376.57,7.0,2026-09-02 17:54:25
1788371666,4376.57,4376.58,4376.56,4376.58,3.0,2026-09-02 17:54:26
1788371667,4376.57,4376.57,4376.57,4376.57,1.0,2026-09-02 17:54:27
1788371668,4376.58,4376.58,4376.58,4376.58,1.0,2026-09-02 17:54:28
1788371669,4376.57,4376.57,4376.56,4376.56,2.0,2026-09-02 17:54:29
1788371670,4376.56,4376.56,4376.53,4376.53,3.0,2026-09-02 17:54:30
1788371671,4376.56,4376.64,4376.56,4376.64,4.0,2026-09-02 17:54:31
1788371672,4376.65,4376.65,4376.46,4376.54,5.0,2026-09-02 17:54:32
1788371673,4376.34,4376.34,4376.31,4376.31,2.0,2026-09-02 17:54:33
1788371674,4376.32,4376.32,4376.3,4376.3,3.0,2026-09-02 17:54:34
1788371675,4376.3,4376.3,4376.3,4376.3,2.0,2026-09-02 17:54:35
1788371676,4376.3,4376.3,4376.28,4376.29,3.0,2026-09-02 17:54:36
1788371677,4376.3,4376.32,4376.3,4376.32,3.0,2026-09-02 17:54:37
1788371678,4376.54,4376.55,4376.54,4376.54,4.0,2026-09-02 17:54:38
1788371679,4376.47,4376.66,4376.43,4376.65,9.0,2026-09-02 17:54:39
1788371680,4376.66,4376.67,4376.66,4376.66,3.0,2026-09-02 17:54:40
1788371681,4376.65,4376.65,4376.63,4376.63,2.0,2026-09-02 17:54:41
1788371683,4376.63,4376.63,4376.63,4376.63,1.0,2026-09-02 17:54:43
1788371684,4376.61,4376.61,4376.38,4376.39,8.0,2026-09-02 17:54:44
1788371685,4376.38,4376.38,4376.37,4376.37,2.0,2026-09-02 17:54:45
1788371686,4376.37,4376.37,4376.37,4376.37,1.0,2026-09-02 17:54:46
1788371687,4376.37,4376.37,4376.37,4376.37,1.0,2026-09-02 17:54:47
1788371689,4376.37,4376.37,4376.37,4376.37,1.0,2026-09-02 17:54:49
1788371691,4376.33,4376.33,4376.33,4376.33,1.0,2026-09-02 17:54:51
1788371692,4376.32,4376.32,4376.3,4376.3,2.0,2026-09-02 17:54:52
1788371693,4376.31,4376.31,4376.29,4376.3,4.0,2026-09-02 17:54:53
1788371694,4376.25,4376.25,4376.22,4376.22,2.0,2026-09-02 17:54:54
1788371695,4376.27,4376.34,4376.27,4376.31,8.0,2026-09-02 17:54:55
1788371696,4376.21,4376.21,4376.18,4376.18,6.0,2026-09-02 17:54:56
1788371697,4376.2,4376.22,4376.2,4376.21,4.0,2026-09-02 17:54:57
1788371698,4376.23,4376.23,4376.23,4376.23,2.0,2026-09-02 17:54:58
1788371699,4376.22,4376.22,4376.22,4376.22,2.0,2026-09-02 17:54:59
1788371700,4376.14,4376.16,4376.14,4376.15,4.0,2026-09-02 17:55:00
1788371702,4376.21,4376.21,4376.15,4376.15,5.0,2026-09-02 17:55:02
1788371703,4376.12,4376.12,4375.97,4376.03,10.0,2026-09-02 17:55:03
1788371704,4375.95,4376.17,4375.92,4376.14,13.0,2026-09-02 17:55:04
1788371705,4376.11,4376.11,4376.05,4376.07,4.0,2026-09-02 17:55:05
1788371706,4376.07,4376.2,4376.07,4376.2,3.0,2026-09-02 17:55:06
1788371707,4376.26,4376.26,4376.23,4376.24,6.0,2026-09-02 17:55:07
1788371708,4376.22,4376.22,4376.16,4376.16,4.0,2026-09-02 17:55:08
1788371709,4376.22,4376.22,4376.21,4376.21,3.0,2026-09-02 17:55:09
1788371710,4376.22,4376.22,4376.18,4376.18,5.0,2026-09-02 17:55:10
1788371711,4376.19,4376.22,4375.94,4376.06,13.0,2026-09-02 17:55:11
1788371712,4376.04,4376.04,4376.04,4376.04,1.0,2026-09-02 17:55:12
1788371713,4376.07,4376.07,4376.06,4376.06,3.0,2026-09-02 17:55:13
1788371714,4376.07,4376.07,4376.07,4376.07,1.0,2026-09-02 17:55:14
1788371715,4376.06,4376.06,4376.06,4376.06,1.0,2026-09-02 17:55:15
1788371716,4376.03,4376.07,4376.03,4376.05,4.0,2026-09-02 17:55:16
1788371717,4375.99,4375.99,4375.9,4375.91,6.0,2026-09-02 17:55:17
1788371718,4375.83,4375.85,4375.83,4375.85,3.0,2026-09-02 17:55:18
1788371719,4375.85,4375.98,4375.77,4375.98,9.0,2026-09-02 17:55:19
1788371720,4375.99,4375.99,4375.97,4375.98,4.0,2026-09-02 17:55:20
1788371721,4375.96,4375.97,4375.96,4375.97,2.0,2026-09-02 17:55:21
1788371722,4375.98,4375.98,4375.92,4375.93,6.0,2026-09-02 17:55:22
1788371723,4375.91,4376.03,4375.91,4376.03,5.0,2026-09-02 17:55:23
1788371724,4376.01,4376.02,4375.93,4375.93,7.0,2026-09-02 17:55:24
1788371725,4375.9,4375.9,4375.89,4375.89,2.0,2026-09-02 17:55:25
1788371726,4375.81,4375.81,4375.79,4375.79,2.0,2026-09-02 17:55:26
1788371727,4375.79,4375.79,4375.79,4375.79,1.0,2026-09-02 17:55:27
1788371728,4375.82,4375.82,4375.82,4375.82,2.0,2026-09-02 17:55:28
1788371729,4375.86,4375.91,4375.86,4375.91,3.0,2026-09-02 17:55:29
1788371730,4375.94,4376.13,4375.93,4376.08,11.0,2026-09-02 17:55:30
1788371731,4376.04,4376.05,4376.04,4376.04,4.0,2026-09-02 17:55:31
1788371732,4376.02,4376.02,4375.99,4375.99,2.0,2026-09-02 17:55:32
1788371733,4375.95,4375.97,4375.95,4375.97,2.0,2026-09-02 17:55:33
1788371734,4376.01,4376.02,4376.01,4376.02,2.0,2026-09-02 17:55:34
1788371735,4376.07,4376.07,4376.07,4376.07,1.0,2026-09-02 17:55:35
1788371736,4376.09,4376.09,4376.09,4376.09,2.0,2026-09-02 17:55:36
1788371737,4376.05,4376.05,4376.02,4376.02,3.0,2026-09-02 17:55:37
1788371739,4376.03,4376.03,4376.03,4376.03,1.0,2026-09-02 17:55:39
1788371740,4376.02,4376.03,4376.02,4376.03,2.0,2026-09-02 17:55:40
1788371741,4376.02,4376.19,4376.02,4376.19,5.0,2026-09-02 17:55:41
1788371742,4376.17,4376.17,4376.07,4376.07,9.0,2026-09-02 17:55:42
1788371743,4376.06,4376.06,4376.06,4376.06,2.0,2026-09-02 17:55:43
1788371744,4376.04,4376.17,4376.04,4376.17,4.0,2026-09-02 17:55:44
1788371745,4376.12,4376.13,4376.1,4376.13,7.0,2026-09-02 17:55:45
1788371746,4376.13,4376.2,4376.13,4376.2,3.0,2026-09-02 17:55:46
1788371747,4376.16,4376.16,4376.11,4376.11,3.0,2026-09-02 17:55:47
1788371748,4376.05,4376.05,4375.98,4376.0,7.0,2026-09-02 17:55:48
1788371749,4376.01,4376.01,4375.99,4376.0,5.0,2026-09-02 17:55:49
1788371750,4375.99,4375.99,4375.99,4375.99,1.0,2026-09-02 17:55:50
1788371751,4376.0,4376.0,4376.0,4376.0,1.0,2026-09-02 17:55:51
1788371752,4376.05,4376.05,4376.0,4376.0,5.0,2026-09-02 17:55:52
1788371753,4375.97,4375.97,4375.97,4375.97,1.0,2026-09-02 17:55:53
1788371754,4375.97,4375.97,4375.95,4375.97,3.0,2026-09-02 17:55:54
1788371755,4375.99,4376.1,4375.99,4376.1,4.0,2026-09-02 17:55:55
1788371756,4376.09,4376.42,4376.09,4376.39,9.0,2026-09-02 17:55:56
1788371757,4376.36,4376.42,4376.35,4376.41,7.0,2026-09-02 17:55:57
1788371758,4376.39,4376.53,4376.39,4376.53,7.0,2026-09-02 17:55:58
1788371759,4376.54,4376.58,4376.54,4376.58,5.0,2026-09-02 17:55:59
1788371760,4376.64,4376.84,4376.64,4376.8,13.0,2026-09-02 17:56:00
1788371761,4376.82,4376.97,4376.82,4376.97,5.0,2026-09-02 17:56:01
1788371762,4376.97,4377.0,4376.97,4377.0,3.0,2026-09-02 17:56:02
1788371763,4377.05,4377.1,4377.05,4377.1,4.0,2026-09-02 17:56:03
1788371764,4377.11,4377.11,4377.09,4377.09,2.0,2026-09-02 17:56:04
1788371765,4377.06,4377.06,4377.03,4377.03,3.0,2026-09-02 17:56:05
1788371766,4377.03,4377.03,4376.94,4377.01,5.0,2026-09-02 17:56:06
1788371768,4377.0,4377.0,4376.97,4376.98,4.0,2026-09-02 17:56:08
1788371769,4377.0,4377.0,4377.0,4377.0,1.0,2026-09-02 17:56:09
1788371770,4376.47,4376.47,4376.04,4376.11,11.0,2026-09-02 17:56:10
1788371771,4375.98,4376.2,4375.98,4376.2,5.0,2026-09-02 17:56:11
1788371772,4376.2,4376.21,4376.2,4376.21,2.0,2026-09-02 17:56:12
1788371773,4376.22,4376.23,4376.22,4376.23,2.0,2026-09-02 17:56:13
1788371774,4376.3,4376.31,4376.29,4376.31,4.0,2026-09-02 17:56:14
1788371775,4376.27,4376.28,4376.26,4376.26,3.0,2026-09-02 17:56:15
1788371776,4376.24,4376.24,4376.24,4376.24,2.0,2026-09-02 17:56:16
1788371777,4376.21,4376.21,4376.21,4376.21,1.0,2026-09-02 17:56:17
1788371778,4376.22,4376.22,4376.18,4376.18,3.0,2026-09-02 17:56:18
1788371779,4376.16,4376.16,4376.09,4376.11,9.0,2026-09-02 17:56:19
1788371780,4376.12,4376.12,4376.09,4376.09,3.0,2026-09-02 17:56:20
1788371781,4376.1,4376.1,4376.1,4376.1,1.0,2026-09-02 17:56:21
1788371782,4376.11,4376.11,4376.11,4376.11,1.0,2026-09-02 17:56:22
1788371783,4376.1,4376.1,4376.07,4376.09,5.0,2026-09-02 17:56:23
1788371784,4376.1,4376.1,4376.09,4376.09,2.0,2026-09-02 17:56:24
1788371785,4376.11,4376.11,4376.04,4376.04,4.0,2026-09-02 17:56:25
1788371786,4376.05,4376.05,4376.03,4376.03,2.0,2026-09-02 17:56:26
1788371787,4376.03,4376.03,4376.03,4376.03,1.0,2026-09-02 17:56:27
1788371788,4376.04,4376.04,4376.04,4376.04,1.0,2026-09-02 17:56:28
1788371789,4376.03,4376.06,4375.94,4376.03,9.0,2026-09-02 17:56:29
1788371790,4376.04,4376.04,4375.99,4375.99,3.0,2026-09-02 17:56:30
1788371791,4376.07,4376.08,4376.04,4376.04,7.0,2026-09-02 17:56:31
1788371792,4376.05,4376.05,4376.03,4376.03,2.0,2026-09-02 17:56:32
1788371793,4376.05,4376.05,4376.05,4376.05,1.0,2026-09-02 17:56:33
1788371794,4376.05,4376.05,4376.05,4376.05,1.0,2026-09-02 17:56:34
1788371795,4376.11,4376.12,4376.11,4376.12,2.0,2026-09-02 17:56:35
1788371796,4376.14,4376.14,4376.12,4376.12,3.0,2026-09-02 17:56:36
1788371797,4376.12,4376.16,4376.12,4376.16,2.0,2026-09-02 17:56:37
1788371798,4376.14,4376.15,4376.14,4376.15,2.0,2026-09-02 17:56:38
1788371799,4376.2,4376.2,4376.19,4376.19,3.0,2026-09-02 17:56:39
1788371800,4376.2,4376.2,4376.2,4376.2,1.0,2026-09-02 17:56:40
1788371801,4376.2,4376.2,4376.2,4376.2,1.0,2026-09-02 17:56:41
1788371802,4376.15,4376.21,4376.15,4376.21,3.0,2026-09-02 17:56:42
1788371803,4376.3,4376.35,4376.3,4376.35,6.0,2026-09-02 17:56:43
1788371804,4376.3,4376.31,4376.3,4376.31,2.0,2026-09-02 17:56:44
1788371805,4376.33,4376.37,4376.3,4376.33,6.0,2026-09-02 17:56:45
1788371806,4376.31,4376.35,4376.31,4376.35,3.0,2026-09-02 17:56:46
1788371807,4376.34,4376.34,4376.34,4376.34,2.0,2026-09-02 17:56:47
1788371808,4376.33,4376.33,4376.27,4376.27,4.0,2026-09-02 17:56:48
1788371809,4376.29,4376.29,4376.26,4376.26,3.0,2026-09-02 17:56:49
1788371810,4376.21,4376.21,4376.21,4376.21,1.0,2026-09-02 17:56:50
1788371811,4376.19,4376.19,4376.15,4376.18,6.0,2026-09-02 17:56:51
1788371812,4376.18,4376.18,4376.1,4376.13,6.0,2026-09-02 17:56:52
1788371813,4376.14,4376.25,4376.12,4376.25,12.0,2026-09-02 17:56:53
1788371814,4376.2,4376.2,4376.2,4376.2,1.0,2026-09-02 17:56:54
1788371815,4376.21,4376.21,4376.21,4376.21,2.0,2026-09-02 17:56:55
1788371816,4376.52,4376.52,4376.52,4376.52,1.0,2026-09-02 17:56:56
1788371817,4376.55,4376.55,4376.55,4376.55,1.0,2026-09-02 17:56:57
1788371818,4376.55,4376.57,4376.53,4376.53,4.0,2026-09-02 17:56:58
1788371819,4376.42,4376.43,4376.42,4376.42,3.0,2026-09-02 17:56:59
1788371820,4376.43,4376.6,4376.42,4376.6,7.0,2026-09-02 17:57:00
1788371821,4376.58,4376.58,4376.57,4376.57,2.0,2026-09-02 17:57:01
1788371822,4376.59,4376.62,4376.59,4376.62,3.0,2026-09-02 17:57:02
1788371823,4376.66,4376.66,4376.66,4376.66,1.0,2026-09-02 17:57:03
1788371824,4376.67,4376.67,4376.67,4376.67,1.0,2026-09-02 17:57:04
1788371825,4376.65,4376.82,4376.62,4376.82,7.0,2026-09-02 17:57:05
1788371826,4376.68,4376.76,4376.68,4376.76,6.0,2026-09-02 17:57:06
1788371827,4376.76,4377.09,4376.76,4377.09,7.0,2026-09-02 17:57:07
1788371828,4377.08,4377.1,4376.98,4376.98,6.0,2026-09-02 17:57:08
1788371829,4376.85,4376.91,4376.85,4376.91,5.0,2026-09-02 17:57:09
1788371830,4376.9,4376.9,4376.83,4376.85,10.0,2026-09-02 17:57:10
1788371831,4376.86,4377.02,4376.86,4377.02,9.0,2026-09-02 17:57:11
1788371832,4377.02,4377.02,4376.99,4376.99,4.0,2026-09-02 17:57:12
1788371834,4377.0,4377.0,4377.0,4377.0,3.0,2026-09-02 17:57:14
1788371835,4377.01,4377.01,4377.01,4377.01,1.0,2026-09-02 17:57:15
1788371836,4376.94,4376.94,4376.94,4376.94,1.0,2026-09-02 17:57:16
1788371837,4376.87,4376.88,4376.85,4376.87,6.0,2026-09-02 17:57:17
1788371838,4376.88,4376.88,4376.88,4376.88,1.0,2026-09-02 17:57:18
1788371839,4376.89,4376.89,4376.89,4376.89,1.0,2026-09-02 17:57:19
1788371840,4376.89,4376.89,4376.79,4376.79,4.0,2026-09-02 17:57:20
1788371841,4376.66,4376.66,4376.65,4376.65,3.0,2026-09-02 17:57:21
1788371842,4376.65,4376.65,4376.65,4376.65,1.0,2026-09-02 17:57:22
1788371843,4376.63,4376.63,4376.63,4376.63,1.0,2026-09-02 17:57:23
1788371844,4376.64,4376.64,4376.64,4376.64,1.0,2026-09-02 17:57:24
1788371845,4376.64,4376.64,4376.63,4376.63,2.0,2026-09-02 17:57:25
1788371846,4376.64,4376.64,4376.62,4376.62,2.0,2026-09-02 17:57:26
1788371847,4376.49,4376.49,4376.49,4376.49,3.0,2026-09-02 17:57:27
1788371848,4376.55,4376.55,4376.55,4376.55,2.0,2026-09-02 17:57:28
1788371849,4376.56,4376.69,4376.56,4376.69,8.0,2026-09-02 17:57:29
1788371850,4376.73,4376.73,4376.6,4376.6,9.0,2026-09-02 17:57:30
1788371851,4376.54,4376.56,4376.54,4376.56,2.0,2026-09-02 17:57:31
1788371852,4376.56,4376.56,4376.51,4376.51,3.0,2026-09-02 17:57:32
1788371853,4376.53,4376.54,4376.53,4376.53,3.0,2026-09-02 17:57:33
1788371854,4376.68,4376.68,4376.68,4376.68,1.0,2026-09-02 17:57:34
1788371855,4376.92,4377.31,4376.91,4377.22,16.0,2026-09-02 17:57:35
1788371856,4377.23,4377.3,4377.23,4377.28,8.0,2026-09-02 17:57:36
1788371857,4377.27,4377.28,4377.25,4377.27,5.0,2026-09-02 17:57:37
1788371858,4377.28,4377.32,4377.28,4377.32,5.0,2026-09-02 17:57:38
1788371859,4377.31,4377.36,4377.3,4377.36,6.0,2026-09-02 17:57:39
1788371860,4377.35,4377.35,4377.35,4377.35,1.0,2026-09-02 17:57:40
1788371861,4377.32,4377.32,4377.32,4377.32,1.0,2026-09-02 17:57:41
1788371862,4377.2,4377.2,4377.05,4377.1,11.0,2026-09-02 17:57:42
1788371863,4377.09,4377.76,4377.09,4377.63,12.0,2026-09-02 17:57:43
1788371864,4377.61,4377.61,4377.61,4377.61,1.0,2026-09-02 17:57:44
1788371865,4377.25,4377.26,4377.21,4377.23,8.0,2026-09-02 17:57:45
1788371866,4377.22,4377.22,4377.22,4377.22,1.0,2026-09-02 17:57:46
1788371867,4377.6,4377.61,4377.6,4377.61,4.0,2026-09-02 17:57:47
1788371868,4377.57,4377.59,4377.57,4377.58,4.0,2026-09-02 17:57:48
1788371869,4378.01,4378.02,4377.9,4378.02,7.0,2026-09-02 17:57:49
1788371870,4377.87,4377.87,4377.86,4377.87,5.0,2026-09-02 17:57:50
1788371871,4377.82,4377.82,4377.78,4377.8,5.0,2026-09-02 17:57:51
1788371872,4377.92,4377.92,4377.89,4377.89,5.0,2026-09-02 17:57:52
1788371873,4377.9,4377.9,4377.89,4377.89,2.0,2026-09-02 17:57:53
1788371874,4377.9,4377.9,4377.64,4377.64,13.0,2026-09-02 17:57:54
1788371875,4377.61,4377.61,4377.61,4377.61,1.0,2026-09-02 17:57:55
1788371876,4377.6,4377.6,4377.57,4377.57,3.0,2026-09-02 17:57:56
1788371877,4377.61,4377.71,4377.61,4377.68,5.0,2026-09-02 17:57:57
1788371878,4377.65,4377.66,4377.65,4377.66,2.0,2026-09-02 17:57:58
1788371879,4377.67,4377.67,4377.63,4377.63,6.0,2026-09-02 17:57:59
1788371880,4378.1,4378.4,4378.1,4378.4,18.0,2026-09-02 17:58:00
1788371881,4378.4,4378.42,4378.37,4378.38,6.0,2026-09-02 17:58:01
1788371882,4378.37,4378.37,4378.36,4378.36,2.0,2026-09-02 17:58:02
1788371883,4378.37,4378.37,4378.36,4378.36,2.0,2026-09-02 17:58:03
1788371884,4378.45,4378.45,4378.15,4378.15,6.0,2026-09-02 17:58:04
1788371885,4378.04,4378.04,4377.9,4377.9,4.0,2026-09-02 17:58:05
1788371886,4377.88,4377.89,4377.88,4377.88,3.0,2026-09-02 17:58:06
1788371887,4377.9,4377.9,4377.9,4377.9,2.0,2026-09-02 17:58:07
1788371888,4377.89,4377.89,4377.88,4377.88,2.0,2026-09-02 17:58:08
1788371889,4377.87,4377.87,4377.87,4377.87,2.0,2026-09-02 17:58:09
1788371891,4377.78,4377.78,4377.71,4377.71,2.0,2026-09-02 17:58:11
1788371892,4377.68,4377.72,4377.57,4377.59,10.0,2026-09-02 17:58:12
1788371893,4377.6,4377.6,4377.48,4377.48,7.0,2026-09-02 17:58:13
1788371894,4377.46,4377.51,4377.46,4377.51,6.0,2026-09-02 17:58:14
1788371895,4377.51,4377.51,4377.5,4377.5,3.0,2026-09-02 17:58:15
1788371896,4377.51,4377.51,4377.45,4377.45,6.0,2026-09-02 17:58:16
1788371897,4377.46,4377.52,4377.42,4377.52,7.0,2026-09-02 17:58:17
1788371898,4377.52,4377.52,4377.49,4377.52,5.0,2026-09-02 17:58:18
1788371899,4377.51,4377.51,4377.49,4377.5,5.0,2026-09-02 17:58:19
1788371900,4377.51,4377.51,4377.48,4377.48,4.0,2026-09-02 17:58:20
1788371901,4377.46,4377.49,4377.46,4377.46,5.0,2026-09-02 17:58:21
1788371902,4377.4,4377.42,4377.4,4377.42,2.0,2026-09-02 17:58:22
1788371903,4377.41,4377.41,4377.41,4377.41,1.0,2026-09-02 17:58:23
1788371904,4377.43,4377.43,4377.43,4377.43,1.0,2026-09-02 17:58:24
1788371905,4377.42,4377.42,4377.33,4377.34,6.0,2026-09-02 17:58:25
1788371906,4377.34,4377.34,4377.31,4377.31,2.0,2026-09-02 17:58:26
1788371907,4377.26,4377.3,4377.26,4377.3,4.0,2026-09-02 17:58:27
1788371908,4377.31,4377.31,4377.31,4377.31,1.0,2026-09-02 17:58:28
1788371909,4377.38,4377.45,4377.38,4377.45,3.0,2026-09-02 17:58:29
1788371910,4377.5,4377.5,4377.5,4377.5,1.0,2026-09-02 17:58:30
1788371911,4377.51,4377.51,4377.47,4377.47,3.0,2026-09-02 17:58:31
1788371912,4377.42,4377.44,4377.42,4377.44,2.0,2026-09-02 17:58:32
1788371913,4377.43,4377.44,4377.43,4377.44,2.0,2026-09-02 17:58:33
1788371914,4377.41,4377.41,4377.35,4377.35,3.0,2026-09-02 17:58:34
1788371915,4377.31,4377.31,4377.27,4377.27,4.0,2026-09-02 17:58:35
1788371916,4377.29,4377.29,4377.27,4377.27,2.0,2026-09-02 17:58:36
1788371917,4377.26,4377.31,4377.25,4377.29,4.0,2026-09-02 17:58:37
1788371918,4377.34,4377.39,4377.34,4377.37,5.0,2026-09-02 17:58:38
1788371919,4377.37,4377.38,4377.37,4377.38,2.0,2026-09-02 17:58:39
1788371920,4377.39,4377.39,4377.39,4377.39,1.0,2026-09-02 17:58:40
1788371923,4377.39,4377.39,4377.39,4377.39,2.0,2026-09-02 17:58:43
1788371925,4377.37,4377.37,4377.37,4377.37,1.0,2026-09-02 17:58:45
1788371926,4377.33,4377.33,4377.32,4377.32,2.0,2026-09-02 17:58:46
1788371927,4377.3,4377.3,4377.16,4377.16,7.0,2026-09-02 17:58:47
1788371928,4377.13,4377.13,4377.13,4377.13,1.0,2026-09-02 17:58:48
1788371929,4377.18,4377.18,4377.18,4377.18,1.0,2026-09-02 17:58:49
1788371930,4377.26,4377.26,4377.26,4377.26,1.0,2026-09-02 17:58:50
1788371931,4377.27,4377.27,4377.27,4377.27,1.0,2026-09-02 17:58:51
1788371932,4377.29,4377.37,4377.29,4377.37,3.0,2026-09-02 17:58:52
1788371933,4377.38,4377.39,4377.38,4377.39,2.0,2026-09-02 17:58:53
1788371934,4377.39,4377.4,4377.39,4377.4,2.0,2026-09-02 17:58:54
1788371935,4377.39,4377.39,4377.39,4377.39,1.0,2026-09-02 17:58:55
1788371937,4377.4,4377.4,4377.34,4377.39,6.0,2026-09-02 17:58:57
1788371938,4377.39,4377.41,4377.39,4377.41,2.0,2026-09-02 17:58:58
1788371940,4377.43,4377.44,4377.42,4377.44,4.0,2026-09-02 17:59:00
1788371941,4377.36,4377.36,4377.34,4377.34,2.0,2026-09-02 17:59:01
1788371942,4377.34,4377.34,4377.34,4377.34,1.0,2026-09-02 17:59:02
1788371943,4377.31,4377.31,4377.28,4377.31,5.0,2026-09-02 17:59:03
1788371944,4377.25,4377.25,4377.25,4377.25,1.0,2026-09-02 17:59:04
1788371945,4377.24,4377.24,4377.24,4377.24,1.0,2026-09-02 17:59:05
1788371946,4377.23,4377.23,4377.23,4377.23,1.0,2026-09-02 17:59:06
1788371947,4377.24,4377.29,4377.13,4377.13,8.0,2026-09-02 17:59:07
1788371948,4377.16,4377.17,4377.14,4377.15,5.0,2026-09-02 17:59:08
1788371949,4377.15,4377.15,4377.12,4377.13,4.0,2026-09-02 17:59:09
1788371950,4377.15,4377.16,4377.15,4377.16,2.0,2026-09-02 17:59:10
1788371951,4377.14,4377.14,4377.07,4377.07,6.0,2026-09-02 17:59:11
1788371952,4377.05,4377.22,4377.05,4377.22,6.0,2026-09-02 17:59:12
1788371953,4377.24,4377.24,4377.24,4377.24,1.0,2026-09-02 17:59:13
1788371954,4377.25,4377.25,4377.25,4377.25,1.0,2026-09-02 17:59:14
1788371955,4377.26,4377.26,4377.24,4377.24,2.0,2026-09-02 17:59:15
1788371956,4377.24,4377.24,4377.24,4377.24,1.0,2026-09-02 17:59:16
1788371957,4377.1,4377.1,4377.09,4377.09,4.0,2026-09-02 17:59:17
1788371958,4377.07,4377.07,4377.07,4377.07,2.0,2026-09-02 17:59:18
1788371960,4377.05,4377.05,4377.05,4377.05,1.0,2026-09-02 17:59:20
1788371962,4377.02,4377.02,4376.83,4376.83,9.0,2026-09-02 17:59:22
1788371963,4376.81,4376.83,4376.81,4376.83,3.0,2026-09-02 17:59:23
1788371964,4376.85,4376.85,4376.85,4376.85,1.0,2026-09-02 17:59:24
1788371965,4376.84,4376.84,4376.84,4376.84,1.0,2026-09-02 17:59:25
1788371966,4376.85,4376.85,4376.85,4376.85,1.0,2026-09-02 17:59:26
1788371967,4376.83,4376.93,4376.83,4376.93,5.0,2026-09-02 17:59:27
1788371968,4376.96,4377.07,4376.96,4377.07,3.0,2026-09-02 17:59:28
1788371969,4377.04,4377.04,4377.03,4377.03,2.0,2026-09-02 17:59:29
1788371970,4377.04,4377.04,4377.02,4377.02,3.0,2026-09-02 17:59:30
1788371971,4377.04,4377.05,4377.03,4377.03,4.0,2026-09-02 17:59:31
1788371972,4377.04,4377.05,4377.04,4377.05,2.0,2026-09-02 17:59:32
1788371973,4377.05,4377.05,4377.05,4377.05,1.0,2026-09-02 17:59:33
1788371974,4377.04,4377.05,4377.04,4377.05,2.0,2026-09-02 17:59:34
1788371975,4377.05,4377.05,4377.05,4377.05,1.0,2026-09-02 17:59:35
1788371976,4377.19,4377.19,4377.19,4377.19,1.0,2026-09-02 17:59:36
1788371977,4377.06,4377.06,4377.06,4377.06,1.0,2026-09-02 17:59:37
1788371978,4377.06,4377.07,4377.06,4377.06,4.0,2026-09-02 17:59:38
1788371979,4377.06,4377.06,4377.06,4377.06,1.0,2026-09-02 17:59:39
1788371980,4377.05,4377.06,4377.05,4377.06,2.0,2026-09-02 17:59:40
1788371981,4377.05,4377.05,4377.05,4377.05,1.0,2026-09-02 17:59:41
1788371982,4377.05,4377.06,4377.05,4377.06,2.0,2026-09-02 17:59:42
1788371983,4377.06,4377.1,4377.06,4377.1,2.0,2026-09-02 17:59:43
1788371984,4377.03,4377.04,4377.02,4377.03,4.0,2026-09-02 17:59:44
1788371985,4377.02,4377.02,4377.02,4377.02,1.0,2026-09-02 17:59:45
1788371986,4377.05,4377.06,4377.05,4377.06,2.0,2026-09-02 17:59:46
1788371987,4377.05,4377.11,4377.05,4377.09,4.0,2026-09-02 17:59:47
1788371988,4377.04,4377.04,4376.92,4376.97,7.0,2026-09-02 17:59:48
1788371989,4377.01,4377.01,4376.87,4376.93,8.0,2026-09-02 17:59:49
1788371990,4376.88,4376.94,4376.87,4376.94,4.0,2026-09-02 17:59:50
1788371991,4377.03,4377.11,4377.02,4377.11,6.0,2026-09-02 17:59:51
1788371992,4377.12,4377.12,4377.12,4377.12,1.0,2026-09-02 17:59:52
1788371993,4377.12,4377.13,4377.04,4377.04,8.0,2026-09-02 17:59:53
1788371994,4377.02,4377.02,4376.96,4376.98,4.0,2026-09-02 17:59:54
1788371995,4376.99,4376.99,4376.87,4376.92,6.0,2026-09-02 17:59:55
1788371996,4376.95,4376.95,4376.95,4376.95,1.0,2026-09-02 17:59:56
1788371997,4376.95,4376.96,4376.95,4376.95,3.0,2026-09-02 17:59:57
1788371998,4376.9,4377.07,4376.89,4377.01,13.0,2026-09-02 17:59:58
1788371999,4377.0,4377.0,4376.9,4376.94,5.0,2026-09-02 17:59:59
1788372000,4376.95,4377.41,4376.95,4377.41,19.0,2026-09-02 18:00:00
1788372001,4377.41,4377.41,4377.41,4377.41,1.0,2026-09-02 18:00:01
1788372002,4377.18,4377.18,4377.18,4377.18,1.0,2026-09-02 18:00:02
1788372003,4377.05,4377.09,4377.05,4377.09,2.0,2026-09-02 18:00:03
1788372004,4377.36,4377.47,4377.36,4377.47,4.0,2026-09-02 18:00:04
1788372005,4377.54,4377.56,4377.54,4377.56,4.0,2026-09-02 18:00:05
1788372006,4377.57,4377.57,4377.54,4377.54,2.0,2026-09-02 18:00:06
1788372007,4377.52,4377.52,4377.31,4377.33,8.0,2026-09-02 18:00:07
1788372008,4377.01,4377.01,4377.01,4377.01,1.0,2026-09-02 18:00:08
1788372009,4377.09,4377.09,4377.08,4377.08,2.0,2026-09-02 18:00:09
1788372010,4377.08,4377.09,4377.05,4377.07,5.0,2026-09-02 18:00:10
1788372011,4377.09,4377.09,4377.05,4377.06,4.0,2026-09-02 18:00:11
1788372012,4377.04,4377.04,4377.02,4377.02,2.0,2026-09-02 18:00:12
1788372013,4377.02,4377.02,4377.02,4377.02,1.0,2026-09-02 18:00:13
1788372014,4377.03,4377.03,4377.03,4377.03,1.0,2026-09-02 18:00:14
1788372015,4377.03,4377.03,4377.03,4377.03,1.0,2026-09-02 18:00:15
1788372016,4377.04,4377.04,4377.03,4377.03,2.0,2026-09-02 18:00:16
1788372017,4376.99,4377.0,4376.98,4376.99,5.0,2026-09-02 18:00:17
1788372018,4377.15,4377.15,4377.12,4377.13,4.0,2026-09-02 18:00:18
1788372019,4377.11,4377.13,4377.11,4377.13,4.0,2026-09-02 18:00:19
1788372020,4377.14,4377.14,4377.14,4377.14,1.0,2026-09-02 18:00:20
1788372021,4377.14,4377.14,4376.97,4377.01,9.0,2026-09-02 18:00:21
1788372022,4376.99,4376.99,4376.95,4376.95,6.0,2026-09-02 18:00:22
1788372023,4376.93,4376.93,4376.9,4376.9,7.0,2026-09-02 18:00:23
1788372024,4376.89,4377.13,4376.89,4377.13,14.0,2026-09-02 18:00:24
1788372025,4377.13,4377.13,4376.88,4376.93,10.0,2026-09-02 18:00:25
1788372026,4376.9,4376.9,4376.57,4376.57,15.0,2026-09-02 18:00:26
1788372027,4376.57,4376.58,4376.56,4376.56,3.0,2026-09-02 18:00:27
1788372028,4376.75,4376.75,4376.75,4376.75,1.0,2026-09-02 18:00:28
1788372029,4376.64,4376.64,4376.57,4376.61,5.0,2026-09-02 18:00:29
1788372030,4376.56,4376.56,4376.49,4376.49,4.0,2026-09-02 18:00:30
1788372031,4376.43,4376.43,4376.01,4376.13,14.0,2026-09-02 18:00:31
1788372032,4376.19,4376.2,4376.15,4376.2,7.0,2026-09-02 18:00:32
1788372033,4376.19,4376.21,4376.19,4376.2,3.0,2026-09-02 18:00:33
1788372034,4376.18,4376.22,4376.18,4376.22,5.0,2026-09-02 18:00:34
1788372035,4376.16,4376.18,4376.12,4376.12,4.0,2026-09-02 18:00:35
1788372036,4376.11,4376.14,4376.1,4376.14,5.0,2026-09-02 18:00:36
1788372037,4376.12,4376.12,4376.12,4376.12,1.0,2026-09-02 18:00:37
1788372038,4376.0,4376.0,4375.32,4375.32,20.0,2026-09-02 18:00:38
1788372039,4375.09,4375.25,4375.05,4375.05,12.0,2026-09-02 18:00:39
1788372040,4375.03,4375.03,4374.84,4374.99,15.0,2026-09-02 18:00:40
1788372041,4374.98,4374.98,4374.98,4374.98,1.0,2026-09-02 18:00:41
1788372042,4374.98,4375.1,4374.98,4375.1,5.0,2026-09-02 18:00:42
1788372043,4375.08,4375.08,4374.76,4374.96,17.0,2026-09-02 18:00:43
1788372044,4374.95,4374.97,4374.93,4374.97,6.0,2026-09-02 18:00:44
1788372045,4374.98,4374.98,4374.74,4374.74,9.0,2026-09-02 18:00:45
1788372046,4374.75,4374.75,4374.75,4374.75,1.0,2026-09-02 18:00:46
1788372047,4374.94,4374.99,4374.92,4374.93,8.0,2026-09-02 18:00:47
1788372048,4374.92,4374.92,4374.85,4374.89,9.0,2026-09-02 18:00:48
1788372049,4374.9,4374.98,4374.9,4374.98,4.0,2026-09-02 18:00:49
1788372050,4374.93,4374.93,4374.93,4374.93,1.0,2026-09-02 18:00:50
1788372051,4374.8,4374.81,4374.8,4374.81,2.0,2026-09-02 18:00:51
1788372052,4374.79,4374.79,4374.79,4374.79,1.0,2026-09-02 18:00:52
1788372053,4374.56,4374.56,4374.5,4374.52,4.0,2026-09-02 18:00:53
1788372054,4374.44,4374.44,4374.2,4374.2,10.0,2026-09-02 18:00:54
1788372055,4373.53,4373.59,4373.53,4373.58,4.0,2026-09-02 18:00:55
1788372056,4373.59,4373.77,4373.59,4373.65,10.0,2026-09-02 18:00:56
1788372057,4373.71,4373.71,4373.5,4373.5,7.0,2026-09-02 18:00:57
1788372058,4373.4,4373.4,4373.17,4373.17,14.0,2026-09-02 18:00:58
1788372059,4373.03,4373.03,4373.01,4373.02,5.0,2026-09-02 18:00:59
1788372060,4373.11,4373.11,4372.85,4372.92,15.0,2026-09-02 18:01:00
1788372061,4372.93,4373.01,4372.92,4372.92,11.0,2026-09-02 18:01:01
1788372062,4372.88,4372.96,4372.74,4372.96,18.0,2026-09-02 18:01:02
1788372063,4372.97,4372.98,4372.96,4372.98,5.0,2026-09-02 18:01:03
1788372064,4372.99,4373.23,4372.99,4373.23,8.0,2026-09-02 18:01:04
1788372065,4373.22,4373.22,4372.84,4372.84,11.0,2026-09-02 18:01:05
1788372066,4372.82,4372.97,4372.8,4372.97,14.0,2026-09-02 18:01:06
1788372067,4372.96,4372.97,4372.96,4372.97,2.0,2026-09-02 18:01:07
1788372068,4372.95,4372.95,4372.95,4372.95,1.0,2026-09-02 18:01:08
1788372069,4372.96,4372.99,4372.96,4372.99,2.0,2026-09-02 18:01:09
1788372070,4372.96,4372.96,4372.95,4372.95,2.0,2026-09-02 18:01:10
1788372071,4373.23,4373.27,4373.22,4373.27,4.0,2026-09-02 18:01:11
1788372072,4373.25,4373.25,4373.13,4373.18,8.0,2026-09-02 18:01:12
1788372073,4372.77,4372.77,4372.74,4372.74,2.0,2026-09-02 18:01:13
1788372074,4372.52,4372.58,4372.52,4372.54,6.0,2026-09-02 18:01:14
1788372075,4372.41,4372.43,4372.39,4372.41,7.0,2026-09-02 18:01:15
1788372076,4372.69,4372.71,4372.69,4372.71,2.0,2026-09-02 18:01:16
1788372077,4372.78,4372.93,4372.78,4372.93,7.0,2026-09-02 18:01:17
1788372078,4372.91,4373.18,4372.91,4373.18,7.0,2026-09-02 18:01:18
1788372079,4373.21,4373.22,4373.16,4373.19,6.0,2026-09-02 18:01:19
1788372080,4373.23,4373.23,4373.23,4373.23,1.0,2026-09-02 18:01:20
1788372081,4373.34,4373.48,4373.32,4373.48,11.0,2026-09-02 18:01:21
1788372082,4373.47,4373.52,4373.47,4373.52,4.0,2026-09-02 18:01:22
1788372083,4373.53,4373.53,4373.46,4373.47,5.0,2026-09-02 18:01:23
1788372084,4373.47,4373.47,4373.36,4373.36,5.0,2026-09-02 18:01:24
1788372085,4373.39,4373.43,4373.39,4373.42,5.0,2026-09-02 18:01:25
1788372086,4373.52,4373.52,4373.26,4373.35,16.0,2026-09-02 18:01:26
1788372087,4373.34,4373.34,4373.32,4373.32,2.0,2026-09-02 18:01:27
1788372088,4373.32,4373.4,4373.32,4373.36,10.0,2026-09-02 18:01:28
1788372089,4373.29,4373.29,4373.28,4373.28,2.0,2026-09-02 18:01:29
1788372090,4373.32,4373.32,4373.31,4373.31,2.0,2026-09-02 18:01:30
1788372091,4373.33,4373.33,4373.33,4373.33,1.0,2026-09-02 18:01:31
1788372092,4373.34,4373.34,4373.34,4373.34,1.0,2026-09-02 18:01:32
1788372093,4373.35,4373.57,4373.29,4373.47,12.0,2026-09-02 18:01:33
1788372094,4373.46,4373.46,4373.44,4373.45,3.0,2026-09-02 18:01:34
1788372095,4373.35,4373.35,4373.35,4373.35,1.0,2026-09-02 18:01:35
1788372096,4373.37,4373.65,4373.37,4373.65,13.0,2026-09-02 18:01:36
1788372097,4373.66,4373.81,4373.66,4373.75,6.0,2026-09-02 18:01:37
1788372098,4373.83,4373.84,4373.82,4373.82,5.0,2026-09-02 18:01:38
1788372099,4373.75,4373.78,4373.74,4373.78,7.0,2026-09-02 18:01:39
1788372100,4373.8,4373.88,4373.75,4373.86,7.0,2026-09-02 18:01:40
1788372101,4373.7,4373.7,4373.68,4373.68,3.0,2026-09-02 18:01:41
1788372102,4373.77,4373.86,4373.77,4373.86,4.0,2026-09-02 18:01:42
1788372103,4373.94,4373.94,4373.9,4373.9,5.0,2026-09-02 18:01:43
1788372104,4373.9,4373.97,4373.9,4373.95,4.0,2026-09-02 18:01:44
1788372105,4373.9,4373.9,4373.77,4373.78,7.0,2026-09-02 18:01:45
1788372106,4373.77,4373.77,4373.71,4373.72,4.0,2026-09-02 18:01:46
1788372107,4373.72,4373.72,4373.64,4373.64,5.0,2026-09-02 18:01:47
1788372108,4373.64,4373.7,4373.64,4373.7,8.0,2026-09-02 18:01:48
1788372109,4373.68,4373.72,4373.64,4373.69,11.0,2026-09-02 18:01:49
1788372110,4373.7,4373.7,4373.7,4373.7,1.0,2026-09-02 18:01:50
1788372111,4373.68,4373.68,4373.6,4373.6,4.0,2026-09-02 18:01:51
1788372112,4373.6,4373.61,4373.6,4373.61,3.0,2026-09-02 18:01:52
1788372113,4373.61,4373.61,4373.43,4373.45,15.0,2026-09-02 18:01:53
1788372114,4373.43,4373.43,4373.43,4373.43,1.0,2026-09-02 18:01:54
1788372115,4373.41,4373.41,4373.41,4373.41,1.0,2026-09-02 18:01:55
1788372116,4372.99,4373.0,4372.88,4372.88,5.0,2026-09-02 18:01:56
1788372117,4372.75,4372.75,4372.75,4372.75,1.0,2026-09-02 18:01:57
1788372118,4372.55,4372.56,4372.52,4372.56,5.0,2026-09-02 18:01:58
1788372119,4372.4,4372.4,4372.35,4372.36,3.0,2026-09-02 18:01:59
1788372120,4372.41,4372.41,4372.16,4372.22,9.0,2026-09-02 18:02:00
1788372121,4372.5,4372.51,4372.48,4372.48,3.0,2026-09-02 18:02:01
1788372122,4372.46,4372.47,4372.45,4372.47,7.0,2026-09-02 18:02:02
1788372123,4372.5,4372.58,4372.5,4372.58,4.0,2026-09-02 18:02:03
1788372124,4372.5,4372.5,4372.48,4372.5,3.0,2026-09-02 18:02:04
1788372125,4372.49,4372.7,4372.49,4372.66,10.0,2026-09-02 18:02:05
1788372126,4372.61,4372.64,4372.6,4372.64,4.0,2026-09-02 18:02:06
1788372127,4372.67,4372.67,4372.6,4372.6,5.0,2026-09-02 18:02:07
1788372128,4372.61,4372.61,4372.59,4372.59,2.0,2026-09-02 18:02:08
1788372129,4372.6,4372.6,4372.45,4372.45,12.0,2026-09-02 18:02:09
1788372130,4372.45,4372.57,4372.45,4372.55,6.0,2026-09-02 18:02:10
1788372131,4372.54,4372.66,4372.54,4372.66,7.0,2026-09-02 18:02:11
1788372132,4372.65,4372.65,4372.65,4372.65,1.0,2026-09-02 18:02:12
1788372133,4372.66,4372.76,4372.66,4372.76,7.0,2026-09-02 18:02:13
1788372134,4372.73,4372.73,4372.71,4372.72,3.0,2026-09-02 18:02:14
1788372135,4372.71,4372.79,4372.71,4372.79,5.0,2026-09-02 18:02:15
1788372136,4372.78,4372.78,4372.78,4372.78,1.0,2026-09-02 18:02:16
1788372137,4372.85,4372.85,4372.85,4372.85,1.0,2026-09-02 18:02:17
1788372138,4373.04,4373.22,4373.04,4373.21,10.0,2026-09-02 18:02:18
1788372139,4373.22,4373.23,4373.22,4373.23,2.0,2026-09-02 18:02:19
1788372140,4373.3,4373.31,4373.29,4373.31,4.0,2026-09-02 18:02:20
1788372141,4373.31,4373.31,4373.3,4373.3,2.0,2026-09-02 18:02:21
1788372142,4373.31,4373.32,4373.29,4373.29,4.0,2026-09-02 18:02:22
1788372143,4373.3,4373.31,4373.3,4373.3,3.0,2026-09-02 18:02:23
1788372144,4373.42,4373.42,4373.42,4373.42,1.0,2026-09-02 18:02:24
1788372145,4373.44,4373.45,4373.33,4373.35,7.0,2026-09-02 18:02:25
1788372146,4373.42,4373.53,4373.42,4373.53,5.0,2026-09-02 18:02:26
1788372147,4373.52,4373.59,4373.52,4373.59,4.0,2026-09-02 18:02:27
1788372148,4373.57,4373.69,4373.57,4373.69,8.0,2026-09-02 18:02:28
1788372149,4373.69,4373.71,4373.69,4373.7,4.0,2026-09-02 18:02:29
1788372150,4373.69,4373.69,4373.69,4373.69,1.0,2026-09-02 18:02:30
1788372151,4373.67,4373.7,4373.54,4373.54,10.0,2026-09-02 18:02:31
1788372152,4373.5,4373.5,4373.43,4373.44,6.0,2026-09-02 18:02:32
1788372153,4373.42,4373.59,4373.42,4373.58,4.0,2026-09-02 18:02:33
1788372154,4373.57,4373.68,4373.57,4373.68,7.0,2026-09-02 18:02:34
1788372155,4373.68,4373.72,4373.68,4373.72,3.0,2026-09-02 18:02:35
1788372156,4373.68,4373.89,4373.68,4373.87,15.0,2026-09-02 18:02:36
1788372157,4373.87,4373.89,4373.87,4373.89,2.0,2026-09-02 18:02:37
1788372158,4373.99,4373.99,4373.99,4373.99,1.0,2026-09-02 18:02:38
1788372159,4373.99,4374.01,4373.91,4373.91,5.0,2026-09-02 18:02:39
1788372160,4373.9,4373.9,4373.9,4373.9,1.0,2026-09-02 18:02:40
1788372161,4374.38,4374.38,4374.37,4374.38,3.0,2026-09-02 18:02:41
1788372162,4374.2,4374.32,4374.2,4374.32,4.0,2026-09-02 18:02:42
1788372163,4374.34,4374.34,4374.25,4374.25,3.0,2026-09-02 18:02:43
1788372164,4373.95,4373.95,4373.93,4373.93,2.0,2026-09-02 18:02:44
1788372165,4373.87,4373.87,4373.87,4373.87,1.0,2026-09-02 18:02:45
1788372166,4373.85,4373.85,4373.85,4373.85,1.0,2026-09-02 18:02:46
1788372167,4373.85,4373.92,4373.85,4373.92,5.0,2026-09-02 18:02:47
1788372168,4373.86,4373.88,4373.86,4373.86,4.0,2026-09-02 18:02:48
1788372169,4373.93,4373.99,4373.93,4373.95,8.0,2026-09-02 18:02:49
1788372170,4373.98,4374.02,4373.98,4374.01,5.0,2026-09-02 18:02:50
1788372171,4374.02,4374.1,4374.0,4374.1,8.0,2026-09-02 18:02:51
1788372172,4374.1,4374.17,4374.1,4374.17,5.0,2026-09-02 18:02:52
1788372173,4374.17,4374.18,4374.1,4374.12,5.0,2026-09-02 18:02:53
1788372174,4374.12,4374.12,4374.06,4374.07,5.0,2026-09-02 18:02:54
1788372175,4374.02,4374.02,4373.96,4373.97,8.0,2026-09-02 18:02:55
1788372176,4373.97,4374.08,4373.94,4373.94,8.0,2026-09-02 18:02:56
1788372177,4373.88,4373.9,4373.83,4373.87,14.0,2026-09-02 18:02:57
1788372178,4373.89,4373.92,4373.87,4373.89,5.0,2026-09-02 18:02:58
1788372179,4373.87,4373.9,4373.87,4373.89,4.0,2026-09-02 18:02:59
1788372180,4373.88,4373.88,4373.88,4373.88,1.0,2026-09-02 18:03:00
1788372181,4374.11,4374.15,4373.93,4374.15,16.0,2026-09-02 18:03:01
1788372182,4374.13,4374.14,4374.13,4374.14,2.0,2026-09-02 18:03:02
1788372183,4374.43,4374.46,4374.43,4374.44,3.0,2026-09-02 18:03:03
1788372184,4374.36,4374.4,4374.36,4374.36,4.0,2026-09-02 18:03:04
1788372185,4374.37,4374.37,4374.32,4374.34,5.0,2026-09-02 18:03:05
1788372186,4374.34,4374.4,4374.34,4374.4,4.0,2026-09-02 18:03:06
1788372187,4374.41,4374.6,4374.41,4374.51,8.0,2026-09-02 18:03:07
1788372188,4374.52,4374.55,4374.52,4374.55,5.0,2026-09-02 18:03:08
1788372189,4374.52,4374.82,4374.52,4374.82,13.0,2026-09-02 18:03:09
1788372190,4374.77,4374.77,4374.61,4374.61,4.0,2026-09-02 18:03:10
1788372191,4374.58,4374.61,4374.58,4374.61,4.0,2026-09-02 18:03:11
1788372192,4374.58,4374.58,4374.45,4374.45,8.0,2026-09-02 18:03:12
1788372193,4374.42,4374.46,4374.42,4374.46,3.0,2026-09-02 18:03:13
1788372194,4374.45,4374.45,4374.45,4374.45,1.0,2026-09-02 18:03:14
1788372195,4374.46,4374.57,4374.46,4374.55,5.0,2026-09-02 18:03:15
1788372196,4374.54,4374.54,4374.46,4374.46,11.0,2026-09-02 18:03:16
1788372197,4374.47,4374.5,4374.44,4374.47,7.0,2026-09-02 18:03:17
1788372198,4374.46,4374.55,4374.46,4374.55,6.0,2026-09-02 18:03:18
1788372199,4374.57,4374.58,4374.57,4374.58,3.0,2026-09-02 18:03:19
1788372200,4374.68,4374.68,4374.68,4374.68,1.0,2026-09-02 18:03:20
1788372201,4374.7,4374.7,4374.7,4374.7,1.0,2026-09-02 18:03:21
1788372202,4375.08,4375.24,4375.08,4375.24,4.0,2026-09-02 18:03:22
1788372203,4375.25,4375.37,4375.25,4375.37,4.0,2026-09-02 18:03:23
1788372204,4375.5,4375.5,4375.5,4375.5,1.0,2026-09-02 18:03:24
1788372205,4375.73,4375.74,4375.69,4375.72,7.0,2026-09-02 18:03:25
1788372206,4375.72,4376.02,4375.72,4376.02,6.0,2026-09-02 18:03:26
1788372207,4376.02,4376.1,4375.97,4376.1,8.0,2026-09-02 18:03:27
1788372208,4376.06,4376.16,4376.06,4376.16,7.0,2026-09-02 18:03:28
1788372209,4376.17,4376.17,4376.08,4376.13,9.0,2026-09-02 18:03:29
1788372210,4376.14,4376.33,4376.13,4376.33,12.0,2026-09-02 18:03:30
1788372211,4376.22,4376.22,4376.14,4376.16,8.0,2026-09-02 18:03:31
1788372212,4376.07,4376.07,4376.06,4376.06,2.0,2026-09-02 18:03:32
1788372213,4376.07,4376.07,4375.87,4375.87,10.0,2026-09-02 18:03:33
1788372214,4375.88,4375.89,4375.86,4375.89,5.0,2026-09-02 18:03:34
1788372215,4376.04,4376.04,4376.0,4376.02,7.0,2026-09-02 18:03:35
1788372216,4376.01,4376.02,4375.97,4376.02,8.0,2026-09-02 18:03:36
1788372217,4376.03,4376.03,4376.03,4376.03,1.0,2026-09-02 18:03:37
1788372218,4376.04,4376.04,4376.04,4376.04,1.0,2026-09-02 18:03:38
1788372219,4375.85,4375.88,4375.85,4375.88,3.0,2026-09-02 18:03:39
1788372220,4375.87,4375.87,4375.84,4375.85,3.0,2026-09-02 18:03:40
1788372221,4375.8,4375.8,4375.74,4375.74,5.0,2026-09-02 18:03:41
1788372222,4375.69,4375.69,4375.58,4375.6,7.0,2026-09-02 18:03:42
1788372223,4375.59,4375.59,4375.59,4375.59,1.0,2026-09-02 18:03:43
1788372224,4375.59,4375.59,4375.59,4375.59,1.0,2026-09-02 18:03:44
1788372225,4375.61,4375.61,4375.6,4375.6,2.0,2026-09-02 18:03:45
1788372226,4375.62,4375.62,4375.59,4375.59,3.0,2026-09-02 18:03:46
1788372227,4375.61,4375.61,4375.61,4375.61,1.0,2026-09-02 18:03:47
1788372228,4375.62,4375.63,4375.62,4375.63,2.0,2026-09-02 18:03:48
1788372229,4375.74,4375.79,4375.74,4375.79,4.0,2026-09-02 18:03:49
1788372230,4375.8,4375.83,4375.8,4375.82,5.0,2026-09-02 18:03:50
1788372231,4375.83,4375.83,4375.81,4375.83,6.0,2026-09-02 18:03:51
1788372232,4375.8,4375.81,4375.66,4375.75,16.0,2026-09-02 18:03:52
1788372233,4375.76,4375.76,4375.72,4375.76,5.0,2026-09-02 18:03:53
1788372234,4375.79,4375.79,4375.66,4375.66,5.0,2026-09-02 18:03:54
1788372235,4375.61,4375.63,4375.61,4375.63,2.0,2026-09-02 18:03:55
1788372236,4375.63,4375.63,4375.5,4375.52,7.0,2026-09-02 18:03:56
1788372237,4375.49,4375.49,4375.49,4375.49,1.0,2026-09-02 18:03:57
1788372238,4375.41,4375.41,4375.33,4375.33,13.0,2026-09-02 18:03:58
1788372239,4375.34,4375.34,4375.28,4375.28,6.0,2026-09-02 18:03:59
1788372240,4375.27,4375.27,4375.13,4375.13,7.0,2026-09-02 18:04:00
1788372241,4375.14,4375.14,4375.12,4375.12,2.0,2026-09-02 18:04:01
1788372242,4375.23,4375.23,4375.18,4375.18,4.0,2026-09-02 18:04:02
1788372243,4375.23,4375.24,4375.23,4375.24,2.0,2026-09-02 18:04:03
1788372244,4375.23,4375.23,4375.17,4375.17,5.0,2026-09-02 18:04:04
1788372245,4375.0,4375.0,4374.98,4374.98,2.0,2026-09-02 18:04:05
1788372246,4375.06,4375.06,4375.03,4375.03,4.0,2026-09-02 18:04:06
1788372247,4375.05,4375.05,4375.05,4375.05,1.0,2026-09-02 18:04:07
1788372248,4375.04,4375.24,4375.04,4375.08,13.0,2026-09-02 18:04:08
1788372249,4375.13,4375.13,4375.05,4375.09,8.0,2026-09-02 18:04:09
1788372250,4375.08,4375.08,4375.03,4375.03,4.0,2026-09-02 18:04:10
1788372251,4375.02,4375.17,4375.02,4375.17,6.0,2026-09-02 18:04:11
1788372252,4375.29,4375.44,4375.29,4375.43,12.0,2026-09-02 18:04:12
1788372253,4375.42,4375.8,4375.42,4375.8,16.0,2026-09-02 18:04:13
1788372254,4375.82,4375.92,4375.81,4375.85,10.0,2026-09-02 18:04:14
1788372255,4375.84,4375.84,4375.79,4375.81,6.0,2026-09-02 18:04:15
1788372256,4375.79,4375.83,4375.61,4375.61,17.0,2026-09-02 18:04:16
1788372257,4375.62,4375.62,4375.53,4375.53,7.0,2026-09-02 18:04:17
1788372258,4375.51,4375.51,4375.5,4375.51,3.0,2026-09-02 18:04:18
1788372259,4375.51,4375.51,4375.44,4375.46,8.0,2026-09-02 18:04:19
1788372260,4375.46,4375.46,4375.45,4375.45,2.0,2026-09-02 18:04:20
1788372261,4375.47,4375.47,4375.47,4375.47,1.0,2026-09-02 18:04:21
1788372262,4375.42,4375.42,4375.42,4375.42,1.0,2026-09-02 18:04:22
1788372263,4374.9,4374.91,4374.9,4374.9,3.0,2026-09-02 18:04:23
1788372264,4374.92,4374.92,4374.92,4374.92,1.0,2026-09-02 18:04:24
1788372265,4375.06,4375.17,4375.03,4375.17,7.0,2026-09-02 18:04:25
1788372266,4375.1,4375.1,4375.09,4375.09,2.0,2026-09-02 18:04:26
1788372267,4375.05,4375.05,4374.99,4374.99,4.0,2026-09-02 18:04:27
1788372268,4374.95,4374.95,4374.92,4374.93,5.0,2026-09-02 18:04:28
1788372269,4374.85,4374.85,4374.83,4374.83,2.0,2026-09-02 18:04:29
1788372270,4374.81,4374.82,4374.73,4374.73,6.0,2026-09-02 18:04:30
1788372271,4374.69,4374.69,4374.56,4374.56,8.0,2026-09-02 18:04:31
1788372272,4374.5,4374.51,4374.5,4374.51,2.0,2026-09-02 18:04:32
1788372273,4374.44,4374.48,4374.44,4374.45,6.0,2026-09-02 18:04:33
1788372274,4374.45,4374.52,4374.45,4374.48,5.0,2026-09-02 18:04:34
1788372275,4374.45,4374.45,4374.44,4374.44,2.0,2026-09-02 18:04:35
1788372276,4374.44,4374.44,4374.44,4374.44,3.0,2026-09-02 18:04:36
1788372277,4374.49,4374.53,4374.44,4374.53,12.0,2026-09-02 18:04:37
1788372278,4374.54,4374.54,4374.54,4374.54,1.0,2026-09-02 18:04:38
1788372279,4374.82,4374.83,4374.79,4374.81,5.0,2026-09-02 18:04:39
1788372280,4374.79,4374.79,4374.79,4374.79,1.0,2026-09-02 18:04:40
1788372281,4374.69,4374.69,4374.59,4374.59,6.0,2026-09-02 18:04:41
1788372282,4374.63,4374.71,4374.63,4374.71,3.0,2026-09-02 18:04:42
1788372283,4374.72,4374.73,4374.72,4374.73,3.0,2026-09-02 18:04:43
1788372284,4374.74,4374.75,4374.74,4374.74,3.0,2026-09-02 18:04:44
1788372285,4374.74,4374.74,4374.67,4374.68,7.0,2026-09-02 18:04:45
1788372286,4374.68,4374.69,4374.68,4374.69,2.0,2026-09-02 18:04:46
1788372287,4374.69,4374.7,4374.69,4374.7,4.0,2026-09-02 18:04:47
1788372288,4374.67,4374.72,4374.51,4374.72,8.0,2026-09-02 18:04:48
1788372289,4374.74,4374.74,4374.66,4374.68,7.0,2026-09-02 18:04:49
1788372290,4374.64,4374.64,4374.59,4374.59,6.0,2026-09-02 18:04:50
1788372291,4374.6,4374.62,4374.6,4374.62,2.0,2026-09-02 18:04:51
1788372292,4374.77,4374.86,4374.77,4374.86,4.0,2026-09-02 18:04:52
1788372293,4374.86,4374.86,4374.86,4374.86,1.0,2026-09-02 18:04:53
1788372294,4374.86,4374.87,4374.86,4374.86,4.0,2026-09-02 18:04:54
1788372295,4374.68,4374.68,4374.68,4374.68,1.0,2026-09-02 18:04:55
1788372296,4374.66,4374.66,4374.66,4374.66,1.0,2026-09-02 18:04:56
1788372297,4374.66,4375.0,4374.66,4374.99,10.0,2026-09-02 18:04:57
1788372298,4374.97,4375.0,4374.96,4374.99,5.0,2026-09-02 18:04:58
1788372299,4375.02,4375.02,4375.02,4375.02,1.0,2026-09-02 18:04:59
1788372300,4375.01,4375.01,4374.93,4374.93,4.0,2026-09-02 18:05:00
1788372301,4374.91,4374.91,4374.85,4374.85,6.0,2026-09-02 18:05:01
1788372302,4374.85,4374.85,4374.71,4374.71,6.0,2026-09-02 18:05:02
1788372303,4374.7,4374.7,4374.67,4374.67,4.0,2026-09-02 18:05:03
1788372304,4374.62,4374.63,4374.6,4374.63,4.0,2026-09-02 18:05:04
1788372305,4374.78,4374.78,4374.69,4374.71,7.0,2026-09-02 18:05:05
1788372306,4374.72,4374.93,4374.71,4374.88,9.0,2026-09-02 18:05:06
1788372307,4374.82,4374.86,4374.8,4374.83,10.0,2026-09-02 18:05:07
1788372308,4374.83,4374.84,4374.83,4374.84,2.0,2026-09-02 18:05:08
1788372309,4374.83,4374.84,4374.83,4374.84,4.0,2026-09-02 18:05:09
1788372310,4374.78,4374.78,4374.77,4374.78,3.0,2026-09-02 18:05:10
1788372311,4374.79,4374.79,4374.68,4374.68,4.0,2026-09-02 18:05:11
1788372312,4374.61,4374.61,4374.57,4374.57,3.0,2026-09-02 18:05:12
1788372313,4374.54,4374.65,4374.52,4374.61,11.0,2026-09-02 18:05:13
1788372314,4374.62,4374.66,4374.62,4374.66,10.0,2026-09-02 18:05:14
1788372315,4374.66,4374.76,4374.66,4374.76,3.0,2026-09-02 18:05:15
1788372316,4374.76,4374.76,4374.35,4374.36,9.0,2026-09-02 18:05:16
1788372317,4374.34,4374.34,4374.34,4374.34,1.0,2026-09-02 18:05:17
1788372318,4374.15,4374.16,4374.15,4374.16,2.0,2026-09-02 18:05:18
1788372319,4374.14,4374.28,4374.14,4374.25,11.0,2026-09-02 18:05:19
1788372320,4374.26,4374.26,4374.26,4374.26,1.0,2026-09-02 18:05:20
1788372321,4374.35,4374.35,4374.33,4374.33,2.0,2026-09-02 18:05:21
1788372322,4374.34,4374.39,4374.34,4374.39,5.0,2026-09-02 18:05:22
1788372323,4374.41,4374.41,4374.41,4374.41,1.0,2026-09-02 18:05:23
1788372324,4374.37,4374.37,4374.34,4374.35,4.0,2026-09-02 18:05:24
1788372325,4374.37,4374.38,4374.32,4374.32,5.0,2026-09-02 18:05:25
1788372326,4374.32,4374.7,4374.32,4374.7,11.0,2026-09-02 18:05:26
1788372327,4374.66,4374.75,4374.66,4374.72,7.0,2026-09-02 18:05:27
1788372328,4374.9,4374.9,4374.9,4374.9,1.0,2026-09-02 18:05:28
1788372329,4375.02,4375.09,4374.79,4374.82,16.0,2026-09-02 18:05:29
1788372330,4374.95,4374.98,4374.95,4374.98,4.0,2026-09-02 18:05:30
1788372331,4374.9,4374.9,4374.8,4374.81,12.0,2026-09-02 18:05:31
1788372332,4374.88,4374.94,4374.82,4374.89,11.0,2026-09-02 18:05:32
1788372333,4374.94,4374.96,4374.86,4374.86,12.0,2026-09-02 18:05:33
1788372334,4374.91,4374.91,4374.73,4374.82,17.0,2026-09-02 18:05:34
1788372335,4374.82,4374.84,4374.78,4374.78,13.0,2026-09-02 18:05:35
1788372336,4374.78,4374.93,4374.74,4374.91,15.0,2026-09-02 18:05:36
1788372337,4374.92,4374.92,4374.92,4374.92,1.0,2026-09-02 18:05:37
1788372338,4374.87,4374.87,4374.87,4374.87,1.0,2026-09-02 18:05:38
1788372339,4374.88,4374.89,4374.88,4374.89,2.0,2026-09-02 18:05:39
1788372340,4374.93,4374.93,4374.93,4374.93,1.0,2026-09-02 18:05:40
1788372341,4375.19,4375.23,4375.19,4375.23,6.0,2026-09-02 18:05:41
1788372342,4375.24,4375.24,4375.24,4375.24,2.0,2026-09-02 18:05:42
1788372343,4375.24,4375.24,4375.24,4375.24,1.0,2026-09-02 18:05:43
1788372344,4375.24,4375.24,4375.22,4375.24,3.0,2026-09-02 18:05:44
1788372345,4375.24,4375.24,4375.24,4375.24,1.0,2026-09-02 18:05:45
1788372346,4375.14,4375.14,4375.14,4375.14,1.0,2026-09-02 18:05:46
1788372347,4375.22,4375.22,4375.22,4375.22,1.0,2026-09-02 18:05:47
1788372348,4375.22,4375.24,4375.22,4375.24,4.0,2026-09-02 18:05:48
1788372349,4375.25,4375.44,4375.25,4375.43,4.0,2026-09-02 18:05:49
1788372350,4375.37,4375.57,4375.28,4375.57,19.0,2026-09-02 18:05:50
1788372351,4375.52,4375.54,4375.18,4375.23,16.0,2026-09-02 18:05:51
1788372352,4375.33,4375.34,4375.33,4375.34,2.0,2026-09-02 18:05:52
1788372353,4375.32,4375.4,4375.32,4375.4,9.0,2026-09-02 18:05:53
1788372354,4375.41,4375.41,4375.23,4375.23,12.0,2026-09-02 18:05:54
1788372355,4375.15,4375.23,4375.14,4375.23,8.0,2026-09-02 18:05:55
1788372356,4375.22,4375.23,4375.12,4375.12,6.0,2026-09-02 18:05:56
1788372357,4375.11,4375.21,4375.1,4375.21,9.0,2026-09-02 18:05:57
1788372358,4375.19,4375.19,4375.17,4375.17,3.0,2026-09-02 18:05:58
1788372359,4375.18,4375.2,4375.16,4375.2,4.0,2026-09-02 18:05:59
1788372360,4375.21,4375.21,4375.18,4375.18,3.0,2026-09-02 18:06:00
1788372361,4375.28,4375.28,4375.28,4375.28,1.0,2026-09-02 18:06:01
1788372362,4375.46,4375.53,4375.46,4375.51,7.0,2026-09-02 18:06:02
1788372363,4375.61,4375.61,4375.61,4375.61,1.0,2026-09-02 18:06:03
1788372364,4375.54,4375.59,4375.54,4375.59,4.0,2026-09-02 18:06:04
1788372365,4375.7,4375.7,4375.63,4375.64,5.0,2026-09-02 18:06:05
1788372366,4375.55,4375.55,4375.52,4375.54,4.0,2026-09-02 18:06:06
1788372367,4375.31,4375.31,4375.31,4375.31,1.0,2026-09-02 18:06:07
1788372368,4375.26,4375.26,4375.21,4375.24,7.0,2026-09-02 18:06:08
1788372369,4375.25,4375.29,4375.23,4375.29,5.0,2026-09-02 18:06:09
1788372370,4375.3,4375.32,4375.3,4375.3,4.0,2026-09-02 18:06:10
1788372371,4375.35,4375.39,4375.34,4375.34,7.0,2026-09-02 18:06:11
1788372372,4375.36,4375.36,4375.32,4375.32,2.0,2026-09-02 18:06:12
1788372373,4375.31,4375.41,4375.28,4375.36,13.0,2026-09-02 18:06:13
1788372374,4375.3,4375.3,4375.25,4375.29,6.0,2026-09-02 18:06:14
1788372375,4375.29,4375.29,4375.22,4375.25,7.0,2026-09-02 18:06:15
1788372376,4375.25,4375.26,4375.23,4375.23,10.0,2026-09-02 18:06:16
1788372377,4375.26,4375.26,4375.16,4375.16,11.0,2026-09-02 18:06:17
1788372378,4375.17,4375.17,4375.17,4375.17,1.0,2026-09-02 18:06:18
1788372379,4375.21,4375.21,4375.21,4375.21,1.0,2026-09-02 18:06:19
1788372380,4375.3,4375.3,4375.2,4375.2,5.0,2026-09-02 18:06:20
1788372381,4375.18,4375.18,4375.18,4375.18,1.0,2026-09-02 18:06:21
1788372382,4375.21,4375.24,4375.21,4375.24,2.0,2026-09-02 18:06:22
1788372383,4375.15,4375.16,4375.15,4375.16,2.0,2026-09-02 18:06:23
1788372384,4375.15,4375.15,4375.15,4375.15,1.0,2026-09-02 18:06:24
1788372385,4375.2,4375.24,4375.2,4375.22,3.0,2026-09-02 18:06:25
1788372386,4375.23,4375.23,4375.21,4375.23,3.0,2026-09-02 18:06:26
1788372387,4375.22,4375.24,4375.22,4375.24,3.0,2026-09-02 18:06:27
1788372388,4375.29,4375.3,4375.29,4375.3,2.0,2026-09-02 18:06:28
1788372389,4375.31,4375.31,4375.31,4375.31,1.0,2026-09-02 18:06:29
1788372390,4375.28,4375.28,4375.28,4375.28,1.0,2026-09-02 18:06:30
1788372391,4375.24,4375.26,4375.24,4375.25,4.0,2026-09-02 18:06:31
1788372393,4375.23,4375.26,4375.23,4375.26,5.0,2026-09-02 18:06:33
1788372394,4375.26,4375.29,4375.26,4375.29,7.0,2026-09-02 18:06:34
1788372395,4375.29,4375.32,4375.29,4375.32,2.0,2026-09-02 18:06:35
1788372396,4375.31,4375.33,4375.28,4375.3,4.0,2026-09-02 18:06:36
1788372398,4375.31,4375.31,4375.31,4375.31,1.0,2026-09-02 18:06:38
1788372401,4375.32,4375.32,4375.32,4375.32,1.0,2026-09-02 18:06:41
1788372402,4375.3,4375.3,4375.3,4375.3,1.0,2026-09-02 18:06:42
1788372403,4375.29,4375.29,4375.29,4375.29,1.0,2026-09-02 18:06:43
1788372405,4375.27,4375.27,4375.27,4375.27,1.0,2026-09-02 18:06:45
1788372406,4374.9,4374.9,4374.69,4374.73,7.0,2026-09-02 18:06:46
1788372407,4374.74,4374.74,4374.57,4374.61,6.0,2026-09-02 18:06:47
1788372408,4374.71,4374.75,4374.71,4374.75,3.0,2026-09-02 18:06:48
1788372409,4374.74,4374.8,4374.74,4374.78,4.0,2026-09-02 18:06:49
1788372410,4374.78,4374.78,4374.78,4374.78,1.0,2026-09-02 18:06:50
1788372411,4374.78,4374.78,4374.78,4374.78,2.0,2026-09-02 18:06:51
1788372412,4375.01,4375.01,4374.9,4374.9,7.0,2026-09-02 18:06:52
1788372413,4374.88,4374.88,4374.71,4374.74,10.0,2026-09-02 18:06:53
1788372414,4374.74,4374.82,4374.74,4374.81,7.0,2026-09-02 18:06:54
1788372415,4374.84,4374.92,4374.84,4374.91,9.0,2026-09-02 18:06:55
1788372416,4374.92,4374.92,4374.83,4374.83,5.0,2026-09-02 18:06:56
1788372417,4374.84,4374.84,4374.76,4374.79,6.0,2026-09-02 18:06:57
1788372418,4374.8,4374.89,4374.63,4374.66,14.0,2026-09-02 18:06:58
1788372419,4374.63,4374.63,4374.63,4374.63,1.0,2026-09-02 18:06:59
1788372420,4374.44,4374.44,4374.43,4374.43,2.0,2026-09-02 18:07:00
1788372421,4374.38,4374.38,4374.38,4374.38,1.0,2026-09-02 18:07:01
1788372422,4374.42,4374.43,4374.42,4374.43,2.0,2026-09-02 18:07:02
1788372423,4374.47,4374.47,4374.47,4374.47,1.0,2026-09-02 18:07:03
1788372424,4374.48,4374.58,4374.48,4374.58,3.0,2026-09-02 18:07:04
1788372425,4374.62,4374.81,4374.62,4374.81,6.0,2026-09-02 18:07:05
1788372426,4374.8,4374.8,4374.8,4374.8,1.0,2026-09-02 18:07:06
1788372427,4374.81,4374.81,4374.77,4374.77,4.0,2026-09-02 18:07:07
1788372428,4374.53,4374.57,4374.5,4374.57,6.0,2026-09-02 18:07:08
1788372429,4374.52,4374.52,4374.27,4374.29,13.0,2026-09-02 18:07:09
1788372430,4374.29,4374.29,4374.26,4374.28,3.0,2026-09-02 18:07:10
1788372431,4374.28,4374.28,4374.24,4374.24,5.0,2026-09-02 18:07:11
1788372432,4374.22,4374.43,4374.22,4374.41,7.0,2026-09-02 18:07:12
1788372433,4374.34,4374.34,4374.3,4374.33,6.0,2026-09-02 18:07:13
1788372434,4374.34,4374.35,4374.32,4374.34,4.0,2026-09-02 18:07:14
1788372435,4374.33,4374.35,4374.25,4374.3,12.0,2026-09-02 18:07:15
1788372436,4374.3,4374.34,4374.3,4374.32,5.0,2026-09-02 18:07:16
1788372437,4374.33,4374.5,4374.33,4374.49,9.0,2026-09-02 18:07:17
1788372438,4374.49,4374.49,4374.45,4374.45,2.0,2026-09-02 18:07:18
1788372439,4374.37,4374.39,4374.37,4374.39,2.0,2026-09-02 18:07:19
1788372440,4374.48,4374.48,4374.48,4374.48,1.0,2026-09-02 18:07:20
1788372441,4374.49,4374.49,4374.47,4374.48,3.0,2026-09-02 18:07:21
1788372442,4374.26,4374.26,4374.21,4374.21,4.0,2026-09-02 18:07:22
1788372443,4374.22,4374.22,4374.19,4374.2,3.0,2026-09-02 18:07:23
1788372444,4374.67,4374.74,4374.67,4374.74,5.0,2026-09-02 18:07:24
1788372445,4374.73,4374.79,4374.73,4374.74,6.0,2026-09-02 18:07:25
1788372446,4374.76,4374.76,4374.67,4374.69,4.0,2026-09-02 18:07:26
1788372447,4374.62,4374.65,4374.59,4374.62,9.0,2026-09-02 18:07:27
1788372448,4374.64,4374.66,4374.62,4374.66,8.0,2026-09-02 18:07:28
1788372449,4374.68,4374.68,4374.66,4374.66,9.0,2026-09-02 18:07:29
1788372450,4374.64,4374.65,4374.6,4374.62,7.0,2026-09-02 18:07:30
1788372451,4374.62,4374.78,4374.62,4374.73,13.0,2026-09-02 18:07:31
1788372452,4374.75,4374.75,4374.72,4374.72,5.0,2026-09-02 18:07:32
1788372453,4374.72,4374.72,4374.72,4374.72,2.0,2026-09-02 18:07:33
1788372454,4374.71,4374.72,4374.64,4374.64,3.0,2026-09-02 18:07:34
1788372455,4374.65,4374.65,4374.65,4374.65,1.0,2026-09-02 18:07:35
1788372456,4374.57,4374.59,4374.57,4374.59,2.0,2026-09-02 18:07:36
1788372457,4374.6,4374.6,4374.6,4374.6,1.0,2026-09-02 18:07:37
1788372458,4374.52,4374.52,4374.52,4374.52,1.0,2026-09-02 18:07:38
1788372459,4374.54,4374.55,4374.54,4374.55,2.0,2026-09-02 18:07:39
1788372460,4374.48,4374.48,4374.46,4374.47,4.0,2026-09-02 18:07:40
1788372461,4374.43,4374.43,4374.34,4374.36,6.0,2026-09-02 18:07:41
1788372462,4374.38,4374.41,4374.36,4374.38,7.0,2026-09-02 18:07:42
1788372463,4374.43,4374.59,4374.43,4374.54,10.0,2026-09-02 18:07:43
1788372464,4374.54,4374.54,4374.54,4374.54,2.0,2026-09-02 18:07:44
1788372465,4374.54,4374.54,4374.53,4374.54,3.0,2026-09-02 18:07:45
1788372466,4374.59,4374.6,4374.58,4374.58,6.0,2026-09-02 18:07:46
1788372467,4374.61,4374.61,4374.53,4374.53,8.0,2026-09-02 18:07:47
1788372468,4374.52,4374.52,4374.43,4374.43,5.0,2026-09-02 18:07:48
1788372469,4374.47,4374.5,4374.43,4374.43,6.0,2026-09-02 18:07:49
1788372470,4374.42,4374.42,4374.33,4374.36,9.0,2026-09-02 18:07:50
1788372471,4374.35,4374.4,4374.35,4374.37,8.0,2026-09-02 18:07:51
1788372472,4374.38,4374.38,4374.2,4374.36,16.0,2026-09-02 18:07:52
1788372473,4374.36,4374.36,4374.36,4374.36,2.0,2026-09-02 18:07:53
1788372474,4374.36,4374.84,4374.35,4374.84,15.0,2026-09-02 18:07:54
1788372475,4374.84,4374.84,4374.84,4374.84,2.0,2026-09-02 18:07:55
1788372476,4374.67,4374.67,4374.66,4374.66,2.0,2026-09-02 18:07:56
1788372477,4374.62,4374.63,4374.62,4374.62,3.0,2026-09-02 18:07:57
1788372478,4374.87,4374.87,4374.87,4374.87,1.0,2026-09-02 18:07:58
1788372479,4374.81,4374.83,4374.81,4374.83,2.0,2026-09-02 18:07:59
1788372480,4374.69,4374.69,4374.69,4374.69,1.0,2026-09-02 18:08:00
1788372481,4374.64,4374.65,4374.64,4374.65,2.0,2026-09-02 18:08:01
1788372482,4374.64,4374.64,4374.63,4374.63,2.0,2026-09-02 18:08:02
1788372483,4374.63,4374.63,4374.59,4374.62,6.0,2026-09-02 18:08:03
1788372484,4374.63,4374.63,4374.55,4374.55,5.0,2026-09-02 18:08:04
1788372485,4374.53,4374.53,4374.43,4374.47,8.0,2026-09-02 18:08:05
1788372486,4374.49,4374.49,4374.49,4374.49,1.0,2026-09-02 18:08:06
1788372487,4374.38,4374.4,4374.34,4374.34,5.0,2026-09-02 18:08:07
1788372488,4374.14,4374.18,4374.09,4374.18,11.0,2026-09-02 18:08:08
1788372489,4374.15,4374.15,4374.07,4374.08,11.0,2026-09-02 18:08:09
1788372490,4374.08,4374.08,4374.06,4374.06,6.0,2026-09-02 18:08:10
1788372491,4374.07,4374.07,4373.85,4373.85,6.0,2026-09-02 18:08:11
1788372492,4373.85,4373.85,4373.78,4373.78,9.0,2026-09-02 18:08:12
1788372493,4373.76,4373.76,4373.76,4373.76,1.0,2026-09-02 18:08:13
1788372494,4373.76,4373.78,4373.76,4373.78,3.0,2026-09-02 18:08:14
1788372495,4373.78,4373.78,4373.78,4373.78,1.0,2026-09-02 18:08:15
1788372496,4373.76,4373.77,4373.76,4373.77,2.0,2026-09-02 18:08:16
1788372497,4373.81,4373.9,4373.81,4373.9,5.0,2026-09-02 18:08:17
1788372498,4373.97,4373.97,4373.92,4373.92,3.0,2026-09-02 18:08:18
1788372499,4373.9,4373.92,4373.9,4373.91,4.0,2026-09-02 18:08:19
1788372500,4374.1,4374.21,4374.02,4374.21,8.0,2026-09-02 18:08:20
1788372501,4374.4,4374.47,4374.34,4374.42,10.0,2026-09-02 18:08:21
1788372502,4374.44,4374.44,4374.33,4374.33,6.0,2026-09-02 18:08:22
1788372503,4374.21,4374.21,4374.21,4374.21,1.0,2026-09-02 18:08:23
1788372504,4374.2,4374.2,4374.19,4374.19,3.0,2026-09-02 18:08:24
1788372505,4374.21,4374.21,4374.07,4374.14,8.0,2026-09-02 18:08:25
1788372506,4374.14,4374.14,4374.02,4374.02,8.0,2026-09-02 18:08:26
1788372507,4374.04,4374.04,4374.0,4374.01,4.0,2026-09-02 18:08:27
1788372508,4374.02,4374.03,4373.95,4373.95,6.0,2026-09-02 18:08:28
1788372509,4373.95,4374.0,4373.95,4374.0,6.0,2026-09-02 18:08:29
1788372510,4374.0,4374.05,4373.99,4374.04,11.0,2026-09-02 18:08:30
1788372511,4374.02,4374.25,4374.02,4374.14,13.0,2026-09-02 18:08:31
1788372512,4374.11,4374.12,4374.11,4374.12,2.0,2026-09-02 18:08:32
1788372513,4374.04,4374.04,4373.99,4373.99,3.0,2026-09-02 18:08:33
1788372514,4373.97,4373.99,4373.96,4373.99,4.0,2026-09-02 18:08:34
1788372515,4373.96,4373.97,4373.95,4373.96,4.0,2026-09-02 18:08:35
1788372516,4373.78,4373.8,4373.78,4373.8,2.0,2026-09-02 18:08:36
1788372517,4373.65,4373.66,4373.65,4373.66,2.0,2026-09-02 18:08:37
1788372518,4373.73,4373.73,4373.73,4373.73,1.0,2026-09-02 18:08:38
1788372519,4373.67,4373.67,4373.65,4373.65,2.0,2026-09-02 18:08:39
1788372520,4373.78,4373.78,4373.72,4373.72,6.0,2026-09-02 18:08:40
1788372521,4373.69,4373.76,4373.69,4373.76,3.0,2026-09-02 18:08:41
1788372522,4373.7,4373.7,4373.6,4373.61,10.0,2026-09-02 18:08:42
1788372523,4373.56,4373.59,4373.56,4373.59,7.0,2026-09-02 18:08:43
1788372524,4373.54,4373.54,4373.45,4373.47,8.0,2026-09-02 18:08:44
1788372525,4373.46,4373.46,4373.46,4373.46,1.0,2026-09-02 18:08:45
1788372526,4373.45,4373.45,4373.45,4373.45,1.0,2026-09-02 18:08:46
1788372527,4373.46,4373.61,4373.42,4373.59,11.0,2026-09-02 18:08:47
1788372528,4373.6,4373.6,4373.6,4373.6,1.0,2026-09-02 18:08:48
1788372529,4373.57,4373.57,4373.57,4373.57,2.0,2026-09-02 18:08:49
1788372530,4373.57,4373.57,4373.53,4373.53,2.0,2026-09-02 18:08:50
1788372531,4373.52,4373.52,4373.52,4373.52,2.0,2026-09-02 18:08:51
1788372532,4373.4,4373.4,4373.4,4373.4,1.0,2026-09-02 18:08:52
1788372533,4373.46,4373.47,4373.42,4373.42,4.0,2026-09-02 18:08:53
1788372534,4373.46,4373.49,4373.46,4373.49,5.0,2026-09-02 18:08:54
1788372535,4373.57,4373.57,4373.57,4373.57,1.0,2026-09-02 18:08:55
1788372536,4373.62,4373.67,4373.62,4373.67,5.0,2026-09-02 18:08:56
1788372537,4373.65,4373.66,4373.62,4373.66,3.0,2026-09-02 18:08:57
1788372538,4373.65,4373.76,4373.63,4373.74,8.0,2026-09-02 18:08:58
1788372539,4373.74,4373.74,4373.73,4373.73,4.0,2026-09-02 18:08:59
1788372540,4373.72,4374.08,4373.72,4374.08,10.0,2026-09-02 18:09:00
1788372541,4374.02,4374.07,4374.02,4374.07,6.0,2026-09-02 18:09:01
1788372542,4374.14,4374.17,4374.11,4374.11,8.0,2026-09-02 18:09:02
1788372543,4374.04,4374.04,4374.01,4374.01,3.0,2026-09-02 18:09:03
1788372544,4374.01,4374.05,4374.0,4374.05,6.0,2026-09-02 18:09:04
1788372545,4374.06,4374.06,4374.01,4374.04,9.0,2026-09-02 18:09:05
1788372546,4374.03,4374.04,4373.98,4373.98,6.0,2026-09-02 18:09:06
1788372547,4373.99,4374.0,4373.98,4374.0,4.0,2026-09-02 18:09:07
1788372548,4374.0,4374.0,4374.0,4374.0,1.0,2026-09-02 18:09:08
1788372549,4373.98,4373.98,4373.98,4373.98,1.0,2026-09-02 18:09:09
1788372550,4373.95,4373.95,4373.94,4373.94,2.0,2026-09-02 18:09:10
1788372551,4373.92,4373.92,4373.92,4373.92,1.0,2026-09-02 18:09:11
1788372552,4373.94,4373.94,4373.94,4373.94,1.0,2026-09-02 18:09:12
1788372553,4373.93,4373.93,4373.93,4373.93,1.0,2026-09-02 18:09:13
1788372554,4373.73,4373.75,4373.73,4373.74,3.0,2026-09-02 18:09:14
1788372555,4373.74,4373.74,4373.73,4373.73,3.0,2026-09-02 18:09:15
1788372556,4373.73,4373.74,4373.73,4373.74,2.0,2026-09-02 18:09:16
1788372557,4373.74,4373.75,4373.74,4373.75,2.0,2026-09-02 18:09:17
1788372558,4373.74,4373.74,4373.74,4373.74,1.0,2026-09-02 18:09:18
1788372559,4373.74,4373.74,4373.73,4373.73,2.0,2026-09-02 18:09:19
1788372560,4373.61,4373.61,4373.57,4373.57,4.0,2026-09-02 18:09:20
1788372561,4373.74,4373.87,4373.74,4373.83,12.0,2026-09-02 18:09:21
1788372562,4373.8,4373.81,4373.78,4373.81,6.0,2026-09-02 18:09:22
1788372563,4373.8,4373.8,4373.72,4373.72,8.0,2026-09-02 18:09:23
1788372564,4373.72,4373.76,4373.71,4373.76,6.0,2026-09-02 18:09:24
1788372565,4373.78,4373.87,4373.75,4373.77,14.0,2026-09-02 18:09:25
1788372566,4373.76,4373.76,4373.76,4373.76,1.0,2026-09-02 18:09:26
1788372567,4373.75,4373.75,4373.75,4373.75,1.0,2026-09-02 18:09:27
1788372568,4373.75,4373.75,4373.75,4373.75,1.0,2026-09-02 18:09:28
1788372569,4373.75,4373.75,4373.75,4373.75,1.0,2026-09-02 18:09:29
1788372570,4373.76,4373.76,4373.74,4373.74,2.0,2026-09-02 18:09:30
1788372571,4373.74,4373.74,4373.74,4373.74,1.0,2026-09-02 18:09:31
1788372572,4373.73,4373.73,4373.73,4373.73,1.0,2026-09-02 18:09:32
1788372574,4373.72,4373.72,4373.72,4373.72,1.0,2026-09-02 18:09:34
1788372575,4373.5,4373.57,4373.44,4373.56,9.0,2026-09-02 18:09:35
1788372576,4373.58,4373.59,4373.58,4373.58,3.0,2026-09-02 18:09:36
1788372577,4373.59,4373.59,4373.59,4373.59,1.0,2026-09-02 18:09:37
1788372578,4373.6,4373.61,4373.58,4373.6,4.0,2026-09-02 18:09:38
1788372579,4373.61,4373.61,4373.61,4373.61,3.0,2026-09-02 18:09:39
1788372580,4373.62,4373.62,4373.59,4373.61,4.0,2026-09-02 18:09:40
1788372581,4373.58,4373.6,4373.57,4373.6,9.0,2026-09-02 18:09:41
1788372582,4373.84,4373.85,4373.82,4373.84,8.0,2026-09-02 18:09:42
1788372583,4373.81,4373.98,4373.81,4373.81,12.0,2026-09-02 18:09:43
1788372584,4373.82,4373.93,4373.79,4373.88,12.0,2026-09-02 18:09:44
1788372585,4373.85,4373.85,4373.79,4373.79,5.0,2026-09-02 18:09:45
1788372586,4373.8,4373.81,4373.76,4373.76,5.0,2026-09-02 18:09:46
1788372587,4373.78,4373.79,4373.78,4373.79,2.0,2026-09-02 18:09:47
1788372588,4373.76,4373.76,4373.76,4373.76,1.0,2026-09-02 18:09:48
1788372589,4373.74,4373.74,4373.71,4373.71,2.0,2026-09-02 18:09:49
1788372590,4373.72,4373.72,4373.69,4373.71,4.0,2026-09-02 18:09:50
1788372591,4373.71,4373.71,4373.71,4373.71,1.0,2026-09-02 18:09:51
1788372592,4373.7,4373.7,4373.7,4373.7,1.0,2026-09-02 18:09:52
1788372593,4373.71,4373.71,4373.69,4373.7,4.0,2026-09-02 18:09:53
1788372594,4373.69,4373.7,4373.69,4373.7,2.0,2026-09-02 18:09:54
1788372596,4373.67,4373.67,4373.65,4373.65,3.0,2026-09-02 18:09:56
1788372597,4373.63,4373.7,4373.63,4373.7,4.0,2026-09-02 18:09:57
1788372598,4373.69,4373.69,4373.69,4373.69,1.0,2026-09-02 18:09:58
1788372599,4373.66,4373.69,4373.6,4373.6,7.0,2026-09-02 18:09:59
1788372600,4373.58,4373.6,4373.58,4373.6,4.0,2026-09-02 18:10:00
1788372601,4373.61,4373.63,4373.61,4373.63,4.0,2026-09-02 18:10:01
1788372602,4373.61,4373.61,4373.52,4373.52,6.0,2026-09-02 18:10:02
1788372603,4373.53,4373.54,4373.52,4373.54,4.0,2026-09-02 18:10:03
1788372604,4373.55,4373.56,4373.55,4373.56,2.0,2026-09-02 18:10:04
1788372605,4373.54,4373.54,4373.54,4373.54,1.0,2026-09-02 18:10:05
1788372606,4373.48,4373.48,4373.48,4373.48,1.0,2026-09-02 18:10:06
1788372607,4373.39,4373.39,4373.17,4373.17,14.0,2026-09-02 18:10:07
1788372608,4373.15,4373.15,4373.15,4373.15,1.0,2026-09-02 18:10:08
1788372609,4373.12,4373.12,4373.12,4373.12,2.0,2026-09-02 18:10:09
1788372610,4373.13,4373.13,4373.12,4373.12,2.0,2026-09-02 18:10:10
1788372611,4373.13,4373.13,4373.13,4373.13,1.0,2026-09-02 18:10:11
1788372612,4373.21,4373.21,4373.2,4373.2,2.0,2026-09-02 18:10:12
1788372613,4373.19,4373.19,4373.01,4373.01,9.0,2026-09-02 18:10:13
1788372614,4372.97,4373.01,4372.95,4373.0,8.0,2026-09-02 18:10:14
1788372615,4372.99,4372.99,4372.96,4372.96,4.0,2026-09-02 18:10:15
1788372616,4372.91,4372.95,4372.91,4372.95,4.0,2026-09-02 18:10:16
1788372617,4372.96,4373.17,4372.96,4373.17,10.0,2026-09-02 18:10:17
1788372618,4373.16,4373.17,4373.13,4373.15,7.0,2026-09-02 18:10:18
1788372619,4373.17,4373.28,4373.17,4373.28,8.0,2026-09-02 18:10:19
1788372620,4373.29,4373.29,4373.22,4373.22,6.0,2026-09-02 18:10:20
1788372621,4373.22,4373.22,4373.22,4373.22,2.0,2026-09-02 18:10:21
1788372622,4373.23,4373.27,4373.23,4373.27,3.0,2026-09-02 18:10:22
1788372623,4373.27,4373.27,4373.27,4373.27,1.0,2026-09-02 18:10:23
1788372624,4373.27,4373.27,4373.22,4373.22,5.0,2026-09-02 18:10:24
1788372625,4373.19,4373.19,4373.09,4373.14,9.0,2026-09-02 18:10:25
1788372626,4373.15,4373.29,4373.15,4373.29,7.0,2026-09-02 18:10:26
1788372627,4373.29,4373.29,4373.29,4373.29,1.0,2026-09-02 18:10:27
1788372628,4373.26,4373.26,4373.26,4373.26,1.0,2026-09-02 18:10:28
1788372629,4373.3,4373.3,4373.3,4373.3,1.0,2026-09-02 18:10:29
1788372630,4373.3,4373.3,4373.3,4373.3,2.0,2026-09-02 18:10:30
1788372631,4373.32,4373.67,4373.32,4373.64,12.0,2026-09-02 18:10:31
1788372632,4373.65,4373.65,4373.59,4373.59,4.0,2026-09-02 18:10:32
1788372633,4373.5,4373.52,4373.49,4373.51,7.0,2026-09-02 18:10:33
1788372634,4373.57,4373.59,4373.56,4373.59,5.0,2026-09-02 18:10:34
1788372635,4373.51,4373.54,4373.51,4373.53,5.0,2026-09-02 18:10:35
1788372636,4373.58,4373.58,4373.54,4373.56,6.0,2026-09-02 18:10:36
1788372637,4373.57,4373.59,4373.53,4373.53,5.0,2026-09-02 18:10:37
1788372638,4373.57,4373.57,4373.55,4373.55,2.0,2026-09-02 18:10:38
1788372639,4373.52,4373.54,4373.52,4373.54,3.0,2026-09-02 18:10:39
1788372640,4373.55,4373.56,4373.54,4373.55,8.0,2026-09-02 18:10:40
1788372641,4373.56,4373.74,4373.56,4373.74,7.0,2026-09-02 18:10:41
1788372642,4373.75,4373.75,4373.71,4373.74,6.0,2026-09-02 18:10:42
1788372643,4373.72,4373.72,4373.7,4373.71,6.0,2026-09-02 18:10:43
1788372644,4373.7,4373.71,4373.7,4373.71,2.0,2026-09-02 18:10:44
1788372645,4373.74,4373.74,4373.74,4373.74,1.0,2026-09-02 18:10:45
1788372646,4373.74,4373.74,4373.73,4373.73,2.0,2026-09-02 18:10:46
1788372647,4373.78,4373.78,4373.75,4373.75,3.0,2026-09-02 18:10:47
1788372648,4373.76,4373.76,4373.76,4373.76,1.0,2026-09-02 18:10:48
1788372649,4373.78,4373.92,4373.78,4373.92,5.0,2026-09-02 18:10:49
1788372650,4374.0,4374.0,4373.96,4373.96,5.0,2026-09-02 18:10:50
1788372651,4373.9,4373.94,4373.9,4373.9,4.0,2026-09-02 18:10:51
1788372652,4373.95,4373.95,4373.82,4373.82,4.0,2026-09-02 18:10:52
1788372653,4373.71,4373.71,4373.51,4373.51,13.0,2026-09-02 18:10:53
1788372654,4373.55,4373.55,4373.54,4373.55,3.0,2026-09-02 18:10:54
1788372655,4373.58,4373.58,4373.58,4373.58,1.0,2026-09-02 18:10:55
1788372656,4373.6,4373.6,4373.57,4373.57,4.0,2026-09-02 18:10:56
1788372657,4373.52,4373.52,4373.5,4373.51,3.0,2026-09-02 18:10:57
1788372658,4373.52,4373.52,4373.45,4373.45,4.0,2026-09-02 18:10:58
1788372659,4373.42,4373.42,4373.4,4373.42,4.0,2026-09-02 18:10:59
1788372660,4373.42,4373.42,4373.42,4373.42,1.0,2026-09-02 18:11:00
1788372661,4373.48,4373.5,4373.17,4373.17,12.0,2026-09-02 18:11:01
1788372662,4373.19,4373.2,4373.19,4373.2,2.0,2026-09-02 18:11:02
1788372663,4373.18,4373.18,4373.18,4373.18,1.0,2026-09-02 18:11:03
1788372664,4373.19,4373.19,4373.19,4373.19,1.0,2026-09-02 18:11:04
1788372665,4373.19,4373.19,4373.19,4373.19,1.0,2026-09-02 18:11:05
1788372666,4373.19,4373.19,4373.19,4373.19,1.0,2026-09-02 18:11:06
1788372667,4373.17,4373.21,4373.17,4373.21,3.0,2026-09-02 18:11:07
1788372668,4373.22,4373.22,4373.22,4373.22,1.0,2026-09-02 18:11:08
1788372669,4373.22,4373.25,4373.22,4373.25,3.0,2026-09-02 18:11:09
1788372670,4373.25,4373.25,4373.25,4373.25,1.0,2026-09-02 18:11:10
1788372671,4373.25,4373.28,4373.25,4373.28,3.0,2026-09-02 18:11:11
1788372672,4373.27,4373.27,4373.27,4373.27,1.0,2026-09-02 18:11:12
1788372673,4373.27,4373.27,4373.27,4373.27,1.0,2026-09-02 18:11:13
1788372675,4373.25,4373.25,4373.25,4373.25,1.0,2026-09-02 18:11:15
1788372676,4373.26,4373.26,4373.15,4373.18,10.0,2026-09-02 18:11:16
1788372677,4373.19,4373.19,4373.19,4373.19,1.0,2026-09-02 18:11:17
1788372679,4373.19,4373.19,4373.19,4373.19,1.0,2026-09-02 18:11:19
1788372680,4373.17,4373.18,4373.17,4373.18,2.0,2026-09-02 18:11:20
1788372682,4373.18,4373.27,4373.18,4373.21,9.0,2026-09-02 18:11:22
1788372683,4373.17,4373.21,4373.17,4373.19,6.0,2026-09-02 18:11:23
1788372684,4373.18,4373.18,4373.16,4373.16,3.0,2026-09-02 18:11:24
1788372685,4373.17,4373.2,4373.17,4373.19,3.0,2026-09-02 18:11:25
1788372686,4373.17,4373.17,4373.15,4373.15,2.0,2026-09-02 18:11:26
1788372687,4373.18,4373.24,4373.18,4373.24,3.0,2026-09-02 18:11:27
1788372688,4373.26,4373.27,4373.26,4373.27,2.0,2026-09-02 18:11:28
1788372689,4373.26,4373.26,4373.26,4373.26,2.0,2026-09-02 18:11:29
1788372690,4373.26,4373.26,4373.25,4373.25,2.0,2026-09-02 18:11:30
1788372691,4373.24,4373.25,4373.24,4373.25,2.0,2026-09-02 18:11:31
1788372692,4373.26,4373.27,4373.26,4373.27,3.0,2026-09-02 18:11:32
1788372693,4373.25,4373.25,4373.25,4373.25,1.0,2026-09-02 18:11:33
1788372694,4373.21,4373.21,4373.01,4373.01,10.0,2026-09-02 18:11:34
1788372695,4372.98,4373.04,4372.98,4373.01,6.0,2026-09-02 18:11:35
1788372696,4373.01,4373.01,4372.98,4372.99,5.0,2026-09-02 18:11:36
1788372697,4373.0,4373.0,4372.71,4372.9,13.0,2026-09-02 18:11:37
1788372698,4372.91,4372.95,4372.91,4372.95,3.0,2026-09-02 18:11:38
1788372699,4372.94,4372.94,4372.94,4372.94,1.0,2026-09-02 18:11:39
1788372700,4372.62,4372.62,4372.61,4372.61,2.0,2026-09-02 18:11:40
1788372701,4372.57,4372.61,4372.57,4372.57,5.0,2026-09-02 18:11:41
1788372702,4372.56,4372.77,4372.56,4372.77,4.0,2026-09-02 18:11:42
1788372703,4373.02,4373.02,4372.95,4372.96,6.0,2026-09-02 18:11:43
1788372704,4373.01,4373.01,4372.98,4373.0,4.0,2026-09-02 18:11:44
1788372705,4373.2,4373.2,4373.2,4373.2,1.0,2026-09-02 18:11:45
1788372706,4373.13,4373.29,4373.06,4373.29,9.0,2026-09-02 18:11:46
1788372707,4373.3,4373.3,4373.28,4373.28,3.0,2026-09-02 18:11:47
1788372708,4373.27,4373.29,4373.25,4373.29,5.0,2026-09-02 18:11:48
1788372709,4373.27,4373.59,4373.27,4373.54,11.0,2026-09-02 18:11:49
1788372710,4373.46,4373.46,4373.46,4373.46,1.0,2026-09-02 18:11:50
1788372711,4373.39,4373.39,4373.39,4373.39,2.0,2026-09-02 18:11:51
1788372712,4373.38,4373.38,4373.38,4373.38,1.0,2026-09-02 18:11:52
1788372713,4373.36,4373.37,4373.36,4373.37,2.0,2026-09-02 18:11:53
1788372714,4373.35,4373.35,4373.32,4373.33,4.0,2026-09-02 18:11:54
1788372715,4373.28,4373.28,4373.02,4373.02,10.0,2026-09-02 18:11:55
1788372716,4373.0,4373.01,4373.0,4373.01,2.0,2026-09-02 18:11:56
1788372718,4372.99,4372.99,4372.94,4372.94,3.0,2026-09-02 18:11:58
1788372719,4372.96,4372.97,4372.96,4372.97,2.0,2026-09-02 18:11:59
1788372720,4372.96,4372.96,4372.9,4372.9,6.0,2026-09-02 18:12:00
1788372721,4372.91,4372.92,4372.91,4372.92,2.0,2026-09-02 18:12:01
1788372722,4372.93,4372.93,4372.83,4372.83,4.0,2026-09-02 18:12:02
1788372723,4372.82,4372.84,4372.82,4372.84,3.0,2026-09-02 18:12:03
1788372724,4372.63,4372.64,4372.6,4372.6,4.0,2026-09-02 18:12:04
1788372725,4372.57,4372.57,4371.74,4371.89,13.0,2026-09-02 18:12:05
1788372726,4371.85,4371.94,4371.85,4371.94,5.0,2026-09-02 18:12:06
1788372727,4372.06,4372.06,4372.02,4372.02,8.0,2026-09-02 18:12:07
1788372728,4372.04,4372.04,4372.03,4372.04,3.0,2026-09-02 18:12:08
1788372729,4371.96,4371.97,4371.87,4371.97,9.0,2026-09-02 18:12:09
1788372730,4372.0,4372.0,4371.94,4371.94,6.0,2026-09-02 18:12:10
1788372731,4371.93,4372.08,4371.93,4372.05,5.0,2026-09-02 18:12:11
1788372732,4372.04,4372.04,4371.96,4371.96,3.0,2026-09-02 18:12:12
1788372733,4371.93,4371.93,4371.89,4371.91,7.0,2026-09-02 18:12:13
1788372734,4371.92,4371.92,4371.9,4371.9,3.0,2026-09-02 18:12:14
1788372735,4371.92,4371.93,4371.92,4371.93,2.0,2026-09-02 18:12:15
1788372736,4371.94,4371.95,4371.94,4371.95,2.0,2026-09-02 18:12:16
1788372738,4371.95,4371.95,4371.95,4371.95,1.0,2026-09-02 18:12:18
1788372739,4371.97,4371.97,4371.97,4371.97,1.0,2026-09-02 18:12:19
1788372740,4371.94,4371.94,4371.94,4371.94,2.0,2026-09-02 18:12:20
1788372741,4371.95,4371.95,4371.95,4371.95,1.0,2026-09-02 18:12:21
1788372742,4371.95,4371.97,4371.93,4371.93,4.0,2026-09-02 18:12:22
1788372743,4371.92,4371.92,4371.88,4371.89,5.0,2026-09-02 18:12:23
1788372744,4371.97,4372.0,4371.97,4372.0,4.0,2026-09-02 18:12:24
1788372745,4371.96,4371.98,4371.96,4371.98,3.0,2026-09-02 18:12:25
1788372746,4371.97,4371.97,4371.97,4371.97,2.0,2026-09-02 18:12:26
1788372747,4371.99,4372.01,4371.99,4372.01,3.0,2026-09-02 18:12:27
1788372748,4372.12,4372.15,4372.12,4372.13,8.0,2026-09-02 18:12:28
1788372749,4372.13,4372.13,4372.03,4372.03,5.0,2026-09-02 18:12:29
1788372750,4372.08,4372.15,4372.08,4372.15,4.0,2026-09-02 18:12:30
1788372751,4372.16,4372.16,4371.98,4372.03,11.0,2026-09-02 18:12:31
1788372752,4372.04,4372.04,4372.04,4372.04,1.0,2026-09-02 18:12:32
1788372753,4372.14,4372.14,4372.14,4372.14,1.0,2026-09-02 18:12:33
1788372754,4372.1,4372.1,4372.09,4372.09,2.0,2026-09-02 18:12:34
1788372755,4372.06,4372.06,4371.95,4371.95,3.0,2026-09-02 18:12:35
1788372756,4371.97,4372.0,4371.97,4372.0,3.0,2026-09-02 18:12:36
1788372757,4372.01,4372.02,4372.01,4372.02,2.0,2026-09-02 18:12:37
1788372759,4372.03,4372.03,4372.03,4372.03,1.0,2026-09-02 18:12:39
1788372760,4372.05,4372.06,4372.05,4372.06,2.0,2026-09-02 18:12:40
1788372761,4371.96,4371.96,4371.96,4371.96,1.0,2026-09-02 18:12:41
1788372762,4371.96,4371.96,4371.96,4371.96,1.0,2026-09-02 18:12:42
1788372763,4371.8,4371.8,4371.8,4371.8,1.0,2026-09-02 18:12:43
1788372764,4371.77,4371.77,4371.62,4371.64,11.0,2026-09-02 18:12:44
1788372765,4371.61,4371.73,4371.59,4371.73,8.0,2026-09-02 18:12:45
1788372766,4371.62,4371.62,4371.61,4371.61,2.0,2026-09-02 18:12:46
1788372768,4371.61,4371.62,4371.61,4371.62,2.0,2026-09-02 18:12:48
1788372769,4371.58,4371.81,4371.58,4371.73,10.0,2026-09-02 18:12:49
1788372770,4371.72,4371.72,4371.69,4371.69,2.0,2026-09-02 18:12:50
1788372771,4371.7,4371.7,4371.7,4371.7,2.0,2026-09-02 18:12:51
1788372772,4371.69,4371.69,4371.69,4371.69,1.0,2026-09-02 18:12:52
1788372773,4371.7,4371.7,4371.7,4371.7,1.0,2026-09-02 18:12:53
1788372774,4371.7,4371.7,4371.7,4371.7,1.0,2026-09-02 18:12:54
1788372775,4371.67,4371.67,4371.61,4371.61,3.0,2026-09-02 18:12:55
1788372776,4371.45,4371.46,4371.45,4371.46,3.0,2026-09-02 18:12:56
1788372777,4371.37,4371.37,4371.31,4371.31,5.0,2026-09-02 18:12:57
1788372778,4371.46,4371.53,4371.46,4371.5,4.0,2026-09-02 18:12:58
1788372779,4371.46,4371.46,4371.46,4371.46,1.0,2026-09-02 18:12:59
1788372780,4371.44,4371.52,4371.44,4371.5,7.0,2026-09-02 18:13:00
1788372781,4371.53,4371.53,4371.53,4371.53,2.0,2026-09-02 18:13:01
1788372782,4371.55,4371.66,4371.55,4371.66,8.0,2026-09-02 18:13:02
1788372783,4371.64,4371.69,4371.64,4371.68,8.0,2026-09-02 18:13:03
1788372784,4371.69,4371.73,4371.66,4371.73,9.0,2026-09-02 18:13:04
1788372785,4371.68,4371.72,4371.58,4371.58,10.0,2026-09-02 18:13:05
1788372786,4371.57,4371.57,4371.53,4371.53,5.0,2026-09-02 18:13:06
1788372787,4371.54,4371.74,4371.54,4371.74,9.0,2026-09-02 18:13:07
1788372788,4371.75,4371.75,4371.75,4371.75,1.0,2026-09-02 18:13:08
1788372789,4371.75,4371.75,4371.75,4371.75,1.0,2026-09-02 18:13:09
1788372790,4371.71,4371.73,4371.71,4371.73,2.0,2026-09-02 18:13:10
1788372791,4371.71,4371.71,4371.71,4371.71,2.0,2026-09-02 18:13:11
1788372792,4371.78,4371.87,4371.78,4371.87,2.0,2026-09-02 18:13:12
1788372793,4371.81,4372.11,4371.81,4372.11,9.0,2026-09-02 18:13:13
1788372794,4372.01,4372.01,4371.97,4371.97,4.0,2026-09-02 18:13:14
1788372795,4371.91,4372.04,4371.89,4372.02,10.0,2026-09-02 18:13:15
1788372796,4372.06,4372.06,4372.01,4372.01,6.0,2026-09-02 18:13:16
1788372797,4372.02,4372.12,4372.02,4372.12,6.0,2026-09-02 18:13:17
1788372798,4372.19,4372.2,4372.19,4372.19,3.0,2026-09-02 18:13:18
1788372799,4372.18,4372.18,4372.05,4372.05,5.0,2026-09-02 18:13:19
1788372800,4372.03,4372.11,4372.03,4372.08,5.0,2026-09-02 18:13:20
1788372801,4372.03,4372.42,4372.03,4372.42,10.0,2026-09-02 18:13:21
1788372802,4372.43,4372.43,4372.43,4372.43,1.0,2026-09-02 18:13:22
1788372803,4372.46,4372.51,4372.46,4372.51,4.0,2026-09-02 18:13:23
1788372804,4372.49,4372.49,4372.47,4372.48,5.0,2026-09-02 18:13:24
1788372805,4372.49,4372.63,4372.49,4372.54,11.0,2026-09-02 18:13:25
1788372806,4372.53,4372.55,4372.49,4372.55,5.0,2026-09-02 18:13:26
1788372807,4372.55,4372.55,4372.55,4372.55,1.0,2026-09-02 18:13:27
1788372808,4372.48,4372.48,4372.48,4372.48,1.0,2026-09-02 18:13:28
1788372809,4372.47,4372.47,4372.47,4372.47,1.0,2026-09-02 18:13:29
1788372810,4372.46,4372.46,4372.46,4372.46,1.0,2026-09-02 18:13:30
1788372811,4372.47,4372.47,4372.47,4372.47,1.0,2026-09-02 18:13:31
1788372812,4372.48,4372.51,4372.48,4372.51,4.0,2026-09-02 18:13:32
1788372813,4373.04,4373.04,4373.01,4373.03,3.0,2026-09-02 18:13:33
1788372814,4373.01,4373.02,4373.01,4373.01,3.0,2026-09-02 18:13:34
1788372815,4373.03,4373.06,4373.01,4373.04,7.0,2026-09-02 18:13:35
1788372817,4373.06,4373.06,4373.03,4373.03,5.0,2026-09-02 18:13:37
1788372818,4373.04,4373.04,4372.92,4372.92,9.0,2026-09-02 18:13:38
1788372819,4372.93,4372.94,4372.93,4372.94,3.0,2026-09-02 18:13:39
1788372820,4372.95,4373.06,4372.95,4372.98,9.0,2026-09-02 18:13:40
1788372821,4372.98,4373.01,4372.98,4373.01,5.0,2026-09-02 18:13:41
1788372822,4373.03,4373.05,4373.03,4373.05,3.0,2026-09-02 18:13:42
1788372823,4373.05,4373.05,4372.98,4372.99,6.0,2026-09-02 18:13:43
1788372824,4372.94,4372.94,4372.85,4372.85,7.0,2026-09-02 18:13:44
1788372825,4372.84,4372.84,4372.6,4372.6,8.0,2026-09-02 18:13:45
1788372826,4372.59,4372.59,4372.59,4372.59,1.0,2026-09-02 18:13:46
1788372827,4372.63,4372.64,4372.63,4372.63,3.0,2026-09-02 18:13:47
1788372828,4372.78,4372.79,4372.78,4372.79,2.0,2026-09-02 18:13:48
1788372829,4372.8,4372.8,4372.76,4372.76,2.0,2026-09-02 18:13:49
1788372830,4372.68,4372.68,4372.68,4372.68,1.0,2026-09-02 18:13:50
1788372831,4372.69,4372.69,4372.67,4372.67,3.0,2026-09-02 18:13:51
1788372832,4372.7,4372.74,4372.7,4372.74,5.0,2026-09-02 18:13:52
1788372833,4372.75,4372.75,4372.61,4372.61,5.0,2026-09-02 18:13:53
1788372834,4372.59,4372.64,4372.59,4372.64,7.0,2026-09-02 18:13:54
1788372835,4372.65,4372.66,4372.64,4372.65,6.0,2026-09-02 18:13:55
1788372836,4372.61,4372.62,4372.61,4372.62,2.0,2026-09-02 18:13:56
1788372837,4372.64,4372.73,4372.64,4372.72,5.0,2026-09-02 18:13:57
1788372838,4372.7,4372.72,4372.7,4372.71,3.0,2026-09-02 18:13:58
1788372839,4372.71,4372.71,4371.93,4371.93,17.0,2026-09-02 18:13:59
1788372840,4371.85,4371.85,4371.66,4371.68,12.0,2026-09-02 18:14:00
1788372841,4371.69,4371.77,4371.69,4371.76,6.0,2026-09-02 18:14:01
1788372842,4371.79,4371.98,4371.79,4371.97,10.0,2026-09-02 18:14:02
1788372843,4371.96,4371.96,4371.94,4371.94,2.0,2026-09-02 18:14:03
1788372844,4371.69,4371.72,4371.69,4371.69,7.0,2026-09-02 18:14:04
1788372846,4371.7,4371.7,4371.7,4371.7,1.0,2026-09-02 18:14:06
1788372847,4371.64,4371.65,4371.63,4371.63,3.0,2026-09-02 18:14:07
1788372848,4371.42,4371.42,4371.39,4371.41,5.0,2026-09-02 18:14:08
1788372849,4371.48,4371.5,4371.41,4371.41,4.0,2026-09-02 18:14:09
1788372850,4371.41,4371.41,4371.37,4371.37,2.0,2026-09-02 18:14:10
1788372851,4371.37,4371.38,4371.35,4371.35,4.0,2026-09-02 18:14:11
1788372852,4371.35,4371.48,4371.35,4371.47,5.0,2026-09-02 18:14:12
1788372853,4371.45,4371.45,4371.29,4371.29,7.0,2026-09-02 18:14:13
1788372854,4371.26,4371.35,4371.26,4371.35,3.0,2026-09-02 18:14:14
1788372855,4371.37,4371.38,4371.37,4371.37,3.0,2026-09-02 18:14:15
1788372856,4371.39,4371.45,4371.38,4371.45,7.0,2026-09-02 18:14:16
1788372857,4371.48,4371.48,4371.38,4371.43,11.0,2026-09-02 18:14:17
1788372858,4371.43,4371.43,4371.27,4371.27,11.0,2026-09-02 18:14:18
1788372859,4371.28,4371.28,4371.28,4371.28,1.0,2026-09-02 18:14:19
1788372860,4371.46,4371.47,4371.46,4371.47,2.0,2026-09-02 18:14:20
1788372861,4371.46,4371.46,4371.46,4371.46,1.0,2026-09-02 18:14:21
1788372862,4371.46,4371.46,4371.45,4371.45,2.0,2026-09-02 18:14:22
1788372863,4371.47,4371.49,4371.47,4371.49,3.0,2026-09-02 18:14:23
1788372864,4371.48,4371.48,4371.48,4371.48,1.0,2026-09-02 18:14:24
1788372865,4371.48,4371.48,4371.48,4371.48,1.0,2026-09-02 18:14:25
1788372866,4371.39,4371.39,4371.3,4371.3,7.0,2026-09-02 18:14:26
1788372867,4371.28,4371.28,4371.28,4371.28,1.0,2026-09-02 18:14:27
1788372868,4371.36,4371.38,4371.36,4371.38,3.0,2026-09-02 18:14:28
1788372869,4371.4,4371.41,4371.4,4371.4,5.0,2026-09-02 18:14:29
1788372870,4371.38,4371.38,4371.34,4371.34,3.0,2026-09-02 18:14:30
1788372871,4371.35,4371.35,4371.35,4371.35,2.0,2026-09-02 18:14:31
1788372872,4371.35,4371.36,4371.3,4371.3,8.0,2026-09-02 18:14:32
1788372873,4371.26,4371.26,4371.18,4371.21,11.0,2026-09-02 18:14:33
1788372874,4371.23,4371.26,4371.23,4371.26,4.0,2026-09-02 18:14:34
1788372875,4371.26,4371.26,4371.26,4371.26,2.0,2026-09-02 18:14:35
1788372876,4371.26,4371.26,4371.19,4371.22,6.0,2026-09-02 18:14:36
1788372877,4371.24,4371.24,4371.24,4371.24,1.0,2026-09-02 18:14:37
1788372878,4371.1,4371.16,4371.1,4371.16,3.0,2026-09-02 18:14:38
1788372879,4371.25,4371.25,4371.23,4371.24,3.0,2026-09-02 18:14:39
1788372880,4371.24,4371.24,4371.24,4371.24,1.0,2026-09-02 18:14:40
1788372882,4371.24,4371.26,4371.24,4371.26,2.0,2026-09-02 18:14:42
1788372883,4371.17,4371.17,4371.17,4371.17,2.0,2026-09-02 18:14:43
1788372884,4371.15,4371.15,4371.11,4371.12,3.0,2026-09-02 18:14:44
1788372885,4371.12,4371.13,4371.12,4371.13,2.0,2026-09-02 18:14:45
1788372886,4371.13,4371.15,4371.09,4371.11,11.0,2026-09-02 18:14:46
1788372887,4371.06,4371.06,4371.03,4371.03,5.0,2026-09-02 18:14:47
1788372888,4370.94,4371.0,4370.79,4370.79,10.0,2026-09-02 18:14:48
1788372889,4370.3,4370.41,4370.21,4370.21,14.0,2026-09-02 18:14:49
1788372890,4370.2,4370.46,4370.19,4370.45,11.0,2026-09-02 18:14:50
1788372891,4370.46,4370.59,4370.46,4370.59,4.0,2026-09-02 18:14:51
1788372892,4370.59,4370.59,4370.59,4370.59,1.0,2026-09-02 18:14:52
1788372893,4370.59,4370.59,4370.59,4370.59,1.0,2026-09-02 18:14:53
1788372894,4370.61,4370.61,4370.61,4370.61,1.0,2026-09-02 18:14:54
1788372895,4370.61,4370.61,4370.6,4370.6,3.0,2026-09-02 18:14:55
1788372896,4370.61,4370.61,4370.61,4370.61,1.0,2026-09-02 18:14:56
1788372897,4370.78,4370.84,4370.78,4370.84,4.0,2026-09-02 18:14:57
1788372898,4370.63,4370.63,4370.61,4370.61,2.0,2026-09-02 18:14:58
1788372899,4370.28,4370.28,4370.27,4370.27,2.0,2026-09-02 18:14:59
1788372900,4370.25,4370.25,4370.22,4370.22,4.0,2026-09-02 18:15:00
1788372901,4370.22,4370.22,4370.21,4370.21,2.0,2026-09-02 18:15:01
1788372902,4370.19,4370.19,4370.19,4370.19,1.0,2026-09-02 18:15:02
1788372903,4369.76,4369.8,4369.76,4369.79,6.0,2026-09-02 18:15:03
1788372904,4369.77,4369.77,4369.48,4369.48,10.0,2026-09-02 18:15:04
1788372905,4369.39,4369.56,4369.37,4369.56,11.0,2026-09-02 18:15:05
1788372906,4369.67,4369.73,4369.67,4369.69,7.0,2026-09-02 18:15:06
1788372907,4369.63,4369.76,4369.63,4369.76,11.0,2026-09-02 18:15:07
1788372908,4369.78,4370.03,4369.78,4369.91,10.0,2026-09-02 18:15:08
1788372909,4369.91,4369.93,4369.7,4369.72,13.0,2026-09-02 18:15:09
1788372910,4369.71,4369.71,4369.68,4369.68,5.0,2026-09-02 18:15:10
1788372911,4369.7,4370.02,4369.7,4370.02,6.0,2026-09-02 18:15:11
1788372912,4370.05,4370.05,4370.04,4370.04,2.0,2026-09-02 18:15:12
1788372913,4370.03,4370.05,4369.97,4370.05,4.0,2026-09-02 18:15:13
1788372914,4370.08,4370.1,4370.08,4370.09,3.0,2026-09-02 18:15:14
1788372915,4370.08,4370.09,4370.02,4370.02,9.0,2026-09-02 18:15:15
1788372916,4370.01,4370.06,4370.01,4370.04,5.0,2026-09-02 18:15:16
1788372917,4370.06,4370.06,4370.06,4370.06,2.0,2026-09-02 18:15:17
1788372918,4370.04,4370.04,4370.01,4370.01,5.0,2026-09-02 18:15:18
1788372919,4370.01,4370.01,4370.01,4370.01,2.0,2026-09-02 18:15:19
1788372920,4369.99,4370.0,4369.98,4369.98,5.0,2026-09-02 18:15:20
1788372921,4369.97,4369.97,4369.97,4369.97,1.0,2026-09-02 18:15:21
1788372922,4369.98,4370.17,4369.98,4370.09,8.0,2026-09-02 18:15:22
1788372923,4370.1,4370.15,4370.1,4370.15,3.0,2026-09-02 18:15:23
1788372924,4370.16,4370.16,4370.14,4370.15,4.0,2026-09-02 18:15:24
1788372925,4370.14,4370.14,4370.05,4370.07,6.0,2026-09-02 18:15:25
1788372926,4370.06,4370.06,4370.04,4370.06,3.0,2026-09-02 18:15:26
1788372927,4370.03,4370.04,4370.03,4370.04,2.0,2026-09-02 18:15:27
1788372928,4370.05,4370.05,4370.05,4370.05,1.0,2026-09-02 18:15:28
1788372929,4370.23,4370.25,4370.23,4370.25,2.0,2026-09-02 18:15:29
1788372930,4370.2,4370.22,4370.2,4370.22,2.0,2026-09-02 18:15:30
1788372931,4370.17,4370.17,4370.15,4370.17,5.0,2026-09-02 18:15:31
1788372932,4370.17,4370.17,4370.17,4370.17,1.0,2026-09-02 18:15:32
1788372933,4370.16,4370.16,4370.14,4370.15,4.0,2026-09-02 18:15:33
1788372934,4370.13,4370.13,4370.13,4370.13,2.0,2026-09-02 18:15:34
1788372935,4370.1,4370.12,4370.1,4370.1,3.0,2026-09-02 18:15:35
1788372936,4370.06,4370.06,4370.05,4370.06,5.0,2026-09-02 18:15:36
1788372937,4370.06,4370.12,4370.06,4370.12,3.0,2026-09-02 18:15:37
1788372938,4370.11,4370.24,4370.11,4370.2,12.0,2026-09-02 18:15:38
1788372939,4370.26,4370.3,4370.26,4370.29,6.0,2026-09-02 18:15:39
1788372940,4370.39,4370.41,4370.35,4370.35,7.0,2026-09-02 18:15:40
1788372941,4370.35,4370.35,4370.33,4370.33,3.0,2026-09-02 18:15:41
1788372942,4370.35,4370.36,4370.3,4370.3,7.0,2026-09-02 18:15:42
1788372943,4370.26,4370.26,4370.12,4370.12,16.0,2026-09-02 18:15:43
1788372944,4370.11,4370.11,4370.02,4370.04,7.0,2026-09-02 18:15:44
1788372945,4370.03,4370.03,4370.01,4370.01,4.0,2026-09-02 18:15:45
1788372946,4370.02,4370.05,4370.02,4370.04,5.0,2026-09-02 18:15:46
1788372947,4370.01,4370.02,4370.01,4370.02,2.0,2026-09-02 18:15:47
1788372948,4369.96,4369.96,4369.95,4369.95,2.0,2026-09-02 18:15:48
1788372949,4369.95,4369.95,4369.95,4369.95,1.0,2026-09-02 18:15:49
1788372950,4369.94,4369.94,4369.94,4369.94,2.0,2026-09-02 18:15:50
1788372951,4369.95,4369.95,4369.95,4369.95,1.0,2026-09-02 18:15:51
1788372953,4369.94,4369.94,4369.88,4369.88,5.0,2026-09-02 18:15:53
1788372954,4369.78,4369.78,4369.74,4369.76,7.0,2026-09-02 18:15:54
1788372955,4369.72,4369.73,4369.72,4369.73,2.0,2026-09-02 18:15:55
1788372956,4369.73,4369.73,4369.7,4369.71,4.0,2026-09-02 18:15:56
1788372957,4369.72,4369.72,4369.66,4369.67,5.0,2026-09-02 18:15:57
1788372958,4369.67,4369.69,4369.66,4369.66,6.0,2026-09-02 18:15:58
1788372959,4369.64,4369.64,4369.51,4369.52,12.0,2026-09-02 18:15:59
1788372960,4369.52,4369.53,4369.52,4369.53,4.0,2026-09-02 18:16:00
1788372961,4369.53,4369.55,4369.53,4369.53,5.0,2026-09-02 18:16:01
1788372962,4369.52,4369.52,4369.52,4369.52,1.0,2026-09-02 18:16:02
1788372963,4369.44,4369.44,4369.44,4369.44,1.0,2026-09-02 18:16:03
1788372964,4369.4,4369.4,4369.31,4369.31,7.0,2026-09-02 18:16:04
1788372965,4369.31,4369.31,4369.31,4369.31,1.0,2026-09-02 18:16:05
1788372966,4369.52,4369.52,4369.52,4369.52,2.0,2026-09-02 18:16:06
1788372967,4369.54,4369.7,4369.54,4369.69,6.0,2026-09-02 18:16:07
1788372968,4369.68,4369.72,4369.68,4369.72,3.0,2026-09-02 18:16:08
1788372969,4369.73,4369.77,4369.73,4369.77,3.0,2026-09-02 18:16:09
1788372970,4369.69,4369.69,4369.62,4369.63,5.0,2026-09-02 18:16:10
1788372971,4369.6,4369.62,4369.6,4369.6,5.0,2026-09-02 18:16:11
1788372972,4369.61,4369.66,4369.61,4369.66,4.0,2026-09-02 18:16:12
1788372973,4369.66,4369.71,4369.66,4369.71,6.0,2026-09-02 18:16:13
1788372974,4369.7,4369.7,4369.69,4369.69,3.0,2026-09-02 18:16:14
1788372975,4369.7,4369.7,4369.58,4369.68,17.0,2026-09-02 18:16:15
1788372976,4369.7,4369.7,4369.66,4369.7,6.0,2026-09-02 18:16:16
1788372977,4369.69,4369.69,4369.62,4369.62,8.0,2026-09-02 18:16:17
1788372978,4369.62,4369.62,4369.62,4369.62,1.0,2026-09-02 18:16:18
1788372979,4369.5,4369.52,4369.5,4369.52,2.0,2026-09-02 18:16:19
1788372980,4369.63,4369.63,4369.63,4369.63,1.0,2026-09-02 18:16:20
1788372982,4369.62,4369.62,4369.62,4369.62,2.0,2026-09-02 18:16:22
1788372983,4369.61,4369.62,4369.61,4369.62,2.0,2026-09-02 18:16:23
1788372984,4369.69,4369.69,4369.69,4369.69,1.0,2026-09-02 18:16:24
1788372985,4369.68,4369.7,4369.68,4369.7,3.0,2026-09-02 18:16:25
1788372986,4369.74,4369.74,4369.74,4369.74,1.0,2026-09-02 18:16:26
1788372987,4369.74,4369.76,4369.74,4369.76,5.0,2026-09-02 18:16:27
1788372988,4369.85,4369.88,4369.81,4369.81,7.0,2026-09-02 18:16:28
1788372989,4369.84,4369.88,4369.84,4369.88,7.0,2026-09-02 18:16:29
1788372990,4369.87,4369.89,4369.87,4369.88,5.0,2026-09-02 18:16:30
1788372991,4369.88,4369.88,4369.86,4369.86,2.0,2026-09-02 18:16:31
1788372992,4369.85,4369.86,4369.74,4369.79,12.0,2026-09-02 18:16:32
1788372993,4369.8,4369.93,4369.8,4369.93,5.0,2026-09-02 18:16:33
1788372994,4369.91,4369.91,4369.91,4369.91,1.0,2026-09-02 18:16:34
1788372995,4369.89,4369.89,4369.84,4369.84,3.0,2026-09-02 18:16:35
1788372996,4369.77,4369.77,4369.77,4369.77,1.0,2026-09-02 18:16:36
1788372997,4369.67,4369.68,4369.65,4369.68,4.0,2026-09-02 18:16:37
1788372998,4369.69,4369.78,4369.69,4369.78,6.0,2026-09-02 18:16:38
1788372999,4369.84,4369.98,4369.84,4369.98,7.0,2026-09-02 18:16:39
1788373000,4369.97,4369.97,4369.92,4369.92,4.0,2026-09-02 18:16:40
1788373001,4369.95,4369.97,4369.95,4369.95,3.0,2026-09-02 18:16:41
1788373002,4369.96,4369.98,4369.96,4369.98,2.0,2026-09-02 18:16:42
1788373003,4370.05,4370.09,4370.05,4370.09,5.0,2026-09-02 18:16:43
1788373005,4370.07,4370.07,4370.07,4370.07,1.0,2026-09-02 18:16:45
1788373007,4370.08,4370.12,4370.08,4370.11,6.0,2026-09-02 18:16:47
1788373008,4370.11,4370.24,4370.11,4370.24,5.0,2026-09-02 18:16:48
1788373009,4370.25,4370.25,4370.17,4370.17,5.0,2026-09-02 18:16:49
1788373010,4370.15,4370.2,4370.15,4370.2,4.0,2026-09-02 18:16:50
1788373011,4370.19,4370.2,4370.19,4370.2,2.0,2026-09-02 18:16:51
1788373012,4370.14,4370.14,4370.05,4370.12,5.0,2026-09-02 18:16:52
1788373013,4370.12,4370.13,4370.1,4370.1,4.0,2026-09-02 18:16:53
1788373014,4370.09,4370.11,4370.09,4370.11,2.0,2026-09-02 18:16:54
1788373015,4370.23,4370.23,4370.22,4370.22,2.0,2026-09-02 18:16:55
1788373016,4370.2,4370.2,4370.2,4370.2,1.0,2026-09-02 18:16:56
1788373017,4370.21,4370.21,4370.17,4370.17,3.0,2026-09-02 18:16:57
1788373018,4370.17,4370.17,4370.17,4370.17,2.0,2026-09-02 18:16:58
1788373019,4370.16,4370.16,4370.15,4370.15,2.0,2026-09-02 18:16:59
1788373020,4370.16,4370.16,4370.16,4370.16,2.0,2026-09-02 18:17:00
1788373021,4370.15,4370.15,4370.15,4370.15,1.0,2026-09-02 18:17:01
1788373022,4370.15,4370.15,4370.15,4370.15,2.0,2026-09-02 18:17:02
1788373023,4370.18,4370.22,4370.18,4370.22,6.0,2026-09-02 18:17:03
1788373024,4370.19,4370.22,4370.12,4370.12,5.0,2026-09-02 18:17:04
1788373025,4370.08,4370.09,4370.07,4370.07,6.0,2026-09-02 18:17:05
1788373026,4370.08,4370.13,4370.07,4370.13,10.0,2026-09-02 18:17:06
1788373027,4370.14,4370.18,4370.13,4370.18,4.0,2026-09-02 18:17:07
1788373028,4370.18,4370.18,4370.18,4370.18,1.0,2026-09-02 18:17:08
1788373029,4370.2,4370.2,4370.2,4370.2,1.0,2026-09-02 18:17:09
1788373030,4370.18,4370.18,4370.08,4370.09,5.0,2026-09-02 18:17:10
1788373031,4370.11,4370.11,4370.11,4370.11,1.0,2026-09-02 18:17:11
1788373032,4370.1,4370.11,4370.07,4370.07,3.0,2026-09-02 18:17:12
1788373033,4370.12,4370.12,4370.12,4370.12,1.0,2026-09-02 18:17:13
1788373034,4370.12,4370.12,4370.12,4370.12,1.0,2026-09-02 18:17:14
1788373035,4370.12,4370.14,4370.12,4370.13,3.0,2026-09-02 18:17:15
1788373036,4370.13,4370.14,4370.13,4370.13,3.0,2026-09-02 18:17:16
1788373037,4370.09,4370.1,4370.07,4370.1,4.0,2026-09-02 18:17:17
1788373039,4370.09,4370.11,4370.09,4370.11,4.0,2026-09-02 18:17:19
1788373040,4370.09,4370.09,4370.08,4370.08,3.0,2026-09-02 18:17:20
1788373041,4370.07,4370.09,4370.07,4370.09,6.0,2026-09-02 18:17:21
1788373042,4370.11,4370.11,4370.11,4370.11,1.0,2026-09-02 18:17:22
1788373043,4370.12,4370.12,4370.11,4370.12,5.0,2026-09-02 18:17:23
1788373044,4370.1,4370.11,4370.1,4370.11,4.0,2026-09-02 18:17:24
1788373045,4370.1,4370.1,4370.1,4370.1,1.0,2026-09-02 18:17:25
1788373046,4369.98,4369.98,4369.98,4369.98,1.0,2026-09-02 18:17:26
1788373047,4369.98,4369.98,4369.98,4369.98,1.0,2026-09-02 18:17:27
1788373048,4369.96,4369.96,4369.9,4369.9,6.0,2026-09-02 18:17:28
1788373049,4369.9,4369.9,4369.88,4369.88,2.0,2026-09-02 18:17:29
1788373050,4369.91,4369.91,4369.9,4369.91,3.0,2026-09-02 18:17:30
1788373051,4370.31,4370.31,4370.27,4370.27,7.0,2026-09-02 18:17:31
1788373052,4370.23,4370.24,4370.21,4370.23,6.0,2026-09-02 18:17:32
1788373053,4370.22,4370.36,4370.22,4370.36,4.0,2026-09-02 18:17:33
1788373054,4370.53,4370.56,4370.53,4370.56,2.0,2026-09-02 18:17:34
1788373055,4370.56,4370.68,4370.53,4370.58,11.0,2026-09-02 18:17:35
1788373056,4370.57,4370.57,4370.54,4370.55,4.0,2026-09-02 18:17:36
1788373057,4370.56,4370.61,4370.56,4370.61,5.0,2026-09-02 18:17:37
1788373058,4370.6,4370.75,4370.6,4370.74,10.0,2026-09-02 18:17:38
1788373059,4370.76,4370.76,4370.73,4370.73,4.0,2026-09-02 18:17:39
1788373060,4370.69,4370.69,4370.69,4370.69,1.0,2026-09-02 18:17:40
1788373061,4370.73,4370.74,4370.73,4370.74,2.0,2026-09-02 18:17:41
1788373062,4370.84,4370.85,4370.84,4370.85,2.0,2026-09-02 18:17:42
1788373063,4371.07,4371.14,4371.07,4371.14,5.0,2026-09-02 18:17:43
1788373064,4371.11,4371.21,4371.11,4371.21,6.0,2026-09-02 18:17:44
1788373065,4371.16,4371.23,4371.16,4371.2,5.0,2026-09-02 18:17:45
1788373066,4371.22,4371.24,4371.22,4371.24,3.0,2026-09-02 18:17:46
1788373067,4371.26,4371.26,4371.25,4371.25,2.0,2026-09-02 18:17:47
1788373068,4371.26,4371.35,4371.26,4371.34,5.0,2026-09-02 18:17:48
1788373069,4371.27,4371.27,4371.22,4371.22,8.0,2026-09-02 18:17:49
1788373070,4371.21,4371.24,4371.21,4371.24,9.0,2026-09-02 18:17:50
1788373071,4371.21,4371.23,4371.21,4371.22,8.0,2026-09-02 18:17:51
1788373072,4371.23,4371.23,4371.22,4371.23,3.0,2026-09-02 18:17:52
1788373073,4371.23,4371.23,4371.23,4371.23,1.0,2026-09-02 18:17:53
1788373074,4371.34,4371.34,4371.34,4371.34,1.0,2026-09-02 18:17:54
1788373075,4371.25,4371.25,4371.25,4371.25,1.0,2026-09-02 18:17:55
1788373076,4371.17,4371.17,4371.17,4371.17,2.0,2026-09-02 18:17:56
1788373077,4371.17,4371.17,4371.17,4371.17,1.0,2026-09-02 18:17:57
1788373078,4371.18,4371.22,4371.18,4371.22,3.0,2026-09-02 18:17:58
1788373079,4371.18,4371.2,4371.18,4371.2,2.0,2026-09-02 18:17:59
1788373080,4371.14,4371.14,4371.1,4371.13,5.0,2026-09-02 18:18:00
1788373081,4371.12,4371.12,4371.1,4371.1,2.0,2026-09-02 18:18:01
1788373082,4371.11,4371.12,4371.09,4371.1,5.0,2026-09-02 18:18:02
1788373083,4371.14,4371.14,4371.12,4371.14,5.0,2026-09-02 18:18:03
1788373084,4371.15,4371.15,4371.12,4371.12,4.0,2026-09-02 18:18:04
1788373085,4371.12,4371.13,4371.04,4371.11,13.0,2026-09-02 18:18:05
1788373086,4371.11,4371.11,4371.11,4371.11,1.0,2026-09-02 18:18:06
1788373087,4371.12,4371.14,4371.12,4371.14,5.0,2026-09-02 18:18:07
1788373088,4371.15,4371.15,4371.12,4371.13,10.0,2026-09-02 18:18:08
1788373089,4371.14,4371.14,4371.14,4371.14,1.0,2026-09-02 18:18:09
1788373090,4371.13,4371.13,4371.13,4371.13,2.0,2026-09-02 18:18:10
1788373091,4371.14,4371.36,4371.14,4371.34,5.0,2026-09-02 18:18:11
1788373092,4371.39,4371.5,4371.39,4371.44,8.0,2026-09-02 18:18:12
1788373093,4371.35,4371.35,4371.33,4371.34,4.0,2026-09-02 18:18:13
1788373094,4371.39,4371.39,4371.39,4371.39,1.0,2026-09-02 18:18:14
1788373095,4371.38,4371.38,4371.38,4371.38,1.0,2026-09-02 18:18:15
1788373096,4372.17,4372.25,4372.17,4372.25,6.0,2026-09-02 18:18:16
1788373097,4372.22,4372.22,4372.17,4372.17,4.0,2026-09-02 18:18:17
1788373098,4372.2,4372.2,4372.16,4372.16,4.0,2026-09-02 18:18:18
1788373099,4372.14,4372.17,4372.13,4372.16,6.0,2026-09-02 18:18:19
1788373100,4372.2,4372.2,4372.08,4372.13,8.0,2026-09-02 18:18:20
1788373101,4372.12,4372.12,4372.03,4372.04,8.0,2026-09-02 18:18:21
1788373102,4372.04,4372.06,4372.03,4372.05,7.0,2026-09-02 18:18:22
1788373103,4372.03,4372.09,4371.98,4372.09,13.0,2026-09-02 18:18:23
1788373105,4372.11,4372.11,4372.11,4372.11,1.0,2026-09-02 18:18:25
1788373106,4372.1,4372.1,4371.96,4372.04,16.0,2026-09-02 18:18:26
1788373107,4372.14,4372.21,4372.14,4372.19,5.0,2026-09-02 18:18:27
1788373108,4372.2,4372.23,4372.2,4372.22,4.0,2026-09-02 18:18:28
1788373109,4372.23,4372.24,4372.19,4372.19,4.0,2026-09-02 18:18:29
1788373110,4372.22,4372.24,4372.15,4372.18,10.0,2026-09-02 18:18:30
1788373111,4372.09,4372.09,4372.07,4372.07,2.0,2026-09-02 18:18:31
1788373112,4372.08,4372.08,4372.06,4372.06,4.0,2026-09-02 18:18:32
1788373113,4372.07,4372.07,4372.07,4372.07,1.0,2026-09-02 18:18:33
1788373114,4372.06,4372.08,4372.06,4372.08,2.0,2026-09-02 18:18:34
1788373115,4372.08,4372.17,4372.08,4372.12,12.0,2026-09-02 18:18:35
1788373116,4372.11,4372.23,4372.11,4372.23,8.0,2026-09-02 18:18:36
1788373117,4372.23,4372.23,4372.23,4372.23,1.0,2026-09-02 18:18:37
1788373118,4372.24,4372.24,4372.24,4372.24,1.0,2026-09-02 18:18:38
1788373119,4372.33,4372.34,4372.33,4372.34,2.0,2026-09-02 18:18:39
1788373120,4372.34,4372.34,4372.34,4372.34,1.0,2026-09-02 18:18:40
1788373121,4372.37,4372.37,4372.35,4372.35,2.0,2026-09-02 18:18:41
1788373122,4372.31,4372.38,4372.31,4372.36,9.0,2026-09-02 18:18:42
1788373123,4372.38,4372.38,4372.37,4372.37,2.0,2026-09-02 18:18:43
1788373124,4372.37,4372.37,4372.37,4372.37,3.0,2026-09-02 18:18:44
1788373125,4372.36,4373.1,4372.36,4373.1,12.0,2026-09-02 18:18:45
1788373126,4376.66,4376.66,4375.97,4375.97,9.0,2026-09-02 18:18:46
1788373127,4376.96,4378.23,4376.75,4378.23,22.0,2026-09-02 18:18:47
1788373128,4377.74,4377.74,4377.08,4377.08,15.0,2026-09-02 18:18:48
1788373129,4377.09,4377.09,4376.96,4376.96,2.0,2026-09-02 18:18:49
1788373130,4376.96,4376.96,4376.74,4376.83,5.0,2026-09-02 18:18:50
1788373131,4377.15,4377.15,4377.15,4377.15,1.0,2026-09-02 18:18:51
1788373132,4377.42,4377.73,4377.42,4377.73,3.0,2026-09-02 18:18:52
1788373133,4377.5,4377.53,4377.37,4377.37,4.0,2026-09-02 18:18:53
1788373134,4377.47,4377.47,4377.47,4377.47,1.0,2026-09-02 18:18:54
1788373135,4378.17,4378.19,4378.1,4378.1,3.0,2026-09-02 18:18:55
1788373136,4378.29,4378.31,4378.29,4378.31,2.0,2026-09-02 18:18:56
1788373137,4378.39,4378.47,4378.29,4378.29,4.0,2026-09-02 18:18:57
1788373138,4378.2,4378.45,4378.2,4378.45,5.0,2026-09-02 18:18:58
1788373139,4378.92,4379.09,4378.92,4379.02,4.0,2026-09-02 18:18:59
1788373140,4378.96,4379.11,4378.96,4379.11,3.0,2026-09-02 18:19:00
1788373141,4379.01,4379.01,4379.01,4379.01,1.0,2026-09-02 18:19:01
1788373143,4379.18,4379.34,4379.18,4379.24,6.0,2026-09-02 18:19:03
1788373144,4379.06,4379.48,4378.88,4379.48,9.0,2026-09-02 18:19:04
1788373145,4379.31,4379.31,4379.19,4379.19,6.0,2026-09-02 18:19:05
1788373146,4379.21,4379.24,4379.01,4379.01,5.0,2026-09-02 18:19:06
1788373147,4378.97,4378.97,4378.81,4378.81,3.0,2026-09-02 18:19:07
1788373148,4377.5,4377.5,4376.47,4376.47,4.0,2026-09-02 18:19:08
1788373149,4376.84,4377.22,4376.67,4377.22,6.0,2026-09-02 18:19:09
1788373150,4377.04,4377.04,4376.86,4376.86,2.0,2026-09-02 18:19:10
1788373151,4376.82,4376.82,4376.43,4376.43,6.0,2026-09-02 18:19:11
1788373152,4376.49,4376.82,4376.49,4376.71,8.0,2026-09-02 18:19:12
1788373153,4376.76,4376.76,4376.68,4376.68,4.0,2026-09-02 18:19:13
1788373154,4376.53,4376.89,4376.5,4376.89,11.0,2026-09-02 18:19:14
1788373155,4376.88,4376.88,4376.74,4376.74,3.0,2026-09-02 18:19:15
1788373156,4376.57,4376.65,4376.57,4376.65,3.0,2026-09-02 18:19:16
1788373157,4376.89,4376.89,4376.7,4376.7,8.0,2026-09-02 18:19:17
1788373158,4376.8,4377.07,4376.8,4376.94,10.0,2026-09-02 18:19:18
1788373159,4377.05,4377.29,4376.98,4377.29,7.0,2026-09-02 18:19:19
1788373160,4376.98,4376.98,4376.75,4376.83,6.0,2026-09-02 18:19:20
1788373161,4377.24,4377.47,4377.24,4377.35,6.0,2026-09-02 18:19:21
1788373162,4377.37,4377.38,4377.15,4377.38,14.0,2026-09-02 18:19:22
1788373163,4377.39,4377.39,4377.33,4377.33,2.0,2026-09-02 18:19:23
1788373164,4377.08,4377.08,4376.93,4376.95,8.0,2026-09-02 18:19:24
1788373167,4376.83,4376.83,4376.54,4376.56,5.0,2026-09-02 18:19:27
1788373168,4376.54,4376.54,4376.54,4376.54,1.0,2026-09-02 18:19:28
1788373169,4376.5,4376.75,4376.4,4376.75,10.0,2026-09-02 18:19:29
1788373170,4376.78,4376.85,4376.78,4376.85,3.0,2026-09-02 18:19:30
1788373171,4376.71,4376.9,4376.7,4376.89,11.0,2026-09-02 18:19:31
1788373172,4377.23,4377.62,4377.13,4377.13,16.0,2026-09-02 18:19:32
1788373173,4377.14,4377.14,4376.76,4376.9,17.0,2026-09-02 18:19:33
1788373174,4376.85,4376.89,4376.85,4376.89,3.0,2026-09-02 18:19:34
1788373175,4376.94,4376.97,4376.75,4376.83,9.0,2026-09-02 18:19:35
1788373176,4376.85,4377.32,4376.58,4376.84,21.0,2026-09-02 18:19:36
1788373177,4376.83,4376.83,4376.83,4376.83,1.0,2026-09-02 18:19:37
1788373178,4376.93,4376.94,4376.92,4376.92,3.0,2026-09-02 18:19:38
1788373179,4376.93,4376.93,4376.91,4376.93,3.0,2026-09-02 18:19:39
1788373180,4376.93,4376.94,4376.9,4376.9,3.0,2026-09-02 18:19:40
1788373181,4376.75,4376.94,4376.75,4376.94,6.0,2026-09-02 18:19:41
1788373182,4376.61,4376.92,4376.61,4376.92,11.0,2026-09-02 18:19:42
1788373183,4376.92,4376.92,4376.63,4376.65,10.0,2026-09-02 18:19:43
1788373184,4376.63,4376.63,4376.59,4376.59,2.0,2026-09-02 18:19:44
1788373185,4376.65,4376.76,4376.65,4376.76,3.0,2026-09-02 18:19:45
1788373186,4376.64,4376.72,4376.64,4376.72,3.0,2026-09-02 18:19:46
1788373187,4376.35,4376.4,4376.33,4376.4,5.0,2026-09-02 18:19:47
1788373188,4376.17,4376.17,4376.13,4376.17,5.0,2026-09-02 18:19:48
1788373189,4376.25,4376.46,4376.22,4376.46,20.0,2026-09-02 18:19:49
1788373190,4376.49,4377.43,4376.49,4377.36,18.0,2026-09-02 18:19:50
1788373191,4377.38,4377.38,4376.54,4376.54,19.0,2026-09-02 18:19:51
1788373192,4376.48,4376.48,4376.48,4376.48,1.0,2026-09-02 18:19:52
1788373193,4376.48,4376.48,4376.48,4376.48,1.0,2026-09-02 18:19:53
1788373194,4376.34,4376.46,4376.34,4376.41,10.0,2026-09-02 18:19:54
1788373195,4376.2,4376.37,4376.2,4376.3,14.0,2026-09-02 18:19:55
1788373196,4376.08,4376.09,4376.0,4376.07,9.0,2026-09-02 18:19:56
1788373197,4376.19,4376.39,4376.19,4376.27,14.0,2026-09-02 18:19:57
1788373198,4376.25,4376.26,4376.25,4376.26,2.0,2026-09-02 18:19:58
1788373199,4376.31,4376.35,4376.31,4376.35,2.0,2026-09-02 18:19:59
1788373200,4376.47,4376.65,4376.47,4376.63,7.0,2026-09-02 18:20:00
1788373201,4376.62,4376.62,4376.4,4376.4,9.0,2026-09-02 18:20:01
1788373202,4376.53,4376.53,4376.52,4376.52,2.0,2026-09-02 18:20:02
1788373203,4376.47,4376.47,4376.44,4376.44,2.0,2026-09-02 18:20:03
1788373205,4376.45,4376.47,4376.45,4376.47,2.0,2026-09-02 18:20:05
1788373206,4376.47,4376.6,4376.47,4376.57,10.0,2026-09-02 18:20:06
1788373207,4376.64,4377.08,4376.64,4377.07,9.0,2026-09-02 18:20:07
1788373208,4377.1,4377.59,4377.1,4377.52,20.0,2026-09-02 18:20:08
1788373209,4377.58,4377.58,4377.58,4377.58,1.0,2026-09-02 18:20:09
1788373210,4377.46,4377.48,4377.42,4377.42,5.0,2026-09-02 18:20:10
1788373211,4377.19,4377.19,4376.93,4377.06,22.0,2026-09-02 18:20:11
1788373212,4377.1,4377.11,4376.71,4376.79,21.0,2026-09-02 18:20:12
1788373213,4376.73,4376.73,4376.06,4376.3,36.0,2026-09-02 18:20:13
1788373214,4376.3,4377.8,4376.25,4377.76,29.0,2026-09-02 18:20:14
1788373215,4377.31,4377.31,4377.25,4377.25,6.0,2026-09-02 18:20:15
1788373216,4376.82,4376.92,4376.74,4376.87,14.0,2026-09-02 18:20:16
1788373217,4376.98,4377.04,4376.95,4376.95,7.0,2026-09-02 18:20:17
1788373218,4376.84,4377.98,4376.84,4377.98,34.0,2026-09-02 18:20:18
1788373219,4377.71,4377.82,4377.53,4377.6,13.0,2026-09-02 18:20:19
1788373220,4377.33,4377.38,4377.26,4377.38,19.0,2026-09-02 18:20:20
1788373221,4377.39,4377.82,4377.24,4377.77,45.0,2026-09-02 18:20:21
1788373222,4377.76,4377.89,4377.68,4377.89,14.0,2026-09-02 18:20:22
1788373223,4377.77,4377.77,4377.46,4377.46,18.0,2026-09-02 18:20:23
1788373224,4377.42,4377.57,4377.27,4377.43,36.0,2026-09-02 18:20:24
1788373225,4377.47,4377.49,4377.13,4377.43,42.0,2026-09-02 18:20:25
1788373226,4377.32,4377.43,4377.15,4377.39,48.0,2026-09-02 18:20:26
1788373227,4377.41,4377.9,4377.39,4377.5,50.0,2026-09-02 18:20:27
1788373228,4377.19,4377.8,4377.12,4377.74,84.0,2026-09-02 18:20:28
1788373229,4377.67,4377.67,4377.56,4377.64,12.0,2026-09-02 18:20:29
1788373230,4377.5,4377.8,4377.5,4377.78,74.0,2026-09-02 18:20:30
1788373231,4378.09,4378.2,4378.08,4378.08,12.0,2026-09-02 18:20:31
1788373232,4378.1,4378.12,4378.1,4378.12,2.0,2026-09-02 18:20:32
1788373233,4378.24,4378.31,4378.24,4378.31,6.0,2026-09-02 18:20:33
1788373234,4378.57,4378.57,4378.35,4378.35,11.0,2026-09-02 18:20:34
1788373235,4378.33,4378.45,4378.13,4378.13,18.0,2026-09-02 18:20:35
1788373236,4378.13,4378.13,4377.97,4377.97,14.0,2026-09-02 18:20:36
1788373237,4377.97,4377.97,4377.97,4377.97,1.0,2026-09-02 18:20:37
1788373238,4377.92,4377.92,4377.92,4377.92,1.0,2026-09-02 18:20:38
1788373239,4378.1,4378.1,4378.1,4378.1,1.0,2026-09-02 18:20:39
1788373240,4378.28,4378.28,4378.28,4378.28,1.0,2026-09-02 18:20:40
1788373241,4378.29,4378.29,4378.29,4378.29,1.0,2026-09-02 18:20:41
1788373242,4378.33,4378.71,4378.26,4378.26,31.0,2026-09-02 18:20:42
1788373243,4378.25,4378.31,4378.16,4378.31,13.0,2026-09-02 18:20:43
1788373244,4378.34,4378.43,4378.34,4378.43,4.0,2026-09-02 18:20:44
1788373245,4378.48,4378.48,4378.48,4378.48,1.0,2026-09-02 18:20:45
1788373246,4378.52,4378.52,4378.42,4378.42,6.0,2026-09-02 18:20:46
1788373247,4378.19,4378.41,4378.19,4378.37,13.0,2026-09-02 18:20:47
1788373248,4378.27,4378.27,4378.04,4378.05,12.0,2026-09-02 18:20:48
1788373249,4378.0,4378.01,4377.88,4378.01,16.0,2026-09-02 18:20:49
1788373250,4378.03,4378.03,4378.02,4378.02,2.0,2026-09-02 18:20:50
1788373251,4378.1,4378.19,4378.1,4378.17,6.0,2026-09-02 18:20:51
1788373252,4378.17,4378.19,4378.14,4378.19,6.0,2026-09-02 18:20:52
1788373253,4378.22,4378.26,4378.22,4378.26,4.0,2026-09-02 18:20:53
1788373254,4378.27,4378.27,4378.18,4378.18,5.0,2026-09-02 18:20:54
1788373255,4378.16,4378.33,4378.16,4378.24,13.0,2026-09-02 18:20:55
1788373256,4378.24,4378.66,4378.11,4378.55,12.0,2026-09-02 18:20:56
1788373257,4378.36,4378.39,4378.35,4378.35,5.0,2026-09-02 18:20:57
1788373258,4377.99,4378.09,4377.76,4377.96,11.0,2026-09-02 18:20:58
1788373259,4378.14,4378.49,4378.14,4378.47,17.0,2026-09-02 18:20:59
1788373260,4378.28,4378.34,4378.21,4378.32,12.0,2026-09-02 18:21:00
1788373261,4378.33,4378.9,4378.33,4378.89,24.0,2026-09-02 18:21:01
1788373262,4379.2,4379.25,4379.19,4379.19,3.0,2026-09-02 18:21:02
1788373263,4379.33,4379.33,4379.28,4379.28,3.0,2026-09-02 18:21:03
1788373264,4379.57,4379.57,4379.27,4379.27,9.0,2026-09-02 18:21:04
1788373265,4379.24,4379.24,4379.2,4379.21,6.0,2026-09-02 18:21:05
1788373266,4379.27,4379.54,4379.24,4379.42,16.0,2026-09-02 18:21:06
1788373267,4379.03,4379.41,4379.03,4379.22,21.0,2026-09-02 18:21:07
1788373268,4379.23,4379.45,4379.23,4379.42,7.0,2026-09-02 18:21:08
1788373269,4379.51,4379.56,4379.49,4379.55,10.0,2026-09-02 18:21:09
1788373270,4379.75,4379.77,4379.56,4379.61,21.0,2026-09-02 18:21:10
1788373271,4379.57,4379.57,4379.43,4379.48,16.0,2026-09-02 18:21:11
1788373272,4379.21,4379.21,4378.55,4378.6,20.0,2026-09-02 18:21:12
1788373273,4378.59,4378.59,4378.43,4378.43,6.0,2026-09-02 18:21:13
1788373274,4378.21,4378.23,4378.01,4378.01,9.0,2026-09-02 18:21:14
1788373275,4378.08,4378.09,4377.59,4377.59,17.0,2026-09-02 18:21:15
1788373276,4377.56,4377.57,4377.47,4377.51,14.0,2026-09-02 18:21:16
1788373277,4377.49,4377.54,4377.49,4377.54,4.0,2026-09-02 18:21:17
1788373278,4377.93,4377.93,4377.93,4377.93,1.0,2026-09-02 18:21:18
1788373279,4378.03,4378.37,4378.03,4378.37,10.0,2026-09-02 18:21:19
1788373280,4378.24,4378.24,4377.86,4377.88,12.0,2026-09-02 18:21:20
1788373281,4377.74,4377.74,4377.41,4377.41,15.0,2026-09-02 18:21:21
1788373282,4377.4,4377.47,4377.35,4377.38,14.0,2026-09-02 18:21:22
1788373283,4377.68,4377.77,4377.65,4377.77,13.0,2026-09-02 18:21:23
1788373284,4377.78,4377.78,4377.78,4377.78,1.0,2026-09-02 18:21:24
1788373285,4377.81,4377.81,4377.74,4377.75,8.0,2026-09-02 18:21:25
1788373286,4377.3,4377.3,4377.26,4377.28,5.0,2026-09-02 18:21:26
1788373287,4377.47,4377.49,4377.33,4377.33,9.0,2026-09-02 18:21:27
1788373288,4377.29,4377.29,4376.99,4377.0,11.0,2026-09-02 18:21:28
1788373289,4376.95,4376.97,4376.76,4376.84,17.0,2026-09-02 18:21:29
1788373290,4376.84,4376.88,4376.78,4376.79,10.0,2026-09-02 18:21:30
1788373291,4376.8,4376.8,4376.8,4376.8,1.0,2026-09-02 18:21:31
1788373292,4376.88,4376.88,4376.85,4376.86,3.0,2026-09-02 18:21:32
1788373293,4376.89,4376.89,4376.86,4376.86,3.0,2026-09-02 18:21:33
1788373294,4376.86,4376.86,4376.74,4376.74,7.0,2026-09-02 18:21:34
1788373295,4376.73,4376.83,4376.68,4376.83,11.0,2026-09-02 18:21:35
1788373296,4376.99,4377.05,4376.93,4376.95,12.0,2026-09-02 18:21:36
1788373297,4376.95,4376.95,4376.83,4376.85,11.0,2026-09-02 18:21:37
1788373298,4376.86,4376.86,4376.86,4376.86,1.0,2026-09-02 18:21:38
1788373299,4376.88,4377.01,4376.88,4376.99,8.0,2026-09-02 18:21:39
1788373300,4376.98,4376.98,4376.88,4376.88,3.0,2026-09-02 18:21:40
1788373301,4376.5,4376.5,4376.16,4376.22,8.0,2026-09-02 18:21:41
1788373302,4375.85,4375.85,4375.35,4375.47,14.0,2026-09-02 18:21:42
1788373303,4375.61,4375.61,4375.53,4375.53,5.0,2026-09-02 18:21:43
1788373304,4375.33,4375.45,4375.33,4375.44,11.0,2026-09-02 18:21:44
1788373305,4375.34,4375.5,4375.33,4375.5,14.0,2026-09-02 18:21:45
1788373306,4375.51,4375.54,4375.14,4375.18,12.0,2026-09-02 18:21:46
1788373307,4375.13,4375.17,4375.01,4375.1,18.0,2026-09-02 18:21:47
1788373308,4375.11,4375.13,4374.85,4374.85,12.0,2026-09-02 18:21:48
1788373309,4374.89,4374.91,4374.88,4374.91,3.0,2026-09-02 18:21:49
1788373310,4375.04,4375.04,4375.0,4375.0,3.0,2026-09-02 18:21:50
1788373311,4374.98,4374.99,4374.98,4374.99,2.0,2026-09-02 18:21:51
1788373312,4375.29,4375.29,4375.27,4375.27,3.0,2026-09-02 18:21:52
1788373313,4375.29,4375.3,4375.24,4375.24,6.0,2026-09-02 18:21:53
1788373314,4375.23,4375.23,4374.74,4374.74,12.0,2026-09-02 18:21:54
1788373315,4374.66,4374.79,4374.64,4374.79,8.0,2026-09-02 18:21:55
1788373316,4374.77,4374.79,4374.73,4374.73,4.0,2026-09-02 18:21:56
1788373317,4374.78,4374.78,4374.71,4374.72,8.0,2026-09-02 18:21:57
1788373318,4374.91,4375.49,4374.91,4375.49,17.0,2026-09-02 18:21:58
1788373319,4375.46,4375.46,4375.4,4375.4,5.0,2026-09-02 18:21:59
1788373320,4375.31,4375.31,4375.1,4375.1,11.0,2026-09-02 18:22:00
1788373321,4375.09,4375.09,4375.03,4375.05,9.0,2026-09-02 18:22:01
1788373322,4375.06,4375.06,4374.68,4374.68,12.0,2026-09-02 18:22:02
1788373323,4374.66,4374.66,4374.57,4374.6,6.0,2026-09-02 18:22:03
1788373324,4374.36,4374.43,4374.1,4374.43,12.0,2026-09-02 18:22:04
1788373325,4374.32,4374.32,4374.09,4374.11,10.0,2026-09-02 18:22:05
1788373326,4373.97,4374.07,4373.95,4373.99,15.0,2026-09-02 18:22:06
1788373327,4373.97,4373.99,4373.86,4373.89,16.0,2026-09-02 18:22:07
1788373328,4373.9,4374.04,4373.9,4373.97,13.0,2026-09-02 18:22:08
1788373329,4373.98,4374.01,4373.85,4373.86,13.0,2026-09-02 18:22:09
1788373330,4373.86,4373.93,4373.86,4373.9,5.0,2026-09-02 18:22:10
1788373331,4373.86,4373.9,4373.84,4373.84,7.0,2026-09-02 18:22:11
1788373332,4373.71,4373.84,4373.71,4373.84,8.0,2026-09-02 18:22:12
1788373333,4373.85,4373.87,4373.85,4373.86,4.0,2026-09-02 18:22:13
1788373334,4373.81,4373.81,4373.79,4373.8,3.0,2026-09-02 18:22:14
1788373335,4374.01,4374.01,4373.98,4373.98,3.0,2026-09-02 18:22:15
1788373336,4373.74,4373.86,4373.72,4373.86,7.0,2026-09-02 18:22:16
1788373337,4373.93,4373.93,4373.85,4373.91,8.0,2026-09-02 18:22:17
1788373338,4373.96,4373.98,4373.94,4373.97,7.0,2026-09-02 18:22:18
1788373339,4373.98,4373.98,4373.6,4373.62,13.0,2026-09-02 18:22:19
1788373340,4373.63,4373.73,4373.43,4373.63,22.0,2026-09-02 18:22:20
1788373341,4373.63,4373.66,4373.57,4373.57,4.0,2026-09-02 18:22:21
1788373342,4373.54,4373.54,4373.42,4373.51,13.0,2026-09-02 18:22:22
1788373343,4373.55,4373.65,4373.55,4373.64,6.0,2026-09-02 18:22:23
1788373344,4373.64,4373.64,4373.46,4373.46,11.0,2026-09-02 18:22:24
1788373345,4373.47,4373.47,4373.35,4373.38,9.0,2026-09-02 18:22:25
1788373346,4373.42,4373.42,4373.42,4373.42,1.0,2026-09-02 18:22:26
1788373347,4373.44,4373.44,4373.44,4373.44,2.0,2026-09-02 18:22:27
1788373348,4373.44,4373.8,4373.44,4373.8,15.0,2026-09-02 18:22:28
1788373349,4373.81,4373.81,4373.69,4373.73,12.0,2026-09-02 18:22:29
1788373350,4373.65,4373.65,4373.56,4373.59,10.0,2026-09-02 18:22:30
1788373351,4373.57,4373.57,4373.55,4373.55,2.0,2026-09-02 18:22:31
1788373352,4373.55,4373.57,4373.55,4373.57,2.0,2026-09-02 18:22:32
1788373353,4373.61,4373.61,4373.61,4373.61,1.0,2026-09-02 18:22:33
1788373354,4373.62,4373.62,4373.43,4373.47,14.0,2026-09-02 18:22:34
1788373355,4373.46,4373.46,4373.42,4373.42,6.0,2026-09-02 18:22:35
1788373356,4373.43,4373.43,4373.43,4373.43,1.0,2026-09-02 18:22:36
1788373357,4373.47,4373.47,4373.47,4373.47,1.0,2026-09-02 18:22:37
1788373358,4373.45,4373.45,4373.45,4373.45,2.0,2026-09-02 18:22:38
1788373359,4373.35,4373.35,4373.3,4373.3,3.0,2026-09-02 18:22:39
1788373360,4372.87,4372.9,4372.87,4372.9,3.0,2026-09-02 18:22:40
1788373361,4372.96,4373.12,4372.93,4373.12,11.0,2026-09-02 18:22:41
1788373362,4373.34,4373.37,4373.27,4373.27,8.0,2026-09-02 18:22:42
1788373363,4373.25,4373.4,4373.17,4373.31,16.0,2026-09-02 18:22:43
1788373364,4373.31,4373.31,4373.31,4373.31,1.0,2026-09-02 18:22:44
1788373365,4373.44,4373.52,4373.44,4373.49,6.0,2026-09-02 18:22:45
1788373366,4373.52,4373.67,4373.52,4373.67,8.0,2026-09-02 18:22:46
1788373367,4373.68,4373.68,4373.68,4373.68,1.0,2026-09-02 18:22:47
1788373368,4373.45,4373.45,4373.44,4373.44,2.0,2026-09-02 18:22:48
1788373369,4373.43,4373.45,4373.43,4373.45,3.0,2026-09-02 18:22:49
1788373370,4373.48,4373.54,4373.48,4373.54,4.0,2026-09-02 18:22:50
1788373371,4373.62,4373.66,4373.62,4373.65,4.0,2026-09-02 18:22:51
1788373372,4373.63,4373.65,4373.51,4373.61,17.0,2026-09-02 18:22:52
1788373373,4373.61,4373.62,4373.61,4373.62,2.0,2026-09-02 18:22:53
1788373374,4373.59,4373.59,4373.58,4373.58,2.0,2026-09-02 18:22:54
1788373375,4373.61,4373.69,4373.61,4373.69,4.0,2026-09-02 18:22:55
1788373376,4373.72,4373.93,4373.72,4373.93,14.0,2026-09-02 18:22:56
1788373377,4374.03,4374.08,4374.03,4374.06,11.0,2026-09-02 18:22:57
1788373378,4374.07,4374.07,4374.07,4374.07,1.0,2026-09-02 18:22:58
1788373379,4374.03,4374.03,4374.03,4374.03,1.0,2026-09-02 18:22:59
1788373380,4374.12,4374.19,4374.12,4374.19,11.0,2026-09-02 18:23:00
1788373381,4374.2,4374.2,4374.1,4374.1,4.0,2026-09-02 18:23:01
1788373382,4374.12,4374.12,4374.09,4374.11,3.0,2026-09-02 18:23:02
1788373383,4374.11,4374.11,4373.99,4373.99,6.0,2026-09-02 18:23:03
1788373384,4374.0,4374.02,4374.0,4374.02,2.0,2026-09-02 18:23:04
1788373385,4374.03,4374.04,4374.03,4374.04,2.0,2026-09-02 18:23:05
1788373386,4373.97,4374.06,4373.97,4373.99,9.0,2026-09-02 18:23:06
1788373387,4374.01,4374.01,4374.01,4374.01,1.0,2026-09-02 18:23:07
1788373388,4373.97,4373.97,4373.97,4373.97,1.0,2026-09-02 18:23:08
1788373389,4373.97,4373.97,4373.97,4373.97,1.0,2026-09-02 18:23:09
1788373390,4373.96,4373.96,4373.92,4373.96,6.0,2026-09-02 18:23:10
1788373391,4373.93,4373.93,4373.93,4373.93,1.0,2026-09-02 18:23:11
1788373392,4373.92,4373.92,4373.92,4373.92,1.0,2026-09-02 18:23:12
1788373393,4374.2,4374.21,4374.2,4374.21,2.0,2026-09-02 18:23:13
1788373394,4374.12,4374.13,4373.79,4373.86,16.0,2026-09-02 18:23:14
1788373395,4373.86,4373.9,4373.81,4373.88,11.0,2026-09-02 18:23:15
1788373396,4373.89,4373.91,4373.89,4373.91,3.0,2026-09-02 18:23:16
1788373397,4373.92,4373.99,4373.92,4373.99,3.0,2026-09-02 18:23:17
1788373398,4373.99,4374.02,4373.94,4373.94,6.0,2026-09-02 18:23:18
1788373399,4374.02,4374.07,4373.99,4374.07,7.0,2026-09-02 18:23:19
1788373400,4374.05,4374.08,4374.05,4374.08,5.0,2026-09-02 18:23:20
1788373401,4374.1,4374.1,4374.06,4374.07,4.0,2026-09-02 18:23:21
1788373402,4374.07,4374.09,4374.07,4374.09,4.0,2026-09-02 18:23:22
1788373403,4374.11,4374.16,4373.93,4373.94,12.0,2026-09-02 18:23:23
1788373404,4374.16,4374.21,4374.16,4374.21,5.0,2026-09-02 18:23:24
1788373405,4374.19,4374.19,4374.19,4374.19,2.0,2026-09-02 18:23:25
1788373406,4374.19,4374.2,4374.19,4374.2,2.0,2026-09-02 18:23:26
1788373407,4374.06,4374.14,4374.06,4374.14,5.0,2026-09-02 18:23:27
1788373408,4374.16,4374.16,4374.16,4374.16,1.0,2026-09-02 18:23:28
1788373409,4374.1,4374.1,4373.95,4373.95,6.0,2026-09-02 18:23:29
1788373410,4373.94,4373.94,4373.91,4373.92,3.0,2026-09-02 18:23:30
1788373411,4373.93,4373.95,4373.89,4373.89,5.0,2026-09-02 18:23:31
1788373412,4373.9,4373.9,4373.87,4373.88,3.0,2026-09-02 18:23:32
1788373413,4373.86,4373.86,4373.75,4373.75,6.0,2026-09-02 18:23:33
1788373414,4373.72,4373.73,4373.69,4373.69,4.0,2026-09-02 18:23:34
1788373415,4373.7,4373.71,4373.68,4373.68,9.0,2026-09-02 18:23:35
1788373416,4373.63,4373.63,4373.45,4373.5,10.0,2026-09-02 18:23:36
1788373417,4373.49,4373.63,4373.47,4373.47,10.0,2026-09-02 18:23:37
1788373418,4373.42,4373.43,4373.26,4373.3,12.0,2026-09-02 18:23:38
1788373419,4373.29,4373.3,4373.28,4373.3,3.0,2026-09-02 18:23:39
1788373420,4373.29,4373.32,4373.26,4373.26,9.0,2026-09-02 18:23:40
1788373421,4373.28,4373.3,4373.28,4373.3,3.0,2026-09-02 18:23:41
1788373422,4373.31,4373.31,4373.29,4373.31,3.0,2026-09-02 18:23:42
1788373423,4373.19,4373.19,4373.19,4373.19,1.0,2026-09-02 18:23:43
1788373424,4373.25,4373.26,4373.24,4373.26,4.0,2026-09-02 18:23:44
1788373425,4373.25,4373.25,4373.22,4373.23,5.0,2026-09-02 18:23:45
1788373426,4373.22,4373.22,4373.05,4373.07,9.0,2026-09-02 18:23:46
1788373427,4373.03,4373.03,4373.02,4373.03,3.0,2026-09-02 18:23:47
1788373428,4373.18,4373.3,4373.18,4373.3,5.0,2026-09-02 18:23:48
1788373429,4373.3,4373.37,4373.29,4373.37,8.0,2026-09-02 18:23:49
1788373430,4373.36,4373.37,4373.34,4373.35,5.0,2026-09-02 18:23:50
1788373431,4373.35,4373.48,4373.35,4373.48,8.0,2026-09-02 18:23:51
1788373432,4373.46,4373.57,4373.46,4373.57,7.0,2026-09-02 18:23:52
1788373433,4373.58,4373.58,4373.58,4373.58,1.0,2026-09-02 18:23:53
1788373434,4373.58,4373.58,4373.56,4373.57,4.0,2026-09-02 18:23:54
1788373435,4373.56,4373.56,4373.2,4373.2,10.0,2026-09-02 18:23:55
1788373436,4373.15,4373.15,4373.12,4373.12,3.0,2026-09-02 18:23:56
1788373437,4372.99,4372.99,4372.89,4372.89,5.0,2026-09-02 18:23:57
1788373438,4372.86,4373.07,4372.86,4373.05,10.0,2026-09-02 18:23:58
1788373439,4373.05,4373.05,4373.04,4373.04,3.0,2026-09-02 18:23:59
1788373440,4373.03,4373.03,4372.96,4372.96,4.0,2026-09-02 18:24:00
1788373441,4372.92,4372.92,4372.84,4372.84,5.0,2026-09-02 18:24:01
1788373442,4372.87,4372.96,4372.87,4372.96,6.0,2026-09-02 18:24:02
1788373443,4372.97,4373.09,4372.97,4373.09,7.0,2026-09-02 18:24:03
1788373444,4373.11,4373.32,4373.11,4373.29,6.0,2026-09-02 18:24:04
1788373445,4373.26,4373.27,4373.26,4373.27,3.0,2026-09-02 18:24:05
1788373446,4373.32,4373.32,4373.32,4373.32,1.0,2026-09-02 18:24:06
1788373447,4373.17,4373.22,4373.17,4373.19,5.0,2026-09-02 18:24:07
1788373448,4373.18,4373.21,4373.18,4373.19,7.0,2026-09-02 18:24:08
1788373449,4373.22,4373.24,4373.22,4373.24,2.0,2026-09-02 18:24:09
1788373450,4373.24,4373.24,4373.24,4373.24,1.0,2026-09-02 18:24:10
1788373451,4373.24,4373.24,4373.24,4373.24,1.0,2026-09-02 18:24:11
1788373452,4373.27,4373.27,4373.26,4373.27,3.0,2026-09-02 18:24:12
1788373453,4373.12,4373.14,4373.11,4373.14,4.0,2026-09-02 18:24:13
1788373454,4373.09,4373.12,4373.09,4373.1,6.0,2026-09-02 18:24:14
1788373455,4373.09,4373.09,4372.92,4372.92,7.0,2026-09-02 18:24:15
1788373456,4372.88,4373.13,4372.88,4372.94,15.0,2026-09-02 18:24:16
1788373457,4372.92,4372.92,4372.92,4372.92,1.0,2026-09-02 18:24:17
1788373458,4372.91,4372.91,4372.9,4372.9,4.0,2026-09-02 18:24:18
1788373459,4372.88,4372.89,4372.45,4372.55,12.0,2026-09-02 18:24:19
1788373460,4372.5,4372.5,4372.47,4372.47,4.0,2026-09-02 18:24:20
1788373461,4372.46,4372.7,4372.46,4372.68,9.0,2026-09-02 18:24:21
1788373462,4372.67,4372.67,4372.67,4372.67,2.0,2026-09-02 18:24:22
1788373463,4372.56,4372.56,4372.54,4372.54,2.0,2026-09-02 18:24:23
1788373464,4372.61,4372.66,4372.61,4372.66,5.0,2026-09-02 18:24:24
1788373465,4372.77,4372.78,4372.7,4372.71,8.0,2026-09-02 18:24:25
1788373466,4372.77,4372.77,4372.77,4372.77,2.0,2026-09-02 18:24:26
1788373467,4372.86,4373.06,4372.86,4373.06,10.0,2026-09-02 18:24:27
1788373468,4373.08,4373.12,4373.08,4373.09,7.0,2026-09-02 18:24:28
1788373469,4373.07,4373.08,4372.99,4373.01,9.0,2026-09-02 18:24:29
1788373470,4373.02,4373.02,4373.02,4373.02,1.0,2026-09-02 18:24:30
1788373471,4372.94,4372.94,4372.88,4372.91,6.0,2026-09-02 18:24:31
1788373472,4372.92,4372.92,4372.92,4372.92,1.0,2026-09-02 18:24:32
1788373473,4372.93,4372.93,4372.8,4372.81,5.0,2026-09-02 18:24:33
1788373474,4372.79,4372.79,4372.79,4372.79,1.0,2026-09-02 18:24:34
1788373475,4372.79,4372.8,4372.79,4372.79,3.0,2026-09-02 18:24:35
1788373476,4372.8,4372.8,4372.8,4372.8,1.0,2026-09-02 18:24:36
1788373477,4372.78,4372.79,4372.39,4372.39,10.0,2026-09-02 18:24:37
1788373478,4372.3,4372.36,4372.26,4372.35,10.0,2026-09-02 18:24:38
1788373479,4372.34,4372.4,4372.31,4372.4,10.0,2026-09-02 18:24:39
1788373480,4372.48,4372.7,4372.48,4372.7,9.0,2026-09-02 18:24:40
1788373481,4372.73,4372.88,4372.73,4372.88,4.0,2026-09-02 18:24:41
1788373482,4373.09,4373.09,4373.07,4373.07,2.0,2026-09-02 18:24:42
1788373483,4373.04,4373.04,4373.04,4373.04,1.0,2026-09-02 18:24:43
1788373484,4373.06,4373.06,4373.06,4373.06,1.0,2026-09-02 18:24:44
1788373485,4373.02,4373.02,4372.99,4372.99,2.0,2026-09-02 18:24:45
1788373486,4373.01,4373.01,4372.95,4372.95,5.0,2026-09-02 18:24:46
1788373487,4372.95,4372.95,4372.88,4372.88,3.0,2026-09-02 18:24:47
1788373488,4372.84,4372.84,4372.81,4372.81,3.0,2026-09-02 18:24:48
1788373489,4372.78,4372.83,4372.78,4372.83,4.0,2026-09-02 18:24:49
1788373490,4372.86,4373.04,4372.86,4373.04,9.0,2026-09-02 18:24:50
1788373491,4373.04,4373.04,4373.04,4373.04,1.0,2026-09-02 18:24:51
1788373492,4373.21,4373.21,4373.21,4373.21,1.0,2026-09-02 18:24:52
1788373493,4372.85,4372.85,4372.85,4372.85,1.0,2026-09-02 18:24:53
1788373494,4372.84,4372.85,4372.78,4372.8,5.0,2026-09-02 18:24:54
1788373495,4372.83,4372.85,4372.83,4372.84,3.0,2026-09-02 18:24:55
1788373496,4372.84,4373.02,4372.84,4373.02,5.0,2026-09-02 18:24:56
1788373497,4372.96,4372.96,4372.83,4372.85,9.0,2026-09-02 18:24:57
1788373498,4372.99,4373.05,4372.98,4373.04,5.0,2026-09-02 18:24:58
1788373499,4372.94,4373.13,4372.93,4373.13,10.0,2026-09-02 18:24:59
1788373500,4373.23,4373.23,4372.8,4373.04,20.0,2026-09-02 18:25:00
1788373501,4373.04,4373.08,4372.89,4373.08,14.0,2026-09-02 18:25:01
1788373502,4373.08,4373.12,4373.08,4373.12,3.0,2026-09-02 18:25:02
1788373503,4373.5,4373.86,4373.5,4373.84,7.0,2026-09-02 18:25:03
1788373504,4373.58,4373.6,4373.58,4373.6,2.0,2026-09-02 18:25:04
1788373505,4373.53,4373.53,4373.46,4373.46,5.0,2026-09-02 18:25:05
1788373506,4373.35,4373.35,4373.26,4373.28,6.0,2026-09-02 18:25:06
1788373507,4373.08,4373.21,4373.01,4373.21,10.0,2026-09-02 18:25:07
1788373508,4373.25,4373.32,4373.25,4373.32,4.0,2026-09-02 18:25:08
1788373509,4373.31,4373.46,4373.31,4373.38,9.0,2026-09-02 18:25:09
1788373510,4373.3,4373.3,4373.15,4373.15,11.0,2026-09-02 18:25:10
1788373511,4373.13,4373.13,4373.13,4373.13,1.0,2026-09-02 18:25:11
1788373512,4373.15,4373.15,4373.15,4373.15,1.0,2026-09-02 18:25:12
1788373513,4372.99,4372.99,4372.87,4372.87,6.0,2026-09-02 18:25:13
1788373514,4373.04,4373.15,4373.04,4373.15,4.0,2026-09-02 18:25:14
1788373515,4373.14,4373.14,4373.14,4373.14,1.0,2026-09-02 18:25:15
1788373516,4373.18,4373.18,4373.17,4373.17,2.0,2026-09-02 18:25:16
1788373517,4373.17,4373.17,4373.17,4373.17,1.0,2026-09-02 18:25:17
1788373518,4373.16,4373.17,4373.16,4373.17,2.0,2026-09-02 18:25:18
1788373519,4373.15,4373.17,4373.11,4373.11,10.0,2026-09-02 18:25:19
1788373520,4373.12,4373.12,4372.87,4372.9,11.0,2026-09-02 18:25:20
1788373521,4372.86,4372.86,4372.66,4372.68,9.0,2026-09-02 18:25:21
1788373522,4372.66,4372.68,4372.66,4372.68,2.0,2026-09-02 18:25:22
1788373523,4372.71,4372.71,4372.71,4372.71,1.0,2026-09-02 18:25:23
1788373524,4372.69,4372.69,4372.54,4372.57,8.0,2026-09-02 18:25:24
1788373525,4372.52,4372.52,4372.39,4372.4,6.0,2026-09-02 18:25:25
1788373526,4372.36,4372.36,4372.31,4372.31,2.0,2026-09-02 18:25:26
1788373527,4372.65,4372.65,4372.43,4372.43,7.0,2026-09-02 18:25:27
1788373528,4372.45,4372.46,4372.43,4372.46,5.0,2026-09-02 18:25:28
1788373529,4372.52,4372.9,4372.52,4372.9,6.0,2026-09-02 18:25:29
1788373530,4372.93,4373.17,4372.93,4373.17,11.0,2026-09-02 18:25:30
1788373531,4373.08,4373.09,4373.05,4373.09,6.0,2026-09-02 18:25:31
1788373532,4373.07,4373.07,4372.9,4372.9,10.0,2026-09-02 18:25:32
1788373533,4372.88,4372.88,4372.43,4372.44,14.0,2026-09-02 18:25:33
1788373534,4372.47,4372.58,4372.47,4372.49,11.0,2026-09-02 18:25:34
1788373535,4372.48,4372.53,4372.48,4372.53,4.0,2026-09-02 18:25:35
1788373536,4372.5,4372.5,4372.49,4372.5,3.0,2026-09-02 18:25:36
1788373537,4372.58,4372.58,4372.58,4372.58,1.0,2026-09-02 18:25:37
1788373538,4372.6,4372.76,4372.6,4372.76,5.0,2026-09-02 18:25:38
1788373539,4372.75,4372.75,4372.75,4372.75,1.0,2026-09-02 18:25:39
1788373540,4372.82,4372.83,4372.82,4372.83,2.0,2026-09-02 18:25:40
1788373541,4372.8,4372.8,4372.69,4372.7,7.0,2026-09-02 18:25:41
1788373542,4372.68,4372.68,4372.56,4372.56,4.0,2026-09-02 18:25:42
1788373543,4372.57,4372.57,4372.55,4372.55,4.0,2026-09-02 18:25:43
1788373544,4372.55,4372.55,4372.55,4372.55,1.0,2026-09-02 18:25:44
1788373545,4372.72,4372.72,4372.72,4372.72,1.0,2026-09-02 18:25:45
1788373546,4372.71,4372.71,4372.71,4372.71,1.0,2026-09-02 18:25:46
1788373547,4372.74,4372.75,4372.72,4372.72,4.0,2026-09-02 18:25:47
1788373548,4372.73,4372.74,4372.73,4372.74,2.0,2026-09-02 18:25:48
1788373549,4372.76,4372.8,4372.76,4372.79,4.0,2026-09-02 18:25:49
1788373550,4372.8,4372.8,4372.72,4372.72,3.0,2026-09-02 18:25:50
1788373551,4372.65,4372.66,4372.65,4372.66,2.0,2026-09-02 18:25:51
1788373552,4372.67,4372.69,4372.67,4372.67,3.0,2026-09-02 18:25:52
1788373553,4372.68,4372.68,4372.68,4372.68,1.0,2026-09-02 18:25:53
1788373554,4372.73,4372.8,4372.73,4372.8,3.0,2026-09-02 18:25:54
1788373555,4372.78,4372.78,4372.78,4372.78,1.0,2026-09-02 18:25:55
1788373556,4372.69,4372.7,4372.69,4372.7,2.0,2026-09-02 18:25:56
1788373557,4372.65,4372.66,4372.64,4372.66,5.0,2026-09-02 18:25:57
1788373558,4372.69,4372.7,4372.69,4372.7,2.0,2026-09-02 18:25:58
1788373559,4372.92,4372.92,4372.87,4372.87,5.0,2026-09-02 18:25:59
1788373560,4372.82,4372.82,4372.7,4372.71,6.0,2026-09-02 18:26:00
1788373561,4372.7,4372.94,4372.7,4372.94,12.0,2026-09-02 18:26:01
1788373562,4372.93,4373.07,4372.93,4373.07,12.0,2026-09-02 18:26:02
1788373563,4372.95,4372.95,4372.88,4372.88,3.0,2026-09-02 18:26:03
1788373564,4372.89,4372.89,4372.82,4372.82,2.0,2026-09-02 18:26:04
1788373565,4372.72,4372.72,4372.7,4372.7,2.0,2026-09-02 18:26:05
1788373566,4372.75,4372.76,4372.75,4372.76,2.0,2026-09-02 18:26:06
1788373567,4372.96,4373.0,4372.8,4372.82,7.0,2026-09-02 18:26:07
1788373568,4372.81,4372.83,4372.81,4372.83,3.0,2026-09-02 18:26:08
1788373569,4372.87,4373.07,4372.87,4373.07,3.0,2026-09-02 18:26:09
1788373570,4373.22,4373.22,4373.09,4373.09,11.0,2026-09-02 18:26:10
1788373571,4373.03,4373.04,4372.99,4373.02,9.0,2026-09-02 18:26:11
1788373572,4372.99,4373.14,4372.99,4373.13,11.0,2026-09-02 18:26:12
1788373573,4373.14,4373.14,4373.14,4373.14,1.0,2026-09-02 18:26:13
1788373574,4373.27,4373.27,4373.23,4373.23,2.0,2026-09-02 18:26:14
1788373575,4373.24,4373.37,4373.24,4373.37,4.0,2026-09-02 18:26:15
1788373576,4373.5,4373.5,4373.5,4373.5,1.0,2026-09-02 18:26:16
1788373577,4373.51,4373.54,4373.51,4373.54,2.0,2026-09-02 18:26:17
1788373578,4373.49,4373.49,4373.43,4373.43,2.0,2026-09-02 18:26:18
1788373579,4373.45,4373.45,4373.2,4373.2,10.0,2026-09-02 18:26:19
1788373580,4373.19,4373.19,4373.16,4373.18,4.0,2026-09-02 18:26:20
1788373581,4373.16,4373.16,4373.16,4373.16,1.0,2026-09-02 18:26:21
1788373582,4373.15,4373.15,4373.11,4373.13,6.0,2026-09-02 18:26:22
1788373583,4373.13,4373.18,4373.1,4373.18,7.0,2026-09-02 18:26:23
1788373584,4373.19,4373.19,4373.19,4373.19,1.0,2026-09-02 18:26:24
1788373585,4373.21,4373.21,4373.21,4373.21,1.0,2026-09-02 18:26:25
1788373586,4373.23,4373.23,4373.23,4373.23,1.0,2026-09-02 18:26:26
1788373587,4373.35,4373.63,4373.35,4373.63,10.0,2026-09-02 18:26:27
1788373588,4373.68,4373.69,4373.63,4373.67,6.0,2026-09-02 18:26:28
1788373589,4373.66,4373.69,4373.6,4373.69,9.0,2026-09-02 18:26:29
1788373590,4373.75,4373.77,4373.5,4373.51,12.0,2026-09-02 18:26:30
1788373591,4373.52,4373.52,4373.49,4373.49,3.0,2026-09-02 18:26:31
1788373592,4373.48,4373.48,4373.2,4373.21,15.0,2026-09-02 18:26:32
1788373593,4373.18,4373.18,4373.18,4373.18,1.0,2026-09-02 18:26:33
1788373594,4373.17,4373.17,4373.17,4373.17,1.0,2026-09-02 18:26:34
1788373595,4373.11,4373.11,4373.08,4373.09,5.0,2026-09-02 18:26:35
1788373596,4373.09,4373.11,4373.09,4373.11,3.0,2026-09-02 18:26:36
1788373597,4373.21,4373.26,4373.19,4373.19,8.0,2026-09-02 18:26:37
1788373598,4373.15,4373.18,4373.12,4373.15,6.0,2026-09-02 18:26:38
1788373599,4373.15,4373.15,4373.08,4373.08,5.0,2026-09-02 18:26:39
1788373600,4373.09,4373.09,4372.9,4372.9,10.0,2026-09-02 18:26:40
1788373601,4372.89,4372.92,4372.89,4372.92,5.0,2026-09-02 18:26:41
1788373602,4372.94,4373.03,4372.94,4373.02,8.0,2026-09-02 18:26:42
1788373603,4373.1,4373.13,4373.1,4373.13,2.0,2026-09-02 18:26:43
1788373604,4373.15,4373.15,4373.09,4373.11,5.0,2026-09-02 18:26:44
1788373605,4373.21,4373.28,4373.21,4373.22,8.0,2026-09-02 18:26:45
1788373606,4373.2,4373.2,4372.96,4372.96,7.0,2026-09-02 18:26:46
1788373607,4372.94,4372.95,4372.91,4372.94,5.0,2026-09-02 18:26:47
1788373608,4372.95,4372.96,4372.95,4372.95,3.0,2026-09-02 18:26:48
1788373609,4372.96,4373.08,4372.96,4373.08,10.0,2026-09-02 18:26:49
1788373610,4373.13,4373.13,4373.05,4373.07,8.0,2026-09-02 18:26:50
1788373611,4373.07,4373.09,4373.04,4373.07,11.0,2026-09-02 18:26:51
1788373612,4373.08,4373.1,4373.08,4373.1,3.0,2026-09-02 18:26:52
1788373613,4373.1,4373.1,4373.07,4373.07,3.0,2026-09-02 18:26:53
1788373614,4373.01,4373.01,4373.01,4373.01,2.0,2026-09-02 18:26:54
1788373615,4372.99,4373.13,4372.99,4373.13,6.0,2026-09-02 18:26:55
1788373616,4373.14,4373.14,4373.04,4373.05,7.0,2026-09-02 18:26:56
1788373617,4373.01,4373.08,4373.01,4373.08,4.0,2026-09-02 18:26:57
1788373618,4373.13,4373.27,4373.13,4373.25,9.0,2026-09-02 18:26:58
1788373619,4373.24,4373.43,4373.24,4373.43,7.0,2026-09-02 18:26:59
1788373620,4373.4,4373.4,4373.14,4373.14,11.0,2026-09-02 18:27:00
1788373621,4373.09,4373.09,4372.95,4372.95,11.0,2026-09-02 18:27:01
1788373622,4372.93,4372.96,4372.93,4372.96,2.0,2026-09-02 18:27:02
1788373623,4372.97,4372.97,4372.96,4372.96,2.0,2026-09-02 18:27:03
1788373624,4372.93,4372.95,4372.93,4372.95,3.0,2026-09-02 18:27:04
1788373625,4372.97,4372.97,4372.97,4372.97,1.0,2026-09-02 18:27:05
1788373626,4373.0,4373.0,4372.97,4372.99,3.0,2026-09-02 18:27:06
1788373627,4373.01,4373.01,4373.01,4373.01,1.0,2026-09-02 18:27:07
1788373628,4372.99,4373.07,4372.95,4373.07,8.0,2026-09-02 18:27:08
1788373629,4373.05,4373.08,4373.03,4373.03,8.0,2026-09-02 18:27:09
1788373630,4372.9,4372.93,4372.79,4372.93,11.0,2026-09-02 18:27:10
1788373631,4372.92,4372.92,4372.92,4372.92,1.0,2026-09-02 18:27:11
1788373632,4372.93,4372.93,4372.92,4372.92,2.0,2026-09-02 18:27:12
1788373633,4372.95,4372.96,4372.89,4372.89,4.0,2026-09-02 18:27:13
1788373634,4372.79,4372.79,4372.79,4372.79,1.0,2026-09-02 18:27:14
1788373635,4372.81,4372.81,4372.81,4372.81,1.0,2026-09-02 18:27:15
1788373636,4372.74,4372.74,4372.64,4372.64,9.0,2026-09-02 18:27:16
1788373637,4372.68,4372.75,4372.68,4372.73,8.0,2026-09-02 18:27:17
1788373638,4372.63,4372.63,4372.58,4372.58,3.0,2026-09-02 18:27:18
1788373639,4372.6,4372.66,4372.6,4372.65,7.0,2026-09-02 18:27:19
1788373640,4372.64,4372.64,4372.63,4372.63,2.0,2026-09-02 18:27:20
1788373641,4372.53,4372.53,4372.53,4372.53,1.0,2026-09-02 18:27:21
1788373642,4372.53,4372.53,4372.52,4372.52,3.0,2026-09-02 18:27:22
1788373643,4372.52,4372.52,4372.51,4372.51,3.0,2026-09-02 18:27:23
1788373644,4372.51,4372.51,4372.49,4372.49,3.0,2026-09-02 18:27:24
1788373645,4372.51,4372.51,4372.51,4372.51,1.0,2026-09-02 18:27:25
1788373646,4372.48,4372.48,4372.44,4372.44,4.0,2026-09-02 18:27:26
1788373647,4372.43,4372.43,4372.4,4372.4,3.0,2026-09-02 18:27:27
1788373648,4372.38,4372.41,4372.38,4372.41,6.0,2026-09-02 18:27:28
1788373649,4372.43,4372.43,4372.43,4372.43,1.0,2026-09-02 18:27:29
1788373650,4372.45,4372.45,4372.45,4372.45,1.0,2026-09-02 18:27:30
1788373651,4372.52,4372.52,4372.52,4372.52,2.0,2026-09-02 18:27:31
1788373652,4372.43,4372.43,4372.34,4372.38,7.0,2026-09-02 18:27:32
1788373653,4372.37,4372.42,4372.32,4372.42,7.0,2026-09-02 18:27:33
1788373654,4372.39,4372.39,4372.26,4372.29,8.0,2026-09-02 18:27:34
1788373655,4372.04,4372.06,4371.97,4371.97,6.0,2026-09-02 18:27:35
1788373656,4371.95,4371.97,4371.85,4371.97,8.0,2026-09-02 18:27:36
1788373657,4371.99,4372.08,4371.99,4372.08,4.0,2026-09-02 18:27:37
1788373658,4372.1,4372.11,4372.1,4372.1,5.0,2026-09-02 18:27:38
1788373659,4372.11,4372.11,4372.11,4372.11,1.0,2026-09-02 18:27:39
1788373660,4372.3,4372.3,4372.29,4372.29,2.0,2026-09-02 18:27:40
1788373661,4372.29,4372.31,4372.29,4372.31,2.0,2026-09-02 18:27:41
1788373662,4372.24,4372.24,4372.24,4372.24,2.0,2026-09-02 18:27:42
1788373663,4372.25,4372.25,4372.24,4372.25,3.0,2026-09-02 18:27:43
1788373664,4372.28,4372.28,4372.28,4372.28,2.0,2026-09-02 18:27:44
1788373665,4372.21,4372.21,4372.15,4372.15,5.0,2026-09-02 18:27:45
1788373666,4372.17,4372.19,4372.17,4372.19,3.0,2026-09-02 18:27:46
1788373667,4372.2,4372.21,4372.2,4372.2,3.0,2026-09-02 18:27:47
1788373668,4372.21,4372.21,4372.18,4372.19,3.0,2026-09-02 18:27:48
1788373669,4372.19,4372.35,4372.19,4372.35,9.0,2026-09-02 18:27:49
1788373670,4372.36,4372.36,4372.33,4372.33,4.0,2026-09-02 18:27:50
1788373671,4372.33,4372.33,4372.33,4372.33,1.0,2026-09-02 18:27:51
1788373672,4372.29,4372.29,4372.29,4372.29,1.0,2026-09-02 18:27:52
1788373673,4372.33,4372.33,4372.33,4372.33,2.0,2026-09-02 18:27:53
1788373674,4372.3,4372.3,4372.3,4372.3,1.0,2026-09-02 18:27:54
1788373675,4372.3,4372.3,4372.3,4372.3,1.0,2026-09-02 18:27:55
1788373677,4372.31,4372.34,4372.3,4372.34,3.0,2026-09-02 18:27:57
1788373678,4372.35,4372.39,4372.34,4372.34,6.0,2026-09-02 18:27:58
1788373679,4372.32,4372.38,4372.24,4372.24,11.0,2026-09-02 18:27:59
1788373680,4372.2,4372.33,4372.12,4372.29,24.0,2026-09-02 18:28:00
1788373681,4372.3,4372.4,4372.3,4372.4,3.0,2026-09-02 18:28:01
1788373682,4372.33,4372.35,4372.33,4372.35,3.0,2026-09-02 18:28:02
1788373683,4372.25,4372.25,4372.19,4372.22,7.0,2026-09-02 18:28:03
1788373684,4372.55,4372.6,4372.53,4372.6,8.0,2026-09-02 18:28:04
1788373685,4372.56,4372.57,4372.54,4372.56,5.0,2026-09-02 18:28:05
1788373686,4372.58,4372.59,4372.56,4372.56,5.0,2026-09-02 18:28:06
1788373687,4372.55,4372.61,4372.55,4372.57,7.0,2026-09-02 18:28:07
1788373688,4372.58,4372.76,4372.58,4372.71,15.0,2026-09-02 18:28:08
1788373689,4372.7,4372.85,4372.7,4372.85,14.0,2026-09-02 18:28:09
1788373690,4372.84,4372.84,4372.74,4372.77,7.0,2026-09-02 18:28:10
1788373691,4372.76,4372.8,4372.76,4372.8,2.0,2026-09-02 18:28:11
1788373692,4372.59,4372.59,4372.59,4372.59,1.0,2026-09-02 18:28:12
1788373693,4372.24,4372.34,4372.23,4372.34,7.0,2026-09-02 18:28:13
1788373694,4372.39,4372.42,4372.39,4372.42,2.0,2026-09-02 18:28:14
1788373695,4372.38,4372.38,4372.33,4372.33,4.0,2026-09-02 18:28:15
1788373696,4372.21,4372.21,4372.16,4372.18,5.0,2026-09-02 18:28:16
1788373697,4372.16,4372.31,4372.16,4372.31,10.0,2026-09-02 18:28:17
1788373698,4372.29,4372.29,4372.23,4372.24,5.0,2026-09-02 18:28:18
1788373699,4372.23,4372.24,4372.2,4372.21,5.0,2026-09-02 18:28:19
1788373700,4372.25,4372.38,4372.25,4372.37,11.0,2026-09-02 18:28:20
1788373701,4372.37,4372.4,4372.3,4372.3,6.0,2026-09-02 18:28:21
1788373702,4372.31,4372.32,4372.31,4372.32,2.0,2026-09-02 18:28:22
1788373703,4372.23,4372.23,4372.16,4372.17,4.0,2026-09-02 18:28:23
1788373704,4372.21,4372.22,4372.21,4372.22,2.0,2026-09-02 18:28:24
1788373705,4372.19,4372.19,4372.19,4372.19,1.0,2026-09-02 18:28:25
1788373706,4372.33,4372.36,4372.33,4372.36,3.0,2026-09-02 18:28:26
1788373707,4372.37,4372.39,4372.37,4372.39,4.0,2026-09-02 18:28:27
1788373708,4372.38,4372.38,4372.1,4372.13,6.0,2026-09-02 18:28:28
1788373709,4372.33,4372.33,4372.23,4372.28,10.0,2026-09-02 18:28:29
1788373710,4372.37,4372.45,4372.37,4372.45,4.0,2026-09-02 18:28:30
1788373711,4372.46,4372.47,4372.45,4372.47,4.0,2026-09-02 18:28:31
1788373712,4372.46,4372.46,4372.43,4372.44,4.0,2026-09-02 18:28:32
1788373713,4372.43,4372.45,4372.43,4372.45,2.0,2026-09-02 18:28:33
1788373714,4372.45,4372.45,4372.44,4372.44,2.0,2026-09-02 18:28:34
1788373715,4372.45,4372.47,4372.45,4372.47,3.0,2026-09-02 18:28:35
1788373716,4372.46,4372.47,4372.46,4372.47,2.0,2026-09-02 18:28:36
1788373717,4372.48,4372.48,4372.48,4372.48,1.0,2026-09-02 18:28:37
1788373718,4372.48,4372.48,4372.48,4372.48,1.0,2026-09-02 18:28:38
1788373719,4372.56,4372.63,4372.56,4372.59,6.0,2026-09-02 18:28:39
1788373720,4372.6,4372.6,4372.53,4372.57,8.0,2026-09-02 18:28:40
1788373721,4372.58,4372.63,4372.58,4372.63,4.0,2026-09-02 18:28:41
1788373722,4372.7,4372.91,4372.7,4372.91,9.0,2026-09-02 18:28:42
1788373723,4372.89,4372.89,4372.65,4372.74,12.0,2026-09-02 18:28:43
1788373724,4372.73,4372.74,4372.72,4372.72,6.0,2026-09-02 18:28:44
1788373725,4372.72,4372.72,4372.72,4372.72,1.0,2026-09-02 18:28:45
1788373726,4372.66,4372.66,4372.66,4372.66,1.0,2026-09-02 18:28:46
1788373727,4372.6,4372.6,4372.6,4372.6,1.0,2026-09-02 18:28:47
1788373728,4372.55,4372.55,4372.55,4372.55,1.0,2026-09-02 18:28:48
1788373729,4372.56,4372.77,4372.54,4372.77,8.0,2026-09-02 18:28:49
1788373730,4372.73,4372.74,4372.73,4372.74,2.0,2026-09-02 18:28:50
1788373731,4372.77,4372.77,4372.69,4372.69,3.0,2026-09-02 18:28:51
1788373732,4372.71,4372.71,4372.66,4372.67,4.0,2026-09-02 18:28:52
1788373733,4372.66,4372.66,4372.57,4372.58,6.0,2026-09-02 18:28:53
1788373734,4372.55,4372.65,4372.55,4372.64,5.0,2026-09-02 18:28:54
1788373735,4372.65,4372.65,4372.59,4372.63,9.0,2026-09-02 18:28:55
1788373736,4372.63,4372.64,4372.62,4372.62,3.0,2026-09-02 18:28:56
1788373737,4372.62,4372.63,4372.62,4372.63,2.0,2026-09-02 18:28:57
1788373738,4372.63,4372.63,4372.63,4372.63,1.0,2026-09-02 18:28:58
1788373739,4372.62,4372.62,4372.57,4372.58,3.0,2026-09-02 18:28:59
1788373740,4372.65,4372.65,4372.56,4372.56,5.0,2026-09-02 18:29:00
1788373741,4372.53,4372.54,4372.53,4372.54,3.0,2026-09-02 18:29:01
1788373742,4372.51,4372.51,4372.36,4372.36,5.0,2026-09-02 18:29:02
1788373743,4372.4,4372.41,4372.35,4372.35,8.0,2026-09-02 18:29:03
1788373745,4372.34,4372.35,4372.34,4372.34,3.0,2026-09-02 18:29:05
1788373746,4372.31,4372.31,4372.26,4372.26,3.0,2026-09-02 18:29:06
1788373747,4372.22,4372.22,4372.22,4372.22,1.0,2026-09-02 18:29:07
1788373748,4372.22,4372.22,4372.21,4372.21,2.0,2026-09-02 18:29:08
1788373749,4372.19,4372.29,4372.19,4372.29,11.0,2026-09-02 18:29:09
1788373750,4372.39,4372.41,4372.39,4372.41,2.0,2026-09-02 18:29:10
1788373751,4372.42,4372.89,4372.42,4372.89,12.0,2026-09-02 18:29:11
1788373752,4372.9,4372.9,4372.74,4372.9,13.0,2026-09-02 18:29:12
1788373753,4372.88,4372.9,4372.75,4372.83,15.0,2026-09-02 18:29:13
1788373754,4372.83,4372.85,4372.74,4372.74,7.0,2026-09-02 18:29:14
1788373755,4372.69,4372.71,4372.69,4372.71,3.0,2026-09-02 18:29:15
1788373756,4372.69,4372.73,4372.69,4372.73,3.0,2026-09-02 18:29:16
1788373757,4372.74,4372.76,4372.74,4372.76,3.0,2026-09-02 18:29:17
1788373758,4372.47,4372.47,4372.41,4372.41,4.0,2026-09-02 18:29:18
1788373759,4372.4,4372.4,4372.25,4372.26,5.0,2026-09-02 18:29:19
1788373760,4372.26,4372.26,4372.25,4372.26,3.0,2026-09-02 18:29:20
1788373761,4372.24,4372.29,4372.24,4372.28,5.0,2026-09-02 18:29:21
1788373762,4372.19,4372.23,4372.19,4372.22,6.0,2026-09-02 18:29:22
1788373763,4372.16,4372.16,4372.15,4372.16,4.0,2026-09-02 18:29:23
1788373764,4372.16,4372.24,4372.15,4372.24,8.0,2026-09-02 18:29:24
1788373765,4372.25,4372.27,4372.24,4372.27,5.0,2026-09-02 18:29:25
1788373767,4372.28,4372.28,4372.28,4372.28,1.0,2026-09-02 18:29:27
1788373768,4372.29,4372.43,4372.29,4372.43,6.0,2026-09-02 18:29:28
1788373769,4372.42,4372.42,4372.4,4372.4,2.0,2026-09-02 18:29:29
1788373770,4372.4,4372.54,4372.4,4372.54,10.0,2026-09-02 18:29:30
1788373771,4372.54,4372.54,4372.54,4372.54,2.0,2026-09-02 18:29:31
1788373772,4372.54,4372.54,4372.46,4372.47,5.0,2026-09-02 18:29:32
1788373773,4372.45,4372.45,4372.44,4372.44,4.0,2026-09-02 18:29:33
1788373774,4372.44,4372.44,4372.4,4372.41,6.0,2026-09-02 18:29:34
1788373775,4372.34,4372.34,4372.31,4372.31,4.0,2026-09-02 18:29:35
1788373776,4372.29,4372.33,4372.28,4372.31,5.0,2026-09-02 18:29:36
1788373777,4372.31,4372.31,4372.31,4372.31,1.0,2026-09-02 18:29:37
1788373778,4372.42,4372.47,4372.42,4372.47,2.0,2026-09-02 18:29:38
1788373779,4372.47,4372.47,4372.47,4372.47,1.0,2026-09-02 18:29:39
1788373780,4372.49,4372.49,4372.49,4372.49,2.0,2026-09-02 18:29:40
1788373781,4372.48,4372.48,4372.47,4372.48,4.0,2026-09-02 18:29:41
1788373782,4372.44,4372.44,4372.44,4372.44,1.0,2026-09-02 18:29:42
1788373783,4372.34,4372.34,4372.28,4372.29,9.0,2026-09-02 18:29:43
1788373784,4372.3,4372.3,4372.29,4372.29,2.0,2026-09-02 18:29:44
1788373785,4372.28,4372.32,4372.28,4372.32,5.0,2026-09-02 18:29:45
1788373786,4372.32,4372.32,4372.28,4372.29,5.0,2026-09-02 18:29:46
1788373787,4372.29,4372.3,4372.28,4372.3,4.0,2026-09-02 18:29:47
1788373788,4372.3,4372.43,4372.3,4372.41,8.0,2026-09-02 18:29:48
1788373789,4372.38,4372.4,4372.38,4372.4,2.0,2026-09-02 18:29:49
1788373790,4372.37,4372.48,4372.37,4372.45,3.0,2026-09-02 18:29:50
1788373791,4372.39,4372.43,4372.37,4372.43,6.0,2026-09-02 18:29:51
1788373792,4372.57,4372.69,4372.57,4372.69,8.0,2026-09-02 18:29:52
1788373793,4372.58,4372.83,4372.58,4372.83,15.0,2026-09-02 18:29:53
1788373794,4372.8,4372.8,4372.67,4372.67,8.0,2026-09-02 18:29:54
1788373795,4372.64,4372.64,4372.54,4372.6,16.0,2026-09-02 18:29:55
1788373796,4372.62,4372.79,4372.62,4372.73,13.0,2026-09-02 18:29:56
1788373797,4372.74,4372.74,4372.74,4372.74,1.0,2026-09-02 18:29:57
1788373798,4372.8,4372.96,4372.8,4372.96,5.0,2026-09-02 18:29:58
1788373799,4373.08,4373.1,4373.08,4373.1,3.0,2026-09-02 18:29:59
1788373800,4373.07,4373.07,4373.01,4373.04,6.0,2026-09-02 18:30:00
1788373801,4373.0,4373.0,4372.81,4372.85,11.0,2026-09-02 18:30:01
1788373802,4372.86,4373.08,4372.85,4373.08,9.0,2026-09-02 18:30:02
1788373803,4373.1,4373.1,4373.09,4373.09,2.0,2026-09-02 18:30:03
1788373805,4373.1,4373.34,4373.1,4373.34,5.0,2026-09-02 18:30:05
1788373806,4373.36,4373.8,4373.36,4373.8,13.0,2026-09-02 18:30:06
1788373807,4373.82,4373.88,4373.82,4373.88,3.0,2026-09-02 18:30:07
1788373808,4373.83,4373.84,4373.81,4373.81,4.0,2026-09-02 18:30:08
1788373809,4373.91,4373.92,4373.91,4373.92,3.0,2026-09-02 18:30:09
1788373810,4373.9,4373.9,4373.77,4373.8,6.0,2026-09-02 18:30:10
1788373811,4373.84,4373.9,4373.84,4373.9,6.0,2026-09-02 18:30:11
1788373812,4373.9,4373.91,4373.82,4373.82,7.0,2026-09-02 18:30:12
1788373813,4373.81,4373.81,4373.3,4373.3,13.0,2026-09-02 18:30:13
1788373814,4373.27,4373.27,4373.27,4373.27,1.0,2026-09-02 18:30:14
1788373815,4373.23,4373.23,4373.23,4373.23,1.0,2026-09-02 18:30:15
1788373816,4373.24,4373.3,4373.24,4373.3,4.0,2026-09-02 18:30:16
1788373817,4373.24,4373.27,4373.24,4373.25,4.0,2026-09-02 18:30:17
1788373818,4373.18,4373.21,4373.18,4373.21,4.0,2026-09-02 18:30:18
1788373819,4373.31,4373.43,4373.31,4373.42,6.0,2026-09-02 18:30:19
1788373820,4373.41,4373.52,4373.41,4373.52,6.0,2026-09-02 18:30:20
1788373821,4373.53,4373.53,4373.51,4373.52,6.0,2026-09-02 18:30:21
1788373823,4373.52,4373.52,4373.19,4373.19,12.0,2026-09-02 18:30:23
1788373824,4373.18,4373.18,4373.18,4373.18,1.0,2026-09-02 18:30:24
1788373825,4373.16,4373.17,4373.15,4373.16,4.0,2026-09-02 18:30:25
1788373826,4373.17,4373.17,4373.17,4373.17,1.0,2026-09-02 18:30:26
1788373827,4373.16,4373.16,4373.16,4373.16,1.0,2026-09-02 18:30:27
1788373828,4373.2,4373.2,4373.2,4373.2,1.0,2026-09-02 18:30:28
1788373829,4373.21,4373.22,4373.21,4373.22,2.0,2026-09-02 18:30:29
1788373830,4373.22,4373.36,4373.22,4373.36,6.0,2026-09-02 18:30:30
1788373831,4373.4,4373.4,4373.21,4373.27,10.0,2026-09-02 18:30:31
1788373832,4373.26,4373.26,4373.23,4373.23,3.0,2026-09-02 18:30:32
1788373833,4373.17,4373.3,4373.16,4373.3,8.0,2026-09-02 18:30:33
1788373834,4373.31,4373.43,4373.26,4373.41,12.0,2026-09-02 18:30:34
1788373835,4373.42,4373.53,4373.42,4373.53,6.0,2026-09-02 18:30:35
1788373836,4373.54,4373.57,4373.4,4373.42,8.0,2026-09-02 18:30:36
1788373837,4373.41,4373.41,4373.41,4373.41,1.0,2026-09-02 18:30:37
1788373838,4373.4,4373.4,4373.4,4373.4,1.0,2026-09-02 18:30:38
1788373839,4373.26,4373.26,4373.24,4373.24,2.0,2026-09-02 18:30:39
1788373840,4373.28,4373.28,4373.21,4373.23,6.0,2026-09-02 18:30:40
1788373841,4373.25,4373.35,4373.25,4373.34,5.0,2026-09-02 18:30:41
1788373842,4373.32,4373.32,4373.26,4373.28,7.0,2026-09-02 18:30:42
1788373843,4373.25,4373.25,4373.25,4373.25,1.0,2026-09-02 18:30:43
1788373844,4373.26,4373.33,4373.25,4373.33,4.0,2026-09-02 18:30:44
1788373845,4373.32,4373.32,4373.26,4373.27,8.0,2026-09-02 18:30:45
1788373846,4373.25,4373.3,4373.19,4373.3,12.0,2026-09-02 18:30:46
1788373847,4373.29,4373.29,4373.29,4373.29,1.0,2026-09-02 18:30:47
1788373848,4373.33,4373.33,4373.33,4373.33,1.0,2026-09-02 18:30:48
1788373849,4373.35,4373.49,4373.34,4373.49,4.0,2026-09-02 18:30:49
1788373850,4373.52,4373.55,4373.52,4373.55,3.0,2026-09-02 18:30:50
1788373851,4373.57,4373.57,4373.55,4373.56,6.0,2026-09-02 18:30:51
1788373852,4373.58,4373.91,4373.58,4373.89,8.0,2026-09-02 18:30:52
1788373853,4373.85,4373.88,4373.85,4373.87,5.0,2026-09-02 18:30:53
1788373854,4373.87,4373.89,4373.87,4373.88,3.0,2026-09-02 18:30:54
1788373855,4373.88,4374.3,4373.84,4374.3,15.0,2026-09-02 18:30:55
1788373856,4374.3,4374.36,4374.24,4374.24,11.0,2026-09-02 18:30:56
1788373857,4374.23,4374.27,4374.21,4374.27,5.0,2026-09-02 18:30:57
1788373858,4374.26,4374.26,4374.21,4374.22,6.0,2026-09-02 18:30:58
1788373859,4374.2,4374.2,4374.2,4374.2,1.0,2026-09-02 18:30:59
1788373860,4374.27,4374.27,4374.25,4374.25,2.0,2026-09-02 18:31:00
1788373861,4374.38,4374.39,4374.38,4374.39,2.0,2026-09-02 18:31:01
1788373862,4374.3,4374.3,4374.3,4374.3,1.0,2026-09-02 18:31:02
1788373863,4374.3,4374.35,4374.3,4374.35,5.0,2026-09-02 18:31:03
1788373864,4374.35,4374.35,4373.93,4373.93,13.0,2026-09-02 18:31:04
1788373865,4374.02,4374.08,4374.02,4374.07,7.0,2026-09-02 18:31:05
1788373866,4373.94,4373.96,4373.94,4373.96,2.0,2026-09-02 18:31:06
1788373867,4373.91,4373.91,4373.91,4373.91,1.0,2026-09-02 18:31:07
1788373868,4373.92,4373.92,4373.92,4373.92,1.0,2026-09-02 18:31:08
1788373869,4373.92,4373.92,4373.92,4373.92,1.0,2026-09-02 18:31:09
1788373870,4374.09,4374.09,4374.09,4374.09,2.0,2026-09-02 18:31:10
1788373871,4374.11,4374.29,4374.11,4374.28,6.0,2026-09-02 18:31:11
1788373872,4374.4,4374.4,4374.33,4374.33,5.0,2026-09-02 18:31:12
1788373873,4374.26,4374.26,4374.24,4374.25,3.0,2026-09-02 18:31:13
1788373874,4374.32,4374.32,4374.28,4374.28,4.0,2026-09-02 18:31:14
1788373875,4374.21,4374.21,4374.1,4374.11,7.0,2026-09-02 18:31:15
1788373876,4374.11,4374.34,4374.11,4374.34,11.0,2026-09-02 18:31:16
1788373877,4374.35,4374.4,4374.33,4374.37,11.0,2026-09-02 18:31:17
1788373878,4374.39,4374.39,4374.39,4374.39,2.0,2026-09-02 18:31:18
1788373879,4374.39,4374.39,4374.39,4374.39,1.0,2026-09-02 18:31:19
1788373880,4374.39,4374.39,4374.39,4374.39,1.0,2026-09-02 18:31:20
1788373881,4374.05,4374.05,4374.03,4374.03,2.0,2026-09-02 18:31:21
1788373882,4374.02,4374.08,4374.02,4374.08,3.0,2026-09-02 18:31:22
1788373883,4374.03,4374.03,4374.02,4374.02,2.0,2026-09-02 18:31:23
1788373884,4374.01,4374.09,4374.01,4374.09,3.0,2026-09-02 18:31:24
1788373885,4374.1,4374.25,4374.1,4374.25,5.0,2026-09-02 18:31:25
1788373886,4374.22,4374.31,4374.22,4374.31,4.0,2026-09-02 18:31:26
1788373887,4374.33,4374.38,4374.23,4374.23,10.0,2026-09-02 18:31:27
1788373888,4374.23,4374.25,4374.2,4374.21,4.0,2026-09-02 18:31:28
1788373889,4374.21,4374.21,4374.21,4374.21,1.0,2026-09-02 18:31:29
1788373890,4374.28,4374.28,4374.26,4374.26,2.0,2026-09-02 18:31:30
1788373891,4374.29,4374.33,4374.29,4374.33,3.0,2026-09-02 18:31:31
1788373892,4374.36,4374.36,4374.35,4374.35,2.0,2026-09-02 18:31:32
1788373893,4374.31,4374.34,4374.31,4374.34,2.0,2026-09-02 18:31:33
1788373894,4374.5,4374.5,4374.5,4374.5,1.0,2026-09-02 18:31:34
1788373895,4374.51,4374.51,4374.49,4374.49,2.0,2026-09-02 18:31:35
1788373896,4374.47,4374.6,4374.47,4374.6,7.0,2026-09-02 18:31:36
1788373897,4374.61,4374.62,4374.61,4374.62,2.0,2026-09-02 18:31:37
1788373898,4374.63,4374.63,4374.63,4374.63,4.0,2026-09-02 18:31:38
1788373899,4374.64,4374.64,4374.63,4374.63,2.0,2026-09-02 18:31:39
1788373900,4374.63,4374.63,4374.63,4374.63,3.0,2026-09-02 18:31:40
1788373901,4374.63,4374.63,4374.63,4374.63,1.0,2026-09-02 18:31:41
1788373902,4374.63,4374.63,4374.62,4374.62,3.0,2026-09-02 18:31:42
1788373903,4374.62,4374.63,4374.62,4374.63,2.0,2026-09-02 18:31:43
1788373904,4374.62,4374.81,4374.62,4374.81,8.0,2026-09-02 18:31:44
1788373905,4374.78,4374.78,4374.6,4374.6,10.0,2026-09-02 18:31:45
1788373906,4374.4,4374.41,4374.4,4374.41,3.0,2026-09-02 18:31:46
1788373907,4374.37,4374.38,4374.35,4374.36,10.0,2026-09-02 18:31:47
1788373908,4374.34,4374.34,4374.18,4374.19,11.0,2026-09-02 18:31:48
1788373909,4374.18,4374.23,4374.18,4374.22,5.0,2026-09-02 18:31:49
1788373910,4374.23,4374.23,4374.23,4374.23,1.0,2026-09-02 18:31:50
1788373911,4374.34,4374.34,4374.34,4374.34,1.0,2026-09-02 18:31:51
1788373912,4374.33,4374.38,4374.33,4374.35,5.0,2026-09-02 18:31:52
1788373913,4374.36,4374.41,4374.33,4374.41,4.0,2026-09-02 18:31:53
1788373914,4374.49,4374.6,4374.49,4374.6,6.0,2026-09-02 18:31:54
1788373915,4374.58,4374.59,4374.52,4374.59,9.0,2026-09-02 18:31:55
1788373916,4374.6,4374.69,4374.6,4374.69,7.0,2026-09-02 18:31:56
1788373917,4374.7,4374.72,4374.68,4374.68,6.0,2026-09-02 18:31:57
1788373918,4374.68,4375.05,4374.66,4374.99,12.0,2026-09-02 18:31:58
1788373919,4374.97,4375.08,4374.95,4375.08,6.0,2026-09-02 18:31:59
1788373920,4375.06,4375.06,4375.06,4375.06,1.0,2026-09-02 18:32:00
1788373921,4374.94,4374.97,4374.94,4374.97,3.0,2026-09-02 18:32:01
1788373922,4374.93,4374.93,4374.93,4374.93,1.0,2026-09-02 18:32:02
1788373923,4374.94,4374.94,4374.94,4374.94,1.0,2026-09-02 18:32:03
1788373924,4374.75,4374.75,4374.71,4374.71,2.0,2026-09-02 18:32:04
1788373925,4374.7,4374.7,4374.7,4374.7,1.0,2026-09-02 18:32:05
1788373926,4374.75,4375.07,4374.75,4375.07,10.0,2026-09-02 18:32:06
1788373927,4375.39,4375.39,4375.25,4375.25,8.0,2026-09-02 18:32:07
1788373928,4375.24,4375.24,4375.15,4375.18,9.0,2026-09-02 18:32:08
1788373929,4375.2,4375.26,4375.16,4375.26,10.0,2026-09-02 18:32:09
1788373930,4375.28,4375.28,4375.27,4375.28,4.0,2026-09-02 18:32:10
1788373931,4375.27,4375.28,4375.27,4375.27,6.0,2026-09-02 18:32:11
1788373932,4375.26,4375.26,4375.26,4375.26,1.0,2026-09-02 18:32:12
1788373933,4375.2,4375.21,4375.13,4375.13,5.0,2026-09-02 18:32:13
1788373934,4375.14,4375.21,4375.14,4375.21,6.0,2026-09-02 18:32:14
1788373935,4375.47,4375.53,4375.47,4375.53,7.0,2026-09-02 18:32:15
1788373936,4375.61,4375.9,4375.61,4375.88,12.0,2026-09-02 18:32:16
1788373937,4375.83,4375.92,4375.83,4375.92,6.0,2026-09-02 18:32:17
1788373938,4375.99,4376.1,4375.99,4376.05,7.0,2026-09-02 18:32:18
1788373939,4376.02,4376.04,4376.01,4376.01,4.0,2026-09-02 18:32:19
1788373940,4375.95,4376.08,4375.93,4376.04,14.0,2026-09-02 18:32:20
1788373941,4376.02,4376.03,4375.98,4375.98,5.0,2026-09-02 18:32:21
1788373942,4375.99,4376.01,4375.95,4376.01,4.0,2026-09-02 18:32:22
1788373943,4375.88,4375.88,4375.86,4375.86,3.0,2026-09-02 18:32:23
1788373944,4375.86,4375.95,4375.85,4375.95,7.0,2026-09-02 18:32:24
1788373945,4375.95,4375.97,4375.95,4375.97,3.0,2026-09-02 18:32:25
1788373946,4376.03,4376.04,4376.03,4376.04,2.0,2026-09-02 18:32:26
1788373947,4376.03,4376.07,4376.03,4376.06,4.0,2026-09-02 18:32:27
1788373948,4375.94,4375.94,4375.74,4375.74,12.0,2026-09-02 18:32:28
1788373949,4375.73,4375.73,4375.73,4375.73,1.0,2026-09-02 18:32:29
1788373950,4375.63,4375.63,4375.53,4375.53,5.0,2026-09-02 18:32:30
1788373951,4375.59,4375.59,4375.59,4375.59,2.0,2026-09-02 18:32:31
1788373952,4375.65,4375.71,4375.65,4375.71,3.0,2026-09-02 18:32:32
1788373953,4375.72,4375.78,4375.72,4375.78,3.0,2026-09-02 18:32:33
1788373954,4375.79,4375.79,4375.79,4375.79,2.0,2026-09-02 18:32:34
1788373955,4375.8,4375.97,4375.8,4375.94,9.0,2026-09-02 18:32:35
1788373956,4375.94,4375.99,4375.92,4375.92,7.0,2026-09-02 18:32:36
1788373957,4375.93,4375.94,4375.93,4375.94,2.0,2026-09-02 18:32:37
1788373958,4375.65,4375.65,4375.63,4375.63,3.0,2026-09-02 18:32:38
1788373959,4375.61,4375.61,4375.61,4375.61,2.0,2026-09-02 18:32:39
1788373960,4375.63,4375.63,4375.63,4375.63,1.0,2026-09-02 18:32:40
1788373961,4375.68,4375.69,4375.66,4375.66,3.0,2026-09-02 18:32:41
1788373962,4375.66,4375.66,4375.56,4375.56,10.0,2026-09-02 18:32:42
1788373963,4375.61,4375.72,4375.61,4375.72,7.0,2026-09-02 18:32:43
1788373964,4375.73,4375.77,4375.73,4375.77,4.0,2026-09-02 18:32:44
1788373965,4375.78,4375.8,4375.78,4375.8,2.0,2026-09-02 18:32:45
1788373966,4375.84,4375.84,4375.8,4375.82,5.0,2026-09-02 18:32:46
1788373967,4375.92,4375.93,4375.92,4375.93,3.0,2026-09-02 18:32:47
1788373968,4375.86,4375.86,4375.84,4375.84,2.0,2026-09-02 18:32:48
1788373969,4375.89,4375.92,4375.89,4375.92,5.0,2026-09-02 18:32:49
1788373970,4375.93,4375.93,4375.92,4375.93,3.0,2026-09-02 18:32:50
1788373971,4375.96,4376.02,4375.96,4375.97,10.0,2026-09-02 18:32:51
1788373972,4375.95,4375.98,4375.89,4375.89,8.0,2026-09-02 18:32:52
1788373973,4375.87,4375.89,4375.87,4375.89,2.0,2026-09-02 18:32:53
1788373974,4375.83,4375.83,4375.83,4375.83,1.0,2026-09-02 18:32:54
1788373975,4375.87,4375.87,4375.78,4375.78,7.0,2026-09-02 18:32:55
1788373976,4375.82,4375.82,4375.78,4375.78,5.0,2026-09-02 18:32:56
1788373977,4375.75,4375.81,4375.75,4375.81,9.0,2026-09-02 18:32:57
1788373978,4375.81,4375.81,4375.81,4375.81,1.0,2026-09-02 18:32:58
1788373979,4375.8,4375.8,4375.78,4375.79,3.0,2026-09-02 18:32:59
1788373980,4375.81,4375.92,4375.78,4375.92,13.0,2026-09-02 18:33:00
1788373981,4376.11,4376.12,4376.1,4376.11,5.0,2026-09-02 18:33:01
1788373982,4376.1,4376.1,4376.09,4376.09,2.0,2026-09-02 18:33:02
1788373983,4376.75,4376.75,4376.72,4376.72,2.0,2026-09-02 18:33:03
1788373984,4376.58,4376.58,4376.56,4376.58,3.0,2026-09-02 18:33:04
1788373985,4376.58,4376.58,4376.58,4376.58,1.0,2026-09-02 18:33:05
1788373986,4376.64,4376.64,4376.64,4376.64,2.0,2026-09-02 18:33:06
1788373987,4376.61,4376.61,4376.61,4376.61,1.0,2026-09-02 18:33:07
1788373988,4376.61,4377.0,4376.6,4377.0,11.0,2026-09-02 18:33:08
1788373989,4376.99,4376.99,4376.97,4376.97,3.0,2026-09-02 18:33:09
1788373990,4376.93,4376.96,4376.93,4376.96,4.0,2026-09-02 18:33:10
1788373991,4376.99,4377.0,4376.9,4376.91,5.0,2026-09-02 18:33:11
1788373992,4376.86,4376.86,4376.85,4376.85,2.0,2026-09-02 18:33:12
1788373993,4376.71,4376.78,4376.7,4376.78,5.0,2026-09-02 18:33:13
1788373994,4376.88,4376.89,4376.88,4376.89,2.0,2026-09-02 18:33:14
1788373995,4376.88,4376.88,4376.68,4376.68,10.0,2026-09-02 18:33:15
1788373996,4376.65,4376.67,4376.65,4376.67,3.0,2026-09-02 18:33:16
1788373997,4376.62,4376.62,4376.61,4376.62,3.0,2026-09-02 18:33:17
1788373998,4376.64,4376.65,4376.64,4376.65,4.0,2026-09-02 18:33:18
1788373999,4376.67,4376.67,4376.66,4376.66,2.0,2026-09-02 18:33:19
1788374000,4376.65,4376.65,4376.65,4376.65,1.0,2026-09-02 18:33:20
1788374001,4376.62,4376.62,4376.61,4376.61,2.0,2026-09-02 18:33:21
1788374002,4376.65,4376.66,4376.65,4376.66,2.0,2026-09-02 18:33:22
1788374003,4376.67,4376.68,4376.67,4376.68,2.0,2026-09-02 18:33:23
1788374004,4376.72,4376.73,4376.72,4376.73,2.0,2026-09-02 18:33:24
1788374005,4376.72,4376.8,4376.68,4376.77,11.0,2026-09-02 18:33:25
1788374006,4376.78,4376.78,4376.78,4376.78,2.0,2026-09-02 18:33:26
1788374007,4376.78,4376.78,4376.74,4376.75,7.0,2026-09-02 18:33:27
1788374008,4376.8,4376.83,4376.8,4376.83,7.0,2026-09-02 18:33:28
1788374009,4376.84,4376.84,4376.84,4376.84,1.0,2026-09-02 18:33:29
1788374010,4376.98,4376.98,4376.98,4376.98,1.0,2026-09-02 18:33:30
1788374011,4376.97,4376.97,4376.94,4376.94,2.0,2026-09-02 18:33:31
1788374012,4376.93,4376.93,4376.91,4376.91,4.0,2026-09-02 18:33:32
1788374013,4376.9,4376.91,4376.9,4376.9,3.0,2026-09-02 18:33:33
1788374014,4376.81,4376.81,4376.79,4376.79,3.0,2026-09-02 18:33:34
1788374015,4376.92,4376.92,4376.92,4376.92,1.0,2026-09-02 18:33:35
1788374016,4376.93,4377.02,4376.93,4376.99,6.0,2026-09-02 18:33:36
1788374017,4376.95,4376.97,4376.94,4376.94,6.0,2026-09-02 18:33:37
1788374018,4376.92,4377.08,4376.92,4377.08,9.0,2026-09-02 18:33:38
1788374019,4377.08,4377.09,4377.06,4377.06,4.0,2026-09-02 18:33:39
1788374020,4377.05,4377.05,4377.0,4377.0,4.0,2026-09-02 18:33:40
1788374021,4377.06,4377.06,4377.06,4377.06,2.0,2026-09-02 18:33:41
1788374022,4377.06,4377.06,4377.06,4377.06,1.0,2026-09-02 18:33:42
1788374023,4377.39,4377.39,4377.37,4377.38,3.0,2026-09-02 18:33:43
1788374024,4377.4,4377.4,4377.4,4377.4,1.0,2026-09-02 18:33:44
1788374025,4377.43,4377.52,4377.43,4377.51,5.0,2026-09-02 18:33:45
1788374026,4377.77,4377.79,4377.77,4377.79,3.0,2026-09-02 18:33:46
1788374027,4377.76,4377.76,4377.55,4377.55,12.0,2026-09-02 18:33:47
1788374028,4377.71,4377.83,4377.7,4377.83,9.0,2026-09-02 18:33:48
1788374029,4377.82,4377.88,4377.8,4377.88,10.0,2026-09-02 18:33:49
1788374030,4377.89,4377.89,4377.89,4377.89,1.0,2026-09-02 18:33:50
1788374031,4378.02,4378.02,4378.02,4378.02,1.0,2026-09-02 18:33:51
1788374032,4377.99,4377.99,4377.95,4377.98,6.0,2026-09-02 18:33:52
1788374033,4377.94,4378.07,4377.93,4378.07,9.0,2026-09-02 18:33:53
1788374034,4378.09,4378.09,4378.05,4378.07,5.0,2026-09-02 18:33:54
1788374035,4378.04,4378.09,4378.03,4378.08,9.0,2026-09-02 18:33:55
1788374036,4378.11,4378.13,4378.11,4378.13,4.0,2026-09-02 18:33:56
1788374037,4378.13,4378.14,4378.06,4378.06,5.0,2026-09-02 18:33:57
1788374038,4377.98,4377.98,4377.92,4377.98,6.0,2026-09-02 18:33:58
1788374039,4377.97,4378.1,4377.97,4378.1,7.0,2026-09-02 18:33:59
1788374040,4378.09,4378.09,4378.05,4378.05,6.0,2026-09-02 18:34:00
1788374041,4378.05,4378.05,4378.05,4378.05,1.0,2026-09-02 18:34:01
1788374042,4377.75,4377.75,4377.74,4377.75,3.0,2026-09-02 18:34:02
1788374043,4378.0,4378.0,4377.99,4377.99,2.0,2026-09-02 18:34:03
1788374044,4377.95,4377.95,4377.86,4377.86,5.0,2026-09-02 18:34:04
1788374045,4377.76,4377.76,4377.71,4377.71,4.0,2026-09-02 18:34:05
1788374046,4377.68,4377.86,4377.68,4377.77,11.0,2026-09-02 18:34:06
1788374047,4377.77,4377.77,4377.76,4377.76,2.0,2026-09-02 18:34:07
1788374048,4377.77,4377.82,4377.77,4377.8,5.0,2026-09-02 18:34:08
1788374049,4377.8,4377.8,4377.77,4377.77,4.0,2026-09-02 18:34:09
1788374050,4377.83,4377.83,4377.83,4377.83,1.0,2026-09-02 18:34:10
1788374051,4377.84,4377.84,4377.84,4377.84,1.0,2026-09-02 18:34:11
1788374052,4377.85,4377.86,4377.85,4377.86,3.0,2026-09-02 18:34:12
1788374053,4377.75,4377.85,4377.75,4377.84,8.0,2026-09-02 18:34:13
1788374054,4377.8,4377.8,4377.28,4377.3,14.0,2026-09-02 18:34:14
1788374055,4377.21,4377.34,4377.18,4377.34,10.0,2026-09-02 18:34:15
1788374056,4377.33,4377.37,4377.33,4377.37,5.0,2026-09-02 18:34:16
1788374057,4377.41,4377.43,4377.36,4377.37,8.0,2026-09-02 18:34:17
1788374058,4377.36,4377.36,4377.36,4377.36,2.0,2026-09-02 18:34:18
1788374059,4377.44,4377.46,4377.44,4377.44,4.0,2026-09-02 18:34:19
1788374060,4377.41,4377.41,4377.41,4377.41,1.0,2026-09-02 18:34:20
1788374061,4377.43,4377.43,4377.43,4377.43,1.0,2026-09-02 18:34:21
1788374062,4377.42,4377.42,4377.36,4377.36,5.0,2026-09-02 18:34:22
1788374063,4377.37,4377.38,4377.37,4377.38,2.0,2026-09-02 18:34:23
1788374064,4377.31,4377.31,4377.17,4377.18,12.0,2026-09-02 18:34:24
1788374065,4377.15,4377.15,4377.12,4377.12,3.0,2026-09-02 18:34:25
1788374066,4377.1,4377.11,4377.1,4377.11,3.0,2026-09-02 18:34:26
1788374067,4377.12,4377.13,4377.12,4377.13,2.0,2026-09-02 18:34:27
1788374068,4377.14,4377.14,4377.13,4377.13,4.0,2026-09-02 18:34:28
1788374069,4377.12,4377.13,4377.12,4377.13,2.0,2026-09-02 18:34:29
1788374070,4377.08,4377.08,4376.99,4376.99,6.0,2026-09-02 18:34:30
1788374071,4376.9,4376.92,4376.9,4376.91,5.0,2026-09-02 18:34:31
1788374072,4376.89,4376.91,4376.89,4376.9,4.0,2026-09-02 18:34:32
1788374073,4376.94,4376.94,4376.91,4376.94,6.0,2026-09-02 18:34:33
1788374074,4376.93,4376.95,4376.91,4376.94,5.0,2026-09-02 18:34:34
1788374075,4376.91,4376.92,4376.87,4376.87,3.0,2026-09-02 18:34:35
1788374076,4376.92,4376.92,4376.88,4376.88,5.0,2026-09-02 18:34:36
1788374077,4376.88,4376.88,4376.88,4376.88,1.0,2026-09-02 18:34:37
1788374078,4376.9,4376.9,4376.9,4376.9,1.0,2026-09-02 18:34:38
1788374079,4376.83,4376.83,4376.83,4376.83,1.0,2026-09-02 18:34:39
1788374080,4376.69,4376.73,4376.69,4376.73,3.0,2026-09-02 18:34:40
1788374081,4376.76,4376.76,4376.76,4376.76,2.0,2026-09-02 18:34:41
1788374082,4376.77,4376.77,4376.77,4376.77,1.0,2026-09-02 18:34:42
1788374083,4376.73,4376.73,4376.72,4376.72,4.0,2026-09-02 18:34:43
1788374084,4376.71,4376.71,4376.67,4376.68,7.0,2026-09-02 18:34:44
1788374085,4376.68,4376.68,4376.36,4376.36,10.0,2026-09-02 18:34:45
1788374086,4376.36,4376.38,4376.32,4376.38,7.0,2026-09-02 18:34:46
1788374087,4376.36,4376.53,4376.36,4376.5,10.0,2026-09-02 18:34:47
1788374088,4376.49,4376.52,4376.47,4376.52,5.0,2026-09-02 18:34:48
1788374089,4376.53,4376.53,4376.47,4376.5,5.0,2026-09-02 18:34:49
1788374090,4376.66,4376.77,4376.66,4376.77,5.0,2026-09-02 18:34:50
1788374091,4376.78,4376.78,4376.7,4376.72,3.0,2026-09-02 18:34:51
1788374092,4376.77,4376.77,4376.77,4376.77,2.0,2026-09-02 18:34:52
1788374093,4376.74,4376.74,4376.71,4376.72,5.0,2026-09-02 18:34:53
1788374094,4376.69,4376.7,4376.69,4376.69,3.0,2026-09-02 18:34:54
1788374095,4376.68,4376.71,4376.63,4376.71,8.0,2026-09-02 18:34:55
1788374096,4376.71,4376.73,4376.71,4376.72,5.0,2026-09-02 18:34:56
1788374097,4376.7,4376.72,4376.53,4376.53,14.0,2026-09-02 18:34:57
1788374098,4376.56,4376.56,4376.56,4376.56,1.0,2026-09-02 18:34:58
1788374099,4376.58,4376.58,4376.58,4376.58,1.0,2026-09-02 18:34:59
1788374100,4376.6,4376.67,4376.59,4376.67,5.0,2026-09-02 18:35:00
1788374101,4376.65,4376.65,4376.63,4376.63,2.0,2026-09-02 18:35:01
1788374102,4376.72,4376.72,4376.71,4376.72,3.0,2026-09-02 18:35:02
1788374103,4376.7,4376.7,4376.7,4376.7,1.0,2026-09-02 18:35:03
1788374104,4376.78,4376.78,4376.73,4376.73,4.0,2026-09-02 18:35:04
1788374105,4376.74,4376.79,4376.71,4376.79,5.0,2026-09-02 18:35:05
1788374106,4376.83,4376.84,4376.83,4376.84,2.0,2026-09-02 18:35:06
1788374107,4376.84,4376.84,4376.84,4376.84,1.0,2026-09-02 18:35:07
1788374108,4376.84,4376.84,4376.84,4376.84,1.0,2026-09-02 18:35:08
1788374110,4376.84,4376.84,4376.84,4376.84,2.0,2026-09-02 18:35:10
1788374111,4376.85,4376.85,4376.84,4376.84,4.0,2026-09-02 18:35:11
1788374112,4376.83,4376.83,4376.79,4376.79,2.0,2026-09-02 18:35:12
1788374113,4376.79,4376.81,4376.79,4376.81,4.0,2026-09-02 18:35:13
1788374114,4376.81,4376.81,4376.81,4376.81,1.0,2026-09-02 18:35:14
1788374115,4376.84,4376.86,4376.84,4376.86,2.0,2026-09-02 18:35:15
1788374116,4376.88,4376.99,4376.88,4376.99,8.0,2026-09-02 18:35:16
1788374117,4377.01,4377.03,4377.01,4377.03,3.0,2026-09-02 18:35:17
1788374118,4377.03,4377.03,4377.03,4377.03,1.0,2026-09-02 18:35:18
1788374119,4377.08,4377.4,4377.08,4377.38,12.0,2026-09-02 18:35:19
1788374120,4377.37,4377.37,4377.36,4377.37,3.0,2026-09-02 18:35:20
1788374121,4377.35,4377.49,4377.35,4377.49,6.0,2026-09-02 18:35:21
1788374122,4377.54,4377.54,4377.5,4377.5,8.0,2026-09-02 18:35:22
1788374123,4377.49,4377.49,4377.45,4377.46,4.0,2026-09-02 18:35:23
1788374124,4377.41,4377.47,4377.41,4377.47,6.0,2026-09-02 18:35:24
1788374125,4377.48,4377.58,4377.48,4377.58,5.0,2026-09-02 18:35:25
1788374126,4377.63,4377.63,4377.63,4377.63,1.0,2026-09-02 18:35:26
1788374127,4377.66,4377.66,4377.66,4377.66,1.0,2026-09-02 18:35:27
1788374128,4377.68,4377.84,4377.67,4377.84,5.0,2026-09-02 18:35:28
1788374129,4377.93,4377.93,4377.91,4377.93,3.0,2026-09-02 18:35:29
1788374130,4377.95,4377.99,4377.95,4377.99,4.0,2026-09-02 18:35:30
1788374131,4378.0,4378.0,4377.97,4377.98,4.0,2026-09-02 18:35:31
1788374132,4377.96,4377.96,4377.91,4377.92,7.0,2026-09-02 18:35:32
1788374133,4377.93,4377.94,4377.93,4377.94,2.0,2026-09-02 18:35:33
1788374134,4377.9,4377.9,4377.81,4377.81,6.0,2026-09-02 18:35:34
