t,o,h,l,c,v,datetime_utc,datetime_est
1788472800000,4470.83,4477.68,4470.83,4473.92,420.0,2026-09-03 22:00:00+00:00,2026-09-03 18:00:00+00:00
1788472860000,4474.06,4476.23,4473.23,4476.12,363.0,2026-09-03 22:01:00+00:00,2026-09-03 18:01:00+00:00
1788472920000,4476.0,4477.13,4475.1,4476.77,228.0,2026-09-03 22:02:00+00:00,2026-09-03 18:02:00+00:00
1788472980000,4476.73,4477.2,4476.43,4476.81,225.0,2026-09-03 22:03:00+00:00,2026-09-03 18:03:00+00:00
1788473040000,4476.85,4477.18,4475.93,4476.39,177.0,2026-09-03 22:04:00+00:00,2026-09-03 18:04:00+00:00
1788473100000,4476.35,4477.32,4475.53,4476.82,171.0,2026-09-03 22:05:00+00:00,2026-09-03 18:05:00+00:00
1788473160000,4476.85,4476.94,4476.22,4476.68,110.0,2026-09-03 22:06:00+00:00,2026-09-03 18:06:00+00:00
1788473220000,4476.67,4476.7,4475.75,4476.16,107.0,2026-09-03 22:07:00+00:00,2026-09-03 18:07:00+00:00
1788473280000,4476.15,4476.15,4475.47,4475.57,128.0,2026-09-03 22:08:00+00:00,2026-09-03 18:08:00+00:00
1788473340000,4475.56,4475.94,4475.52,4475.75,51.0,2026-09-03 22:09:00+00:00,2026-09-03 18:09:00+00:00
1788473400000,4475.73,4475.91,4475.56,4475.7,98.0,2026-09-03 22:10:00+00:00,2026-09-03 18:10:00+00:00
1788473460000,4475.71,4475.76,4474.46,4474.51,218.0,2026-09-03 22:11:00+00:00,2026-09-03 18:11:00+00:00
1788473520000,4474.45,4476.33,4474.37,4476.08,196.0,2026-09-03 22:12:00+00:00,2026-09-03 18:12:00+00:00
1788473580000,4476.13,4476.67,4475.79,4475.8,188.0,2026-09-03 22:13:00+00:00,2026-09-03 18:13:00+00:00
1788473640000,4475.83,4478.38,4475.8,4478.2,196.0,2026-09-03 22:14:00+00:00,2026-09-03 18:14:00+00:00
1788473700000,4478.15,4478.44,4477.39,4477.51,183.0,2026-09-03 22:15:00+00:00,2026-09-03 18:15:00+00:00
1788473760000,4477.44,4477.48,4476.97,4477.29,119.0,2026-09-03 22:16:00+00:00,2026-09-03 18:16:00+00:00
1788473820000,4477.29,4477.71,4477.2,4477.2,126.0,2026-09-03 22:17:00+00:00,2026-09-03 18:17:00+00:00
1788473880000,4477.19,4478.76,4477.14,4478.6,161.0,2026-09-03 22:18:00+00:00,2026-09-03 18:18:00+00:00
1788473940000,4478.55,4478.59,4476.44,4476.65,199.0,2026-09-03 22:19:00+00:00,2026-09-03 18:19:00+00:00
1788474000000,4476.64,4476.8,4475.63,4475.75,173.0,2026-09-03 22:20:00+00:00,2026-09-03 18:20:00+00:00
1788474060000,4475.75,4476.14,4475.38,4475.64,140.0,2026-09-03 22:21:00+00:00,2026-09-03 18:21:00+00:00
1788474120000,4475.64,4475.72,4475.21,4475.23,76.0,2026-09-03 22:22:00+00:00,2026-09-03 18:22:00+00:00
1788474180000,4475.28,4476.15,4475.18,4475.2,112.0,2026-09-03 22:23:00+00:00,2026-09-03 18:23:00+00:00
1788474240000,4475.19,4475.45,4474.87,4474.96,88.0,2026-09-03 22:24:00+00:00,2026-09-03 18:24:00+00:00
1788474300000,4474.96,4475.42,4474.75,4475.27,159.0,2026-09-03 22:25:00+00:00,2026-09-03 18:25:00+00:00
1788474360000,4475.32,4475.51,4474.84,4475.4,137.0,2026-09-03 22:26:00+00:00,2026-09-03 18:26:00+00:00
1788474420000,4475.4,4475.69,4474.71,4474.76,118.0,2026-09-03 22:27:00+00:00,2026-09-03 18:27:00+00:00
1788474480000,4474.78,4475.06,4474.27,4474.27,99.0,2026-09-03 22:28:00+00:00,2026-09-03 18:28:00+00:00
1788474540000,4474.28,4474.99,4474.22,4474.99,87.0,2026-09-03 22:29:00+00:00,2026-09-03 18:29:00+00:00
1788474600000,4474.93,4476.6,4474.9,4475.98,208.0,2026-09-03 22:30:00+00:00,2026-09-03 18:30:00+00:00
1788474660000,4476.0,4476.0,4475.02,4475.02,103.0,2026-09-03 22:31:00+00:00,2026-09-03 18:31:00+00:00
1788474720000,4475.02,4475.2,4474.19,4474.67,138.0,2026-09-03 22:32:00+00:00,2026-09-03 18:32:00+00:00
1788474780000,4474.68,4474.98,4474.36,4474.5,126.0,2026-09-03 22:33:00+00:00,2026-09-03 18:33:00+00:00
1788474840000,4474.5,4475.11,4474.5,4474.85,123.0,2026-09-03 22:34:00+00:00,2026-09-03 18:34:00+00:00
1788474900000,4474.85,4474.85,4474.08,4474.79,132.0,2026-09-03 22:35:00+00:00,2026-09-03 18:35:00+00:00
1788474960000,4474.78,4474.93,4474.41,4474.41,97.0,2026-09-03 22:36:00+00:00,2026-09-03 18:36:00+00:00
1788475020000,4474.4,4474.68,4472.99,4473.05,160.0,2026-09-03 22:37:00+00:00,2026-09-03 18:37:00+00:00
1788475080000,4473.15,4474.58,4473.15,4474.58,150.0,2026-09-03 22:38:00+00:00,2026-09-03 18:38:00+00:00
1788475140000,4474.58,4474.66,4472.78,4472.81,222.0,2026-09-03 22:39:00+00:00,2026-09-03 18:39:00+00:00
1788475200000,4472.81,4476.24,4472.81,4476.21,204.0,2026-09-03 22:40:00+00:00,2026-09-03 18:40:00+00:00
1788475260000,4476.18,4476.42,4474.89,4475.35,179.0,2026-09-03 22:41:00+00:00,2026-09-03 18:41:00+00:00
1788475320000,4475.35,4475.39,4472.77,4473.69,178.0,2026-09-03 22:42:00+00:00,2026-09-03 18:42:00+00:00
1788475380000,4473.64,4473.99,4473.2,4473.57,101.0,2026-09-03 22:43:00+00:00,2026-09-03 18:43:00+00:00
1788475440000,4473.57,4474.49,4473.5,4473.89,170.0,2026-09-03 22:44:00+00:00,2026-09-03 18:44:00+00:00
1788475500000,4473.88,4474.19,4473.19,4473.97,160.0,2026-09-03 22:45:00+00:00,2026-09-03 18:45:00+00:00
1788475560000,4474.03,4474.11,4473.04,4473.05,128.0,2026-09-03 22:46:00+00:00,2026-09-03 18:46:00+00:00
1788475620000,4473.04,4474.11,4473.04,4473.54,157.0,2026-09-03 22:47:00+00:00,2026-09-03 18:47:00+00:00
1788475680000,4473.55,4473.69,4471.45,4472.04,221.0,2026-09-03 22:48:00+00:00,2026-09-03 18:48:00+00:00
1788475740000,4472.06,4474.95,4471.84,4474.41,262.0,2026-09-03 22:49:00+00:00,2026-09-03 18:49:00+00:00
1788475800000,4474.39,4475.09,4473.69,4473.91,250.0,2026-09-03 22:50:00+00:00,2026-09-03 18:50:00+00:00
1788475860000,4473.88,4474.61,4473.52,4474.49,204.0,2026-09-03 22:51:00+00:00,2026-09-03 18:51:00+00:00
1788475920000,4474.49,4475.68,4474.49,4474.81,239.0,2026-09-03 22:52:00+00:00,2026-09-03 18:52:00+00:00
1788475980000,4474.82,4475.89,4474.23,4474.23,172.0,2026-09-03 22:53:00+00:00,2026-09-03 18:53:00+00:00
1788476040000,4474.23,4474.57,4471.99,4474.57,348.0,2026-09-03 22:54:00+00:00,2026-09-03 18:54:00+00:00
1788476100000,4474.59,4474.6,4473.68,4474.21,118.0,2026-09-03 22:55:00+00:00,2026-09-03 18:55:00+00:00
1788476160000,4474.21,4474.72,4474.11,4474.32,101.0,2026-09-03 22:56:00+00:00,2026-09-03 18:56:00+00:00
1788476220000,4474.32,4475.17,4473.9,4475.16,111.0,2026-09-03 22:57:00+00:00,2026-09-03 18:57:00+00:00
1788476280000,4475.15,4475.27,4474.83,4474.97,94.0,2026-09-03 22:58:00+00:00,2026-09-03 18:58:00+00:00
1788476340000,4475.04,4475.12,4474.55,4474.55,82.0,2026-09-03 22:59:00+00:00,2026-09-03 18:59:00+00:00
1788476400000,4474.52,4476.04,4474.44,4476.04,148.0,2026-09-03 23:00:00+00:00,2026-09-03 19:00:00+00:00
1788476460000,4476.05,4476.08,4475.38,4475.54,132.0,2026-09-03 23:01:00+00:00,2026-09-03 19:01:00+00:00
1788476520000,4475.55,4476.7,4475.28,4476.52,128.0,2026-09-03 23:02:00+00:00,2026-09-03 19:02:00+00:00
1788476580000,4476.45,4476.53,4475.97,4476.36,112.0,2026-09-03 23:03:00+00:00,2026-09-03 19:03:00+00:00
1788476640000,4476.37,4476.62,4476.18,4476.58,108.0,2026-09-03 23:04:00+00:00,2026-09-03 19:04:00+00:00
1788476700000,4476.58,4476.62,4476.4,4476.51,77.0,2026-09-03 23:05:00+00:00,2026-09-03 19:05:00+00:00
1788476760000,4476.53,4476.91,4472.63,4472.67,232.0,2026-09-03 23:06:00+00:00,2026-09-03 19:06:00+00:00
1788476820000,4472.68,4475.43,4472.59,4475.37,284.0,2026-09-03 23:07:00+00:00,2026-09-03 19:07:00+00:00
1788476880000,4475.37,4476.82,4474.84,4476.82,93.0,2026-09-03 23:08:00+00:00,2026-09-03 19:08:00+00:00
1788476940000,4476.82,4477.68,4475.87,4475.87,228.0,2026-09-03 23:09:00+00:00,2026-09-03 19:09:00+00:00
1788477000000,4475.88,4476.16,4475.85,4476.01,81.0,2026-09-03 23:10:00+00:00,2026-09-03 19:10:00+00:00
1788477060000,4476.01,4476.01,4475.42,4475.88,81.0,2026-09-03 23:11:00+00:00,2026-09-03 19:11:00+00:00
1788477120000,4475.86,4475.88,4475.01,4475.05,66.0,2026-09-03 23:12:00+00:00,2026-09-03 19:12:00+00:00
1788477180000,4475.03,4475.1,4473.92,4474.61,189.0,2026-09-03 23:13:00+00:00,2026-09-03 19:13:00+00:00
1788477240000,4474.58,4474.61,4474.18,4474.26,112.0,2026-09-03 23:14:00+00:00,2026-09-03 19:14:00+00:00
1788477300000,4474.27,4475.13,4474.17,4474.41,162.0,2026-09-03 23:15:00+00:00,2026-09-03 19:15:00+00:00
1788477360000,4474.4,4474.4,4472.38,4472.6,182.0,2026-09-03 23:16:00+00:00,2026-09-03 19:16:00+00:00
1788477420000,4472.6,4473.44,4471.72,4473.11,190.0,2026-09-03 23:17:00+00:00,2026-09-03 19:17:00+00:00
1788477480000,4473.11,4473.45,4472.43,4472.43,110.0,2026-09-03 23:18:00+00:00,2026-09-03 19:18:00+00:00
1788477540000,4472.5,4473.46,4471.96,4473.46,137.0,2026-09-03 23:19:00+00:00,2026-09-03 19:19:00+00:00
1788477600000,4473.46,4473.46,4472.09,4472.6,106.0,2026-09-03 23:20:00+00:00,2026-09-03 19:20:00+00:00
1788477660000,4472.6,4472.63,4472.22,4472.54,98.0,2026-09-03 23:21:00+00:00,2026-09-03 19:21:00+00:00
1788477720000,4472.61,4472.88,4472.15,4472.54,166.0,2026-09-03 23:22:00+00:00,2026-09-03 19:22:00+00:00
1788477780000,4472.52,4473.19,4472.52,4472.89,155.0,2026-09-03 23:23:00+00:00,2026-09-03 19:23:00+00:00
1788477840000,4472.89,4472.89,4472.31,4472.37,134.0,2026-09-03 23:24:00+00:00,2026-09-03 19:24:00+00:00
1788477900000,4472.37,4472.86,4472.29,4472.53,112.0,2026-09-03 23:25:00+00:00,2026-09-03 19:25:00+00:00
1788477960000,4472.53,4473.13,4472.51,4473.13,99.0,2026-09-03 23:26:00+00:00,2026-09-03 19:26:00+00:00
1788478020000,4473.16,4473.5,4472.53,4472.79,121.0,2026-09-03 23:27:00+00:00,2026-09-03 19:27:00+00:00
1788478080000,4472.79,4473.91,4472.78,4473.91,145.0,2026-09-03 23:28:00+00:00,2026-09-03 19:28:00+00:00
1788478140000,4473.96,4474.61,4473.8,4473.86,142.0,2026-09-03 23:29:00+00:00,2026-09-03 19:29:00+00:00
1788478200000,4473.88,4474.74,4473.64,4474.72,93.0,2026-09-03 23:30:00+00:00,2026-09-03 19:30:00+00:00
1788478260000,4474.73,4476.12,4474.31,4476.03,207.0,2026-09-03 23:31:00+00:00,2026-09-03 19:31:00+00:00
1788478320000,4476.03,4476.17,4474.51,4474.51,225.0,2026-09-03 23:32:00+00:00,2026-09-03 19:32:00+00:00
1788478380000,4474.51,4475.01,4473.68,4474.56,165.0,2026-09-03 23:33:00+00:00,2026-09-03 19:33:00+00:00
1788478440000,4474.57,4475.09,4474.12,4474.87,165.0,2026-09-03 23:34:00+00:00,2026-09-03 19:34:00+00:00
1788478500000,4474.86,4475.21,4474.81,4475.07,115.0,2026-09-03 23:35:00+00:00,2026-09-03 19:35:00+00:00
1788478560000,4475.09,4477.86,4475.09,4477.85,219.0,2026-09-03 23:36:00+00:00,2026-09-03 19:36:00+00:00
1788478620000,4477.85,4478.29,4477.4,4477.65,203.0,2026-09-03 23:37:00+00:00,2026-09-03 19:37:00+00:00
1788478680000,4477.65,4477.94,4477.35,4477.36,125.0,2026-09-03 23:38:00+00:00,2026-09-03 19:38:00+00:00
1788478740000,4477.36,4478.09,4477.33,4477.88,94.0,2026-09-03 23:39:00+00:00,2026-09-03 19:39:00+00:00
1788478800000,4477.88,4478.33,4477.82,4478.26,75.0,2026-09-03 23:40:00+00:00,2026-09-03 19:40:00+00:00
1788478860000,4478.31,4478.35,4477.22,4477.23,77.0,2026-09-03 23:41:00+00:00,2026-09-03 19:41:00+00:00
1788478920000,4477.24,4477.28,4476.68,4476.98,143.0,2026-09-03 23:42:00+00:00,2026-09-03 19:42:00+00:00
1788478980000,4476.98,4477.31,4476.98,4477.07,89.0,2026-09-03 23:43:00+00:00,2026-09-03 19:43:00+00:00
1788479040000,4477.06,4477.42,4476.91,4477.4,173.0,2026-09-03 23:44:00+00:00,2026-09-03 19:44:00+00:00
1788479100000,4477.39,4477.39,4476.14,4476.16,231.0,2026-09-03 23:45:00+00:00,2026-09-03 19:45:00+00:00
1788479160000,4476.18,4476.94,4476.18,4476.82,85.0,2026-09-03 23:46:00+00:00,2026-09-03 19:46:00+00:00
1788479220000,4476.83,4476.89,4475.45,4475.72,187.0,2026-09-03 23:47:00+00:00,2026-09-03 19:47:00+00:00
1788479280000,4475.72,4475.99,4475.13,4475.63,118.0,2026-09-03 23:48:00+00:00,2026-09-03 19:48:00+00:00
1788479340000,4475.64,4475.8,4475.01,4475.08,241.0,2026-09-03 23:49:00+00:00,2026-09-03 19:49:00+00:00
1788479400000,4475.1,4479.01,4475.05,4478.71,290.0,2026-09-03 23:50:00+00:00,2026-09-03 19:50:00+00:00
1788479460000,4478.67,4479.53,4477.96,4478.46,298.0,2026-09-03 23:51:00+00:00,2026-09-03 19:51:00+00:00
1788479520000,4478.45,4478.45,4477.06,4477.1,172.0,2026-09-03 23:52:00+00:00,2026-09-03 19:52:00+00:00
1788479580000,4477.07,4477.31,4475.57,4475.73,261.0,2026-09-03 23:53:00+00:00,2026-09-03 19:53:00+00:00
1788479640000,4475.72,4477.26,4475.56,4477.24,165.0,2026-09-03 23:54:00+00:00,2026-09-03 19:54:00+00:00
1788479700000,4477.25,4479.72,4477.25,4479.3,257.0,2026-09-03 23:55:00+00:00,2026-09-03 19:55:00+00:00
1788479760000,4479.28,4479.75,4478.51,4478.56,186.0,2026-09-03 23:56:00+00:00,2026-09-03 19:56:00+00:00
1788479820000,4478.57,4479.68,4478.57,4479.68,224.0,2026-09-03 23:57:00+00:00,2026-09-03 19:57:00+00:00
1788479880000,4479.72,4479.91,4479.0,4479.68,209.0,2026-09-03 23:58:00+00:00,2026-09-03 19:58:00+00:00
1788479940000,4479.67,4480.36,4479.53,4480.12,145.0,2026-09-03 23:59:00+00:00,2026-09-03 19:59:00+00:00
1788480000000,4480.12,4480.42,4479.06,4479.47,430.0,2026-09-04 00:00:00+00:00,2026-09-03 20:00:00+00:00
1788480060000,4479.48,4480.16,4478.62,4479.33,310.0,2026-09-04 00:01:00+00:00,2026-09-03 20:01:00+00:00
1788480120000,4479.34,4480.15,4479.22,4479.46,297.0,2026-09-04 00:02:00+00:00,2026-09-03 20:02:00+00:00
1788480180000,4479.43,4479.87,4478.28,4479.23,349.0,2026-09-04 00:03:00+00:00,2026-09-03 20:03:00+00:00
1788480240000,4479.27,4481.07,4478.74,4481.05,303.0,2026-09-04 00:04:00+00:00,2026-09-03 20:04:00+00:00
1788480300000,4481.06,4482.33,4481.06,4482.12,473.0,2026-09-04 00:05:00+00:00,2026-09-03 20:05:00+00:00
1788480360000,4482.11,4483.08,4481.8,4482.07,439.0,2026-09-04 00:06:00+00:00,2026-09-03 20:06:00+00:00
1788480420000,4482.06,4482.06,4479.82,4481.24,376.0,2026-09-04 00:07:00+00:00,2026-09-03 20:07:00+00:00
1788480480000,4481.22,4481.63,4479.77,4480.47,306.0,2026-09-04 00:08:00+00:00,2026-09-03 20:08:00+00:00
1788480540000,4480.5,4481.03,4479.75,4480.08,231.0,2026-09-04 00:09:00+00:00,2026-09-03 20:09:00+00:00
1788480600000,4480.07,4480.68,4479.55,4480.32,221.0,2026-09-04 00:10:00+00:00,2026-09-03 20:10:00+00:00
1788480660000,4480.3,4481.42,4479.82,4480.81,354.0,2026-09-04 00:11:00+00:00,2026-09-03 20:11:00+00:00
1788480720000,4480.8,4481.34,4479.75,4481.23,343.0,2026-09-04 00:12:00+00:00,2026-09-03 20:12:00+00:00
1788480780000,4481.23,4482.69,4480.95,4482.29,270.0,2026-09-04 00:13:00+00:00,2026-09-03 20:13:00+00:00
1788480840000,4482.26,4483.3,4480.76,4480.89,277.0,2026-09-04 00:14:00+00:00,2026-09-03 20:14:00+00:00
1788480900000,4480.86,4481.03,4479.23,4479.38,334.0,2026-09-04 00:15:00+00:00,2026-09-03 20:15:00+00:00
1788480960000,4479.36,4479.45,4477.31,4477.72,316.0,2026-09-04 00:16:00+00:00,2026-09-03 20:16:00+00:00
1788481020000,4477.73,4477.73,4476.98,4477.58,254.0,2026-09-04 00:17:00+00:00,2026-09-03 20:17:00+00:00
1788481080000,4477.62,4477.62,4476.55,4476.73,185.0,2026-09-04 00:18:00+00:00,2026-09-03 20:18:00+00:00
1788481140000,4476.74,4477.23,4476.67,4477.1,221.0,2026-09-04 00:19:00+00:00,2026-09-03 20:19:00+00:00
1788481200000,4477.1,4478.91,4477.1,4478.14,324.0,2026-09-04 00:20:00+00:00,2026-09-03 20:20:00+00:00
1788481260000,4478.15,4478.25,4476.4,4477.65,222.0,2026-09-04 00:21:00+00:00,2026-09-03 20:21:00+00:00
1788481320000,4477.65,4478.72,4477.52,4478.69,234.0,2026-09-04 00:22:00+00:00,2026-09-03 20:22:00+00:00
1788481380000,4478.69,4479.77,4478.69,4478.85,299.0,2026-09-04 00:23:00+00:00,2026-09-03 20:23:00+00:00
1788481440000,4478.86,4479.03,4477.84,4477.84,266.0,2026-09-04 00:24:00+00:00,2026-09-03 20:24:00+00:00
1788481500000,4477.81,4477.82,4474.31,4476.5,400.0,2026-09-04 00:25:00+00:00,2026-09-03 20:25:00+00:00
1788481560000,4476.54,4476.78,4475.89,4476.78,270.0,2026-09-04 00:26:00+00:00,2026-09-03 20:26:00+00:00
1788481620000,4476.78,4476.95,4476.28,4476.31,244.0,2026-09-04 00:27:00+00:00,2026-09-03 20:27:00+00:00
1788481680000,4476.25,4476.25,4474.91,4475.9,249.0,2026-09-04 00:28:00+00:00,2026-09-03 20:28:00+00:00
1788481740000,4475.91,4476.29,4474.52,4474.58,224.0,2026-09-04 00:29:00+00:00,2026-09-03 20:29:00+00:00
1788481800000,4474.57,4475.05,4472.74,4474.32,470.0,2026-09-04 00:30:00+00:00,2026-09-03 20:30:00+00:00
1788481860000,4474.34,4474.86,4473.45,4474.43,269.0,2026-09-04 00:31:00+00:00,2026-09-03 20:31:00+00:00
1788481920000,4474.45,4475.22,4473.89,4474.92,198.0,2026-09-04 00:32:00+00:00,2026-09-03 20:32:00+00:00
1788481980000,4474.9,4475.97,4474.88,4475.86,297.0,2026-09-04 00:33:00+00:00,2026-09-03 20:33:00+00:00
1788482040000,4475.85,4479.54,4475.55,4479.34,398.0,2026-09-04 00:34:00+00:00,2026-09-03 20:34:00+00:00
1788482100000,4479.34,4479.53,4478.41,4479.09,275.0,2026-09-04 00:35:00+00:00,2026-09-03 20:35:00+00:00
1788482160000,4479.08,4479.28,4478.71,4478.96,221.0,2026-09-04 00:36:00+00:00,2026-09-03 20:36:00+00:00
1788482220000,4478.93,4479.02,4476.24,4476.26,312.0,2026-09-04 00:37:00+00:00,2026-09-03 20:37:00+00:00
1788482280000,4476.27,4477.49,4476.2,4476.56,314.0,2026-09-04 00:38:00+00:00,2026-09-03 20:38:00+00:00
1788482340000,4476.58,4476.69,4476.26,4476.27,150.0,2026-09-04 00:39:00+00:00,2026-09-03 20:39:00+00:00
1788482400000,4476.32,4478.33,4475.96,4477.49,308.0,2026-09-04 00:40:00+00:00,2026-09-03 20:40:00+00:00
1788482460000,4477.51,4478.09,4477.5,4478.09,258.0,2026-09-04 00:41:00+00:00,2026-09-03 20:41:00+00:00
1788482520000,4478.08,4479.47,4478.08,4479.17,374.0,2026-09-04 00:42:00+00:00,2026-09-03 20:42:00+00:00
1788482580000,4479.18,4481.05,4479.18,4480.81,308.0,2026-09-04 00:43:00+00:00,2026-09-03 20:43:00+00:00
1788482640000,4480.83,4482.22,4480.46,4482.22,279.0,2026-09-04 00:44:00+00:00,2026-09-03 20:44:00+00:00
1788482700000,4482.22,4483.01,4481.72,4482.95,296.0,2026-09-04 00:45:00+00:00,2026-09-03 20:45:00+00:00
1788482760000,4482.93,4484.18,4482.63,4484.18,321.0,2026-09-04 00:46:00+00:00,2026-09-03 20:46:00+00:00
1788482820000,4484.21,4484.94,4483.97,4484.93,327.0,2026-09-04 00:47:00+00:00,2026-09-03 20:47:00+00:00
1788482880000,4484.96,4485.03,4483.83,4483.96,328.0,2026-09-04 00:48:00+00:00,2026-09-03 20:48:00+00:00
1788482940000,4483.97,4484.01,4481.4,4481.4,247.0,2026-09-04 00:49:00+00:00,2026-09-03 20:49:00+00:00
1788483000000,4481.41,4481.79,4480.79,4481.41,286.0,2026-09-04 00:50:00+00:00,2026-09-03 20:50:00+00:00
1788483060000,4481.41,4482.6,4481.03,4482.32,309.0,2026-09-04 00:51:00+00:00,2026-09-03 20:51:00+00:00
1788483120000,4482.31,4482.53,4481.36,4482.46,186.0,2026-09-04 00:52:00+00:00,2026-09-03 20:52:00+00:00
1788483180000,4482.47,4484.3,4481.34,4481.47,420.0,2026-09-04 00:53:00+00:00,2026-09-03 20:53:00+00:00
1788483240000,4481.49,4482.74,4480.8,4482.03,414.0,2026-09-04 00:54:00+00:00,2026-09-03 20:54:00+00:00
1788483300000,4482.06,4486.6,4481.67,4486.33,484.0,2026-09-04 00:55:00+00:00,2026-09-03 20:55:00+00:00
1788483360000,4486.29,4486.61,4484.61,4485.08,323.0,2026-09-04 00:56:00+00:00,2026-09-03 20:56:00+00:00
1788483420000,4485.09,4485.81,4484.68,4485.81,294.0,2026-09-04 00:57:00+00:00,2026-09-03 20:57:00+00:00
1788483480000,4485.81,4486.72,4485.81,4486.09,267.0,2026-09-04 00:58:00+00:00,2026-09-03 20:58:00+00:00
1788483540000,4486.07,4487.25,4485.63,4486.37,395.0,2026-09-04 00:59:00+00:00,2026-09-03 20:59:00+00:00
1788483600000,4486.42,4487.39,4483.72,4484.96,1003.0,2026-09-04 01:00:00+00:00,2026-09-03 21:00:00+00:00
1788483660000,4484.94,4485.17,4481.86,4482.48,842.0,2026-09-04 01:01:00+00:00,2026-09-03 21:01:00+00:00
1788483720000,4482.47,4482.93,4480.49,4481.0,779.0,2026-09-04 01:02:00+00:00,2026-09-03 21:02:00+00:00
1788483780000,4480.92,4481.19,4478.25,4479.48,765.0,2026-09-04 01:03:00+00:00,2026-09-03 21:03:00+00:00
1788483840000,4479.47,4480.71,4478.01,4478.17,714.0,2026-09-04 01:04:00+00:00,2026-09-03 21:04:00+00:00
1788483900000,4478.04,4480.06,4475.72,4475.95,745.0,2026-09-04 01:05:00+00:00,2026-09-03 21:05:00+00:00
1788483960000,4475.96,4477.38,4475.17,4477.38,629.0,2026-09-04 01:06:00+00:00,2026-09-03 21:06:00+00:00
1788484020000,4477.4,4479.04,4476.96,4477.12,487.0,2026-09-04 01:07:00+00:00,2026-09-03 21:07:00+00:00
1788484080000,4477.12,4478.46,4477.12,4477.56,446.0,2026-09-04 01:08:00+00:00,2026-09-03 21:08:00+00:00
1788484140000,4477.55,4479.42,4477.12,4477.95,519.0,2026-09-04 01:09:00+00:00,2026-09-03 21:09:00+00:00
1788484200000,4477.88,4479.59,4477.45,4479.16,367.0,2026-09-04 01:10:00+00:00,2026-09-03 21:10:00+00:00
1788484260000,4479.14,4482.44,4478.49,4481.73,436.0,2026-09-04 01:11:00+00:00,2026-09-03 21:11:00+00:00
1788484320000,4481.76,4483.06,4480.78,4481.96,416.0,2026-09-04 01:12:00+00:00,2026-09-03 21:12:00+00:00
1788484380000,4481.99,4482.13,4477.73,4477.97,523.0,2026-09-04 01:13:00+00:00,2026-09-03 21:13:00+00:00
1788484440000,4477.99,4478.53,4474.44,4474.92,539.0,2026-09-04 01:14:00+00:00,2026-09-03 21:14:00+00:00
1788484500000,4474.92,4478.53,4474.47,4477.54,621.0,2026-09-04 01:15:00+00:00,2026-09-03 21:15:00+00:00
1788484560000,4477.53,4478.03,4476.23,4476.82,523.0,2026-09-04 01:16:00+00:00,2026-09-03 21:16:00+00:00
1788484620000,4476.83,4478.96,4476.83,4477.96,492.0,2026-09-04 01:17:00+00:00,2026-09-03 21:17:00+00:00
1788484680000,4477.95,4478.69,4477.82,4478.28,467.0,2026-09-04 01:18:00+00:00,2026-09-03 21:18:00+00:00
1788484740000,4478.27,4478.8,4475.56,4475.83,453.0,2026-09-04 01:19:00+00:00,2026-09-03 21:19:00+00:00
1788484800000,4475.88,4476.86,4474.61,4475.64,514.0,2026-09-04 01:20:00+00:00,2026-09-03 21:20:00+00:00
1788484860000,4475.65,4476.87,4475.51,4476.26,506.0,2026-09-04 01:21:00+00:00,2026-09-03 21:21:00+00:00
1788484920000,4476.25,4478.95,4476.06,4478.62,565.0,2026-09-04 01:22:00+00:00,2026-09-03 21:22:00+00:00
1788484980000,4478.6,4478.61,4476.99,4477.81,470.0,2026-09-04 01:23:00+00:00,2026-09-03 21:23:00+00:00
1788485040000,4477.81,4478.14,4474.76,4474.81,423.0,2026-09-04 01:24:00+00:00,2026-09-03 21:24:00+00:00
1788485100000,4474.77,4475.95,4474.77,4474.95,434.0,2026-09-04 01:25:00+00:00,2026-09-03 21:25:00+00:00
1788485160000,4474.93,4475.16,4469.84,4470.18,820.0,2026-09-04 01:26:00+00:00,2026-09-03 21:26:00+00:00
1788485220000,4470.19,4470.63,4467.97,4470.07,657.0,2026-09-04 01:27:00+00:00,2026-09-03 21:27:00+00:00
1788485280000,4470.09,4471.7,4469.73,4471.26,486.0,2026-09-04 01:28:00+00:00,2026-09-03 21:28:00+00:00
1788485340000,4471.27,4471.93,4469.38,4470.99,493.0,2026-09-04 01:29:00+00:00,2026-09-03 21:29:00+00:00
1788485400000,4470.99,4472.43,4470.24,4471.15,652.0,2026-09-04 01:30:00+00:00,2026-09-03 21:30:00+00:00
1788485460000,4471.16,4472.99,4470.54,4472.21,507.0,2026-09-04 01:31:00+00:00,2026-09-03 21:31:00+00:00
1788485520000,4472.2,4472.28,4469.92,4470.79,584.0,2026-09-04 01:32:00+00:00,2026-09-03 21:32:00+00:00
1788485580000,4470.79,4471.0,4469.42,4469.51,510.0,2026-09-04 01:33:00+00:00,2026-09-03 21:33:00+00:00
1788485640000,4469.51,4470.48,4469.18,4469.8,545.0,2026-09-04 01:34:00+00:00,2026-09-03 21:34:00+00:00
1788485700000,4469.81,4472.91,4468.2,4472.87,556.0,2026-09-04 01:35:00+00:00,2026-09-03 21:35:00+00:00
1788485760000,4472.87,4474.88,4471.88,4474.88,525.0,2026-09-04 01:36:00+00:00,2026-09-03 21:36:00+00:00
1788485820000,4474.93,4476.81,4474.47,4474.92,480.0,2026-09-04 01:37:00+00:00,2026-09-03 21:37:00+00:00
1788485880000,4474.9,4475.98,4474.49,4474.73,431.0,2026-09-04 01:38:00+00:00,2026-09-03 21:38:00+00:00
1788485940000,4474.74,4475.11,4473.06,4473.48,468.0,2026-09-04 01:39:00+00:00,2026-09-03 21:39:00+00:00
1788486000000,4473.49,4475.0,4473.43,4474.48,520.0,2026-09-04 01:40:00+00:00,2026-09-03 21:40:00+00:00
1788486060000,4474.49,4476.88,4473.39,4473.63,546.0,2026-09-04 01:41:00+00:00,2026-09-03 21:41:00+00:00
1788486120000,4473.63,4475.08,4471.67,4471.82,426.0,2026-09-04 01:42:00+00:00,2026-09-03 21:42:00+00:00
1788486180000,4471.85,4472.32,4471.08,4472.26,389.0,2026-09-04 01:43:00+00:00,2026-09-03 21:43:00+00:00
1788486240000,4472.26,4474.97,4472.09,4473.98,406.0,2026-09-04 01:44:00+00:00,2026-09-03 21:44:00+00:00
1788486300000,4473.94,4473.97,4471.07,4471.24,469.0,2026-09-04 01:45:00+00:00,2026-09-03 21:45:00+00:00
1788486360000,4471.23,4471.4,4470.66,4470.72,308.0,2026-09-04 01:46:00+00:00,2026-09-03 21:46:00+00:00
1788486420000,4470.67,4470.67,4467.06,4468.7,562.0,2026-09-04 01:47:00+00:00,2026-09-03 21:47:00+00:00
1788486480000,4468.7,4469.06,4468.23,4468.73,437.0,2026-09-04 01:48:00+00:00,2026-09-03 21:48:00+00:00
1788486540000,4468.74,4469.91,4468.74,4468.8,396.0,2026-09-04 01:49:00+00:00,2026-09-03 21:49:00+00:00
1788486600000,4468.79,4469.79,4468.1,4469.79,463.0,2026-09-04 01:50:00+00:00,2026-09-03 21:50:00+00:00
1788486660000,4469.87,4469.87,4468.38,4469.29,372.0,2026-09-04 01:51:00+00:00,2026-09-03 21:51:00+00:00
1788486720000,4469.28,4470.76,4468.8,4470.66,350.0,2026-09-04 01:52:00+00:00,2026-09-03 21:52:00+00:00
1788486780000,4470.69,4471.95,4470.64,4471.53,347.0,2026-09-04 01:53:00+00:00,2026-09-03 21:53:00+00:00
1788486840000,4471.52,4473.96,4471.4,4473.61,444.0,2026-09-04 01:54:00+00:00,2026-09-03 21:54:00+00:00
1788486900000,4473.6,4474.99,4473.54,4474.88,331.0,2026-09-04 01:55:00+00:00,2026-09-03 21:55:00+00:00
1788486960000,4474.88,4476.6,4474.88,4476.48,439.0,2026-09-04 01:56:00+00:00,2026-09-03 21:56:00+00:00
1788487020000,4476.52,4478.45,4476.04,4478.17,468.0,2026-09-04 01:57:00+00:00,2026-09-03 21:57:00+00:00
1788487080000,4478.18,4480.57,4478.18,4478.65,482.0,2026-09-04 01:58:00+00:00,2026-09-03 21:58:00+00:00
1788487140000,4478.67,4480.3,4478.44,4478.89,412.0,2026-09-04 01:59:00+00:00,2026-09-03 21:59:00+00:00
1788487200000,4478.94,4480.18,4478.74,4479.69,448.0,2026-09-04 02:00:00+00:00,2026-09-03 22:00:00+00:00
1788487260000,4479.68,4479.75,4478.51,4479.68,372.0,2026-09-04 02:01:00+00:00,2026-09-03 22:01:00+00:00
1788487320000,4479.72,4481.73,4478.6,4481.6,352.0,2026-09-04 02:02:00+00:00,2026-09-03 22:02:00+00:00
1788487380000,4481.61,4482.64,4480.47,4480.53,434.0,2026-09-04 02:03:00+00:00,2026-09-03 22:03:00+00:00
1788487440000,4480.57,4480.98,4480.25,4480.75,293.0,2026-09-04 02:04:00+00:00,2026-09-03 22:04:00+00:00
1788487500000,4480.7,4480.86,4477.93,4478.59,393.0,2026-09-04 02:05:00+00:00,2026-09-03 22:05:00+00:00
1788487560000,4478.6,4479.84,4477.59,4479.63,313.0,2026-09-04 02:06:00+00:00,2026-09-03 22:06:00+00:00
1788487620000,4479.61,4480.18,4479.21,4479.21,343.0,2026-09-04 02:07:00+00:00,2026-09-03 22:07:00+00:00
1788487680000,4479.19,4479.2,4478.08,4478.96,349.0,2026-09-04 02:08:00+00:00,2026-09-03 22:08:00+00:00
1788487740000,4478.97,4479.14,4478.22,4478.76,273.0,2026-09-04 02:09:00+00:00,2026-09-03 22:09:00+00:00
1788487800000,4478.8,4479.87,4478.51,4479.55,352.0,2026-09-04 02:10:00+00:00,2026-09-03 22:10:00+00:00
1788487860000,4479.54,4479.68,4477.28,4477.68,376.0,2026-09-04 02:11:00+00:00,2026-09-03 22:11:00+00:00
1788487920000,4477.69,4480.26,4477.25,4479.04,391.0,2026-09-04 02:12:00+00:00,2026-09-03 22:12:00+00:00
1788487980000,4479.11,4480.31,4478.93,4479.67,281.0,2026-09-04 02:13:00+00:00,2026-09-03 22:13:00+00:00
1788488040000,4479.64,4479.65,4478.75,4479.46,341.0,2026-09-04 02:14:00+00:00,2026-09-03 22:14:00+00:00
1788488100000,4479.39,4479.64,4479.09,4479.16,202.0,2026-09-04 02:15:00+00:00,2026-09-03 22:15:00+00:00
1788488160000,4479.15,4480.3,4478.64,4479.93,242.0,2026-09-04 02:16:00+00:00,2026-09-03 22:16:00+00:00
1788488220000,4479.94,4479.97,4478.19,4478.53,232.0,2026-09-04 02:17:00+00:00,2026-09-03 22:17:00+00:00
1788488280000,4478.53,4478.59,4477.15,4477.73,269.0,2026-09-04 02:18:00+00:00,2026-09-03 22:18:00+00:00
1788488340000,4477.7,4478.9,4477.7,4478.56,218.0,2026-09-04 02:19:00+00:00,2026-09-03 22:19:00+00:00
1788488400000,4478.59,4478.61,4476.41,4476.84,230.0,2026-09-04 02:20:00+00:00,2026-09-03 22:20:00+00:00
1788488460000,4476.88,4477.0,4476.14,4476.28,216.0,2026-09-04 02:21:00+00:00,2026-09-03 22:21:00+00:00
1788488520000,4476.24,4476.28,4474.63,4474.78,287.0,2026-09-04 02:22:00+00:00,2026-09-03 22:22:00+00:00
1788488580000,4474.75,4476.26,4473.97,4476.22,276.0,2026-09-04 02:23:00+00:00,2026-09-03 22:23:00+00:00
1788488640000,4476.21,4477.12,4475.9,4477.12,258.0,2026-09-04 02:24:00+00:00,2026-09-03 22:24:00+00:00
1788488700000,4477.14,4477.67,4476.9,4476.97,223.0,2026-09-04 02:25:00+00:00,2026-09-03 22:25:00+00:00
1788488760000,4476.95,4476.95,4472.55,4473.91,347.0,2026-09-04 02:26:00+00:00,2026-09-03 22:26:00+00:00
1788488820000,4473.9,4474.32,4472.48,4473.22,305.0,2026-09-04 02:27:00+00:00,2026-09-03 22:27:00+00:00
1788488880000,4473.21,4473.62,4471.59,4472.57,388.0,2026-09-04 02:28:00+00:00,2026-09-03 22:28:00+00:00
1788488940000,4472.58,4474.43,4471.94,4473.98,330.0,2026-09-04 02:29:00+00:00,2026-09-03 22:29:00+00:00
1788489000000,4473.97,4476.06,4472.44,4474.31,918.0,2026-09-04 02:30:00+00:00,2026-09-03 22:30:00+00:00
1788489060000,4474.32,4474.5,4471.62,4472.38,509.0,2026-09-04 02:31:00+00:00,2026-09-03 22:31:00+00:00
1788489120000,4472.39,4473.17,4471.44,4472.71,457.0,2026-09-04 02:32:00+00:00,2026-09-03 22:32:00+00:00
1788489180000,4472.68,4473.43,4472.02,4473.42,448.0,2026-09-04 02:33:00+00:00,2026-09-03 22:33:00+00:00
1788489240000,4473.43,4473.75,4470.96,4471.04,481.0,2026-09-04 02:34:00+00:00,2026-09-03 22:34:00+00:00
1788489300000,4471.04,4473.23,4470.37,4472.95,426.0,2026-09-04 02:35:00+00:00,2026-09-03 22:35:00+00:00
1788489360000,4472.95,4473.52,4471.99,4473.39,311.0,2026-09-04 02:36:00+00:00,2026-09-03 22:36:00+00:00
1788489420000,4473.37,4474.34,4472.37,4473.1,382.0,2026-09-04 02:37:00+00:00,2026-09-03 22:37:00+00:00
1788489480000,4473.09,4475.35,4472.61,4475.08,297.0,2026-09-04 02:38:00+00:00,2026-09-03 22:38:00+00:00
1788489540000,4475.05,4477.32,4475.01,4476.54,363.0,2026-09-04 02:39:00+00:00,2026-09-03 22:39:00+00:00
1788489600000,4476.56,4477.33,4476.25,4476.61,378.0,2026-09-04 02:40:00+00:00,2026-09-03 22:40:00+00:00
1788489660000,4476.6,4477.01,4475.76,4476.59,376.0,2026-09-04 02:41:00+00:00,2026-09-03 22:41:00+00:00
1788489720000,4476.58,4476.58,4473.09,4473.56,441.0,2026-09-04 02:42:00+00:00,2026-09-03 22:42:00+00:00
1788489780000,4473.6,4473.75,4471.89,4473.14,339.0,2026-09-04 02:43:00+00:00,2026-09-03 22:43:00+00:00
1788489840000,4473.13,4473.13,4470.93,4470.96,401.0,2026-09-04 02:44:00+00:00,2026-09-03 22:44:00+00:00
1788489900000,4470.92,4472.43,4470.28,4471.99,352.0,2026-09-04 02:45:00+00:00,2026-09-03 22:45:00+00:00
1788489960000,4472.08,4473.51,4471.98,4473.44,341.0,2026-09-04 02:46:00+00:00,2026-09-03 22:46:00+00:00
1788490020000,4473.44,4475.04,4472.8,4474.7,355.0,2026-09-04 02:47:00+00:00,2026-09-03 22:47:00+00:00
1788490080000,4474.71,4475.84,4474.58,4475.09,256.0,2026-09-04 02:48:00+00:00,2026-09-03 22:48:00+00:00
1788490140000,4475.1,4476.07,4474.85,4475.99,363.0,2026-09-04 02:49:00+00:00,2026-09-03 22:49:00+00:00
1788490200000,4476.01,4477.19,4475.35,4476.95,325.0,2026-09-04 02:50:00+00:00,2026-09-03 22:50:00+00:00
1788490260000,4476.93,4477.86,4476.79,4477.34,358.0,2026-09-04 02:51:00+00:00,2026-09-03 22:51:00+00:00
1788490320000,4477.33,4478.24,4476.03,4478.04,358.0,2026-09-04 02:52:00+00:00,2026-09-03 22:52:00+00:00
1788490380000,4478.04,4478.59,4477.31,4477.6,314.0,2026-09-04 02:53:00+00:00,2026-09-03 22:53:00+00:00
1788490440000,4477.58,4479.55,4477.52,4479.55,357.0,2026-09-04 02:54:00+00:00,2026-09-03 22:54:00+00:00
1788490500000,4479.57,4480.68,4479.45,4480.56,374.0,2026-09-04 02:55:00+00:00,2026-09-03 22:55:00+00:00
1788490560000,4480.57,4480.94,4477.55,4477.56,390.0,2026-09-04 02:56:00+00:00,2026-09-03 22:56:00+00:00
1788490620000,4477.52,4477.64,4476.16,4476.81,305.0,2026-09-04 02:57:00+00:00,2026-09-03 22:57:00+00:00
1788490680000,4476.81,4476.94,4476.37,4476.41,182.0,2026-09-04 02:58:00+00:00,2026-09-03 22:58:00+00:00
1788490740000,4476.38,4477.68,4475.97,4477.51,303.0,2026-09-04 02:59:00+00:00,2026-09-03 22:59:00+00:00
1788490800000,4477.52,4477.72,4476.54,4477.0,369.0,2026-09-04 03:00:00+00:00,2026-09-03 23:00:00+00:00
1788490860000,4476.97,4478.75,4476.97,4478.27,305.0,2026-09-04 03:01:00+00:00,2026-09-03 23:01:00+00:00
1788490920000,4478.26,4478.54,4475.95,4475.95,391.0,2026-09-04 03:02:00+00:00,2026-09-03 23:02:00+00:00
1788490980000,4475.96,4476.54,4475.77,4476.33,309.0,2026-09-04 03:03:00+00:00,2026-09-03 23:03:00+00:00
1788491040000,4476.33,4476.77,4475.97,4476.17,260.0,2026-09-04 03:04:00+00:00,2026-09-03 23:04:00+00:00
1788491100000,4476.16,4476.18,4472.03,4473.59,512.0,2026-09-04 03:05:00+00:00,2026-09-03 23:05:00+00:00
1788491160000,4473.67,4474.06,4472.86,4473.53,373.0,2026-09-04 03:06:00+00:00,2026-09-03 23:06:00+00:00
1788491220000,4473.49,4474.47,4473.16,4474.35,303.0,2026-09-04 03:07:00+00:00,2026-09-03 23:07:00+00:00
1788491280000,4474.42,4475.17,4473.89,4474.05,301.0,2026-09-04 03:08:00+00:00,2026-09-03 23:08:00+00:00
1788491340000,4474.03,4474.34,4471.57,4471.99,311.0,2026-09-04 03:09:00+00:00,2026-09-03 23:09:00+00:00
1788491400000,4471.86,4472.23,4471.03,4472.2,335.0,2026-09-04 03:10:00+00:00,2026-09-03 23:10:00+00:00
1788491460000,4472.16,4472.63,4471.12,4471.33,251.0,2026-09-04 03:11:00+00:00,2026-09-03 23:11:00+00:00
1788491520000,4471.34,4471.51,4470.83,4471.09,234.0,2026-09-04 03:12:00+00:00,2026-09-03 23:12:00+00:00
1788491580000,4471.11,4471.42,4470.29,4471.27,296.0,2026-09-04 03:13:00+00:00,2026-09-03 23:13:00+00:00
1788491640000,4471.26,4473.58,4471.21,4473.42,272.0,2026-09-04 03:14:00+00:00,2026-09-03 23:14:00+00:00
1788491700000,4473.45,4474.29,4472.04,4472.62,346.0,2026-09-04 03:15:00+00:00,2026-09-03 23:15:00+00:00
1788491760000,4472.63,4472.92,4471.47,4472.22,263.0,2026-09-04 03:16:00+00:00,2026-09-03 23:16:00+00:00
1788491820000,4472.22,4473.45,4472.22,4473.02,235.0,2026-09-04 03:17:00+00:00,2026-09-03 23:17:00+00:00
1788491880000,4473.04,4473.28,4472.84,4472.92,197.0,2026-09-04 03:18:00+00:00,2026-09-03 23:18:00+00:00
1788491940000,4472.96,4473.01,4472.17,4473.0,192.0,2026-09-04 03:19:00+00:00,2026-09-03 23:19:00+00:00
1788492000000,4472.96,4474.52,4472.11,4474.08,249.0,2026-09-04 03:20:00+00:00,2026-09-03 23:20:00+00:00
1788492060000,4474.06,4474.22,4473.37,4473.79,336.0,2026-09-04 03:21:00+00:00,2026-09-03 23:21:00+00:00
1788492120000,4473.79,4474.15,4472.51,4473.4,288.0,2026-09-04 03:22:00+00:00,2026-09-03 23:22:00+00:00
1788492180000,4473.42,4474.66,4473.37,4473.66,290.0,2026-09-04 03:23:00+00:00,2026-09-03 23:23:00+00:00
1788492240000,4473.67,4473.99,4473.18,4473.77,252.0,2026-09-04 03:24:00+00:00,2026-09-03 23:24:00+00:00
1788492300000,4473.78,4474.3,4473.16,4474.15,303.0,2026-09-04 03:25:00+00:00,2026-09-03 23:25:00+00:00
1788492360000,4474.14,4474.46,4473.51,4474.36,255.0,2026-09-04 03:26:00+00:00,2026-09-03 23:26:00+00:00
1788492420000,4474.42,4474.49,4473.05,4473.47,243.0,2026-09-04 03:27:00+00:00,2026-09-03 23:27:00+00:00
1788492480000,4473.51,4473.64,4472.33,4472.33,214.0,2026-09-04 03:28:00+00:00,2026-09-03 23:28:00+00:00
1788492540000,4472.27,4472.8,4471.89,4472.47,267.0,2026-09-04 03:29:00+00:00,2026-09-03 23:29:00+00:00
1788492600000,4472.48,4474.2,4472.24,4473.15,381.0,2026-09-04 03:30:00+00:00,2026-09-03 23:30:00+00:00
1788492660000,4473.16,4474.06,4472.74,4474.06,320.0,2026-09-04 03:31:00+00:00,2026-09-03 23:31:00+00:00
1788492720000,4474.08,4474.24,4473.36,4473.67,274.0,2026-09-04 03:32:00+00:00,2026-09-03 23:32:00+00:00
1788492780000,4473.64,4475.3,4473.64,4474.7,272.0,2026-09-04 03:33:00+00:00,2026-09-03 23:33:00+00:00
1788492840000,4474.63,4474.95,4474.2,4474.82,211.0,2026-09-04 03:34:00+00:00,2026-09-03 23:34:00+00:00
1788492900000,4474.82,4474.94,4474.39,4474.84,178.0,2026-09-04 03:35:00+00:00,2026-09-03 23:35:00+00:00
1788492960000,4474.79,4474.81,4473.89,4473.93,168.0,2026-09-04 03:36:00+00:00,2026-09-03 23:36:00+00:00
1788493020000,4473.93,4474.97,4473.87,4474.95,119.0,2026-09-04 03:37:00+00:00,2026-09-03 23:37:00+00:00
1788493080000,4474.98,4474.98,4474.07,4474.11,165.0,2026-09-04 03:38:00+00:00,2026-09-03 23:38:00+00:00
1788493140000,4474.12,4474.19,4472.57,4472.91,195.0,2026-09-04 03:39:00+00:00,2026-09-03 23:39:00+00:00
1788493200000,4472.9,4473.24,4472.59,4472.9,204.0,2026-09-04 03:40:00+00:00,2026-09-03 23:40:00+00:00
1788493260000,4472.9,4473.04,4472.27,4472.31,217.0,2026-09-04 03:41:00+00:00,2026-09-03 23:41:00+00:00
1788493320000,4472.31,4472.64,4470.69,4470.99,267.0,2026-09-04 03:42:00+00:00,2026-09-03 23:42:00+00:00
1788493380000,4470.99,4471.16,4470.31,4470.87,233.0,2026-09-04 03:43:00+00:00,2026-09-03 23:43:00+00:00
1788493440000,4470.86,4470.89,4469.21,4469.4,250.0,2026-09-04 03:44:00+00:00,2026-09-03 23:44:00+00:00
1788493500000,4469.36,4469.91,4469.12,4469.76,206.0,2026-09-04 03:45:00+00:00,2026-09-03 23:45:00+00:00
1788493560000,4469.78,4470.11,4469.41,4469.52,192.0,2026-09-04 03:46:00+00:00,2026-09-03 23:46:00+00:00
1788493620000,4469.52,4469.82,4469.06,4469.15,275.0,2026-09-04 03:47:00+00:00,2026-09-03 23:47:00+00:00
1788493680000,4469.14,4469.4,4469.04,4469.25,121.0,2026-09-04 03:48:00+00:00,2026-09-03 23:48:00+00:00
1788493740000,4469.26,4469.68,4469.18,4469.32,252.0,2026-09-04 03:49:00+00:00,2026-09-03 23:49:00+00:00
1788493800000,4469.34,4470.15,4469.29,4469.67,246.0,2026-09-04 03:50:00+00:00,2026-09-03 23:50:00+00:00
1788493860000,4469.67,4469.83,4467.63,4469.41,299.0,2026-09-04 03:51:00+00:00,2026-09-03 23:51:00+00:00
1788493920000,4469.4,4469.64,4468.53,4468.71,215.0,2026-09-04 03:52:00+00:00,2026-09-03 23:52:00+00:00
1788493980000,4468.69,4469.55,4468.38,4469.55,195.0,2026-09-04 03:53:00+00:00,2026-09-03 23:53:00+00:00
1788494040000,4469.55,4469.88,4469.11,4469.55,175.0,2026-09-04 03:54:00+00:00,2026-09-03 23:54:00+00:00
1788494100000,4469.56,4469.93,4469.46,4469.93,119.0,2026-09-04 03:55:00+00:00,2026-09-03 23:55:00+00:00
1788494160000,4469.95,4469.95,4469.48,4469.77,113.0,2026-09-04 03:56:00+00:00,2026-09-03 23:56:00+00:00
1788494220000,4469.76,4469.82,4468.9,4468.94,168.0,2026-09-04 03:57:00+00:00,2026-09-03 23:57:00+00:00
1788494280000,4468.94,4468.95,4467.34,4467.58,205.0,2026-09-04 03:58:00+00:00,2026-09-03 23:58:00+00:00
1788494340000,4467.58,4467.72,4467.07,4467.08,231.0,2026-09-04 03:59:00+00:00,2026-09-03 23:59:00+00:00
1788494400000,4467.07,4467.2,4465.53,4466.06,373.0,2026-09-04 04:00:00+00:00,2026-09-04 00:00:00+00:00
1788494460000,4466.05,4468.89,4465.61,4468.56,315.0,2026-09-04 04:01:00+00:00,2026-09-04 00:01:00+00:00
1788494520000,4468.53,4468.96,4466.81,4466.99,401.0,2026-09-04 04:02:00+00:00,2026-09-04 00:02:00+00:00
1788494580000,4467.02,4468.12,4466.07,4467.51,408.0,2026-09-04 04:03:00+00:00,2026-09-04 00:03:00+00:00
1788494640000,4467.48,4469.33,4467.46,4468.9,248.0,2026-09-04 04:04:00+00:00,2026-09-04 00:04:00+00:00
1788494700000,4468.9,4469.85,4468.42,4468.76,217.0,2026-09-04 04:05:00+00:00,2026-09-04 00:05:00+00:00
1788494760000,4468.76,4468.93,4468.05,4468.06,222.0,2026-09-04 04:06:00+00:00,2026-09-04 00:06:00+00:00
1788494820000,4468.07,4468.42,4467.35,4468.0,243.0,2026-09-04 04:07:00+00:00,2026-09-04 00:07:00+00:00
1788494880000,4468.01,4468.45,4467.67,4468.39,210.0,2026-09-04 04:08:00+00:00,2026-09-04 00:08:00+00:00
1788494940000,4468.38,4469.08,4468.09,4468.17,178.0,2026-09-04 04:09:00+00:00,2026-09-04 00:09:00+00:00
1788495000000,4468.17,4468.53,4467.83,4467.93,234.0,2026-09-04 04:10:00+00:00,2026-09-04 00:10:00+00:00
1788495060000,4467.91,4469.83,4467.91,4469.23,190.0,2026-09-04 04:11:00+00:00,2026-09-04 00:11:00+00:00
1788495120000,4469.21,4469.21,4467.61,4468.14,208.0,2026-09-04 04:12:00+00:00,2026-09-04 00:12:00+00:00
1788495180000,4468.15,4470.08,4468.02,4470.0,242.0,2026-09-04 04:13:00+00:00,2026-09-04 00:13:00+00:00
1788495240000,4469.99,4470.02,4469.25,4469.3,182.0,2026-09-04 04:14:00+00:00,2026-09-04 00:14:00+00:00
1788495300000,4469.28,4469.44,4468.5,4468.56,163.0,2026-09-04 04:15:00+00:00,2026-09-04 00:15:00+00:00
1788495360000,4468.6,4469.21,4468.51,4469.05,174.0,2026-09-04 04:16:00+00:00,2026-09-04 00:16:00+00:00
1788495420000,4469.05,4469.36,4468.44,4469.02,213.0,2026-09-04 04:17:00+00:00,2026-09-04 00:17:00+00:00
1788495480000,4469.01,4469.29,4468.92,4468.98,99.0,2026-09-04 04:18:00+00:00,2026-09-04 00:18:00+00:00
1788495540000,4468.99,4469.7,4468.99,4469.6,164.0,2026-09-04 04:19:00+00:00,2026-09-04 00:19:00+00:00
1788495600000,4469.58,4469.59,4468.67,4469.59,143.0,2026-09-04 04:20:00+00:00,2026-09-04 00:20:00+00:00
1788495660000,4469.63,4469.93,4469.42,4469.86,123.0,2026-09-04 04:21:00+00:00,2026-09-04 00:21:00+00:00
1788495720000,4469.87,4470.43,4469.2,4469.55,191.0,2026-09-04 04:22:00+00:00,2026-09-04 00:22:00+00:00
1788495780000,4469.53,4470.06,4469.21,4469.8,166.0,2026-09-04 04:23:00+00:00,2026-09-04 00:23:00+00:00
1788495840000,4469.83,4470.15,4469.56,4470.15,191.0,2026-09-04 04:24:00+00:00,2026-09-04 00:24:00+00:00
1788495900000,4470.16,4470.16,4469.04,4469.85,183.0,2026-09-04 04:25:00+00:00,2026-09-04 00:25:00+00:00
1788495960000,4469.83,4470.31,4469.45,4470.06,183.0,2026-09-04 04:26:00+00:00,2026-09-04 00:26:00+00:00
1788496020000,4470.07,4470.41,4469.4,4469.99,200.0,2026-09-04 04:27:00+00:00,2026-09-04 00:27:00+00:00
1788496080000,4470.0,4471.42,4470.0,4470.93,189.0,2026-09-04 04:28:00+00:00,2026-09-04 00:28:00+00:00
1788496140000,4470.9,4472.41,4470.82,4471.68,233.0,2026-09-04 04:29:00+00:00,2026-09-04 00:29:00+00:00
1788496200000,4471.69,4473.13,4471.67,4473.13,292.0,2026-09-04 04:30:00+00:00,2026-09-04 00:30:00+00:00
1788496260000,4473.11,4474.74,4472.88,4473.65,345.0,2026-09-04 04:31:00+00:00,2026-09-04 00:31:00+00:00
1788496320000,4473.6,4473.6,4472.6,4472.77,202.0,2026-09-04 04:32:00+00:00,2026-09-04 00:32:00+00:00
1788496380000,4472.79,4473.09,4472.3,4472.5,252.0,2026-09-04 04:33:00+00:00,2026-09-04 00:33:00+00:00
1788496440000,4472.5,4472.5,4472.02,4472.32,158.0,2026-09-04 04:34:00+00:00,2026-09-04 00:34:00+00:00
1788496500000,4472.31,4473.03,4471.93,4472.88,181.0,2026-09-04 04:35:00+00:00,2026-09-04 00:35:00+00:00
1788496560000,4472.88,4474.15,4472.88,4473.25,175.0,2026-09-04 04:36:00+00:00,2026-09-04 00:36:00+00:00
1788496620000,4473.23,4474.2,4473.23,4473.68,165.0,2026-09-04 04:37:00+00:00,2026-09-04 00:37:00+00:00
1788496680000,4473.69,4474.88,4473.61,4473.88,223.0,2026-09-04 04:38:00+00:00,2026-09-04 00:38:00+00:00
1788496740000,4473.92,4474.48,4473.59,4474.41,135.0,2026-09-04 04:39:00+00:00,2026-09-04 00:39:00+00:00
1788496800000,4474.35,4474.74,4473.46,4473.64,234.0,2026-09-04 04:40:00+00:00,2026-09-04 00:40:00+00:00
1788496860000,4473.65,4474.84,4473.65,4474.75,170.0,2026-09-04 04:41:00+00:00,2026-09-04 00:41:00+00:00
1788496920000,4474.7,4474.8,4474.44,4474.47,126.0,2026-09-04 04:42:00+00:00,2026-09-04 00:42:00+00:00
1788496980000,4474.52,4474.87,4474.28,4474.28,113.0,2026-09-04 04:43:00+00:00,2026-09-04 00:43:00+00:00
1788497040000,4474.27,4474.41,4473.54,4473.86,164.0,2026-09-04 04:44:00+00:00,2026-09-04 00:44:00+00:00
1788497100000,4473.81,4474.44,4473.14,4473.43,207.0,2026-09-04 04:45:00+00:00,2026-09-04 00:45:00+00:00
1788497160000,4473.45,4474.49,4473.45,4474.06,167.0,2026-09-04 04:46:00+00:00,2026-09-04 00:46:00+00:00
1788497220000,4474.06,4474.06,4472.82,4472.85,191.0,2026-09-04 04:47:00+00:00,2026-09-04 00:47:00+00:00
1788497280000,4472.86,4473.29,4472.76,4473.01,157.0,2026-09-04 04:48:00+00:00,2026-09-04 00:48:00+00:00
1788497340000,4473.02,4473.77,4472.83,4473.42,152.0,2026-09-04 04:49:00+00:00,2026-09-04 00:49:00+00:00
1788497400000,4473.43,4474.99,4473.43,4474.24,167.0,2026-09-04 04:50:00+00:00,2026-09-04 00:50:00+00:00
1788497460000,4474.25,4474.6,4473.78,4474.4,134.0,2026-09-04 04:51:00+00:00,2026-09-04 00:51:00+00:00
1788497520000,4474.4,4474.64,4474.01,4474.34,138.0,2026-09-04 04:52:00+00:00,2026-09-04 00:52:00+00:00
1788497580000,4474.35,4474.35,4473.46,4473.93,126.0,2026-09-04 04:53:00+00:00,2026-09-04 00:53:00+00:00
1788497640000,4473.94,4474.39,4473.92,4474.38,101.0,2026-09-04 04:54:00+00:00,2026-09-04 00:54:00+00:00
1788497700000,4474.42,4474.52,4474.18,4474.41,98.0,2026-09-04 04:55:00+00:00,2026-09-04 00:55:00+00:00
1788497760000,4474.41,4474.48,4474.08,4474.35,141.0,2026-09-04 04:56:00+00:00,2026-09-04 00:56:00+00:00
1788497820000,4474.35,4474.62,4474.05,4474.42,166.0,2026-09-04 04:57:00+00:00,2026-09-04 00:57:00+00:00
1788497880000,4474.42,4474.43,4473.7,4473.96,144.0,2026-09-04 04:58:00+00:00,2026-09-04 00:58:00+00:00
1788497940000,4473.97,4474.2,4473.76,4473.77,139.0,2026-09-04 04:59:00+00:00,2026-09-04 00:59:00+00:00
1788498000000,4473.78,4474.34,4473.57,4473.87,259.0,2026-09-04 05:00:00+00:00,2026-09-04 01:00:00+00:00
1788498060000,4473.83,4474.6,4471.93,4472.05,244.0,2026-09-04 05:01:00+00:00,2026-09-04 01:01:00+00:00
1788498120000,4472.06,4472.93,4471.41,4472.66,286.0,2026-09-04 05:02:00+00:00,2026-09-04 01:02:00+00:00
1788498180000,4472.67,4472.77,4471.53,4471.87,247.0,2026-09-04 05:03:00+00:00,2026-09-04 01:03:00+00:00
1788498240000,4471.88,4472.2,4470.86,4470.86,255.0,2026-09-04 05:04:00+00:00,2026-09-04 01:04:00+00:00
1788498300000,4470.85,4470.87,4468.95,4468.95,245.0,2026-09-04 05:05:00+00:00,2026-09-04 01:05:00+00:00
1788498360000,4468.93,4469.13,4468.51,4469.11,207.0,2026-09-04 05:06:00+00:00,2026-09-04 01:06:00+00:00
1788498420000,4469.15,4470.02,4469.15,4470.02,218.0,2026-09-04 05:07:00+00:00,2026-09-04 01:07:00+00:00
1788498480000,4470.03,4471.97,4470.03,4471.66,212.0,2026-09-04 05:08:00+00:00,2026-09-04 01:08:00+00:00
1788498540000,4471.66,4471.75,4468.56,4469.24,283.0,2026-09-04 05:09:00+00:00,2026-09-04 01:09:00+00:00
1788498600000,4469.25,4469.42,4468.26,4468.26,203.0,2026-09-04 05:10:00+00:00,2026-09-04 01:10:00+00:00
1788498660000,4468.27,4468.49,4467.4,4468.39,245.0,2026-09-04 05:11:00+00:00,2026-09-04 01:11:00+00:00
1788498720000,4468.37,4469.03,4467.9,4467.9,214.0,2026-09-04 05:12:00+00:00,2026-09-04 01:12:00+00:00
1788498780000,4467.89,4468.49,4467.77,4468.05,219.0,2026-09-04 05:13:00+00:00,2026-09-04 01:13:00+00:00
1788498840000,4468.05,4469.64,4467.98,4469.5,255.0,2026-09-04 05:14:00+00:00,2026-09-04 01:14:00+00:00
1788498900000,4469.48,4470.08,4469.1,4469.4,227.0,2026-09-04 05:15:00+00:00,2026-09-04 01:15:00+00:00
1788498960000,4469.39,4469.98,4468.78,4469.97,237.0,2026-09-04 05:16:00+00:00,2026-09-04 01:16:00+00:00
1788499020000,4470.04,4473.21,4469.73,4473.01,311.0,2026-09-04 05:17:00+00:00,2026-09-04 01:17:00+00:00
1788499080000,4473.07,4475.24,4472.43,4475.16,279.0,2026-09-04 05:18:00+00:00,2026-09-04 01:18:00+00:00
1788499140000,4475.16,4475.28,4473.63,4473.91,196.0,2026-09-04 05:19:00+00:00,2026-09-04 01:19:00+00:00
1788499200000,4473.92,4474.26,4473.25,4473.25,246.0,2026-09-04 05:20:00+00:00,2026-09-04 01:20:00+00:00
1788499260000,4473.25,4473.51,4470.73,4470.81,255.0,2026-09-04 05:21:00+00:00,2026-09-04 01:21:00+00:00
1788499320000,4470.82,4471.15,4470.39,4470.91,243.0,2026-09-04 05:22:00+00:00,2026-09-04 01:22:00+00:00
1788499380000,4470.91,4471.23,4470.29,4470.74,223.0,2026-09-04 05:23:00+00:00,2026-09-04 01:23:00+00:00
1788499440000,4470.74,4471.37,4470.62,4471.04,240.0,2026-09-04 05:24:00+00:00,2026-09-04 01:24:00+00:00
1788499500000,4471.05,4471.31,4469.89,4470.16,241.0,2026-09-04 05:25:00+00:00,2026-09-04 01:25:00+00:00
1788499560000,4470.15,4471.22,4469.9,4470.55,218.0,2026-09-04 05:26:00+00:00,2026-09-04 01:26:00+00:00
1788499620000,4470.58,4470.89,4470.16,4470.26,230.0,2026-09-04 05:27:00+00:00,2026-09-04 01:27:00+00:00
1788499680000,4470.22,4470.22,4468.07,4468.48,286.0,2026-09-04 05:28:00+00:00,2026-09-04 01:28:00+00:00
1788499740000,4468.5,4469.21,4467.5,4467.58,268.0,2026-09-04 05:29:00+00:00,2026-09-04 01:29:00+00:00
1788499800000,4467.58,4471.87,4466.83,4471.07,857.0,2026-09-04 05:30:00+00:00,2026-09-04 01:30:00+00:00
1788499860000,4471.06,4471.51,4470.12,4471.46,557.0,2026-09-04 05:31:00+00:00,2026-09-04 01:31:00+00:00
1788499920000,4471.48,4474.95,4471.01,4474.5,602.0,2026-09-04 05:32:00+00:00,2026-09-04 01:32:00+00:00
1788499980000,4474.51,4475.12,4471.81,4472.56,492.0,2026-09-04 05:33:00+00:00,2026-09-04 01:33:00+00:00
1788500040000,4472.55,4473.38,4472.34,4473.15,430.0,2026-09-04 05:34:00+00:00,2026-09-04 01:34:00+00:00
1788500100000,4473.16,4473.39,4469.72,4469.91,521.0,2026-09-04 05:35:00+00:00,2026-09-04 01:35:00+00:00
1788500160000,4469.92,4470.05,4469.2,4469.51,291.0,2026-09-04 05:36:00+00:00,2026-09-04 01:36:00+00:00
1788500220000,4469.53,4470.33,4469.35,4470.05,345.0,2026-09-04 05:37:00+00:00,2026-09-04 01:37:00+00:00
1788500280000,4470.05,4472.84,4470.05,4472.42,411.0,2026-09-04 05:38:00+00:00,2026-09-04 01:38:00+00:00
1788500340000,4472.44,4476.95,4472.31,4476.41,484.0,2026-09-04 05:39:00+00:00,2026-09-04 01:39:00+00:00
1788500400000,4476.47,4477.26,4476.06,4476.9,409.0,2026-09-04 05:40:00+00:00,2026-09-04 01:40:00+00:00
1788500460000,4476.95,4477.63,4475.05,4475.05,423.0,2026-09-04 05:41:00+00:00,2026-09-04 01:41:00+00:00
1788500520000,4475.04,4475.68,4474.34,4474.47,325.0,2026-09-04 05:42:00+00:00,2026-09-04 01:42:00+00:00
1788500580000,4474.47,4474.59,4471.83,4471.91,390.0,2026-09-04 05:43:00+00:00,2026-09-04 01:43:00+00:00
1788500640000,4471.92,4472.07,4470.53,4471.16,378.0,2026-09-04 05:44:00+00:00,2026-09-04 01:44:00+00:00
1788500700000,4471.16,4472.78,4470.68,4472.03,384.0,2026-09-04 05:45:00+00:00,2026-09-04 01:45:00+00:00
1788500760000,4472.05,4472.89,4471.63,4471.89,336.0,2026-09-04 05:46:00+00:00,2026-09-04 01:46:00+00:00
1788500820000,4471.88,4472.47,4471.63,4472.32,328.0,2026-09-04 05:47:00+00:00,2026-09-04 01:47:00+00:00
1788500880000,4472.36,4472.68,4471.82,4471.82,290.0,2026-09-04 05:48:00+00:00,2026-09-04 01:48:00+00:00
1788500940000,4471.81,4472.3,4470.73,4470.76,370.0,2026-09-04 05:49:00+00:00,2026-09-04 01:49:00+00:00
1788501000000,4470.77,4470.81,4468.07,4468.77,459.0,2026-09-04 05:50:00+00:00,2026-09-04 01:50:00+00:00
1788501060000,4468.77,4470.56,4468.33,4470.56,289.0,2026-09-04 05:51:00+00:00,2026-09-04 01:51:00+00:00
1788501120000,4470.56,4470.56,4468.77,4468.83,433.0,2026-09-04 05:52:00+00:00,2026-09-04 01:52:00+00:00
1788501180000,4468.83,4469.02,4468.05,4468.2,330.0,2026-09-04 05:53:00+00:00,2026-09-04 01:53:00+00:00
1788501240000,4468.19,4468.8,4467.29,4467.57,322.0,2026-09-04 05:54:00+00:00,2026-09-04 01:54:00+00:00
1788501300000,4467.56,4469.32,4467.26,4469.19,309.0,2026-09-04 05:55:00+00:00,2026-09-04 01:55:00+00:00
1788501360000,4469.21,4469.91,4468.8,4469.48,372.0,2026-09-04 05:56:00+00:00,2026-09-04 01:56:00+00:00
1788501420000,4469.5,4469.88,4468.62,4469.19,289.0,2026-09-04 05:57:00+00:00,2026-09-04 01:57:00+00:00
1788501480000,4469.18,4471.14,4469.18,4471.14,281.0,2026-09-04 05:58:00+00:00,2026-09-04 01:58:00+00:00
1788501540000,4471.13,4472.18,4470.48,4472.09,360.0,2026-09-04 05:59:00+00:00,2026-09-04 01:59:00+00:00
1788501600000,4472.09,4472.43,4470.32,4470.64,556.0,2026-09-04 06:00:00+00:00,2026-09-04 02:00:00+00:00
1788501660000,4470.65,4473.39,4470.45,4471.1,522.0,2026-09-04 06:01:00+00:00,2026-09-04 02:01:00+00:00
1788501720000,4471.06,4472.85,4470.82,4471.02,389.0,2026-09-04 06:02:00+00:00,2026-09-04 02:02:00+00:00
1788501780000,4471.0,4471.44,4469.32,4470.34,482.0,2026-09-04 06:03:00+00:00,2026-09-04 02:03:00+00:00
1788501840000,4470.34,4471.65,4469.14,4470.85,469.0,2026-09-04 06:04:00+00:00,2026-09-04 02:04:00+00:00
1788501900000,4470.86,4471.29,4470.28,4471.04,384.0,2026-09-04 06:05:00+00:00,2026-09-04 02:05:00+00:00
1788501960000,4471.07,4471.95,4470.69,4471.23,474.0,2026-09-04 06:06:00+00:00,2026-09-04 02:06:00+00:00
1788502020000,4471.27,4471.79,4469.59,4469.62,435.0,2026-09-04 06:07:00+00:00,2026-09-04 02:07:00+00:00
1788502080000,4469.61,4469.63,4468.11,4468.77,332.0,2026-09-04 06:08:00+00:00,2026-09-04 02:08:00+00:00
1788502140000,4468.78,4469.9,4468.05,4469.71,445.0,2026-09-04 06:09:00+00:00,2026-09-04 02:09:00+00:00
1788502200000,4469.71,4471.67,4469.23,4470.93,528.0,2026-09-04 06:10:00+00:00,2026-09-04 02:10:00+00:00
1788502260000,4470.96,4471.15,4467.57,4467.66,524.0,2026-09-04 06:11:00+00:00,2026-09-04 02:11:00+00:00
1788502320000,4467.67,4468.29,4466.89,4468.29,450.0,2026-09-04 06:12:00+00:00,2026-09-04 02:12:00+00:00
1788502380000,4468.31,4468.52,4466.72,4466.79,396.0,2026-09-04 06:13:00+00:00,2026-09-04 02:13:00+00:00
1788502440000,4466.8,4469.12,4466.79,4468.94,343.0,2026-09-04 06:14:00+00:00,2026-09-04 02:14:00+00:00
1788502500000,4468.94,4469.34,4468.2,4469.31,399.0,2026-09-04 06:15:00+00:00,2026-09-04 02:15:00+00:00
1788502560000,4469.34,4469.34,4467.3,4467.7,309.0,2026-09-04 06:16:00+00:00,2026-09-04 02:16:00+00:00
1788502620000,4467.7,4468.25,4467.55,4468.01,295.0,2026-09-04 06:17:00+00:00,2026-09-04 02:17:00+00:00
1788502680000,4468.01,4468.32,4467.51,4467.97,333.0,2026-09-04 06:18:00+00:00,2026-09-04 02:18:00+00:00
1788502740000,4467.97,4468.93,4467.37,4468.9,346.0,2026-09-04 06:19:00+00:00,2026-09-04 02:19:00+00:00
1788502800000,4468.91,4471.37,4468.77,4471.19,346.0,2026-09-04 06:20:00+00:00,2026-09-04 02:20:00+00:00
1788502860000,4471.2,4471.5,4470.78,4471.38,311.0,2026-09-04 06:21:00+00:00,2026-09-04 02:21:00+00:00
1788502920000,4471.37,4471.63,4467.7,4468.1,420.0,2026-09-04 06:22:00+00:00,2026-09-04 02:22:00+00:00
1788502980000,4468.1,4469.94,4467.89,4469.23,383.0,2026-09-04 06:23:00+00:00,2026-09-04 02:23:00+00:00
1788503040000,4469.18,4469.18,4466.75,4468.07,418.0,2026-09-04 06:24:00+00:00,2026-09-04 02:24:00+00:00
1788503100000,4468.04,4470.09,4467.89,4470.04,358.0,2026-09-04 06:25:00+00:00,2026-09-04 02:25:00+00:00
1788503160000,4470.04,4470.71,4469.52,4470.61,392.0,2026-09-04 06:26:00+00:00,2026-09-04 02:26:00+00:00
1788503220000,4470.63,4471.88,4470.21,4471.88,364.0,2026-09-04 06:27:00+00:00,2026-09-04 02:27:00+00:00
1788503280000,4471.88,4471.88,4469.45,4469.65,377.0,2026-09-04 06:28:00+00:00,2026-09-04 02:28:00+00:00
1788503340000,4469.65,4470.73,4468.42,4468.91,421.0,2026-09-04 06:29:00+00:00,2026-09-04 02:29:00+00:00
1788503400000,4468.92,4469.73,4468.13,4468.92,538.0,2026-09-04 06:30:00+00:00,2026-09-04 02:30:00+00:00
1788503460000,4468.93,4469.06,4466.65,4468.49,501.0,2026-09-04 06:31:00+00:00,2026-09-04 02:31:00+00:00
1788503520000,4468.49,4469.67,4468.23,4469.44,419.0,2026-09-04 06:32:00+00:00,2026-09-04 02:32:00+00:00
1788503580000,4469.46,4469.8,4467.9,4467.96,428.0,2026-09-04 06:33:00+00:00,2026-09-04 02:33:00+00:00
1788503640000,4467.93,4467.93,4464.56,4464.91,489.0,2026-09-04 06:34:00+00:00,2026-09-04 02:34:00+00:00
1788503700000,4464.93,4466.51,4464.45,4465.55,520.0,2026-09-04 06:35:00+00:00,2026-09-04 02:35:00+00:00
1788503760000,4465.47,4466.3,4465.25,4465.25,369.0,2026-09-04 06:36:00+00:00,2026-09-04 02:36:00+00:00
1788503820000,4465.23,4465.23,4463.18,4463.9,590.0,2026-09-04 06:37:00+00:00,2026-09-04 02:37:00+00:00
1788503880000,4463.95,4466.3,4463.95,4465.95,468.0,2026-09-04 06:38:00+00:00,2026-09-04 02:38:00+00:00
1788503940000,4465.94,4466.51,4465.12,4466.23,405.0,2026-09-04 06:39:00+00:00,2026-09-04 02:39:00+00:00
1788504000000,4466.24,4466.53,4464.72,4466.52,424.0,2026-09-04 06:40:00+00:00,2026-09-04 02:40:00+00:00
1788504060000,4466.53,4468.59,4466.29,4468.44,355.0,2026-09-04 06:41:00+00:00,2026-09-04 02:41:00+00:00
1788504120000,4468.46,4468.54,4465.33,4465.6,495.0,2026-09-04 06:42:00+00:00,2026-09-04 02:42:00+00:00
1788504180000,4465.59,4467.13,4465.59,4467.08,417.0,2026-09-04 06:43:00+00:00,2026-09-04 02:43:00+00:00
1788504240000,4467.1,4467.15,4464.04,4464.23,430.0,2026-09-04 06:44:00+00:00,2026-09-04 02:44:00+00:00
1788504300000,4464.21,4464.34,4462.57,4462.68,436.0,2026-09-04 06:45:00+00:00,2026-09-04 02:45:00+00:00
1788504360000,4462.7,4462.86,4462.25,4462.56,387.0,2026-09-04 06:46:00+00:00,2026-09-04 02:46:00+00:00
1788504420000,4462.56,4464.01,4461.93,4463.58,521.0,2026-09-04 06:47:00+00:00,2026-09-04 02:47:00+00:00
1788504480000,4463.59,4464.2,4462.27,4462.27,490.0,2026-09-04 06:48:00+00:00,2026-09-04 02:48:00+00:00
1788504540000,4462.26,4462.77,4461.52,4461.83,516.0,2026-09-04 06:49:00+00:00,2026-09-04 02:49:00+00:00
1788504600000,4461.83,4464.49,4461.4,4464.05,448.0,2026-09-04 06:50:00+00:00,2026-09-04 02:50:00+00:00
1788504660000,4464.04,4464.17,4463.3,4463.87,399.0,2026-09-04 06:51:00+00:00,2026-09-04 02:51:00+00:00
1788504720000,4463.88,4463.88,4462.88,4462.92,386.0,2026-09-04 06:52:00+00:00,2026-09-04 02:52:00+00:00
1788504780000,4462.9,4463.2,4462.28,4462.98,467.0,2026-09-04 06:53:00+00:00,2026-09-04 02:53:00+00:00
1788504840000,4462.96,4463.24,4462.25,4462.63,391.0,2026-09-04 06:54:00+00:00,2026-09-04 02:54:00+00:00
1788504900000,4462.63,4463.6,4462.18,4462.41,373.0,2026-09-04 06:55:00+00:00,2026-09-04 02:55:00+00:00
1788504960000,4462.43,4462.73,4460.97,4461.21,440.0,2026-09-04 06:56:00+00:00,2026-09-04 02:56:00+00:00
1788505020000,4461.23,4461.46,4460.27,4460.78,381.0,2026-09-04 06:57:00+00:00,2026-09-04 02:57:00+00:00
1788505080000,4460.77,4462.88,4460.77,4462.73,464.0,2026-09-04 06:58:00+00:00,2026-09-04 02:58:00+00:00
1788505140000,4462.71,4463.41,4462.57,4463.05,442.0,2026-09-04 06:59:00+00:00,2026-09-04 02:59:00+00:00
1788505200000,4463.01,4464.19,4461.6,4463.49,715.0,2026-09-04 07:00:00+00:00,2026-09-04 03:00:00+00:00
1788505260000,4463.5,4464.02,4462.49,4463.31,480.0,2026-09-04 07:01:00+00:00,2026-09-04 03:01:00+00:00
1788505320000,4463.32,4464.17,4463.01,4463.88,440.0,2026-09-04 07:02:00+00:00,2026-09-04 03:02:00+00:00
1788505380000,4463.89,4466.2,4463.74,4466.13,508.0,2026-09-04 07:03:00+00:00,2026-09-04 03:03:00+00:00
1788505440000,4466.13,4467.77,4465.92,4466.46,535.0,2026-09-04 07:04:00+00:00,2026-09-04 03:04:00+00:00
1788505500000,4466.48,4466.54,4465.06,4466.26,451.0,2026-09-04 07:05:00+00:00,2026-09-04 03:05:00+00:00
1788505560000,4466.26,4466.47,4465.59,4466.03,418.0,2026-09-04 07:06:00+00:00,2026-09-04 03:06:00+00:00
1788505620000,4466.02,4468.39,4465.58,4467.85,492.0,2026-09-04 07:07:00+00:00,2026-09-04 03:07:00+00:00
1788505680000,4467.84,4468.49,4467.56,4468.4,376.0,2026-09-04 07:08:00+00:00,2026-09-04 03:08:00+00:00
1788505740000,4468.39,4469.28,4467.7,4468.69,386.0,2026-09-04 07:09:00+00:00,2026-09-04 03:09:00+00:00
1788505800000,4468.72,4470.72,4468.72,4470.65,374.0,2026-09-04 07:10:00+00:00,2026-09-04 03:10:00+00:00
1788505860000,4470.66,4470.85,4469.72,4470.17,407.0,2026-09-04 07:11:00+00:00,2026-09-04 03:11:00+00:00
1788505920000,4470.2,4470.29,4468.71,4468.82,343.0,2026-09-04 07:12:00+00:00,2026-09-04 03:12:00+00:00
1788505980000,4468.81,4471.53,4468.3,4470.4,521.0,2026-09-04 07:13:00+00:00,2026-09-04 03:13:00+00:00
1788506040000,4470.4,4471.21,4467.88,4467.88,410.0,2026-09-04 07:14:00+00:00,2026-09-04 03:14:00+00:00
1788506100000,4467.89,4468.19,4466.74,4467.93,403.0,2026-09-04 07:15:00+00:00,2026-09-04 03:15:00+00:00
1788506160000,4467.93,4468.11,4466.9,4467.82,339.0,2026-09-04 07:16:00+00:00,2026-09-04 03:16:00+00:00
1788506220000,4467.82,4467.99,4466.9,4467.8,323.0,2026-09-04 07:17:00+00:00,2026-09-04 03:17:00+00:00
1788506280000,4467.78,4468.1,4467.1,4467.71,309.0,2026-09-04 07:18:00+00:00,2026-09-04 03:18:00+00:00
1788506340000,4467.72,4469.01,4467.3,4468.87,260.0,2026-09-04 07:19:00+00:00,2026-09-04 03:19:00+00:00
1788506400000,4468.88,4469.52,4467.4,4467.81,330.0,2026-09-04 07:20:00+00:00,2026-09-04 03:20:00+00:00
1788506460000,4467.8,4468.07,4466.87,4467.16,287.0,2026-09-04 07:21:00+00:00,2026-09-04 03:21:00+00:00
1788506520000,4467.17,4468.57,4467.1,4468.26,359.0,2026-09-04 07:22:00+00:00,2026-09-04 03:22:00+00:00
1788506580000,4468.26,4468.45,4467.7,4468.23,280.0,2026-09-04 07:23:00+00:00,2026-09-04 03:23:00+00:00
1788506640000,4468.23,4470.01,4468.15,4469.66,292.0,2026-09-04 07:24:00+00:00,2026-09-04 03:24:00+00:00
1788506700000,4469.63,4470.38,4468.81,4469.65,362.0,2026-09-04 07:25:00+00:00,2026-09-04 03:25:00+00:00
1788506760000,4469.64,4469.87,4468.66,4468.74,319.0,2026-09-04 07:26:00+00:00,2026-09-04 03:26:00+00:00
1788506820000,4468.71,4470.21,4468.16,4470.18,261.0,2026-09-04 07:27:00+00:00,2026-09-04 03:27:00+00:00
1788506880000,4470.13,4471.69,4469.64,4470.96,340.0,2026-09-04 07:28:00+00:00,2026-09-04 03:28:00+00:00
1788506940000,4470.97,4472.85,4470.2,4472.72,383.0,2026-09-04 07:29:00+00:00,2026-09-04 03:29:00+00:00
1788507000000,4472.74,4474.2,4472.74,4474.14,290.0,2026-09-04 07:30:00+00:00,2026-09-04 03:30:00+00:00
1788507060000,4474.15,4475.42,4473.3,4473.8,518.0,2026-09-04 07:31:00+00:00,2026-09-04 03:31:00+00:00
1788507120000,4473.81,4474.29,4473.21,4473.7,363.0,2026-09-04 07:32:00+00:00,2026-09-04 03:32:00+00:00
1788507180000,4473.7,4474.0,4472.82,4473.78,423.0,2026-09-04 07:33:00+00:00,2026-09-04 03:33:00+00:00
1788507240000,4473.77,4475.53,4473.76,4474.92,306.0,2026-09-04 07:34:00+00:00,2026-09-04 03:34:00+00:00
1788507300000,4474.78,4475.41,4474.28,4475.08,368.0,2026-09-04 07:35:00+00:00,2026-09-04 03:35:00+00:00
1788507360000,4475.07,4476.07,4475.06,4475.84,368.0,2026-09-04 07:36:00+00:00,2026-09-04 03:36:00+00:00
1788507420000,4475.85,4476.47,4475.1,4475.6,334.0,2026-09-04 07:37:00+00:00,2026-09-04 03:37:00+00:00
1788507480000,4475.61,4475.92,4474.45,4475.15,398.0,2026-09-04 07:38:00+00:00,2026-09-04 03:38:00+00:00
1788507540000,4475.16,4475.6,4474.65,4475.14,276.0,2026-09-04 07:39:00+00:00,2026-09-04 03:39:00+00:00
1788507600000,4475.19,4475.81,4474.76,4475.18,382.0,2026-09-04 07:40:00+00:00,2026-09-04 03:40:00+00:00
1788507660000,4475.19,4477.99,4475.19,4477.99,461.0,2026-09-04 07:41:00+00:00,2026-09-04 03:41:00+00:00
1788507720000,4477.99,4482.28,4477.73,4482.28,506.0,2026-09-04 07:42:00+00:00,2026-09-04 03:42:00+00:00
1788507780000,4482.26,4484.3,4481.75,4483.94,539.0,2026-09-04 07:43:00+00:00,2026-09-04 03:43:00+00:00
1788507840000,4484.0,4486.46,4484.0,4485.79,507.0,2026-09-04 07:44:00+00:00,2026-09-04 03:44:00+00:00
1788507900000,4485.79,4487.35,4484.77,4486.76,427.0,2026-09-04 07:45:00+00:00,2026-09-04 03:45:00+00:00
1788507960000,4486.81,4488.34,4485.99,4486.73,548.0,2026-09-04 07:46:00+00:00,2026-09-04 03:46:00+00:00
1788508020000,4486.74,4488.87,4486.74,4488.65,465.0,2026-09-04 07:47:00+00:00,2026-09-04 03:47:00+00:00
1788508080000,4488.63,4490.83,4488.63,4489.24,445.0,2026-09-04 07:48:00+00:00,2026-09-04 03:48:00+00:00
1788508140000,4489.22,4489.85,4487.62,4488.08,434.0,2026-09-04 07:49:00+00:00,2026-09-04 03:49:00+00:00
1788508200000,4488.07,4488.1,4484.94,4484.95,460.0,2026-09-04 07:50:00+00:00,2026-09-04 03:50:00+00:00
1788508260000,4484.94,4485.26,4483.97,4484.65,343.0,2026-09-04 07:51:00+00:00,2026-09-04 03:51:00+00:00
1788508320000,4484.64,4485.08,4482.67,4482.82,365.0,2026-09-04 07:52:00+00:00,2026-09-04 03:52:00+00:00
1788508380000,4482.76,4483.82,4482.76,4483.27,285.0,2026-09-04 07:53:00+00:00,2026-09-04 03:53:00+00:00
1788508440000,4483.25,4485.34,4482.95,4484.7,406.0,2026-09-04 07:54:00+00:00,2026-09-04 03:54:00+00:00
1788508500000,4484.7,4486.15,4484.4,4484.43,441.0,2026-09-04 07:55:00+00:00,2026-09-04 03:55:00+00:00
1788508560000,4484.41,4486.62,4483.02,4485.53,449.0,2026-09-04 07:56:00+00:00,2026-09-04 03:56:00+00:00
1788508620000,4485.53,4485.77,4481.47,4482.33,558.0,2026-09-04 07:57:00+00:00,2026-09-04 03:57:00+00:00
1788508680000,4482.34,4483.35,4482.34,4482.97,375.0,2026-09-04 07:58:00+00:00,2026-09-04 03:58:00+00:00
1788508740000,4482.97,4483.68,4482.33,4483.52,381.0,2026-09-04 07:59:00+00:00,2026-09-04 03:59:00+00:00
1788508800000,4483.53,4486.41,4483.39,4486.41,676.0,2026-09-04 08:00:00+00:00,2026-09-04 04:00:00+00:00
1788508860000,4486.4,4486.54,4484.96,4485.56,460.0,2026-09-04 08:01:00+00:00,2026-09-04 04:01:00+00:00
1788508920000,4485.59,4485.9,4483.28,4484.59,504.0,2026-09-04 08:02:00+00:00,2026-09-04 04:02:00+00:00
1788508980000,4484.6,4485.06,4483.62,4483.89,350.0,2026-09-04 08:03:00+00:00,2026-09-04 04:03:00+00:00
1788509040000,4483.92,4485.38,4483.5,4483.78,433.0,2026-09-04 08:04:00+00:00,2026-09-04 04:04:00+00:00
1788509100000,4483.78,4483.78,4481.43,4481.96,444.0,2026-09-04 08:05:00+00:00,2026-09-04 04:05:00+00:00
1788509160000,4481.97,4483.33,4481.65,4483.29,452.0,2026-09-04 08:06:00+00:00,2026-09-04 04:06:00+00:00
1788509220000,4483.29,4483.94,4482.0,4482.29,389.0,2026-09-04 08:07:00+00:00,2026-09-04 04:07:00+00:00
1788509280000,4482.29,4482.97,4481.93,4482.44,364.0,2026-09-04 08:08:00+00:00,2026-09-04 04:08:00+00:00
1788509340000,4482.43,4482.73,4480.43,4480.94,448.0,2026-09-04 08:09:00+00:00,2026-09-04 04:09:00+00:00
1788509400000,4480.95,4481.88,4479.48,4479.5,402.0,2026-09-04 08:10:00+00:00,2026-09-04 04:10:00+00:00
1788509460000,4479.49,4481.1,4479.32,4480.58,393.0,2026-09-04 08:11:00+00:00,2026-09-04 04:11:00+00:00
1788509520000,4480.48,4482.03,4479.78,4481.95,358.0,2026-09-04 08:12:00+00:00,2026-09-04 04:12:00+00:00
1788509580000,4481.95,4483.99,4481.93,4483.37,440.0,2026-09-04 08:13:00+00:00,2026-09-04 04:13:00+00:00
1788509640000,4483.38,4483.6,4482.11,4482.11,403.0,2026-09-04 08:14:00+00:00,2026-09-04 04:14:00+00:00
1788509700000,4482.11,4483.98,4481.57,4483.51,453.0,2026-09-04 08:15:00+00:00,2026-09-04 04:15:00+00:00
1788509760000,4483.47,4483.92,4482.62,4482.89,373.0,2026-09-04 08:16:00+00:00,2026-09-04 04:16:00+00:00
1788509820000,4482.92,4484.04,4482.63,4483.93,361.0,2026-09-04 08:17:00+00:00,2026-09-04 04:17:00+00:00
1788509880000,4483.97,4484.12,4481.32,4482.55,370.0,2026-09-04 08:18:00+00:00,2026-09-04 04:18:00+00:00
1788509940000,4482.56,4483.15,4482.28,4482.64,307.0,2026-09-04 08:19:00+00:00,2026-09-04 04:19:00+00:00
1788510000000,4482.64,4484.14,4482.58,4483.85,347.0,2026-09-04 08:20:00+00:00,2026-09-04 04:20:00+00:00
1788510060000,4483.84,4484.07,4481.21,4482.41,337.0,2026-09-04 08:21:00+00:00,2026-09-04 04:21:00+00:00
1788510120000,4482.41,4482.74,4481.18,4481.43,347.0,2026-09-04 08:22:00+00:00,2026-09-04 04:22:00+00:00
1788510180000,4481.43,4482.42,4481.36,4481.43,268.0,2026-09-04 08:23:00+00:00,2026-09-04 04:23:00+00:00
1788510240000,4481.43,4481.43,4480.12,4480.24,322.0,2026-09-04 08:24:00+00:00,2026-09-04 04:24:00+00:00
1788510300000,4480.18,4480.67,4479.63,4480.37,338.0,2026-09-04 08:25:00+00:00,2026-09-04 04:25:00+00:00
1788510360000,4480.4,4481.95,4480.4,4481.6,415.0,2026-09-04 08:26:00+00:00,2026-09-04 04:26:00+00:00
1788510420000,4481.6,4481.81,4480.87,4481.36,343.0,2026-09-04 08:27:00+00:00,2026-09-04 04:27:00+00:00
1788510480000,4481.41,4482.08,4481.14,4481.96,299.0,2026-09-04 08:28:00+00:00,2026-09-04 04:28:00+00:00
1788510540000,4481.9,4482.44,4480.85,4481.1,386.0,2026-09-04 08:29:00+00:00,2026-09-04 04:29:00+00:00
1788510600000,4481.13,4482.47,4480.61,4481.74,406.0,2026-09-04 08:30:00+00:00,2026-09-04 04:30:00+00:00
1788510660000,4481.79,4482.52,4479.51,4479.71,347.0,2026-09-04 08:31:00+00:00,2026-09-04 04:31:00+00:00
1788510720000,4479.69,4479.97,4478.08,4479.47,448.0,2026-09-04 08:32:00+00:00,2026-09-04 04:32:00+00:00
1788510780000,4479.45,4481.19,4479.45,4480.86,379.0,2026-09-04 08:33:00+00:00,2026-09-04 04:33:00+00:00
1788510840000,4480.86,4481.66,4480.37,4480.75,349.0,2026-09-04 08:34:00+00:00,2026-09-04 04:34:00+00:00
1788510900000,4480.73,4481.56,4480.16,4480.71,383.0,2026-09-04 08:35:00+00:00,2026-09-04 04:35:00+00:00
1788510960000,4480.71,4481.38,4479.77,4480.02,345.0,2026-09-04 08:36:00+00:00,2026-09-04 04:36:00+00:00
1788511020000,4479.99,4480.64,4478.1,4478.31,364.0,2026-09-04 08:37:00+00:00,2026-09-04 04:37:00+00:00
1788511080000,4478.32,4479.46,4477.72,4477.87,381.0,2026-09-04 08:38:00+00:00,2026-09-04 04:38:00+00:00
1788511140000,4477.9,4478.75,4477.9,4478.57,289.0,2026-09-04 08:39:00+00:00,2026-09-04 04:39:00+00:00
1788511200000,4478.56,4478.56,4477.77,4478.07,339.0,2026-09-04 08:40:00+00:00,2026-09-04 04:40:00+00:00
1788511260000,4478.08,4478.62,4477.54,4478.05,366.0,2026-09-04 08:41:00+00:00,2026-09-04 04:41:00+00:00
1788511320000,4478.06,4479.12,4478.0,4478.49,320.0,2026-09-04 08:42:00+00:00,2026-09-04 04:42:00+00:00
1788511380000,4478.52,4478.94,4477.55,4477.78,298.0,2026-09-04 08:43:00+00:00,2026-09-04 04:43:00+00:00
1788511440000,4477.76,4478.46,4477.48,4477.6,288.0,2026-09-04 08:44:00+00:00,2026-09-04 04:44:00+00:00
1788511500000,4477.59,4478.15,4476.87,4477.86,344.0,2026-09-04 08:45:00+00:00,2026-09-04 04:45:00+00:00
1788511560000,4477.86,4477.96,4477.26,4477.77,251.0,2026-09-04 08:46:00+00:00,2026-09-04 04:46:00+00:00
1788511620000,4477.77,4478.6,4477.05,4477.19,356.0,2026-09-04 08:47:00+00:00,2026-09-04 04:47:00+00:00
1788511680000,4477.14,4477.15,4476.29,4476.44,262.0,2026-09-04 08:48:00+00:00,2026-09-04 04:48:00+00:00
1788511740000,4476.41,4476.53,4474.84,4474.92,285.0,2026-09-04 08:49:00+00:00,2026-09-04 04:49:00+00:00
1788511800000,4474.93,4475.46,4474.81,4474.96,271.0,2026-09-04 08:50:00+00:00,2026-09-04 04:50:00+00:00
1788511860000,4474.95,4475.23,4474.5,4475.13,229.0,2026-09-04 08:51:00+00:00,2026-09-04 04:51:00+00:00
1788511920000,4475.12,4475.37,4474.53,4475.2,346.0,2026-09-04 08:52:00+00:00,2026-09-04 04:52:00+00:00
1788511980000,4475.2,4476.74,4474.86,4476.74,277.0,2026-09-04 08:53:00+00:00,2026-09-04 04:53:00+00:00
1788512040000,4476.72,4477.42,4476.1,4476.86,343.0,2026-09-04 08:54:00+00:00,2026-09-04 04:54:00+00:00
1788512100000,4476.86,4478.02,4476.85,4477.39,304.0,2026-09-04 08:55:00+00:00,2026-09-04 04:55:00+00:00
1788512160000,4477.4,4479.79,4477.38,4478.95,358.0,2026-09-04 08:56:00+00:00,2026-09-04 04:56:00+00:00
1788512220000,4478.96,4479.48,4478.47,4478.69,250.0,2026-09-04 08:57:00+00:00,2026-09-04 04:57:00+00:00
1788512280000,4478.61,4478.71,4477.47,4477.47,199.0,2026-09-04 08:58:00+00:00,2026-09-04 04:58:00+00:00
1788512340000,4477.44,4478.45,4477.43,4477.87,202.0,2026-09-04 08:59:00+00:00,2026-09-04 04:59:00+00:00
1788512400000,4477.86,4478.64,4477.44,4477.62,329.0,2026-09-04 09:00:00+00:00,2026-09-04 05:00:00+00:00
1788512460000,4477.61,4478.21,4476.59,4477.98,348.0,2026-09-04 09:01:00+00:00,2026-09-04 05:01:00+00:00
1788512520000,4477.97,4479.17,4477.86,4478.72,361.0,2026-09-04 09:02:00+00:00,2026-09-04 05:02:00+00:00
1788512580000,4478.74,4479.24,4478.48,4478.67,316.0,2026-09-04 09:03:00+00:00,2026-09-04 05:03:00+00:00
1788512640000,4478.68,4478.87,4477.18,4478.32,358.0,2026-09-04 09:04:00+00:00,2026-09-04 05:04:00+00:00
1788512700000,4478.31,4478.35,4476.0,4476.48,278.0,2026-09-04 09:05:00+00:00,2026-09-04 05:05:00+00:00
1788512760000,4476.47,4476.6,4474.36,4474.66,346.0,2026-09-04 09:06:00+00:00,2026-09-04 05:06:00+00:00
1788512820000,4474.67,4474.67,4473.92,4474.28,256.0,2026-09-04 09:07:00+00:00,2026-09-04 05:07:00+00:00
1788512880000,4474.26,4474.65,4473.97,4474.61,270.0,2026-09-04 09:08:00+00:00,2026-09-04 05:08:00+00:00
1788512940000,4474.61,4475.35,4474.17,4475.1,227.0,2026-09-04 09:09:00+00:00,2026-09-04 05:09:00+00:00
1788513000000,4475.09,4475.1,4473.84,4474.32,236.0,2026-09-04 09:10:00+00:00,2026-09-04 05:10:00+00:00
1788513060000,4474.21,4474.21,4471.67,4471.67,365.0,2026-09-04 09:11:00+00:00,2026-09-04 05:11:00+00:00
1788513120000,4471.67,4472.19,4471.13,4471.13,386.0,2026-09-04 09:12:00+00:00,2026-09-04 05:12:00+00:00
1788513180000,4471.12,4471.13,4469.14,4469.95,401.0,2026-09-04 09:13:00+00:00,2026-09-04 05:13:00+00:00
1788513240000,4469.96,4470.11,4469.05,4470.08,285.0,2026-09-04 09:14:00+00:00,2026-09-04 05:14:00+00:00
1788513300000,4470.07,4470.7,4468.26,4469.88,575.0,2026-09-04 09:15:00+00:00,2026-09-04 05:15:00+00:00
1788513360000,4469.88,4469.88,4468.03,4469.36,350.0,2026-09-04 09:16:00+00:00,2026-09-04 05:16:00+00:00
1788513420000,4469.37,4469.6,4468.2,4468.97,424.0,2026-09-04 09:17:00+00:00,2026-09-04 05:17:00+00:00
1788513480000,4468.98,4468.98,4467.46,4468.72,326.0,2026-09-04 09:18:00+00:00,2026-09-04 05:18:00+00:00
1788513540000,4468.71,4468.89,4466.87,4466.99,329.0,2026-09-04 09:19:00+00:00,2026-09-04 05:19:00+00:00
1788513600000,4466.94,4466.94,4464.83,4466.78,574.0,2026-09-04 09:20:00+00:00,2026-09-04 05:20:00+00:00
1788513660000,4466.77,4467.47,4464.09,4464.32,425.0,2026-09-04 09:21:00+00:00,2026-09-04 05:21:00+00:00
1788513720000,4464.32,4466.86,4464.23,4466.86,436.0,2026-09-04 09:22:00+00:00,2026-09-04 05:22:00+00:00
1788513780000,4466.91,4467.24,4465.94,4466.76,365.0,2026-09-04 09:23:00+00:00,2026-09-04 05:23:00+00:00
1788513840000,4466.74,4466.93,4464.52,4464.54,336.0,2026-09-04 09:24:00+00:00,2026-09-04 05:24:00+00:00
1788513900000,4464.55,4465.06,4463.89,4464.43,398.0,2026-09-04 09:25:00+00:00,2026-09-04 05:25:00+00:00
1788513960000,4464.42,4465.32,4464.11,4465.24,310.0,2026-09-04 09:26:00+00:00,2026-09-04 05:26:00+00:00
1788514020000,4465.25,4465.41,4463.93,4464.69,384.0,2026-09-04 09:27:00+00:00,2026-09-04 05:27:00+00:00
1788514080000,4464.7,4464.86,4464.01,4464.57,338.0,2026-09-04 09:28:00+00:00,2026-09-04 05:28:00+00:00
1788514140000,4464.52,4466.7,4464.39,4466.7,445.0,2026-09-04 09:29:00+00:00,2026-09-04 05:29:00+00:00
1788514200000,4466.71,4467.95,4465.93,4467.75,553.0,2026-09-04 09:30:00+00:00,2026-09-04 05:30:00+00:00
1788514260000,4467.76,4468.08,4466.99,4467.5,509.0,2026-09-04 09:31:00+00:00,2026-09-04 05:31:00+00:00
1788514320000,4467.5,4469.9,4464.63,4469.85,591.0,2026-09-04 09:32:00+00:00,2026-09-04 05:32:00+00:00
1788514380000,4469.83,4470.23,4468.52,4468.96,392.0,2026-09-04 09:33:00+00:00,2026-09-04 05:33:00+00:00
1788514440000,4468.95,4468.95,4466.24,4467.16,400.0,2026-09-04 09:34:00+00:00,2026-09-04 05:34:00+00:00
1788514500000,4467.16,4468.51,4466.52,4468.16,411.0,2026-09-04 09:35:00+00:00,2026-09-04 05:35:00+00:00
1788514560000,4468.17,4469.56,4468.09,4469.32,279.0,2026-09-04 09:36:00+00:00,2026-09-04 05:36:00+00:00
1788514620000,4469.33,4469.75,4468.82,4469.07,319.0,2026-09-04 09:37:00+00:00,2026-09-04 05:37:00+00:00
1788514680000,4469.06,4469.29,4468.07,4468.2,352.0,2026-09-04 09:38:00+00:00,2026-09-04 05:38:00+00:00
1788514740000,4468.28,4468.92,4467.78,4467.87,320.0,2026-09-04 09:39:00+00:00,2026-09-04 05:39:00+00:00
1788514800000,4467.87,4468.58,4467.06,4468.06,310.0,2026-09-04 09:40:00+00:00,2026-09-04 05:40:00+00:00
1788514860000,4468.06,4468.09,4467.35,4467.36,237.0,2026-09-04 09:41:00+00:00,2026-09-04 05:41:00+00:00
1788514920000,4467.35,4467.77,4466.53,4467.69,282.0,2026-09-04 09:42:00+00:00,2026-09-04 05:42:00+00:00
1788514980000,4467.63,4467.74,4465.91,4466.42,297.0,2026-09-04 09:43:00+00:00,2026-09-04 05:43:00+00:00
1788515040000,4466.43,4467.56,4465.9,4467.31,329.0,2026-09-04 09:44:00+00:00,2026-09-04 05:44:00+00:00
1788515100000,4467.31,4468.58,4467.31,4468.29,357.0,2026-09-04 09:45:00+00:00,2026-09-04 05:45:00+00:00
1788515160000,4468.29,4469.36,4468.24,4469.33,301.0,2026-09-04 09:46:00+00:00,2026-09-04 05:46:00+00:00
1788515220000,4469.32,4469.58,4468.68,4469.07,286.0,2026-09-04 09:47:00+00:00,2026-09-04 05:47:00+00:00
1788515280000,4469.07,4469.58,4468.26,4468.94,233.0,2026-09-04 09:48:00+00:00,2026-09-04 05:48:00+00:00
1788515340000,4468.92,4469.68,4468.79,4469.22,292.0,2026-09-04 09:49:00+00:00,2026-09-04 05:49:00+00:00
1788515400000,4469.25,4469.64,4468.6,4469.34,319.0,2026-09-04 09:50:00+00:00,2026-09-04 05:50:00+00:00
1788515460000,4469.33,4469.53,4468.71,4468.71,365.0,2026-09-04 09:51:00+00:00,2026-09-04 05:51:00+00:00
1788515520000,4468.69,4469.1,4468.05,4468.1,289.0,2026-09-04 09:52:00+00:00,2026-09-04 05:52:00+00:00
1788515580000,4468.11,4468.93,4467.99,4468.8,204.0,2026-09-04 09:53:00+00:00,2026-09-04 05:53:00+00:00
1788515640000,4468.8,4468.98,4467.2,4467.2,250.0,2026-09-04 09:54:00+00:00,2026-09-04 05:54:00+00:00
1788515700000,4467.2,4467.82,4466.13,4467.79,376.0,2026-09-04 09:55:00+00:00,2026-09-04 05:55:00+00:00
1788515760000,4467.8,4468.61,4467.3,4468.39,303.0,2026-09-04 09:56:00+00:00,2026-09-04 05:56:00+00:00
1788515820000,4468.4,4469.7,4468.22,4468.22,330.0,2026-09-04 09:57:00+00:00,2026-09-04 05:57:00+00:00
1788515880000,4468.24,4468.42,4466.77,4467.63,412.0,2026-09-04 09:58:00+00:00,2026-09-04 05:58:00+00:00
1788515940000,4467.62,4468.28,4465.58,4465.62,323.0,2026-09-04 09:59:00+00:00,2026-09-04 05:59:00+00:00
1788516000000,4465.57,4467.6,4465.48,4467.27,377.0,2026-09-04 10:00:00+00:00,2026-09-04 06:00:00+00:00
1788516060000,4467.28,4467.57,4466.42,4466.42,413.0,2026-09-04 10:01:00+00:00,2026-09-04 06:01:00+00:00
1788516120000,4466.41,4466.96,4466.18,4466.43,293.0,2026-09-04 10:02:00+00:00,2026-09-04 06:02:00+00:00
1788516180000,4466.42,4467.9,4466.41,4467.76,276.0,2026-09-04 10:03:00+00:00,2026-09-04 06:03:00+00:00
1788516240000,4467.75,4470.19,4467.56,4469.51,329.0,2026-09-04 10:04:00+00:00,2026-09-04 06:04:00+00:00
1788516300000,4469.51,4469.54,4468.76,4469.51,269.0,2026-09-04 10:05:00+00:00,2026-09-04 06:05:00+00:00
1788516360000,4469.51,4469.79,4469.0,4469.68,245.0,2026-09-04 10:06:00+00:00,2026-09-04 06:06:00+00:00
1788516420000,4469.68,4470.89,4469.52,4470.25,300.0,2026-09-04 10:07:00+00:00,2026-09-04 06:07:00+00:00
1788516480000,4470.27,4470.74,4469.96,4470.68,249.0,2026-09-04 10:08:00+00:00,2026-09-04 06:08:00+00:00
1788516540000,4470.65,4470.7,4470.14,4470.66,196.0,2026-09-04 10:09:00+00:00,2026-09-04 06:09:00+00:00
1788516600000,4470.65,4470.65,4469.05,4469.91,314.0,2026-09-04 10:10:00+00:00,2026-09-04 06:10:00+00:00
1788516660000,4469.89,4470.11,4469.68,4470.0,247.0,2026-09-04 10:11:00+00:00,2026-09-04 06:11:00+00:00
1788516720000,4470.02,4471.22,4469.92,4470.97,253.0,2026-09-04 10:12:00+00:00,2026-09-04 06:12:00+00:00
1788516780000,4470.97,4471.78,4470.85,4471.59,242.0,2026-09-04 10:13:00+00:00,2026-09-04 06:13:00+00:00
1788516840000,4471.58,4473.24,4471.45,4472.81,331.0,2026-09-04 10:14:00+00:00,2026-09-04 06:14:00+00:00
1788516900000,4472.82,4473.4,4471.82,4471.91,274.0,2026-09-04 10:15:00+00:00,2026-09-04 06:15:00+00:00
1788516960000,4471.91,4472.73,4471.19,4472.52,334.0,2026-09-04 10:16:00+00:00,2026-09-04 06:16:00+00:00
1788517020000,4472.52,4472.76,4471.61,4471.96,260.0,2026-09-04 10:17:00+00:00,2026-09-04 06:17:00+00:00
1788517080000,4471.95,4471.96,4471.48,4471.65,240.0,2026-09-04 10:18:00+00:00,2026-09-04 06:18:00+00:00
1788517140000,4471.6,4472.08,4471.6,4471.87,219.0,2026-09-04 10:19:00+00:00,2026-09-04 06:19:00+00:00
1788517200000,4471.88,4471.98,4471.39,4471.4,245.0,2026-09-04 10:20:00+00:00,2026-09-04 06:20:00+00:00
1788517260000,4471.39,4471.85,4470.64,4470.66,198.0,2026-09-04 10:21:00+00:00,2026-09-04 06:21:00+00:00
1788517320000,4470.65,4470.65,4469.43,4470.13,287.0,2026-09-04 10:22:00+00:00,2026-09-04 06:22:00+00:00
1788517380000,4470.13,4470.21,4468.72,4469.19,282.0,2026-09-04 10:23:00+00:00,2026-09-04 06:23:00+00:00
1788517440000,4469.2,4469.2,4468.16,4468.38,319.0,2026-09-04 10:24:00+00:00,2026-09-04 06:24:00+00:00
1788517500000,4468.39,4473.59,4468.39,4471.54,505.0,2026-09-04 10:25:00+00:00,2026-09-04 06:25:00+00:00
1788517560000,4471.56,4471.69,4468.77,4469.02,596.0,2026-09-04 10:26:00+00:00,2026-09-04 06:26:00+00:00
1788517620000,4469.03,4470.48,4468.98,4469.69,293.0,2026-09-04 10:27:00+00:00,2026-09-04 06:27:00+00:00
1788517680000,4469.67,4470.9,4469.67,4470.9,264.0,2026-09-04 10:28:00+00:00,2026-09-04 06:28:00+00:00
1788517740000,4470.91,4471.2,4470.59,4471.2,315.0,2026-09-04 10:29:00+00:00,2026-09-04 06:29:00+00:00
1788517800000,4471.23,4471.49,4470.87,4471.35,253.0,2026-09-04 10:30:00+00:00,2026-09-04 06:30:00+00:00
1788517860000,4471.36,4473.13,4471.36,4472.6,322.0,2026-09-04 10:31:00+00:00,2026-09-04 06:31:00+00:00
1788517920000,4472.61,4474.46,4472.54,4474.3,318.0,2026-09-04 10:32:00+00:00,2026-09-04 06:32:00+00:00
1788517980000,4474.35,4475.17,4474.03,4474.99,296.0,2026-09-04 10:33:00+00:00,2026-09-04 06:33:00+00:00
1788518040000,4474.99,4475.16,4473.24,4473.24,307.0,2026-09-04 10:34:00+00:00,2026-09-04 06:34:00+00:00
1788518100000,4473.25,4473.51,4471.97,4472.08,318.0,2026-09-04 10:35:00+00:00,2026-09-04 06:35:00+00:00
1788518160000,4472.07,4472.17,4471.47,4471.81,276.0,2026-09-04 10:36:00+00:00,2026-09-04 06:36:00+00:00
1788518220000,4471.81,4472.06,4471.26,4471.44,250.0,2026-09-04 10:37:00+00:00,2026-09-04 06:37:00+00:00
1788518280000,4471.44,4471.44,4470.06,4471.02,314.0,2026-09-04 10:38:00+00:00,2026-09-04 06:38:00+00:00
1788518340000,4471.04,4473.38,4471.01,4473.38,294.0,2026-09-04 10:39:00+00:00,2026-09-04 06:39:00+00:00
1788518400000,4473.39,4473.63,4472.77,4472.77,252.0,2026-09-04 10:40:00+00:00,2026-09-04 06:40:00+00:00
1788518460000,4472.77,4473.87,4472.64,4473.63,307.0,2026-09-04 10:41:00+00:00,2026-09-04 06:41:00+00:00
1788518520000,4473.63,4474.13,4473.4,4473.95,301.0,2026-09-04 10:42:00+00:00,2026-09-04 06:42:00+00:00
1788518580000,4473.94,4473.96,4473.22,4473.5,253.0,2026-09-04 10:43:00+00:00,2026-09-04 06:43:00+00:00
1788518640000,4473.49,4473.89,4472.93,4473.6,251.0,2026-09-04 10:44:00+00:00,2026-09-04 06:44:00+00:00
1788518700000,4473.59,4474.52,4473.55,4473.9,246.0,2026-09-04 10:45:00+00:00,2026-09-04 06:45:00+00:00
1788518760000,4473.9,4475.9,4473.68,4475.79,353.0,2026-09-04 10:46:00+00:00,2026-09-04 06:46:00+00:00
1788518820000,4475.78,4476.46,4475.51,4476.17,413.0,2026-09-04 10:47:00+00:00,2026-09-04 06:47:00+00:00
1788518880000,4476.17,4476.19,4475.46,4475.51,298.0,2026-09-04 10:48:00+00:00,2026-09-04 06:48:00+00:00
1788518940000,4475.51,4475.61,4474.21,4474.85,298.0,2026-09-04 10:49:00+00:00,2026-09-04 06:49:00+00:00
1788519000000,4474.9,4475.91,4474.75,4475.15,271.0,2026-09-04 10:50:00+00:00,2026-09-04 06:50:00+00:00
1788519060000,4475.14,4475.56,4474.5,4474.98,299.0,2026-09-04 10:51:00+00:00,2026-09-04 06:51:00+00:00
1788519120000,4474.99,4475.23,4474.28,4474.55,248.0,2026-09-04 10:52:00+00:00,2026-09-04 06:52:00+00:00
1788519180000,4474.56,4474.73,4473.58,4473.76,243.0,2026-09-04 10:53:00+00:00,2026-09-04 06:53:00+00:00
1788519240000,4473.76,4475.06,4473.76,4474.75,240.0,2026-09-04 10:54:00+00:00,2026-09-04 06:54:00+00:00
1788519300000,4474.74,4475.11,4473.97,4474.46,243.0,2026-09-04 10:55:00+00:00,2026-09-04 06:55:00+00:00
1788519360000,4474.51,4474.75,4473.89,4474.65,214.0,2026-09-04 10:56:00+00:00,2026-09-04 06:56:00+00:00
1788519420000,4474.65,4474.69,4474.27,4474.38,181.0,2026-09-04 10:57:00+00:00,2026-09-04 06:57:00+00:00
1788519480000,4474.39,4474.92,4474.39,4474.41,254.0,2026-09-04 10:58:00+00:00,2026-09-04 06:58:00+00:00
1788519540000,4474.5,4474.65,4472.83,4472.91,316.0,2026-09-04 10:59:00+00:00,2026-09-04 06:59:00+00:00
1788519600000,4472.91,4472.91,4471.33,4471.75,459.0,2026-09-04 11:00:00+00:00,2026-09-04 07:00:00+00:00
1788519660000,4471.73,4472.93,4470.47,4472.65,474.0,2026-09-04 11:01:00+00:00,2026-09-04 07:01:00+00:00
1788519720000,4472.66,4473.34,4472.18,4472.18,362.0,2026-09-04 11:02:00+00:00,2026-09-04 07:02:00+00:00
1788519780000,4472.18,4472.27,4471.2,4471.25,347.0,2026-09-04 11:03:00+00:00,2026-09-04 07:03:00+00:00
1788519840000,4471.23,4472.7,4471.18,4471.98,350.0,2026-09-04 11:04:00+00:00,2026-09-04 07:04:00+00:00
1788519900000,4471.99,4472.25,4471.61,4472.05,277.0,2026-09-04 11:05:00+00:00,2026-09-04 07:05:00+00:00
1788519960000,4472.06,4472.13,4470.89,4470.89,323.0,2026-09-04 11:06:00+00:00,2026-09-04 07:06:00+00:00
1788520020000,4470.89,4471.16,4470.48,4470.97,282.0,2026-09-04 11:07:00+00:00,2026-09-04 07:07:00+00:00
1788520080000,4470.97,4471.17,4469.54,4470.15,319.0,2026-09-04 11:08:00+00:00,2026-09-04 07:08:00+00:00
1788520140000,4470.14,4471.25,4470.08,4470.85,277.0,2026-09-04 11:09:00+00:00,2026-09-04 07:09:00+00:00
1788520200000,4470.86,4471.05,4470.21,4471.05,301.0,2026-09-04 11:10:00+00:00,2026-09-04 07:10:00+00:00
1788520260000,4471.06,4471.35,4470.09,4470.26,294.0,2026-09-04 11:11:00+00:00,2026-09-04 07:11:00+00:00
1788520320000,4470.24,4470.98,4470.09,4470.91,338.0,2026-09-04 11:12:00+00:00,2026-09-04 07:12:00+00:00
1788520380000,4470.92,4471.06,4469.72,4469.89,313.0,2026-09-04 11:13:00+00:00,2026-09-04 07:13:00+00:00
1788520440000,4469.87,4470.38,4469.68,4470.32,214.0,2026-09-04 11:14:00+00:00,2026-09-04 07:14:00+00:00
1788520500000,4470.32,4470.7,4469.86,4469.95,192.0,2026-09-04 11:15:00+00:00,2026-09-04 07:15:00+00:00
1788520560000,4469.94,4470.54,4469.69,4470.49,330.0,2026-09-04 11:16:00+00:00,2026-09-04 07:16:00+00:00
1788520620000,4470.5,4470.5,4467.88,4468.39,330.0,2026-09-04 11:17:00+00:00,2026-09-04 07:17:00+00:00
1788520680000,4468.4,4468.6,4467.8,4467.83,278.0,2026-09-04 11:18:00+00:00,2026-09-04 07:18:00+00:00
1788520740000,4467.83,4467.88,4466.39,4466.82,316.0,2026-09-04 11:19:00+00:00,2026-09-04 07:19:00+00:00
1788520800000,4466.83,4468.32,4466.73,4468.23,354.0,2026-09-04 11:20:00+00:00,2026-09-04 07:20:00+00:00
1788520860000,4468.26,4468.73,4467.5,4468.67,301.0,2026-09-04 11:21:00+00:00,2026-09-04 07:21:00+00:00
1788520920000,4468.72,4470.47,4468.37,4470.4,306.0,2026-09-04 11:22:00+00:00,2026-09-04 07:22:00+00:00
1788520980000,4470.39,4470.81,4469.52,4470.0,256.0,2026-09-04 11:23:00+00:00,2026-09-04 07:23:00+00:00
1788521040000,4469.99,4469.99,4468.86,4468.87,209.0,2026-09-04 11:24:00+00:00,2026-09-04 07:24:00+00:00
1788521100000,4468.86,4468.86,4466.47,4467.09,295.0,2026-09-04 11:25:00+00:00,2026-09-04 07:25:00+00:00
1788521160000,4467.1,4467.73,4466.19,4467.2,338.0,2026-09-04 11:26:00+00:00,2026-09-04 07:26:00+00:00
1788521220000,4467.21,4467.72,4466.54,4466.7,283.0,2026-09-04 11:27:00+00:00,2026-09-04 07:27:00+00:00
1788521280000,4466.7,4467.13,4465.81,4466.4,240.0,2026-09-04 11:28:00+00:00,2026-09-04 07:28:00+00:00
1788521340000,4466.39,4466.61,4465.44,4465.71,305.0,2026-09-04 11:29:00+00:00,2026-09-04 07:29:00+00:00
1788521400000,4465.69,4466.44,4465.31,4466.3,367.0,2026-09-04 11:30:00+00:00,2026-09-04 07:30:00+00:00
1788521460000,4466.39,4468.21,4466.39,4467.89,338.0,2026-09-04 11:31:00+00:00,2026-09-04 07:31:00+00:00
1788521520000,4467.9,4468.38,4467.56,4468.02,256.0,2026-09-04 11:32:00+00:00,2026-09-04 07:32:00+00:00
1788521580000,4468.04,4468.11,4466.76,4467.24,267.0,2026-09-04 11:33:00+00:00,2026-09-04 07:33:00+00:00
1788521640000,4467.24,4467.6,4465.98,4465.99,323.0,2026-09-04 11:34:00+00:00,2026-09-04 07:34:00+00:00
1788521700000,4466.0,4467.65,4466.0,4467.54,264.0,2026-09-04 11:35:00+00:00,2026-09-04 07:35:00+00:00
1788521760000,4467.51,4467.85,4466.97,4467.85,269.0,2026-09-04 11:36:00+00:00,2026-09-04 07:36:00+00:00
1788521820000,4467.84,4468.12,4467.39,4467.81,219.0,2026-09-04 11:37:00+00:00,2026-09-04 07:37:00+00:00
1788521880000,4467.81,4469.55,4467.45,4469.24,350.0,2026-09-04 11:38:00+00:00,2026-09-04 07:38:00+00:00
1788521940000,4469.23,4469.23,4467.39,4468.25,324.0,2026-09-04 11:39:00+00:00,2026-09-04 07:39:00+00:00
1788522000000,4468.24,4470.34,4468.24,4469.51,354.0,2026-09-04 11:40:00+00:00,2026-09-04 07:40:00+00:00
1788522060000,4469.5,4469.74,4468.95,4469.24,287.0,2026-09-04 11:41:00+00:00,2026-09-04 07:41:00+00:00
1788522120000,4469.25,4469.3,4466.09,4466.4,352.0,2026-09-04 11:42:00+00:00,2026-09-04 07:42:00+00:00
1788522180000,4466.41,4467.38,4466.01,4467.02,240.0,2026-09-04 11:43:00+00:00,2026-09-04 07:43:00+00:00
1788522240000,4467.03,4468.26,4466.56,4468.23,294.0,2026-09-04 11:44:00+00:00,2026-09-04 07:44:00+00:00
1788522300000,4468.21,4469.71,4468.09,4469.71,387.0,2026-09-04 11:45:00+00:00,2026-09-04 07:45:00+00:00
1788522360000,4469.72,4470.47,4469.5,4470.4,336.0,2026-09-04 11:46:00+00:00,2026-09-04 07:46:00+00:00
1788522420000,4470.39,4470.39,4469.47,4470.36,297.0,2026-09-04 11:47:00+00:00,2026-09-04 07:47:00+00:00
1788522480000,4470.36,4470.36,4469.11,4469.13,386.0,2026-09-04 11:48:00+00:00,2026-09-04 07:48:00+00:00
1788522540000,4469.14,4469.17,4467.21,4467.52,327.0,2026-09-04 11:49:00+00:00,2026-09-04 07:49:00+00:00
1788522600000,4467.51,4468.84,4467.18,4468.64,403.0,2026-09-04 11:50:00+00:00,2026-09-04 07:50:00+00:00
1788522660000,4468.65,4470.6,4468.65,4470.6,439.0,2026-09-04 11:51:00+00:00,2026-09-04 07:51:00+00:00
1788522720000,4470.59,4470.59,4467.62,4467.97,351.0,2026-09-04 11:52:00+00:00,2026-09-04 07:52:00+00:00
1788522780000,4467.96,4468.77,4467.69,4468.61,348.0,2026-09-04 11:53:00+00:00,2026-09-04 07:53:00+00:00
1788522840000,4468.62,4469.12,4468.34,4469.02,359.0,2026-09-04 11:54:00+00:00,2026-09-04 07:54:00+00:00
1788522900000,4469.02,4469.72,4469.02,4469.62,295.0,2026-09-04 11:55:00+00:00,2026-09-04 07:55:00+00:00
1788522960000,4469.61,4469.9,4468.57,4468.83,297.0,2026-09-04 11:56:00+00:00,2026-09-04 07:56:00+00:00
1788523020000,4468.83,4468.97,4468.59,4468.87,265.0,2026-09-04 11:57:00+00:00,2026-09-04 07:57:00+00:00
1788523080000,4468.87,4469.13,4467.37,4467.48,306.0,2026-09-04 11:58:00+00:00,2026-09-04 07:58:00+00:00
1788523140000,4467.47,4467.47,4465.11,4466.92,440.0,2026-09-04 11:59:00+00:00,2026-09-04 07:59:00+00:00
1788523200000,4466.96,4469.25,4466.96,4467.59,593.0,2026-09-04 12:00:00+00:00,2026-09-04 08:00:00+00:00
1788523260000,4467.59,4468.39,4466.61,4467.02,479.0,2026-09-04 12:01:00+00:00,2026-09-04 08:01:00+00:00
1788523320000,4467.0,4467.04,4464.85,4465.56,448.0,2026-09-04 12:02:00+00:00,2026-09-04 08:02:00+00:00
1788523380000,4465.56,4468.37,4465.56,4467.59,474.0,2026-09-04 12:03:00+00:00,2026-09-04 08:03:00+00:00
1788523440000,4467.57,4469.38,4467.42,4468.9,479.0,2026-09-04 12:04:00+00:00,2026-09-04 08:04:00+00:00
1788523500000,4468.88,4470.39,4468.58,4469.29,498.0,2026-09-04 12:05:00+00:00,2026-09-04 08:05:00+00:00
1788523560000,4469.3,4469.78,4468.21,4469.74,518.0,2026-09-04 12:06:00+00:00,2026-09-04 08:06:00+00:00
1788523620000,4469.72,4470.17,4468.6,4469.28,425.0,2026-09-04 12:07:00+00:00,2026-09-04 08:07:00+00:00
1788523680000,4469.27,4470.15,4468.94,4469.01,467.0,2026-09-04 12:08:00+00:00,2026-09-04 08:08:00+00:00
1788523740000,4468.97,4469.8,4466.87,4467.31,521.0,2026-09-04 12:09:00+00:00,2026-09-04 08:09:00+00:00
1788523800000,4467.31,4469.03,4466.54,4466.81,529.0,2026-09-04 12:10:00+00:00,2026-09-04 08:10:00+00:00
1788523860000,4466.81,4468.0,4466.4,4467.81,468.0,2026-09-04 12:11:00+00:00,2026-09-04 08:11:00+00:00
1788523920000,4467.79,4468.26,4465.23,4465.45,477.0,2026-09-04 12:12:00+00:00,2026-09-04 08:12:00+00:00
1788523980000,4465.48,4466.64,4465.26,4465.58,423.0,2026-09-04 12:13:00+00:00,2026-09-04 08:13:00+00:00
1788524040000,4465.59,4465.8,4464.57,4464.75,494.0,2026-09-04 12:14:00+00:00,2026-09-04 08:14:00+00:00
1788524100000,4464.74,4466.64,4464.65,4466.59,439.0,2026-09-04 12:15:00+00:00,2026-09-04 08:15:00+00:00
1788524160000,4466.58,4467.55,4465.83,4467.39,489.0,2026-09-04 12:16:00+00:00,2026-09-04 08:16:00+00:00
1788524220000,4467.41,4467.42,4465.06,4465.87,562.0,2026-09-04 12:17:00+00:00,2026-09-04 08:17:00+00:00
1788524280000,4465.86,4467.17,4465.57,4466.53,497.0,2026-09-04 12:18:00+00:00,2026-09-04 08:18:00+00:00
1788524340000,4466.48,4468.21,4464.45,4467.87,587.0,2026-09-04 12:19:00+00:00,2026-09-04 08:19:00+00:00
1788524400000,4467.89,4468.24,4464.4,4465.61,837.0,2026-09-04 12:20:00+00:00,2026-09-04 08:20:00+00:00
1788524460000,4465.61,4469.06,4464.81,4469.03,709.0,2026-09-04 12:21:00+00:00,2026-09-04 08:21:00+00:00
1788524520000,4469.04,4469.66,4465.61,4466.06,600.0,2026-09-04 12:22:00+00:00,2026-09-04 08:22:00+00:00
1788524580000,4466.08,4467.22,4464.56,4466.9,613.0,2026-09-04 12:23:00+00:00,2026-09-04 08:23:00+00:00
1788524640000,4466.9,4470.17,4466.81,4468.14,677.0,2026-09-04 12:24:00+00:00,2026-09-04 08:24:00+00:00
1788524700000,4468.11,4469.8,4467.42,4469.4,680.0,2026-09-04 12:25:00+00:00,2026-09-04 08:25:00+00:00
1788524760000,4469.48,4470.25,4467.87,4469.34,557.0,2026-09-04 12:26:00+00:00,2026-09-04 08:26:00+00:00
1788524820000,4469.32,4471.79,4469.31,4470.23,748.0,2026-09-04 12:27:00+00:00,2026-09-04 08:27:00+00:00
1788524880000,4470.18,4472.55,4469.29,4472.48,645.0,2026-09-04 12:28:00+00:00,2026-09-04 08:28:00+00:00
1788524940000,4472.42,4476.18,4470.54,4471.35,899.0,2026-09-04 12:29:00+00:00,2026-09-04 08:29:00+00:00
1788525000000,4470.14,4470.91,4388.88,4409.16,1116.0,2026-09-04 12:30:00+00:00,2026-09-04 08:30:00+00:00
1788525060000,4409.29,4417.98,4405.53,4412.65,776.0,2026-09-04 12:31:00+00:00,2026-09-04 08:31:00+00:00
1788525120000,4412.54,4412.93,4397.49,4404.0,981.0,2026-09-04 12:32:00+00:00,2026-09-04 08:32:00+00:00
1788525180000,4404.13,4406.34,4400.35,4400.51,292.0,2026-09-04 12:33:00+00:00,2026-09-04 08:33:00+00:00
1788525240000,4404.89,4409.53,4402.6,4403.29,694.0,2026-09-04 12:34:00+00:00,2026-09-04 08:34:00+00:00
1788525300000,4403.25,4403.25,4390.66,4390.83,980.0,2026-09-04 12:35:00+00:00,2026-09-04 08:35:00+00:00
1788525360000,4390.86,4395.38,4385.83,4391.77,884.0,2026-09-04 12:36:00+00:00,2026-09-04 08:36:00+00:00
1788525420000,4391.75,4391.94,4385.65,4387.04,1142.0,2026-09-04 12:37:00+00:00,2026-09-04 08:37:00+00:00
1788525480000,4387.05,4388.64,4384.7,4385.07,737.0,2026-09-04 12:38:00+00:00,2026-09-04 08:38:00+00:00
1788525540000,4392.71,4392.71,4390.15,4391.95,477.0,2026-09-04 12:39:00+00:00,2026-09-04 08:39:00+00:00
1788525600000,4391.85,4394.43,4387.12,4394.43,1407.0,2026-09-04 12:40:00+00:00,2026-09-04 08:40:00+00:00
1788525660000,4394.42,4401.83,4394.42,4401.82,1410.0,2026-09-04 12:41:00+00:00,2026-09-04 08:41:00+00:00
1788525720000,4401.87,4406.5,4401.1,4403.49,1306.0,2026-09-04 12:42:00+00:00,2026-09-04 08:42:00+00:00
1788525780000,4403.45,4404.44,4399.76,4401.19,1259.0,2026-09-04 12:43:00+00:00,2026-09-04 08:43:00+00:00
1788525840000,4401.23,4404.16,4393.94,4393.94,1398.0,2026-09-04 12:44:00+00:00,2026-09-04 08:44:00+00:00
1788525900000,4393.89,4393.89,4388.02,4391.62,1720.0,2026-09-04 12:45:00+00:00,2026-09-04 08:45:00+00:00
1788525960000,4391.59,4391.7,4380.67,4381.48,1549.0,2026-09-04 12:46:00+00:00,2026-09-04 08:46:00+00:00
1788526020000,4381.47,4384.28,4380.17,4382.8,1441.0,2026-09-04 12:47:00+00:00,2026-09-04 08:47:00+00:00
1788526080000,4382.82,4390.47,4382.55,4389.88,1432.0,2026-09-04 12:48:00+00:00,2026-09-04 08:48:00+00:00
1788526140000,4389.92,4397.68,4388.88,4397.25,1732.0,2026-09-04 12:49:00+00:00,2026-09-04 08:49:00+00:00
1788526200000,4397.27,4400.03,4395.74,4397.87,1444.0,2026-09-04 12:50:00+00:00,2026-09-04 08:50:00+00:00
1788526260000,4397.88,4402.88,4395.4,4402.0,1369.0,2026-09-04 12:51:00+00:00,2026-09-04 08:51:00+00:00
1788526320000,4401.96,4405.78,4401.43,4404.11,1219.0,2026-09-04 12:52:00+00:00,2026-09-04 08:52:00+00:00
1788526380000,4404.12,4408.64,4401.47,4408.31,1165.0,2026-09-04 12:53:00+00:00,2026-09-04 08:53:00+00:00
1788526440000,4408.33,4409.95,4404.75,4406.04,1130.0,2026-09-04 12:54:00+00:00,2026-09-04 08:54:00+00:00
1788526500000,4406.01,4409.09,4405.68,4407.04,1224.0,2026-09-04 12:55:00+00:00,2026-09-04 08:55:00+00:00
1788526560000,4407.03,4407.09,4403.2,4404.99,1412.0,2026-09-04 12:56:00+00:00,2026-09-04 08:56:00+00:00
1788526620000,4404.97,4405.14,4399.19,4400.83,1281.0,2026-09-04 12:57:00+00:00,2026-09-04 08:57:00+00:00
1788526680000,4400.85,4405.31,4400.81,4403.5,1266.0,2026-09-04 12:58:00+00:00,2026-09-04 08:58:00+00:00
1788526740000,4403.51,4403.73,4392.54,4393.83,1335.0,2026-09-04 12:59:00+00:00,2026-09-04 08:59:00+00:00
1788526800000,4393.85,4394.7,4366.78,4366.78,2096.0,2026-09-04 13:00:00+00:00,2026-09-04 09:00:00+00:00
1788526860000,4366.8,4377.63,4365.65,4376.83,1762.0,2026-09-04 13:01:00+00:00,2026-09-04 09:01:00+00:00
1788526920000,4376.82,4385.5,4376.54,4385.44,1462.0,2026-09-04 13:02:00+00:00,2026-09-04 09:02:00+00:00
1788526980000,4385.43,4386.88,4381.76,4386.88,1335.0,2026-09-04 13:03:00+00:00,2026-09-04 09:03:00+00:00
1788527040000,4386.9,4387.64,4379.08,4379.27,1265.0,2026-09-04 13:04:00+00:00,2026-09-04 09:04:00+00:00
1788527100000,4379.28,4382.51,4376.0,4379.3,1214.0,2026-09-04 13:05:00+00:00,2026-09-04 09:05:00+00:00
1788527160000,4379.25,4382.97,4377.75,4381.47,1322.0,2026-09-04 13:06:00+00:00,2026-09-04 09:06:00+00:00
1788527220000,4381.44,4385.69,4381.44,4385.69,1163.0,2026-09-04 13:07:00+00:00,2026-09-04 09:07:00+00:00
1788527280000,4385.65,4386.54,4382.91,4385.87,1219.0,2026-09-04 13:08:00+00:00,2026-09-04 09:08:00+00:00
1788527340000,4385.86,4390.13,4385.4,4388.18,1078.0,2026-09-04 13:09:00+00:00,2026-09-04 09:09:00+00:00
1788527400000,4388.19,4389.84,4382.25,4383.97,1225.0,2026-09-04 13:10:00+00:00,2026-09-04 09:10:00+00:00
1788527460000,4384.0,4389.11,4384.0,4388.92,1103.0,2026-09-04 13:11:00+00:00,2026-09-04 09:11:00+00:00
1788527520000,4388.93,4390.67,4387.28,4389.8,1117.0,2026-09-04 13:12:00+00:00,2026-09-04 09:12:00+00:00
1788527580000,4389.81,4393.62,4389.68,4390.86,1119.0,2026-09-04 13:13:00+00:00,2026-09-04 09:13:00+00:00
1788527640000,4390.85,4394.34,4386.94,4394.3,1136.0,2026-09-04 13:14:00+00:00,2026-09-04 09:14:00+00:00
1788527700000,4394.27,4395.36,4392.74,4394.5,1153.0,2026-09-04 13:15:00+00:00,2026-09-04 09:15:00+00:00
1788527760000,4394.48,4399.99,4394.4,4398.69,1155.0,2026-09-04 13:16:00+00:00,2026-09-04 09:16:00+00:00
1788527820000,4398.69,4399.02,4392.25,4392.25,1074.0,2026-09-04 13:17:00+00:00,2026-09-04 09:17:00+00:00
1788527880000,4392.24,4396.13,4391.44,4394.7,1066.0,2026-09-04 13:18:00+00:00,2026-09-04 09:18:00+00:00
1788527940000,4394.71,4399.0,4394.37,4398.81,930.0,2026-09-04 13:19:00+00:00,2026-09-04 09:19:00+00:00
1788528000000,4398.8,4400.99,4397.71,4400.56,916.0,2026-09-04 13:20:00+00:00,2026-09-04 09:20:00+00:00
1788528060000,4400.58,4400.75,4397.72,4398.7,967.0,2026-09-04 13:21:00+00:00,2026-09-04 09:21:00+00:00
1788528120000,4398.69,4401.08,4396.99,4397.09,1109.0,2026-09-04 13:22:00+00:00,2026-09-04 09:22:00+00:00
1788528180000,4397.08,4404.14,4397.05,4403.55,905.0,2026-09-04 13:23:00+00:00,2026-09-04 09:23:00+00:00
1788528240000,4403.54,4407.14,4402.34,4405.24,998.0,2026-09-04 13:24:00+00:00,2026-09-04 09:24:00+00:00
1788528300000,4405.2,4407.39,4404.31,4407.23,890.0,2026-09-04 13:25:00+00:00,2026-09-04 09:25:00+00:00
1788528360000,4407.24,4407.9,4405.59,4406.74,830.0,2026-09-04 13:26:00+00:00,2026-09-04 09:26:00+00:00
1788528420000,4406.75,4409.11,4406.65,4407.49,884.0,2026-09-04 13:27:00+00:00,2026-09-04 09:27:00+00:00
1788528480000,4407.52,4411.07,4406.52,4410.91,1096.0,2026-09-04 13:28:00+00:00,2026-09-04 09:28:00+00:00
1788528540000,4410.92,4414.58,4409.87,4412.55,1115.0,2026-09-04 13:29:00+00:00,2026-09-04 09:29:00+00:00
1788528600000,4412.57,4418.07,4412.11,4417.94,1058.0,2026-09-04 13:30:00+00:00,2026-09-04 09:30:00+00:00
1788528660000,4417.92,4418.39,4415.95,4416.44,770.0,2026-09-04 13:31:00+00:00,2026-09-04 09:31:00+00:00
1788528720000,4416.46,4417.22,4414.03,4414.23,786.0,2026-09-04 13:32:00+00:00,2026-09-04 09:32:00+00:00
1788528780000,4414.23,4419.19,4414.02,4417.0,1018.0,2026-09-04 13:33:00+00:00,2026-09-04 09:33:00+00:00
1788528840000,4417.14,4420.52,4416.54,4418.59,930.0,2026-09-04 13:34:00+00:00,2026-09-04 09:34:00+00:00
1788528960000,4411.85,4412.28,4409.56,4409.57,767.0,2026-09-04 13:36:00+00:00,2026-09-04 09:36:00+00:00
1788529020000,4409.55,4411.86,4408.32,4411.6,910.0,2026-09-04 13:37:00+00:00,2026-09-04 09:37:00+00:00
1788529080000,4411.58,4416.32,4411.08,4414.81,799.0,2026-09-04 13:38:00+00:00,2026-09-04 09:38:00+00:00
1788529140000,4414.79,4415.02,4410.22,4410.73,864.0,2026-09-04 13:39:00+00:00,2026-09-04 09:39:00+00:00
1788529200000,4410.72,4413.35,4409.43,4409.51,848.0,2026-09-04 13:40:00+00:00,2026-09-04 09:40:00+00:00
1788529260000,4409.51,4409.73,4405.32,4407.82,765.0,2026-09-04 13:41:00+00:00,2026-09-04 09:41:00+00:00
1788529320000,4415.46,4415.75,4415.34,4415.75,21.0,2026-09-04 13:42:00+00:00,2026-09-04 09:42:00+00:00
1788529380000,4415.83,4422.58,4415.82,4422.29,852.0,2026-09-04 13:43:00+00:00,2026-09-04 09:43:00+00:00
1788529440000,4422.32,4422.41,4416.74,4420.6,1042.0,2026-09-04 13:44:00+00:00,2026-09-04 09:44:00+00:00
1788529500000,4420.62,4424.19,4419.07,4423.19,978.0,2026-09-04 13:45:00+00:00,2026-09-04 09:45:00+00:00
1788529560000,4423.15,4424.57,4419.28,4419.33,602.0,2026-09-04 13:46:00+00:00,2026-09-04 09:46:00+00:00
1788529620000,4419.34,4421.67,4418.49,4421.45,622.0,2026-09-04 13:47:00+00:00,2026-09-04 09:47:00+00:00
1788529680000,4421.46,4421.49,4420.28,4421.03,86.0,2026-09-04 13:48:00+00:00,2026-09-04 09:48:00+00:00
1788529740000,4431.09,4431.09,4428.29,4428.71,653.0,2026-09-04 13:49:00+00:00,2026-09-04 09:49:00+00:00
1788529800000,4428.7,4431.33,4428.27,4430.41,788.0,2026-09-04 13:50:00+00:00,2026-09-04 09:50:00+00:00
1788529860000,4430.42,4430.57,4427.25,4428.17,688.0,2026-09-04 13:51:00+00:00,2026-09-04 09:51:00+00:00
1788529920000,4428.16,4429.97,4425.63,4429.69,1043.0,2026-09-04 13:52:00+00:00,2026-09-04 09:52:00+00:00
1788529980000,4429.67,4431.53,4423.58,4425.39,1016.0,2026-09-04 13:53:00+00:00,2026-09-04 09:53:00+00:00
1788530040000,4425.4,4426.14,4421.92,4422.03,878.0,2026-09-04 13:54:00+00:00,2026-09-04 09:54:00+00:00
1788530100000,4422.0,4426.28,4421.75,4425.72,690.0,2026-09-04 13:55:00+00:00,2026-09-04 09:55:00+00:00
1788530160000,4425.65,4425.71,4421.08,4423.57,958.0,2026-09-04 13:56:00+00:00,2026-09-04 09:56:00+00:00
1788530220000,4423.55,4426.9,4422.01,4426.08,1333.0,2026-09-04 13:57:00+00:00,2026-09-04 09:57:00+00:00
1788530280000,4425.98,4426.84,4415.17,4415.27,2230.0,2026-09-04 13:58:00+00:00,2026-09-04 09:58:00+00:00
1788530340000,4415.23,4416.21,4413.18,4413.21,1228.0,2026-09-04 13:59:00+00:00,2026-09-04 09:59:00+00:00
1788530400000,4413.24,4417.61,4412.5,4417.4,1277.0,2026-09-04 14:00:00+00:00,2026-09-04 10:00:00+00:00
1788530460000,4417.43,4418.42,4413.81,4417.88,1099.0,2026-09-04 14:01:00+00:00,2026-09-04 10:01:00+00:00
1788530520000,4417.89,4419.97,4414.41,4414.86,1019.0,2026-09-04 14:02:00+00:00,2026-09-04 10:02:00+00:00
1788530580000,4414.86,4417.84,4412.08,4416.63,898.0,2026-09-04 14:03:00+00:00,2026-09-04 10:03:00+00:00
1788530640000,4416.64,4420.7,4414.79,4420.7,994.0,2026-09-04 14:04:00+00:00,2026-09-04 10:04:00+00:00
1788530700000,4420.72,4422.84,4420.17,4421.45,1059.0,2026-09-04 14:05:00+00:00,2026-09-04 10:05:00+00:00
1788530760000,4421.49,4423.04,4415.92,4419.63,1091.0,2026-09-04 14:06:00+00:00,2026-09-04 10:06:00+00:00
1788530820000,4419.6,4424.68,4418.49,4422.85,1144.0,2026-09-04 14:07:00+00:00,2026-09-04 10:07:00+00:00
1788530880000,4422.85,4424.96,4422.84,4424.32,662.0,2026-09-04 14:08:00+00:00,2026-09-04 10:08:00+00:00
1788530940000,4424.34,4427.24,4423.24,4423.26,777.0,2026-09-04 14:09:00+00:00,2026-09-04 10:09:00+00:00
1788531000000,4423.25,4424.16,4421.89,4422.66,883.0,2026-09-04 14:10:00+00:00,2026-09-04 10:10:00+00:00
1788531060000,4422.67,4424.25,4420.29,4423.18,1055.0,2026-09-04 14:11:00+00:00,2026-09-04 10:11:00+00:00
1788531120000,4423.2,4423.2,4419.36,4419.81,875.0,2026-09-04 14:12:00+00:00,2026-09-04 10:12:00+00:00
1788531180000,4419.82,4423.94,4419.26,4421.07,870.0,2026-09-04 14:13:00+00:00,2026-09-04 10:13:00+00:00
1788531240000,4421.06,4428.98,4420.2,4428.95,968.0,2026-09-04 14:14:00+00:00,2026-09-04 10:14:00+00:00
1788531300000,4428.95,4435.1,4428.77,4433.0,1356.0,2026-09-04 14:15:00+00:00,2026-09-04 10:15:00+00:00
1788531360000,4432.96,4437.04,4431.56,4434.17,1415.0,2026-09-04 14:16:00+00:00,2026-09-04 10:16:00+00:00
1788531420000,4434.18,4434.52,4432.83,4432.83,778.0,2026-09-04 14:17:00+00:00,2026-09-04 10:17:00+00:00
1788531480000,4432.76,4435.24,4430.94,4431.41,1249.0,2026-09-04 14:18:00+00:00,2026-09-04 10:18:00+00:00
1788531540000,4431.42,4434.15,4429.0,4434.11,1634.0,2026-09-04 14:19:00+00:00,2026-09-04 10:19:00+00:00
1788531600000,4433.97,4434.88,4431.53,4431.97,1469.0,2026-09-04 14:20:00+00:00,2026-09-04 10:20:00+00:00
1788531660000,4431.99,4432.84,4430.62,4432.81,1396.0,2026-09-04 14:21:00+00:00,2026-09-04 10:21:00+00:00
1788531720000,4432.82,4434.74,4430.3,4434.61,874.0,2026-09-04 14:22:00+00:00,2026-09-04 10:22:00+00:00
1788531780000,4434.78,4435.67,4428.96,4430.44,1033.0,2026-09-04 14:23:00+00:00,2026-09-04 10:23:00+00:00
1788531840000,4430.43,4433.03,4429.01,4429.11,1126.0,2026-09-04 14:24:00+00:00,2026-09-04 10:24:00+00:00
1788531900000,4429.12,4436.8,4426.73,4436.5,1657.0,2026-09-04 14:25:00+00:00,2026-09-04 10:25:00+00:00
1788531960000,4436.47,4437.41,4430.06,4432.02,1389.0,2026-09-04 14:26:00+00:00,2026-09-04 10:26:00+00:00
1788532020000,4432.02,4433.33,4431.58,4431.67,799.0,2026-09-04 14:27:00+00:00,2026-09-04 10:27:00+00:00
1788532080000,4431.68,4432.87,4430.47,4431.45,887.0,2026-09-04 14:28:00+00:00,2026-09-04 10:28:00+00:00
1788532140000,4431.45,4432.64,4429.0,4429.14,1052.0,2026-09-04 14:29:00+00:00,2026-09-04 10:29:00+00:00
1788532200000,4429.16,4433.01,4429.12,4432.1,1079.0,2026-09-04 14:30:00+00:00,2026-09-04 10:30:00+00:00
1788532260000,4432.1,4436.62,4431.72,4436.62,977.0,2026-09-04 14:31:00+00:00,2026-09-04 10:31:00+00:00
1788532320000,4436.61,4439.25,4434.09,4434.92,974.0,2026-09-04 14:32:00+00:00,2026-09-04 10:32:00+00:00
1788532380000,4434.94,4438.63,4433.85,4438.29,957.0,2026-09-04 14:33:00+00:00,2026-09-04 10:33:00+00:00
1788532440000,4438.3,4439.94,4437.8,4439.64,873.0,2026-09-04 14:34:00+00:00,2026-09-04 10:34:00+00:00
1788532500000,4439.65,4442.35,4439.22,4441.51,903.0,2026-09-04 14:35:00+00:00,2026-09-04 10:35:00+00:00
1788532560000,4441.45,4441.45,4432.19,4432.44,1049.0,2026-09-04 14:36:00+00:00,2026-09-04 10:36:00+00:00
1788532620000,4432.43,4433.14,4430.59,4430.7,932.0,2026-09-04 14:37:00+00:00,2026-09-04 10:37:00+00:00
1788532680000,4430.71,4432.33,4429.31,4431.66,931.0,2026-09-04 14:38:00+00:00,2026-09-04 10:38:00+00:00
1788532740000,4431.65,4431.65,4428.62,4429.68,797.0,2026-09-04 14:39:00+00:00,2026-09-04 10:39:00+00:00
1788532800000,4429.66,4431.35,4428.37,4428.95,1026.0,2026-09-04 14:40:00+00:00,2026-09-04 10:40:00+00:00
1788532860000,4428.97,4430.73,4428.0,4430.2,876.0,2026-09-04 14:41:00+00:00,2026-09-04 10:41:00+00:00
1788532920000,4430.24,4432.59,4426.74,4426.87,919.0,2026-09-04 14:42:00+00:00,2026-09-04 10:42:00+00:00
1788532980000,4426.89,4427.86,4425.46,4427.57,997.0,2026-09-04 14:43:00+00:00,2026-09-04 10:43:00+00:00
1788533040000,4427.58,4429.79,4427.46,4428.94,865.0,2026-09-04 14:44:00+00:00,2026-09-04 10:44:00+00:00
1788533100000,4429.01,4431.32,4428.75,4429.75,868.0,2026-09-04 14:45:00+00:00,2026-09-04 10:45:00+00:00
1788533160000,4429.78,4432.15,4427.56,4427.89,991.0,2026-09-04 14:46:00+00:00,2026-09-04 10:46:00+00:00
1788533220000,4427.88,4427.88,4422.75,4425.34,1059.0,2026-09-04 14:47:00+00:00,2026-09-04 10:47:00+00:00
1788533280000,4425.34,4428.83,4424.98,4428.1,924.0,2026-09-04 14:48:00+00:00,2026-09-04 10:48:00+00:00
1788533340000,4428.14,4429.93,4427.23,4428.11,922.0,2026-09-04 14:49:00+00:00,2026-09-04 10:49:00+00:00
1788533400000,4428.1,4428.74,4425.8,4427.95,944.0,2026-09-04 14:50:00+00:00,2026-09-04 10:50:00+00:00
1788533460000,4427.94,4428.76,4424.25,4424.85,886.0,2026-09-04 14:51:00+00:00,2026-09-04 10:51:00+00:00
1788533520000,4424.79,4424.88,4420.81,4422.85,1132.0,2026-09-04 14:52:00+00:00,2026-09-04 10:52:00+00:00
1788533580000,4422.83,4423.82,4422.13,4422.61,901.0,2026-09-04 14:53:00+00:00,2026-09-04 10:53:00+00:00
1788533640000,4422.63,4422.74,4417.51,4417.73,1000.0,2026-09-04 14:54:00+00:00,2026-09-04 10:54:00+00:00
1788533700000,4417.74,4422.8,4417.23,4421.88,988.0,2026-09-04 14:55:00+00:00,2026-09-04 10:55:00+00:00
1788533760000,4421.89,4423.97,4421.86,4422.87,932.0,2026-09-04 14:56:00+00:00,2026-09-04 10:56:00+00:00
1788533820000,4422.86,4425.38,4422.64,4424.99,754.0,2026-09-04 14:57:00+00:00,2026-09-04 10:57:00+00:00
1788533880000,4425.03,4428.68,4423.82,4428.61,706.0,2026-09-04 14:58:00+00:00,2026-09-04 10:58:00+00:00
1788533940000,4428.65,4429.95,4427.08,4427.55,818.0,2026-09-04 14:59:00+00:00,2026-09-04 10:59:00+00:00
1788534000000,4427.57,4428.0,4425.75,4426.21,886.0,2026-09-04 15:00:00+00:00,2026-09-04 11:00:00+00:00
1788534060000,4426.21,4426.27,4423.42,4424.72,920.0,2026-09-04 15:01:00+00:00,2026-09-04 11:01:00+00:00
1788534120000,4424.72,4426.15,4422.82,4424.4,883.0,2026-09-04 15:02:00+00:00,2026-09-04 11:02:00+00:00
1788534180000,4424.41,4425.07,4423.3,4423.75,743.0,2026-09-04 15:03:00+00:00,2026-09-04 11:03:00+00:00
1788534240000,4423.74,4430.83,4423.61,4430.02,866.0,2026-09-04 15:04:00+00:00,2026-09-04 11:04:00+00:00
1788534300000,4429.99,4433.74,4429.8,4433.44,809.0,2026-09-04 15:05:00+00:00,2026-09-04 11:05:00+00:00
1788534360000,4433.47,4434.93,4431.67,4434.1,909.0,2026-09-04 15:06:00+00:00,2026-09-04 11:06:00+00:00
1788534420000,4434.1,4439.31,4434.04,4438.67,747.0,2026-09-04 15:07:00+00:00,2026-09-04 11:07:00+00:00
1788534480000,4438.67,4439.3,4434.16,4434.52,785.0,2026-09-04 15:08:00+00:00,2026-09-04 11:08:00+00:00
1788534540000,4434.52,4436.82,4434.13,4436.8,770.0,2026-09-04 15:09:00+00:00,2026-09-04 11:09:00+00:00
1788534600000,4436.81,4436.99,4434.78,4435.54,858.0,2026-09-04 15:10:00+00:00,2026-09-04 11:10:00+00:00
1788534660000,4435.54,4438.22,4435.54,4436.37,764.0,2026-09-04 15:11:00+00:00,2026-09-04 11:11:00+00:00
1788534720000,4436.34,4438.31,4435.87,4437.95,686.0,2026-09-04 15:12:00+00:00,2026-09-04 11:12:00+00:00
1788534780000,4437.97,4439.4,4437.11,4437.51,676.0,2026-09-04 15:13:00+00:00,2026-09-04 11:13:00+00:00
1788534840000,4437.52,4443.67,4437.52,4443.45,762.0,2026-09-04 15:14:00+00:00,2026-09-04 11:14:00+00:00
1788534900000,4443.44,4445.54,4441.1,4445.24,863.0,2026-09-04 15:15:00+00:00,2026-09-04 11:15:00+00:00
1788534960000,4445.24,4445.35,4442.69,4445.26,788.0,2026-09-04 15:16:00+00:00,2026-09-04 11:16:00+00:00
1788535020000,4445.22,4446.05,4443.42,4445.46,818.0,2026-09-04 15:17:00+00:00,2026-09-04 11:17:00+00:00
1788535080000,4445.46,4446.5,4444.83,4446.3,740.0,2026-09-04 15:18:00+00:00,2026-09-04 11:18:00+00:00
1788535140000,4446.32,4448.68,4446.23,4448.08,773.0,2026-09-04 15:19:00+00:00,2026-09-04 11:19:00+00:00
1788535200000,4448.08,4448.91,4446.16,4447.4,883.0,2026-09-04 15:20:00+00:00,2026-09-04 11:20:00+00:00
1788535260000,4447.42,4448.8,4445.97,4447.17,832.0,2026-09-04 15:21:00+00:00,2026-09-04 11:21:00+00:00
1788535320000,4447.18,4449.02,4444.76,4445.34,838.0,2026-09-04 15:22:00+00:00,2026-09-04 11:22:00+00:00
1788535380000,4445.35,4445.46,4441.21,4441.22,723.0,2026-09-04 15:23:00+00:00,2026-09-04 11:23:00+00:00
1788535440000,4441.23,4443.92,4440.32,4442.99,794.0,2026-09-04 15:24:00+00:00,2026-09-04 11:24:00+00:00
1788535500000,4443.0,4446.11,4442.74,4445.48,767.0,2026-09-04 15:25:00+00:00,2026-09-04 11:25:00+00:00
1788535560000,4445.49,4445.49,4442.78,4442.8,677.0,2026-09-04 15:26:00+00:00,2026-09-04 11:26:00+00:00
1788535620000,4442.79,4443.38,4439.69,4440.45,794.0,2026-09-04 15:27:00+00:00,2026-09-04 11:27:00+00:00
1788535680000,4440.46,4441.25,4439.81,4440.65,705.0,2026-09-04 15:28:00+00:00,2026-09-04 11:28:00+00:00
1788535740000,4440.68,4441.78,4439.91,4439.93,698.0,2026-09-04 15:29:00+00:00,2026-09-04 11:29:00+00:00
1788535800000,4439.92,4442.95,4439.13,4442.95,802.0,2026-09-04 15:30:00+00:00,2026-09-04 11:30:00+00:00
1788535860000,4442.94,4444.39,4441.09,4442.25,773.0,2026-09-04 15:31:00+00:00,2026-09-04 11:31:00+00:00
1788535920000,4442.27,4442.43,4439.48,4439.63,729.0,2026-09-04 15:32:00+00:00,2026-09-04 11:32:00+00:00
1788535980000,4439.64,4442.51,4438.48,4441.99,746.0,2026-09-04 15:33:00+00:00,2026-09-04 11:33:00+00:00
1788536040000,4442.06,4442.29,4438.7,4439.83,799.0,2026-09-04 15:34:00+00:00,2026-09-04 11:34:00+00:00
1788536100000,4439.84,4440.22,4438.59,4438.91,737.0,2026-09-04 15:35:00+00:00,2026-09-04 11:35:00+00:00
1788536160000,4438.9,4439.16,4437.45,4438.75,640.0,2026-09-04 15:36:00+00:00,2026-09-04 11:36:00+00:00
1788536220000,4438.79,4440.25,4437.63,4438.71,621.0,2026-09-04 15:37:00+00:00,2026-09-04 11:37:00+00:00
1788536280000,4438.76,4439.9,4438.76,4439.59,584.0,2026-09-04 15:38:00+00:00,2026-09-04 11:38:00+00:00
1788536340000,4439.69,4441.16,4438.08,4438.09,579.0,2026-09-04 15:39:00+00:00,2026-09-04 11:39:00+00:00
1788536400000,4438.08,4438.98,4436.7,4438.27,611.0,2026-09-04 15:40:00+00:00,2026-09-04 11:40:00+00:00
1788536460000,4438.26,4444.14,4438.05,4443.86,650.0,2026-09-04 15:41:00+00:00,2026-09-04 11:41:00+00:00
1788536520000,4443.87,4446.64,4443.02,4443.06,741.0,2026-09-04 15:42:00+00:00,2026-09-04 11:42:00+00:00
1788536580000,4443.07,4443.49,4442.29,4442.45,577.0,2026-09-04 15:43:00+00:00,2026-09-04 11:43:00+00:00
1788536640000,4442.42,4442.97,4441.61,4442.94,581.0,2026-09-04 15:44:00+00:00,2026-09-04 11:44:00+00:00
1788536700000,4442.93,4443.99,4442.57,4443.91,501.0,2026-09-04 15:45:00+00:00,2026-09-04 11:45:00+00:00
1788536760000,4443.92,4444.28,4442.23,4443.49,639.0,2026-09-04 15:46:00+00:00,2026-09-04 11:46:00+00:00
1788536820000,4443.46,4443.75,4442.86,4442.88,549.0,2026-09-04 15:47:00+00:00,2026-09-04 11:47:00+00:00
1788536880000,4442.89,4445.07,4442.07,4444.23,665.0,2026-09-04 15:48:00+00:00,2026-09-04 11:48:00+00:00
1788536940000,4444.28,4444.88,4441.85,4443.9,582.0,2026-09-04 15:49:00+00:00,2026-09-04 11:49:00+00:00
1788537000000,4443.89,4445.3,4443.48,4445.19,549.0,2026-09-04 15:50:00+00:00,2026-09-04 11:50:00+00:00
1788537060000,4445.15,4446.11,4444.57,4444.87,557.0,2026-09-04 15:51:00+00:00,2026-09-04 11:51:00+00:00
1788537120000,4444.86,4444.98,4442.4,4443.1,624.0,2026-09-04 15:52:00+00:00,2026-09-04 11:52:00+00:00
1788537180000,4443.15,4443.75,4439.75,4441.49,664.0,2026-09-04 15:53:00+00:00,2026-09-04 11:53:00+00:00
1788537240000,4441.49,4441.65,4439.33,4439.4,528.0,2026-09-04 15:54:00+00:00,2026-09-04 11:54:00+00:00
1788537300000,4439.41,4441.22,4439.41,4440.75,486.0,2026-09-04 15:55:00+00:00,2026-09-04 11:55:00+00:00
1788537360000,4440.71,4440.87,4437.25,4437.54,557.0,2026-09-04 15:56:00+00:00,2026-09-04 11:56:00+00:00
1788537420000,4437.53,4437.93,4436.03,4436.42,539.0,2026-09-04 15:57:00+00:00,2026-09-04 11:57:00+00:00
1788537480000,4436.43,4437.58,4435.7,4436.2,531.0,2026-09-04 15:58:00+00:00,2026-09-04 11:58:00+00:00
1788537540000,4436.19,4437.45,4436.0,4436.72,565.0,2026-09-04 15:59:00+00:00,2026-09-04 11:59:00+00:00
1788537600000,4436.69,4440.13,4436.39,4440.02,673.0,2026-09-04 16:00:00+00:00,2026-09-04 12:00:00+00:00
1788537660000,4440.04,4440.26,4437.39,4438.25,593.0,2026-09-04 16:01:00+00:00,2026-09-04 12:01:00+00:00
1788537720000,4438.26,4438.76,4437.55,4438.41,442.0,2026-09-04 16:02:00+00:00,2026-09-04 12:02:00+00:00
1788537780000,4438.38,4438.95,4437.12,4438.42,470.0,2026-09-04 16:03:00+00:00,2026-09-04 12:03:00+00:00
1788537840000,4438.35,4439.9,4438.05,4439.59,483.0,2026-09-04 16:04:00+00:00,2026-09-04 12:04:00+00:00
1788537900000,4439.61,4440.41,4438.63,4439.93,526.0,2026-09-04 16:05:00+00:00,2026-09-04 12:05:00+00:00
1788537960000,4439.91,4439.97,4434.44,4435.86,724.0,2026-09-04 16:06:00+00:00,2026-09-04 12:06:00+00:00
1788538020000,4435.85,4436.84,4435.02,4435.36,585.0,2026-09-04 16:07:00+00:00,2026-09-04 12:07:00+00:00
1788538080000,4435.35,4436.63,4435.11,4435.68,617.0,2026-09-04 16:08:00+00:00,2026-09-04 12:08:00+00:00
1788538140000,4435.67,4436.08,4433.6,4433.72,551.0,2026-09-04 16:09:00+00:00,2026-09-04 12:09:00+00:00
1788538200000,4433.76,4435.62,4432.29,4435.27,685.0,2026-09-04 16:10:00+00:00,2026-09-04 12:10:00+00:00
1788538260000,4435.31,4435.72,4434.16,4434.54,557.0,2026-09-04 16:11:00+00:00,2026-09-04 12:11:00+00:00
1788538320000,4434.54,4434.6,4432.5,4433.32,690.0,2026-09-04 16:12:00+00:00,2026-09-04 12:12:00+00:00
1788538380000,4433.33,4438.05,4433.09,4438.05,556.0,2026-09-04 16:13:00+00:00,2026-09-04 12:13:00+00:00
1788538440000,4438.0,4439.44,4437.75,4438.8,533.0,2026-09-04 16:14:00+00:00,2026-09-04 12:14:00+00:00
1788538500000,4438.77,4439.06,4437.88,4438.96,506.0,2026-09-04 16:15:00+00:00,2026-09-04 12:15:00+00:00
1788538560000,4438.97,4439.02,4437.45,4438.56,487.0,2026-09-04 16:16:00+00:00,2026-09-04 12:16:00+00:00
1788538620000,4438.62,4440.96,4437.99,4440.82,618.0,2026-09-04 16:17:00+00:00,2026-09-04 12:17:00+00:00
1788538680000,4440.84,4443.61,4440.53,4441.11,708.0,2026-09-04 16:18:00+00:00,2026-09-04 12:18:00+00:00
1788538740000,4441.12,4442.38,4440.58,4441.49,469.0,2026-09-04 16:19:00+00:00,2026-09-04 12:19:00+00:00
1788538800000,4441.55,4442.51,4440.68,4440.9,550.0,2026-09-04 16:20:00+00:00,2026-09-04 12:20:00+00:00
1788538860000,4440.91,4442.18,4438.9,4438.91,619.0,2026-09-04 16:21:00+00:00,2026-09-04 12:21:00+00:00
1788538920000,4438.87,4438.96,4437.16,4437.74,574.0,2026-09-04 16:22:00+00:00,2026-09-04 12:22:00+00:00
1788538980000,4437.75,4437.86,4435.93,4436.83,529.0,2026-09-04 16:23:00+00:00,2026-09-04 12:23:00+00:00
1788539040000,4436.83,4438.14,4435.78,4437.92,429.0,2026-09-04 16:24:00+00:00,2026-09-04 12:24:00+00:00
1788539100000,4437.91,4438.44,4435.22,4436.08,599.0,2026-09-04 16:25:00+00:00,2026-09-04 12:25:00+00:00
1788539160000,4436.08,4436.1,4433.85,4434.14,656.0,2026-09-04 16:26:00+00:00,2026-09-04 12:26:00+00:00
1788539220000,4434.11,4435.22,4433.52,4435.2,528.0,2026-09-04 16:27:00+00:00,2026-09-04 12:27:00+00:00
1788539280000,4435.22,4435.23,4434.0,4434.0,466.0,2026-09-04 16:28:00+00:00,2026-09-04 12:28:00+00:00
1788539340000,4433.98,4434.82,4433.31,4434.23,608.0,2026-09-04 16:29:00+00:00,2026-09-04 12:29:00+00:00
1788539400000,4434.24,4435.71,4433.41,4435.28,671.0,2026-09-04 16:30:00+00:00,2026-09-04 12:30:00+00:00
1788539460000,4435.26,4436.33,4434.94,4435.33,482.0,2026-09-04 16:31:00+00:00,2026-09-04 12:31:00+00:00
1788539520000,4435.32,4437.22,4435.17,4436.52,513.0,2026-09-04 16:32:00+00:00,2026-09-04 12:32:00+00:00
1788539580000,4436.53,4438.92,4436.2,4437.8,572.0,2026-09-04 16:33:00+00:00,2026-09-04 12:33:00+00:00
1788539640000,4437.81,4437.93,4436.9,4437.48,499.0,2026-09-04 16:34:00+00:00,2026-09-04 12:34:00+00:00
1788539700000,4437.48,4438.48,4437.25,4437.66,465.0,2026-09-04 16:35:00+00:00,2026-09-04 12:35:00+00:00
1788539760000,4437.66,4437.77,4436.37,4436.9,487.0,2026-09-04 16:36:00+00:00,2026-09-04 12:36:00+00:00
1788539820000,4436.91,4437.38,4436.6,4437.12,479.0,2026-09-04 16:37:00+00:00,2026-09-04 12:37:00+00:00
1788539880000,4437.13,4437.48,4436.42,4436.92,404.0,2026-09-04 16:38:00+00:00,2026-09-04 12:38:00+00:00
1788539940000,4436.92,4438.06,4436.92,4437.61,491.0,2026-09-04 16:39:00+00:00,2026-09-04 12:39:00+00:00
1788540000000,4437.6,4437.87,4436.43,4437.46,493.0,2026-09-04 16:40:00+00:00,2026-09-04 12:40:00+00:00
1788540060000,4437.46,4438.32,4436.8,4437.68,372.0,2026-09-04 16:41:00+00:00,2026-09-04 12:41:00+00:00
1788540120000,4437.66,4437.71,4435.51,4436.51,521.0,2026-09-04 16:42:00+00:00,2026-09-04 12:42:00+00:00
1788540180000,4436.56,4438.14,4436.28,4438.03,426.0,2026-09-04 16:43:00+00:00,2026-09-04 12:43:00+00:00
1788540240000,4438.01,4439.77,4438.0,4438.07,532.0,2026-09-04 16:44:00+00:00,2026-09-04 12:44:00+00:00
1788540300000,4438.09,4439.92,4438.09,4439.16,558.0,2026-09-04 16:45:00+00:00,2026-09-04 12:45:00+00:00
1788540360000,4439.15,4439.34,4437.43,4438.16,506.0,2026-09-04 16:46:00+00:00,2026-09-04 12:46:00+00:00
1788540420000,4438.1,4439.78,4437.67,4438.9,457.0,2026-09-04 16:47:00+00:00,2026-09-04 12:47:00+00:00
1788540480000,4438.89,4439.3,4437.64,4439.23,439.0,2026-09-04 16:48:00+00:00,2026-09-04 12:48:00+00:00
1788540540000,4439.22,4440.46,4439.22,4439.9,410.0,2026-09-04 16:49:00+00:00,2026-09-04 12:49:00+00:00
1788540600000,4439.88,4440.32,4439.26,4439.42,426.0,2026-09-04 16:50:00+00:00,2026-09-04 12:50:00+00:00
1788540660000,4439.41,4439.45,4437.3,4437.42,453.0,2026-09-04 16:51:00+00:00,2026-09-04 12:51:00+00:00
1788540720000,4437.43,4437.65,4436.79,4437.27,423.0,2026-09-04 16:52:00+00:00,2026-09-04 12:52:00+00:00
1788540780000,4437.27,4437.33,4436.48,4436.49,465.0,2026-09-04 16:53:00+00:00,2026-09-04 12:53:00+00:00
1788540840000,4436.44,4437.64,4435.94,4436.01,535.0,2026-09-04 16:54:00+00:00,2026-09-04 12:54:00+00:00
1788540900000,4436.0,4436.97,4435.58,4436.55,476.0,2026-09-04 16:55:00+00:00,2026-09-04 12:55:00+00:00
1788540960000,4436.54,4436.96,4435.14,4435.54,452.0,2026-09-04 16:56:00+00:00,2026-09-04 12:56:00+00:00
1788541020000,4435.53,4438.19,4435.53,4436.94,489.0,2026-09-04 16:57:00+00:00,2026-09-04 12:57:00+00:00
1788541080000,4436.95,4436.95,4435.92,4436.06,393.0,2026-09-04 16:58:00+00:00,2026-09-04 12:58:00+00:00
1788541140000,4436.05,4436.92,4434.77,4436.4,572.0,2026-09-04 16:59:00+00:00,2026-09-04 12:59:00+00:00
1788541200000,4436.39,4436.59,4432.83,4433.45,775.0,2026-09-04 17:00:00+00:00,2026-09-04 13:00:00+00:00
1788541260000,4433.45,4433.65,4431.89,4433.04,705.0,2026-09-04 17:01:00+00:00,2026-09-04 13:01:00+00:00
1788541320000,4433.04,4433.68,4430.27,4431.22,691.0,2026-09-04 17:02:00+00:00,2026-09-04 13:02:00+00:00
1788541380000,4431.26,4431.56,4430.24,4431.17,565.0,2026-09-04 17:03:00+00:00,2026-09-04 13:03:00+00:00
1788541440000,4431.15,4432.87,4430.69,4431.42,610.0,2026-09-04 17:04:00+00:00,2026-09-04 13:04:00+00:00
1788541500000,4431.39,4432.5,4430.31,4431.97,819.0,2026-09-04 17:05:00+00:00,2026-09-04 13:05:00+00:00
1788541560000,4431.96,4432.03,4430.87,4430.94,535.0,2026-09-04 17:06:00+00:00,2026-09-04 13:06:00+00:00
1788541620000,4430.94,4433.79,4430.91,4433.48,526.0,2026-09-04 17:07:00+00:00,2026-09-04 13:07:00+00:00
1788541680000,4433.46,4433.7,4431.87,4432.27,481.0,2026-09-04 17:08:00+00:00,2026-09-04 13:08:00+00:00
1788541740000,4432.27,4432.72,4431.9,4432.18,467.0,2026-09-04 17:09:00+00:00,2026-09-04 13:09:00+00:00
1788541800000,4432.22,4433.3,4432.09,4432.44,346.0,2026-09-04 17:10:00+00:00,2026-09-04 13:10:00+00:00
1788541860000,4432.4,4433.5,4432.29,4432.53,483.0,2026-09-04 17:11:00+00:00,2026-09-04 13:11:00+00:00
1788541920000,4432.54,4433.38,4431.91,4433.22,418.0,2026-09-04 17:12:00+00:00,2026-09-04 13:12:00+00:00
1788541980000,4433.23,4433.46,4432.6,4432.84,364.0,2026-09-04 17:13:00+00:00,2026-09-04 13:13:00+00:00
1788542040000,4432.85,4434.78,4432.75,4433.88,468.0,2026-09-04 17:14:00+00:00,2026-09-04 13:14:00+00:00
1788542100000,4433.87,4434.74,4433.55,4433.89,459.0,2026-09-04 17:15:00+00:00,2026-09-04 13:15:00+00:00
1788542160000,4433.9,4434.3,4433.14,4433.73,425.0,2026-09-04 17:16:00+00:00,2026-09-04 13:16:00+00:00
1788542220000,4433.74,4435.52,4433.74,4435.42,434.0,2026-09-04 17:17:00+00:00,2026-09-04 13:17:00+00:00
1788542280000,4435.43,4438.77,4435.23,4438.51,523.0,2026-09-04 17:18:00+00:00,2026-09-04 13:18:00+00:00
1788542340000,4438.52,4438.86,4437.75,4438.36,417.0,2026-09-04 17:19:00+00:00,2026-09-04 13:19:00+00:00
1788542400000,4438.38,4440.43,4438.37,4439.12,528.0,2026-09-04 17:20:00+00:00,2026-09-04 13:20:00+00:00
1788542460000,4439.13,4439.91,4435.65,4436.06,501.0,2026-09-04 17:21:00+00:00,2026-09-04 13:21:00+00:00
1788542520000,4436.05,4436.59,4435.18,4436.07,462.0,2026-09-04 17:22:00+00:00,2026-09-04 13:22:00+00:00
1788542580000,4436.08,4436.25,4433.05,4433.06,487.0,2026-09-04 17:23:00+00:00,2026-09-04 13:23:00+00:00
1788542640000,4433.02,4433.94,4431.31,4433.3,730.0,2026-09-04 17:24:00+00:00,2026-09-04 13:24:00+00:00
1788542700000,4433.29,4433.35,4430.49,4430.94,605.0,2026-09-04 17:25:00+00:00,2026-09-04 13:25:00+00:00
1788542760000,4430.96,4431.0,4429.84,4430.09,541.0,2026-09-04 17:26:00+00:00,2026-09-04 13:26:00+00:00
1788542820000,4430.08,4431.06,4429.38,4430.46,531.0,2026-09-04 17:27:00+00:00,2026-09-04 13:27:00+00:00
1788542880000,4430.41,4432.23,4430.39,4430.62,591.0,2026-09-04 17:28:00+00:00,2026-09-04 13:28:00+00:00
1788542940000,4430.64,4430.73,4427.53,4428.67,934.0,2026-09-04 17:29:00+00:00,2026-09-04 13:29:00+00:00
1788543000000,4428.59,4429.83,4427.34,4428.1,742.0,2026-09-04 17:30:00+00:00,2026-09-04 13:30:00+00:00
1788543060000,4428.12,4429.58,4427.55,4429.53,450.0,2026-09-04 17:31:00+00:00,2026-09-04 13:31:00+00:00
1788543120000,4429.5,4429.51,4425.35,4425.48,521.0,2026-09-04 17:32:00+00:00,2026-09-04 13:32:00+00:00
1788543180000,4425.39,4425.62,4423.62,4423.62,559.0,2026-09-04 17:33:00+00:00,2026-09-04 13:33:00+00:00
1788543240000,4423.62,4424.34,4423.08,4424.1,525.0,2026-09-04 17:34:00+00:00,2026-09-04 13:34:00+00:00
1788543300000,4424.09,4425.41,4422.78,4424.96,598.0,2026-09-04 17:35:00+00:00,2026-09-04 13:35:00+00:00
1788543360000,4424.97,4424.97,4423.71,4423.82,416.0,2026-09-04 17:36:00+00:00,2026-09-04 13:36:00+00:00
1788543420000,4423.82,4425.11,4423.21,4424.43,484.0,2026-09-04 17:37:00+00:00,2026-09-04 13:37:00+00:00
1788543480000,4424.42,4425.03,4423.81,4424.58,439.0,2026-09-04 17:38:00+00:00,2026-09-04 13:38:00+00:00
1788543540000,4424.56,4424.56,4421.89,4422.31,533.0,2026-09-04 17:39:00+00:00,2026-09-04 13:39:00+00:00
1788543600000,4422.31,4422.35,4420.74,4421.6,484.0,2026-09-04 17:40:00+00:00,2026-09-04 13:40:00+00:00
1788543660000,4421.57,4421.57,4419.78,4420.0,406.0,2026-09-04 17:41:00+00:00,2026-09-04 13:41:00+00:00
1788543720000,4419.98,4420.05,4418.16,4418.47,491.0,2026-09-04 17:42:00+00:00,2026-09-04 13:42:00+00:00
1788543780000,4418.46,4419.67,4418.27,4419.35,552.0,2026-09-04 17:43:00+00:00,2026-09-04 13:43:00+00:00
1788543840000,4419.28,4419.47,4416.43,4417.28,412.0,2026-09-04 17:44:00+00:00,2026-09-04 13:44:00+00:00
1788543900000,4417.3,4418.35,4415.58,4418.12,606.0,2026-09-04 17:45:00+00:00,2026-09-04 13:45:00+00:00
1788543960000,4418.14,4419.74,4418.0,4418.58,633.0,2026-09-04 17:46:00+00:00,2026-09-04 13:46:00+00:00
1788544020000,4418.57,4419.51,4417.31,4418.97,575.0,2026-09-04 17:47:00+00:00,2026-09-04 13:47:00+00:00
1788544080000,4418.97,4420.16,4418.8,4419.63,472.0,2026-09-04 17:48:00+00:00,2026-09-04 13:48:00+00:00
1788544140000,4419.62,4420.36,4419.08,4419.5,381.0,2026-09-04 17:49:00+00:00,2026-09-04 13:49:00+00:00
1788544200000,4419.47,4420.7,4419.3,4420.38,446.0,2026-09-04 17:50:00+00:00,2026-09-04 13:50:00+00:00
1788544260000,4420.38,4420.38,4419.18,4420.05,420.0,2026-09-04 17:51:00+00:00,2026-09-04 13:51:00+00:00
1788544320000,4420.04,4421.18,4419.98,4420.48,433.0,2026-09-04 17:52:00+00:00,2026-09-04 13:52:00+00:00
1788544380000,4420.47,4421.38,4420.18,4420.45,518.0,2026-09-04 17:53:00+00:00,2026-09-04 13:53:00+00:00
1788544440000,4420.44,4420.61,4418.63,4419.25,507.0,2026-09-04 17:54:00+00:00,2026-09-04 13:54:00+00:00
1788544500000,4419.24,4419.57,4417.81,4418.58,471.0,2026-09-04 17:55:00+00:00,2026-09-04 13:55:00+00:00
1788544560000,4418.59,4418.73,4417.03,4417.14,415.0,2026-09-04 17:56:00+00:00,2026-09-04 13:56:00+00:00
1788544620000,4417.13,4417.5,4416.16,4417.04,430.0,2026-09-04 17:57:00+00:00,2026-09-04 13:57:00+00:00
1788544680000,4417.05,4417.57,4416.85,4417.42,399.0,2026-09-04 17:58:00+00:00,2026-09-04 13:58:00+00:00
1788544740000,4417.41,4418.23,4416.55,4416.61,383.0,2026-09-04 17:59:00+00:00,2026-09-04 13:59:00+00:00
1788544800000,4416.64,4417.5,4416.25,4416.92,477.0,2026-09-04 18:00:00+00:00,2026-09-04 14:00:00+00:00
1788544860000,4416.9,4417.13,4412.82,4412.85,664.0,2026-09-04 18:01:00+00:00,2026-09-04 14:01:00+00:00
1788544920000,4412.85,4414.55,4411.86,4413.7,607.0,2026-09-04 18:02:00+00:00,2026-09-04 14:02:00+00:00
1788544980000,4413.7,4414.2,4412.62,4413.53,549.0,2026-09-04 18:03:00+00:00,2026-09-04 14:03:00+00:00
1788545040000,4413.53,4413.61,4412.19,4412.68,537.0,2026-09-04 18:04:00+00:00,2026-09-04 14:04:00+00:00
1788545100000,4412.7,4414.27,4412.14,4413.77,620.0,2026-09-04 18:05:00+00:00,2026-09-04 14:05:00+00:00
1788545160000,4413.72,4415.37,4413.63,4414.72,587.0,2026-09-04 18:06:00+00:00,2026-09-04 14:06:00+00:00
1788545220000,4414.71,4415.0,4413.72,4413.99,505.0,2026-09-04 18:07:00+00:00,2026-09-04 14:07:00+00:00
1788545280000,4413.97,4415.82,4413.95,4415.51,499.0,2026-09-04 18:08:00+00:00,2026-09-04 14:08:00+00:00
1788545340000,4415.51,4418.19,4415.51,4417.79,616.0,2026-09-04 18:09:00+00:00,2026-09-04 14:09:00+00:00
1788545400000,4417.75,4419.01,4417.41,4417.82,612.0,2026-09-04 18:10:00+00:00,2026-09-04 14:10:00+00:00
1788545460000,4417.8,4418.79,4416.43,4416.51,496.0,2026-09-04 18:11:00+00:00,2026-09-04 14:11:00+00:00
1788545520000,4416.52,4417.76,4416.41,4417.06,448.0,2026-09-04 18:12:00+00:00,2026-09-04 14:12:00+00:00
1788545580000,4417.06,4417.97,4416.63,4417.77,419.0,2026-09-04 18:13:00+00:00,2026-09-04 14:13:00+00:00
1788545640000,4417.77,4419.8,4417.67,4419.57,351.0,2026-09-04 18:14:00+00:00,2026-09-04 14:14:00+00:00
1788545700000,4419.56,4421.23,4419.56,4420.86,452.0,2026-09-04 18:15:00+00:00,2026-09-04 14:15:00+00:00
1788545760000,4420.87,4422.38,4420.53,4421.75,413.0,2026-09-04 18:16:00+00:00,2026-09-04 14:16:00+00:00
1788545820000,4421.74,4421.86,4421.09,4421.26,281.0,2026-09-04 18:17:00+00:00,2026-09-04 14:17:00+00:00
1788545880000,4421.26,4421.26,4420.56,4421.05,348.0,2026-09-04 18:18:00+00:00,2026-09-04 14:18:00+00:00
1788545940000,4421.05,4421.05,4419.22,4419.37,369.0,2026-09-04 18:19:00+00:00,2026-09-04 14:19:00+00:00
1788546000000,4419.43,4420.28,4419.32,4420.03,383.0,2026-09-04 18:20:00+00:00,2026-09-04 14:20:00+00:00
1788546060000,4420.03,4423.11,4419.7,4423.08,464.0,2026-09-04 18:21:00+00:00,2026-09-04 14:21:00+00:00
1788546120000,4423.1,4424.43,4423.08,4424.36,422.0,2026-09-04 18:22:00+00:00,2026-09-04 14:22:00+00:00
1788546180000,4424.36,4424.61,4423.65,4423.76,373.0,2026-09-04 18:23:00+00:00,2026-09-04 14:23:00+00:00
1788546240000,4423.77,4424.78,4423.61,4424.66,287.0,2026-09-04 18:24:00+00:00,2026-09-04 14:24:00+00:00
1788546300000,4424.72,4426.33,4424.7,4426.05,461.0,2026-09-04 18:25:00+00:00,2026-09-04 14:25:00+00:00
1788546360000,4426.05,4426.68,4425.41,4425.63,380.0,2026-09-04 18:26:00+00:00,2026-09-04 14:26:00+00:00
1788546420000,4425.69,4426.32,4425.25,4426.03,340.0,2026-09-04 18:27:00+00:00,2026-09-04 14:27:00+00:00
1788546480000,4426.01,4426.01,4424.25,4424.49,445.0,2026-09-04 18:28:00+00:00,2026-09-04 14:28:00+00:00
1788546540000,4424.45,4424.91,4423.53,4424.81,456.0,2026-09-04 18:29:00+00:00,2026-09-04 14:29:00+00:00
1788546600000,4424.81,4425.08,4423.27,4423.65,417.0,2026-09-04 18:30:00+00:00,2026-09-04 14:30:00+00:00
1788546660000,4423.65,4423.75,4423.13,4423.49,315.0,2026-09-04 18:31:00+00:00,2026-09-04 14:31:00+00:00
1788546720000,4423.49,4423.83,4423.04,4423.17,275.0,2026-09-04 18:32:00+00:00,2026-09-04 14:32:00+00:00
1788546780000,4423.22,4424.26,4423.22,4424.25,210.0,2026-09-04 18:33:00+00:00,2026-09-04 14:33:00+00:00
1788546840000,4424.25,4425.21,4424.24,4425.05,289.0,2026-09-04 18:34:00+00:00,2026-09-04 14:34:00+00:00
1788546900000,4425.03,4425.22,4423.65,4423.66,314.0,2026-09-04 18:35:00+00:00,2026-09-04 14:35:00+00:00
1788546960000,4423.75,4423.94,4422.73,4422.96,323.0,2026-09-04 18:36:00+00:00,2026-09-04 14:36:00+00:00
1788547020000,4422.97,4423.01,4421.29,4422.26,341.0,2026-09-04 18:37:00+00:00,2026-09-04 14:37:00+00:00
1788547080000,4422.24,4423.24,4422.15,4422.6,404.0,2026-09-04 18:38:00+00:00,2026-09-04 14:38:00+00:00
1788547140000,4422.61,4423.06,4422.18,4422.58,324.0,2026-09-04 18:39:00+00:00,2026-09-04 14:39:00+00:00
1788547200000,4422.57,4425.84,4422.18,4423.09,474.0,2026-09-04 18:40:00+00:00,2026-09-04 14:40:00+00:00
1788547260000,4423.07,4423.95,4422.03,4422.55,495.0,2026-09-04 18:41:00+00:00,2026-09-04 14:41:00+00:00
1788547320000,4422.54,4423.2,4422.24,4422.58,343.0,2026-09-04 18:42:00+00:00,2026-09-04 14:42:00+00:00
1788547380000,4422.56,4423.45,4422.25,4422.42,375.0,2026-09-04 18:43:00+00:00,2026-09-04 14:43:00+00:00
1788547440000,4422.43,4423.05,4422.34,4422.95,270.0,2026-09-04 18:44:00+00:00,2026-09-04 14:44:00+00:00
1788547500000,4422.93,4423.01,4422.42,4422.5,344.0,2026-09-04 18:45:00+00:00,2026-09-04 14:45:00+00:00
1788547560000,4422.5,4424.37,4421.98,4424.27,359.0,2026-09-04 18:46:00+00:00,2026-09-04 14:46:00+00:00
1788547620000,4424.28,4424.46,4423.45,4423.95,310.0,2026-09-04 18:47:00+00:00,2026-09-04 14:47:00+00:00
1788547680000,4423.94,4424.17,4423.66,4423.91,231.0,2026-09-04 18:48:00+00:00,2026-09-04 14:48:00+00:00
1788547740000,4423.89,4424.23,4423.77,4423.85,219.0,2026-09-04 18:49:00+00:00,2026-09-04 14:49:00+00:00
1788547800000,4423.86,4424.8,4423.54,4424.78,266.0,2026-09-04 18:50:00+00:00,2026-09-04 14:50:00+00:00
1788547860000,4424.79,4424.92,4423.95,4424.71,374.0,2026-09-04 18:51:00+00:00,2026-09-04 14:51:00+00:00
1788547920000,4424.71,4425.34,4424.51,4424.94,295.0,2026-09-04 18:52:00+00:00,2026-09-04 14:52:00+00:00
1788547980000,4424.9,4425.4,4424.64,4425.24,324.0,2026-09-04 18:53:00+00:00,2026-09-04 14:53:00+00:00
1788548040000,4425.23,4425.5,4424.94,4425.05,232.0,2026-09-04 18:54:00+00:00,2026-09-04 14:54:00+00:00
1788548100000,4425.04,4425.9,4424.78,4424.82,318.0,2026-09-04 18:55:00+00:00,2026-09-04 14:55:00+00:00
1788548160000,4424.81,4425.12,4423.94,4424.2,339.0,2026-09-04 18:56:00+00:00,2026-09-04 14:56:00+00:00
1788548220000,4424.21,4424.92,4423.99,4424.76,292.0,2026-09-04 18:57:00+00:00,2026-09-04 14:57:00+00:00
1788548280000,4424.77,4424.78,4423.04,4423.31,294.0,2026-09-04 18:58:00+00:00,2026-09-04 14:58:00+00:00
1788548340000,4423.34,4424.78,4423.34,4423.99,378.0,2026-09-04 18:59:00+00:00,2026-09-04 14:59:00+00:00
1788548400000,4423.99,4425.4,4422.53,4423.3,466.0,2026-09-04 19:00:00+00:00,2026-09-04 15:00:00+00:00
1788548460000,4423.31,4424.22,4423.12,4423.41,391.0,2026-09-04 19:01:00+00:00,2026-09-04 15:01:00+00:00
1788548520000,4423.4,4424.35,4423.11,4423.92,340.0,2026-09-04 19:02:00+00:00,2026-09-04 15:02:00+00:00
1788548580000,4423.93,4424.27,4423.4,4423.74,358.0,2026-09-04 19:03:00+00:00,2026-09-04 15:03:00+00:00
1788548640000,4423.77,4424.02,4423.38,4423.53,351.0,2026-09-04 19:04:00+00:00,2026-09-04 15:04:00+00:00
1788548700000,4423.54,4423.81,4422.76,4423.77,349.0,2026-09-04 19:05:00+00:00,2026-09-04 15:05:00+00:00
1788548760000,4423.72,4423.81,4423.3,4423.35,306.0,2026-09-04 19:06:00+00:00,2026-09-04 15:06:00+00:00
1788548820000,4423.36,4424.35,4423.36,4423.41,368.0,2026-09-04 19:07:00+00:00,2026-09-04 15:07:00+00:00
1788548880000,4423.4,4425.49,4423.4,4425.15,343.0,2026-09-04 19:08:00+00:00,2026-09-04 15:08:00+00:00
1788548940000,4425.16,4425.32,4424.61,4425.22,297.0,2026-09-04 19:09:00+00:00,2026-09-04 15:09:00+00:00
1788549000000,4425.23,4425.47,4424.89,4424.97,329.0,2026-09-04 19:10:00+00:00,2026-09-04 15:10:00+00:00
1788549060000,4424.95,4427.4,4424.81,4427.19,345.0,2026-09-04 19:11:00+00:00,2026-09-04 15:11:00+00:00
1788549120000,4427.17,4428.61,4427.17,4427.99,437.0,2026-09-04 19:12:00+00:00,2026-09-04 15:12:00+00:00
1788549180000,4428.0,4428.31,4427.24,4428.12,375.0,2026-09-04 19:13:00+00:00,2026-09-04 15:13:00+00:00
1788549240000,4428.11,4430.06,4428.03,4429.17,469.0,2026-09-04 19:14:00+00:00,2026-09-04 15:14:00+00:00
1788549300000,4429.16,4429.79,4428.5,4429.5,390.0,2026-09-04 19:15:00+00:00,2026-09-04 15:15:00+00:00
1788549360000,4429.52,4432.08,4429.52,4431.02,451.0,2026-09-04 19:16:00+00:00,2026-09-04 15:16:00+00:00
1788549420000,4431.0,4431.32,4429.91,4430.15,354.0,2026-09-04 19:17:00+00:00,2026-09-04 15:17:00+00:00
1788549480000,4430.15,4430.24,4429.53,4429.58,205.0,2026-09-04 19:18:00+00:00,2026-09-04 15:18:00+00:00
1788549540000,4429.57,4429.97,4428.92,4428.93,282.0,2026-09-04 19:19:00+00:00,2026-09-04 15:19:00+00:00
1788549600000,4428.89,4429.0,4426.93,4427.55,329.0,2026-09-04 19:20:00+00:00,2026-09-04 15:20:00+00:00
1788549660000,4427.55,4428.57,4427.31,4428.52,314.0,2026-09-04 19:21:00+00:00,2026-09-04 15:21:00+00:00
1788549720000,4428.54,4428.84,4427.9,4428.22,204.0,2026-09-04 19:22:00+00:00,2026-09-04 15:22:00+00:00
1788549780000,4428.29,4430.88,4428.29,4430.18,326.0,2026-09-04 19:23:00+00:00,2026-09-04 15:23:00+00:00
1788549840000,4430.17,4431.17,4430.07,4431.0,223.0,2026-09-04 19:24:00+00:00,2026-09-04 15:24:00+00:00
1788549900000,4430.99,4431.6,4430.14,4430.15,305.0,2026-09-04 19:25:00+00:00,2026-09-04 15:25:00+00:00
1788549960000,4430.17,4432.23,4430.15,4432.11,370.0,2026-09-04 19:26:00+00:00,2026-09-04 15:26:00+00:00
1788550020000,4432.12,4435.48,4432.12,4434.5,516.0,2026-09-04 19:27:00+00:00,2026-09-04 15:27:00+00:00
1788550080000,4434.48,4435.8,4434.48,4435.37,348.0,2026-09-04 19:28:00+00:00,2026-09-04 15:28:00+00:00
1788550140000,4435.38,4435.88,4434.55,4435.61,371.0,2026-09-04 19:29:00+00:00,2026-09-04 15:29:00+00:00
1788550200000,4435.6,4435.79,4434.87,4435.24,494.0,2026-09-04 19:30:00+00:00,2026-09-04 15:30:00+00:00
1788550260000,4435.26,4436.54,4435.08,4435.11,451.0,2026-09-04 19:31:00+00:00,2026-09-04 15:31:00+00:00
1788550320000,4435.17,4435.64,4434.62,4434.71,319.0,2026-09-04 19:32:00+00:00,2026-09-04 15:32:00+00:00
1788550380000,4434.72,4437.71,4434.16,4437.61,507.0,2026-09-04 19:33:00+00:00,2026-09-04 15:33:00+00:00
1788550440000,4437.63,4438.38,4437.04,4437.66,420.0,2026-09-04 19:34:00+00:00,2026-09-04 15:34:00+00:00
1788550500000,4437.65,4437.7,4435.87,4435.98,345.0,2026-09-04 19:35:00+00:00,2026-09-04 15:35:00+00:00
1788550560000,4436.0,4437.47,4436.0,4436.66,349.0,2026-09-04 19:36:00+00:00,2026-09-04 15:36:00+00:00
1788550620000,4436.67,4437.21,4436.66,4436.83,264.0,2026-09-04 19:37:00+00:00,2026-09-04 15:37:00+00:00
1788550680000,4436.86,4437.42,4435.2,4435.41,359.0,2026-09-04 19:38:00+00:00,2026-09-04 15:38:00+00:00
1788550740000,4435.39,4436.53,4435.31,4436.53,304.0,2026-09-04 19:39:00+00:00,2026-09-04 15:39:00+00:00
1788550800000,4436.5,4437.56,4435.65,4435.69,382.0,2026-09-04 19:40:00+00:00,2026-09-04 15:40:00+00:00
1788550860000,4435.68,4436.39,4435.63,4436.38,360.0,2026-09-04 19:41:00+00:00,2026-09-04 15:41:00+00:00
1788550920000,4436.39,4436.52,4436.08,4436.15,250.0,2026-09-04 19:42:00+00:00,2026-09-04 15:42:00+00:00
1788550980000,4436.13,4436.6,4435.0,4436.14,328.0,2026-09-04 19:43:00+00:00,2026-09-04 15:43:00+00:00
1788551040000,4436.15,4436.99,4436.12,4436.99,321.0,2026-09-04 19:44:00+00:00,2026-09-04 15:44:00+00:00
1788551100000,4436.99,4437.4,4435.96,4435.96,362.0,2026-09-04 19:45:00+00:00,2026-09-04 15:45:00+00:00
1788551160000,4435.96,4436.43,4434.41,4434.66,306.0,2026-09-04 19:46:00+00:00,2026-09-04 15:46:00+00:00
1788551220000,4434.64,4434.78,4433.65,4434.43,289.0,2026-09-04 19:47:00+00:00,2026-09-04 15:47:00+00:00
1788551280000,4434.43,4434.84,4433.84,4433.84,317.0,2026-09-04 19:48:00+00:00,2026-09-04 15:48:00+00:00
1788551340000,4433.84,4435.26,4433.49,4435.26,329.0,2026-09-04 19:49:00+00:00,2026-09-04 15:49:00+00:00
1788551400000,4435.27,4436.17,4435.13,4435.19,411.0,2026-09-04 19:50:00+00:00,2026-09-04 15:50:00+00:00
1788551460000,4435.15,4435.65,4434.69,4435.04,409.0,2026-09-04 19:51:00+00:00,2026-09-04 15:51:00+00:00
1788551520000,4435.07,4435.75,4434.86,4435.08,441.0,2026-09-04 19:52:00+00:00,2026-09-04 15:52:00+00:00
1788551580000,4435.05,4435.52,4434.12,4435.43,424.0,2026-09-04 19:53:00+00:00,2026-09-04 15:53:00+00:00
1788551640000,4435.42,4436.34,4434.39,4436.23,398.0,2026-09-04 19:54:00+00:00,2026-09-04 15:54:00+00:00
1788551700000,4436.21,4436.24,4433.92,4434.64,520.0,2026-09-04 19:55:00+00:00,2026-09-04 15:55:00+00:00
1788551760000,4434.66,4434.66,4433.29,4433.52,452.0,2026-09-04 19:56:00+00:00,2026-09-04 15:56:00+00:00
1788551820000,4433.51,4434.55,4432.75,4434.34,472.0,2026-09-04 19:57:00+00:00,2026-09-04 15:57:00+00:00
1788551880000,4434.35,4434.79,4434.05,4434.69,429.0,2026-09-04 19:58:00+00:00,2026-09-04 15:58:00+00:00
1788551940000,4434.68,4435.68,4434.64,4434.83,569.0,2026-09-04 19:59:00+00:00,2026-09-04 15:59:00+00:00
1788552000000,4434.85,4435.26,4433.56,4433.95,470.0,2026-09-04 20:00:00+00:00,2026-09-04 16:00:00+00:00
1788552060000,4433.91,4434.5,4433.13,4433.66,291.0,2026-09-04 20:01:00+00:00,2026-09-04 16:01:00+00:00
1788552120000,4433.66,4435.04,4433.62,4434.55,266.0,2026-09-04 20:02:00+00:00,2026-09-04 16:02:00+00:00
1788552180000,4434.55,4434.59,4433.81,4434.19,240.0,2026-09-04 20:03:00+00:00,2026-09-04 16:03:00+00:00
1788552240000,4434.2,4434.2,4432.22,4432.75,192.0,2026-09-04 20:04:00+00:00,2026-09-04 16:04:00+00:00
1788552300000,4432.71,4432.78,4432.31,4432.58,234.0,2026-09-04 20:05:00+00:00,2026-09-04 16:05:00+00:00
1788552360000,4432.56,4432.74,4431.82,4432.05,212.0,2026-09-04 20:06:00+00:00,2026-09-04 16:06:00+00:00
1788552420000,4432.04,4432.13,4431.72,4432.09,199.0,2026-09-04 20:07:00+00:00,2026-09-04 16:07:00+00:00
1788552480000,4432.1,4432.2,4431.17,4431.52,172.0,2026-09-04 20:08:00+00:00,2026-09-04 16:08:00+00:00
1788552540000,4431.52,4431.93,4431.23,4431.86,173.0,2026-09-04 20:09:00+00:00,2026-09-04 16:09:00+00:00
1788552600000,4431.88,4432.31,4431.57,4431.67,140.0,2026-09-04 20:10:00+00:00,2026-09-04 16:10:00+00:00
1788552660000,4431.67,4431.72,4431.11,4431.3,136.0,2026-09-04 20:11:00+00:00,2026-09-04 16:11:00+00:00
1788552720000,4431.3,4431.58,4430.95,4431.16,160.0,2026-09-04 20:12:00+00:00,2026-09-04 16:12:00+00:00
1788552780000,4431.16,4432.58,4431.15,4432.3,146.0,2026-09-04 20:13:00+00:00,2026-09-04 16:13:00+00:00
1788552840000,4432.3,4432.3,4431.59,4431.71,194.0,2026-09-04 20:14:00+00:00,2026-09-04 16:14:00+00:00
1788552900000,4431.7,4431.84,4430.48,4430.62,197.0,2026-09-04 20:15:00+00:00,2026-09-04 16:15:00+00:00
1788552960000,4430.58,4430.69,4430.09,4430.47,161.0,2026-09-04 20:16:00+00:00,2026-09-04 16:16:00+00:00
1788553020000,4430.47,4430.64,4430.33,4430.42,151.0,2026-09-04 20:17:00+00:00,2026-09-04 16:17:00+00:00
1788553080000,4430.35,4430.81,4430.28,4430.64,116.0,2026-09-04 20:18:00+00:00,2026-09-04 16:18:00+00:00
1788553140000,4430.64,4430.99,4430.63,4430.98,105.0,2026-09-04 20:19:00+00:00,2026-09-04 16:19:00+00:00
1788553200000,4430.99,4431.28,4430.7,4431.02,115.0,2026-09-04 20:20:00+00:00,2026-09-04 16:20:00+00:00
1788553260000,4431.03,4431.23,4430.44,4430.64,137.0,2026-09-04 20:21:00+00:00,2026-09-04 16:21:00+00:00
1788553320000,4430.66,4431.17,4430.65,4431.14,124.0,2026-09-04 20:22:00+00:00,2026-09-04 16:22:00+00:00
1788553380000,4431.14,4431.32,4430.39,4430.52,152.0,2026-09-04 20:23:00+00:00,2026-09-04 16:23:00+00:00
1788553440000,4430.48,4430.49,4430.15,4430.2,151.0,2026-09-04 20:24:00+00:00,2026-09-04 16:24:00+00:00
1788553500000,4430.18,4430.92,4430.18,4430.8,101.0,2026-09-04 20:25:00+00:00,2026-09-04 16:25:00+00:00
1788553560000,4430.83,4430.91,4429.95,4430.16,151.0,2026-09-04 20:26:00+00:00,2026-09-04 16:26:00+00:00
1788553620000,4430.17,4430.36,4429.6,4429.6,147.0,2026-09-04 20:27:00+00:00,2026-09-04 16:27:00+00:00
1788553680000,4429.6,4430.0,4429.51,4430.0,138.0,2026-09-04 20:28:00+00:00,2026-09-04 16:28:00+00:00
1788553740000,4430.0,4430.78,4429.57,4430.08,231.0,2026-09-04 20:29:00+00:00,2026-09-04 16:29:00+00:00
1788553800000,4430.07,4430.07,4429.1,4429.63,208.0,2026-09-04 20:30:00+00:00,2026-09-04 16:30:00+00:00
1788553860000,4429.63,4429.64,4429.13,4429.38,123.0,2026-09-04 20:31:00+00:00,2026-09-04 16:31:00+00:00
1788553920000,4429.35,4429.49,4429.1,4429.15,109.0,2026-09-04 20:32:00+00:00,2026-09-04 16:32:00+00:00
1788553980000,4429.15,4429.68,4429.15,4429.4,120.0,2026-09-04 20:33:00+00:00,2026-09-04 16:33:00+00:00
1788554040000,4429.4,4429.59,4429.16,4429.58,128.0,2026-09-04 20:34:00+00:00,2026-09-04 16:34:00+00:00
1788554100000,4429.58,4430.68,4429.49,4430.68,126.0,2026-09-04 20:35:00+00:00,2026-09-04 16:35:00+00:00
1788554160000,4430.65,4430.89,4430.49,4430.62,104.0,2026-09-04 20:36:00+00:00,2026-09-04 16:36:00+00:00
1788554220000,4430.61,4430.61,4429.76,4430.29,120.0,2026-09-04 20:37:00+00:00,2026-09-04 16:37:00+00:00
1788554280000,4430.19,4430.71,4430.19,4430.46,110.0,2026-09-04 20:38:00+00:00,2026-09-04 16:38:00+00:00
1788554340000,4430.4,4430.72,4430.15,4430.57,93.0,2026-09-04 20:39:00+00:00,2026-09-04 16:39:00+00:00
1788554400000,4430.51,4430.59,4429.21,4429.5,130.0,2026-09-04 20:40:00+00:00,2026-09-04 16:40:00+00:00
1788554460000,4429.38,4429.75,4429.24,4429.4,59.0,2026-09-04 20:41:00+00:00,2026-09-04 16:41:00+00:00
1788554520000,4429.4,4430.05,4429.16,4429.75,66.0,2026-09-04 20:42:00+00:00,2026-09-04 16:42:00+00:00
1788554580000,4429.72,4430.23,4429.47,4430.13,100.0,2026-09-04 20:43:00+00:00,2026-09-04 16:43:00+00:00
1788554640000,4430.23,4430.69,4430.23,4430.4,99.0,2026-09-04 20:44:00+00:00,2026-09-04 16:44:00+00:00
1788554700000,4430.45,4430.53,4429.98,4430.08,90.0,2026-09-04 20:45:00+00:00,2026-09-04 16:45:00+00:00
1788554760000,4430.06,4430.09,4429.37,4429.57,86.0,2026-09-04 20:46:00+00:00,2026-09-04 16:46:00+00:00
1788554820000,4429.5,4429.57,4428.69,4428.79,90.0,2026-09-04 20:47:00+00:00,2026-09-04 16:47:00+00:00
1788554880000,4428.79,4429.11,4428.51,4428.66,100.0,2026-09-04 20:48:00+00:00,2026-09-04 16:48:00+00:00
1788554940000,4428.61,4429.08,4428.58,4428.68,99.0,2026-09-04 20:49:00+00:00,2026-09-04 16:49:00+00:00
1788555000000,4428.65,4428.99,4428.62,4428.75,68.0,2026-09-04 20:50:00+00:00,2026-09-04 16:50:00+00:00
1788555060000,4428.68,4428.95,4428.65,4428.95,67.0,2026-09-04 20:51:00+00:00,2026-09-04 16:51:00+00:00
1788555120000,4428.92,4429.62,4428.92,4429.62,56.0,2026-09-04 20:52:00+00:00,2026-09-04 16:52:00+00:00
1788555180000,4429.6,4430.34,4429.51,4430.32,78.0,2026-09-04 20:53:00+00:00,2026-09-04 16:53:00+00:00
1788555240000,4430.16,4431.26,4429.62,4430.94,118.0,2026-09-04 20:54:00+00:00,2026-09-04 16:54:00+00:00
1788555300000,4430.92,4431.32,4430.61,4431.28,146.0,2026-09-04 20:55:00+00:00,2026-09-04 16:55:00+00:00
1788555360000,4431.17,4431.35,4430.89,4431.25,135.0,2026-09-04 20:56:00+00:00,2026-09-04 16:56:00+00:00
1788555420000,4431.24,4431.25,4429.69,4430.05,211.0,2026-09-04 20:57:00+00:00,2026-09-04 16:57:00+00:00
1788555480000,4430.03,4430.15,4429.76,4430.07,160.0,2026-09-04 20:58:00+00:00,2026-09-04 16:58:00+00:00
1788555540000,4430.11,4430.37,4429.53,4430.01,171.0,2026-09-04 20:59:00+00:00,2026-09-04 16:59:00+00:00
