t,datetime_utc,datetime_est,o,h,l,c,v
1788393600,2026-09-03 00:00:00,2026-09-02 20:00:00,4385.67,4388.0,4384.6,4387.48,569
1788393660,2026-09-03 00:01:00,2026-09-02 20:01:00,4387.48,4387.48,4385.61,4386.17,360
1788393720,2026-09-03 00:02:00,2026-09-02 20:02:00,4386.19,4386.34,4384.9,4386.07,375
1788393780,2026-09-03 00:03:00,2026-09-02 20:03:00,4386.07,4387.97,4386.04,4387.83,399
1788393840,2026-09-03 00:04:00,2026-09-02 20:04:00,4387.85,4389.7,4387.71,4389.3,389
1788393900,2026-09-03 00:05:00,2026-09-02 20:05:00,4389.29,4390.41,4389.02,4390.05,354
1788393960,2026-09-03 00:06:00,2026-09-02 20:06:00,4390.05,4390.81,4388.76,4389.53,330
1788394020,2026-09-03 00:07:00,2026-09-02 20:07:00,4389.44,4389.44,4387.16,4387.59,339
1788394080,2026-09-03 00:08:00,2026-09-02 20:08:00,4387.61,4387.63,4385.84,4386.43,369
1788394140,2026-09-03 00:09:00,2026-09-02 20:09:00,4386.5,4387.18,4384.99,4387.13,318
1788394200,2026-09-03 00:10:00,2026-09-02 20:10:00,4387.12,4389.57,4387.1,4389.55,350
1788394260,2026-09-03 00:11:00,2026-09-02 20:11:00,4389.54,4392.5,4389.54,4392.27,366
1788394320,2026-09-03 00:12:00,2026-09-02 20:12:00,4392.27,4392.54,4390.85,4390.94,340
1788394380,2026-09-03 00:13:00,2026-09-02 20:13:00,4390.93,4390.93,4389.33,4390.7,282
1788394440,2026-09-03 00:14:00,2026-09-02 20:14:00,4390.68,4390.73,4389.94,4390.35,242
1788394500,2026-09-03 00:15:00,2026-09-02 20:15:00,4390.33,4390.4,4385.51,4386.04,529
1788394560,2026-09-03 00:16:00,2026-09-02 20:16:00,4386.08,4386.55,4385.33,4386.03,249
1788394620,2026-09-03 00:17:00,2026-09-02 20:17:00,4386.06,4388.35,4386.06,4387.44,302
1788394680,2026-09-03 00:18:00,2026-09-02 20:18:00,4387.44,4389.08,4387.44,4387.98,334
1788394740,2026-09-03 00:19:00,2026-09-02 20:19:00,4388.01,4388.69,4386.86,4386.99,265
1788394800,2026-09-03 00:20:00,2026-09-02 20:20:00,4386.99,4387.77,4386.36,4386.77,359
1788394860,2026-09-03 00:21:00,2026-09-02 20:21:00,4386.72,4386.74,4385.31,4386.16,286
1788394920,2026-09-03 00:22:00,2026-09-02 20:22:00,4386.18,4387.84,4386.17,4386.99,309
1788394980,2026-09-03 00:23:00,2026-09-02 20:23:00,4387.0,4387.96,4386.28,4387.45,308
1788395040,2026-09-03 00:24:00,2026-09-02 20:24:00,4387.52,4387.96,4386.19,4387.92,292
1788395100,2026-09-03 00:25:00,2026-09-02 20:25:00,4387.93,4388.88,4387.57,4388.88,343
1788395160,2026-09-03 00:26:00,2026-09-02 20:26:00,4388.89,4390.27,4388.62,4389.2,301
1788395220,2026-09-03 00:27:00,2026-09-02 20:27:00,4389.23,4389.53,4388.69,4388.73,275
1788395280,2026-09-03 00:28:00,2026-09-02 20:28:00,4388.74,4388.76,4387.04,4387.36,372
1788395340,2026-09-03 00:29:00,2026-09-02 20:29:00,4387.39,4387.91,4387.1,4387.23,264
1788395400,2026-09-03 00:30:00,2026-09-02 20:30:00,4387.23,4387.25,4385.66,4385.68,315
1788395460,2026-09-03 00:31:00,2026-09-02 20:31:00,4385.68,4386.25,4385.66,4386.23,183
1788395520,2026-09-03 00:32:00,2026-09-02 20:32:00,4386.24,4386.26,4385.02,4385.75,268
1788395580,2026-09-03 00:33:00,2026-09-02 20:33:00,4385.67,4385.76,4384.08,4384.1,187
1788395640,2026-09-03 00:34:00,2026-09-02 20:34:00,4384.12,4384.5,4382.73,4382.84,335
1788395700,2026-09-03 00:35:00,2026-09-02 20:35:00,4382.88,4384.7,4382.55,4384.69,266
1788395760,2026-09-03 00:36:00,2026-09-02 20:36:00,4384.7,4385.44,4384.29,4384.83,237
1788395820,2026-09-03 00:37:00,2026-09-02 20:37:00,4384.81,4386.94,4384.37,4386.8,232
1788395880,2026-09-03 00:38:00,2026-09-02 20:38:00,4386.81,4389.39,4386.16,4389.19,427
1788395940,2026-09-03 00:39:00,2026-09-02 20:39:00,4389.18,4389.61,4388.13,4389.08,284
1788396000,2026-09-03 00:40:00,2026-09-02 20:40:00,4389.07,4389.29,4387.16,4387.26,302
1788396060,2026-09-03 00:41:00,2026-09-02 20:41:00,4387.27,4388.96,4387.22,4388.87,263
1788396120,2026-09-03 00:42:00,2026-09-02 20:42:00,4388.87,4389.65,4387.41,4388.98,270
1788396180,2026-09-03 00:43:00,2026-09-02 20:43:00,4389.04,4389.81,4387.23,4387.27,305
1788396240,2026-09-03 00:44:00,2026-09-02 20:44:00,4387.29,4387.74,4387.1,4387.74,212
1788396300,2026-09-03 00:45:00,2026-09-02 20:45:00,4387.74,4387.89,4385.77,4386.75,447
1788396360,2026-09-03 00:46:00,2026-09-02 20:46:00,4386.74,4388.01,4386.61,4387.45,264
1788396420,2026-09-03 00:47:00,2026-09-02 20:47:00,4387.47,4387.98,4387.05,4387.61,294
1788396480,2026-09-03 00:48:00,2026-09-02 20:48:00,4387.61,4388.49,4387.16,4388.38,406
1788396540,2026-09-03 00:49:00,2026-09-02 20:49:00,4388.37,4389.98,4387.98,4389.98,363
1788396600,2026-09-03 00:50:00,2026-09-02 20:50:00,4389.99,4392.23,4389.99,4392.04,436
1788396660,2026-09-03 00:51:00,2026-09-02 20:51:00,4392.09,4392.22,4390.98,4392.13,278
1788396720,2026-09-03 00:52:00,2026-09-02 20:52:00,4392.15,4393.92,4391.82,4393.11,316
1788396780,2026-09-03 00:53:00,2026-09-02 20:53:00,4393.07,4393.07,4390.55,4391.61,418
1788396840,2026-09-03 00:54:00,2026-09-02 20:54:00,4391.62,4391.73,4389.33,4391.58,480
1788396900,2026-09-03 00:55:00,2026-09-02 20:55:00,4391.64,4392.15,4390.7,4391.15,309
1788396960,2026-09-03 00:56:00,2026-09-02 20:56:00,4391.2,4391.94,4391.2,4391.58,250
1788397020,2026-09-03 00:57:00,2026-09-02 20:57:00,4391.58,4394.06,4391.12,4393.86,430
1788397080,2026-09-03 00:58:00,2026-09-02 20:58:00,4393.87,4394.68,4393.46,4394.29,404
1788397140,2026-09-03 00:59:00,2026-09-02 20:59:00,4394.27,4397.87,4393.01,4395.49,480
1788397200,2026-09-03 01:00:00,2026-09-02 21:00:00,4395.51,4397.16,4389.28,4389.9,1218
1788397260,2026-09-03 01:01:00,2026-09-02 21:01:00,4389.96,4392.45,4389.24,4389.61,909
1788397320,2026-09-03 01:02:00,2026-09-02 21:02:00,4389.59,4394.78,4387.4,4394.76,937
1788397380,2026-09-03 01:03:00,2026-09-02 21:03:00,4394.77,4395.3,4389.6,4391.52,843
1788397440,2026-09-03 01:04:00,2026-09-02 21:04:00,4391.6,4395.63,4391.59,4395.53,778
1788397500,2026-09-03 01:05:00,2026-09-02 21:05:00,4395.52,4396.47,4392.59,4395.02,773
1788397560,2026-09-03 01:06:00,2026-09-02 21:06:00,4395.05,4396.44,4394.08,4395.55,646
1788397620,2026-09-03 01:07:00,2026-09-02 21:07:00,4395.56,4400.37,4395.55,4398.64,755
1788397680,2026-09-03 01:08:00,2026-09-02 21:08:00,4398.64,4401.51,4398.17,4401.24,590
1788397740,2026-09-03 01:09:00,2026-09-02 21:09:00,4401.25,4403.06,4400.48,4402.58,685
1788397800,2026-09-03 01:10:00,2026-09-02 21:10:00,4402.55,4405.49,4402.55,4405.06,849
1788397860,2026-09-03 01:11:00,2026-09-02 21:11:00,4405.04,4408.28,4404.26,4408.2,619
1788397920,2026-09-03 01:12:00,2026-09-02 21:12:00,4408.18,4409.41,4403.66,4404.43,837
1788397980,2026-09-03 01:13:00,2026-09-02 21:13:00,4404.42,4405.2,4402.1,4403.76,667
1788398040,2026-09-03 01:14:00,2026-09-02 21:14:00,4403.81,4403.82,4401.03,4401.42,678
1788398100,2026-09-03 01:15:00,2026-09-02 21:15:00,4401.4,4403.72,4399.95,4403.62,812
1788398160,2026-09-03 01:16:00,2026-09-02 21:16:00,4403.58,4403.58,4400.34,4400.72,519
1788398220,2026-09-03 01:17:00,2026-09-02 21:17:00,4400.65,4400.65,4398.71,4399.04,666
1788398280,2026-09-03 01:18:00,2026-09-02 21:18:00,4399.04,4399.42,4396.8,4398.93,488
1788398340,2026-09-03 01:19:00,2026-09-02 21:19:00,4398.99,4400.0,4398.31,4398.51,499
1788398400,2026-09-03 01:20:00,2026-09-02 21:20:00,4398.5,4401.14,4398.39,4400.71,640
1788398460,2026-09-03 01:21:00,2026-09-02 21:21:00,4400.7,4402.88,4400.17,4401.47,592
1788398520,2026-09-03 01:22:00,2026-09-02 21:22:00,4401.48,4402.94,4400.9,4402.65,495
1788398580,2026-09-03 01:23:00,2026-09-02 21:23:00,4402.67,4402.86,4399.11,4399.22,538
1788398640,2026-09-03 01:24:00,2026-09-02 21:24:00,4399.22,4399.31,4395.29,4396.04,678
1788398700,2026-09-03 01:25:00,2026-09-02 21:25:00,4395.96,4398.2,4395.78,4396.34,550
1788398760,2026-09-03 01:26:00,2026-09-02 21:26:00,4396.33,4397.51,4394.04,4394.81,644
1788398820,2026-09-03 01:27:00,2026-09-02 21:27:00,4394.8,4397.16,4394.35,4396.43,493
1788398880,2026-09-03 01:28:00,2026-09-02 21:28:00,4396.4,4399.83,4395.9,4398.75,560
1788398940,2026-09-03 01:29:00,2026-09-02 21:29:00,4398.76,4402.15,4398.35,4401.74,599
1788399000,2026-09-03 01:30:00,2026-09-02 21:30:00,4401.71,4405.17,4401.48,4405.17,797
1788399060,2026-09-03 01:31:00,2026-09-02 21:31:00,4405.21,4409.09,4404.69,4408.84,830
1788399120,2026-09-03 01:32:00,2026-09-02 21:32:00,4408.8,4409.09,4405.4,4406.7,696
1788399180,2026-09-03 01:33:00,2026-09-02 21:33:00,4406.66,4407.09,4404.29,4406.12,561
1788399240,2026-09-03 01:34:00,2026-09-02 21:34:00,4406.15,4409.33,4406.13,4409.15,556
1788399300,2026-09-03 01:35:00,2026-09-02 21:35:00,4409.15,4409.42,4406.35,4407.69,714
1788399360,2026-09-03 01:36:00,2026-09-02 21:36:00,4407.73,4409.13,4407.26,4408.36,555
1788399420,2026-09-03 01:37:00,2026-09-02 21:37:00,4408.35,4408.5,4404.87,4406.48,509
1788399480,2026-09-03 01:38:00,2026-09-02 21:38:00,4406.49,4407.2,4405.31,4406.62,502
1788399540,2026-09-03 01:39:00,2026-09-02 21:39:00,4406.59,4408.45,4406.59,4408.01,442
1788399600,2026-09-03 01:40:00,2026-09-02 21:40:00,4408.02,4408.08,4405.46,4405.94,465
1788399660,2026-09-03 01:41:00,2026-09-02 21:41:00,4405.95,4406.76,4404.23,4404.71,517
1788399720,2026-09-03 01:42:00,2026-09-02 21:42:00,4404.71,4405.37,4404.08,4404.45,462
1788399780,2026-09-03 01:43:00,2026-09-02 21:43:00,4404.44,4404.49,4400.77,4400.88,745
1788399840,2026-09-03 01:44:00,2026-09-02 21:44:00,4400.88,4401.63,4400.43,4400.83,447
1788399900,2026-09-03 01:45:00,2026-09-02 21:45:00,4400.77,4403.55,4400.26,4402.74,538
1788399960,2026-09-03 01:46:00,2026-09-02 21:46:00,4402.73,4402.73,4400.64,4401.64,450
1788400020,2026-09-03 01:47:00,2026-09-02 21:47:00,4401.57,4401.97,4401.1,4401.17,374
1788400080,2026-09-03 01:48:00,2026-09-02 21:48:00,4401.16,4403.95,4401.13,4403.91,538
1788400140,2026-09-03 01:49:00,2026-09-02 21:49:00,4403.93,4408.32,4403.67,4407.53,601
1788400200,2026-09-03 01:50:00,2026-09-02 21:50:00,4407.53,4407.53,4405.38,4405.44,477
1788400260,2026-09-03 01:51:00,2026-09-02 21:51:00,4405.42,4406.44,4404.56,4406.05,535
1788400320,2026-09-03 01:52:00,2026-09-02 21:52:00,4406.04,4407.43,4405.83,4407.29,435
1788400380,2026-09-03 01:53:00,2026-09-02 21:53:00,4407.3,4407.85,4406.67,4406.91,330
1788400440,2026-09-03 01:54:00,2026-09-02 21:54:00,4406.91,4407.69,4405.56,4407.49,524
1788400500,2026-09-03 01:55:00,2026-09-02 21:55:00,4407.52,4409.82,4407.39,4408.19,496
1788400560,2026-09-03 01:56:00,2026-09-02 21:56:00,4408.2,4409.27,4408.2,4408.56,360
1788400620,2026-09-03 01:57:00,2026-09-02 21:57:00,4408.54,4409.18,4407.19,4409.18,555
1788400680,2026-09-03 01:58:00,2026-09-02 21:58:00,4409.17,4411.84,4409.07,4411.14,612
1788400740,2026-09-03 01:59:00,2026-09-02 21:59:00,4411.14,4412.39,4409.55,4410.34,575
1788400800,2026-09-03 02:00:00,2026-09-02 22:00:00,4410.35,4411.67,4409.61,4410.8,755
1788400860,2026-09-03 02:01:00,2026-09-02 22:01:00,4410.79,4414.25,4410.44,4413.6,665
1788400920,2026-09-03 02:02:00,2026-09-02 22:02:00,4413.57,4415.57,4413.13,4415.3,627
1788400980,2026-09-03 02:03:00,2026-09-02 22:03:00,4415.26,4415.26,4412.94,4413.5,618
1788401040,2026-09-03 02:04:00,2026-09-02 22:04:00,4413.51,4414.04,4410.31,4410.84,628
1788401100,2026-09-03 02:05:00,2026-09-02 22:05:00,4410.83,4411.9,4409.84,4411.88,557
1788401160,2026-09-03 02:06:00,2026-09-02 22:06:00,4411.88,4412.88,4410.42,4410.73,666
1788401220,2026-09-03 02:07:00,2026-09-02 22:07:00,4410.73,4411.54,4409.88,4410.5,633
1788401280,2026-09-03 02:08:00,2026-09-02 22:08:00,4410.5,4412.31,4410.01,4410.92,560
1788401340,2026-09-03 02:09:00,2026-09-02 22:09:00,4410.91,4410.92,4409.19,4410.15,582
1788401400,2026-09-03 02:10:00,2026-09-02 22:10:00,4410.13,4413.29,4410.13,4413.19,689
1788401460,2026-09-03 02:11:00,2026-09-02 22:11:00,4413.15,4413.41,4410.7,4411.86,648
1788401520,2026-09-03 02:12:00,2026-09-02 22:12:00,4411.85,4413.0,4410.53,4412.61,722
1788401580,2026-09-03 02:13:00,2026-09-02 22:13:00,4412.62,4412.95,4409.63,4410.85,704
1788401640,2026-09-03 02:14:00,2026-09-02 22:14:00,4410.91,4411.34,4410.08,4411.12,708
1788401700,2026-09-03 02:15:00,2026-09-02 22:15:00,4411.18,4412.17,4411.14,4411.89,465
1788401760,2026-09-03 02:16:00,2026-09-02 22:16:00,4411.87,4413.42,4411.83,4412.53,470
1788401820,2026-09-03 02:17:00,2026-09-02 22:17:00,4412.54,4412.57,4409.41,4410.26,419
1788401880,2026-09-03 02:18:00,2026-09-02 22:18:00,4410.25,4410.74,4409.32,4410.42,423
1788401940,2026-09-03 02:19:00,2026-09-02 22:19:00,4410.48,4411.53,4410.16,4410.25,350
1788402000,2026-09-03 02:20:00,2026-09-02 22:20:00,4410.24,4410.98,4410.0,4410.81,342
1788402060,2026-09-03 02:21:00,2026-09-02 22:21:00,4410.8,4411.99,4410.43,4411.36,447
1788402120,2026-09-03 02:22:00,2026-09-02 22:22:00,4411.36,4412.57,4409.37,4409.52,475
1788402180,2026-09-03 02:23:00,2026-09-02 22:23:00,4409.53,4409.54,4406.79,4408.21,544
1788402240,2026-09-03 02:24:00,2026-09-02 22:24:00,4408.27,4410.53,4408.12,4409.65,422
1788402300,2026-09-03 02:25:00,2026-09-02 22:25:00,4409.67,4410.32,4407.81,4408.83,422
1788402360,2026-09-03 02:26:00,2026-09-02 22:26:00,4408.85,4409.06,4407.8,4408.06,355
1788402420,2026-09-03 02:27:00,2026-09-02 22:27:00,4408.07,4410.39,4407.82,4409.83,432
1788402480,2026-09-03 02:28:00,2026-09-02 22:28:00,4409.83,4410.73,4409.77,4410.5,385
1788402540,2026-09-03 02:29:00,2026-09-02 22:29:00,4410.51,4411.69,4410.29,4411.56,373
1788402600,2026-09-03 02:30:00,2026-09-02 22:30:00,4411.53,4415.44,4409.49,4415.26,775
1788402660,2026-09-03 02:31:00,2026-09-02 22:31:00,4415.28,4416.86,4414.87,4416.03,803
1788402720,2026-09-03 02:32:00,2026-09-02 22:32:00,4415.99,4417.42,4414.2,4414.51,626
1788402780,2026-09-03 02:33:00,2026-09-02 22:33:00,4414.58,4416.89,4414.58,4415.73,609
1788402840,2026-09-03 02:34:00,2026-09-02 22:34:00,4415.69,4417.25,4414.84,4415.52,576
1788402900,2026-09-03 02:35:00,2026-09-02 22:35:00,4415.53,4417.22,4414.17,4415.06,686
1788402960,2026-09-03 02:36:00,2026-09-02 22:36:00,4415.07,4416.03,4414.07,4415.41,619
1788403020,2026-09-03 02:37:00,2026-09-02 22:37:00,4415.41,4418.09,4415.01,4416.29,657
1788403080,2026-09-03 02:38:00,2026-09-02 22:38:00,4416.31,4417.8,4415.45,4417.51,469
1788403140,2026-09-03 02:39:00,2026-09-02 22:39:00,4417.5,4417.78,4415.8,4416.31,520
1788403200,2026-09-03 02:40:00,2026-09-02 22:40:00,4416.31,4416.94,4416.09,4416.52,394
1788403260,2026-09-03 02:41:00,2026-09-02 22:41:00,4416.54,4416.72,4414.18,4414.85,530
1788403320,2026-09-03 02:42:00,2026-09-02 22:42:00,4414.88,4415.46,4413.59,4414.68,585
1788403380,2026-09-03 02:43:00,2026-09-02 22:43:00,4414.69,4415.25,4414.27,4414.83,356
1788403440,2026-09-03 02:44:00,2026-09-02 22:44:00,4414.83,4414.83,4412.68,4413.65,416
1788403500,2026-09-03 02:45:00,2026-09-02 22:45:00,4413.66,4414.31,4411.58,4413.74,577
1788403560,2026-09-03 02:46:00,2026-09-02 22:46:00,4413.73,4414.72,4412.95,4414.72,428
1788403620,2026-09-03 02:47:00,2026-09-02 22:47:00,4414.79,4415.78,4414.31,4414.43,452
1788403680,2026-09-03 02:48:00,2026-09-02 22:48:00,4414.44,4415.21,4412.34,4413.39,482
1788403740,2026-09-03 02:49:00,2026-09-02 22:49:00,4413.39,4417.51,4413.39,4417.33,557
1788403800,2026-09-03 02:50:00,2026-09-02 22:50:00,4417.33,4418.86,4416.67,4418.51,677
1788403860,2026-09-03 02:51:00,2026-09-02 22:51:00,4418.5,4418.68,4415.95,4416.83,632
1788403920,2026-09-03 02:52:00,2026-09-02 22:52:00,4416.83,4418.92,4416.72,4418.43,586
1788403980,2026-09-03 02:53:00,2026-09-02 22:53:00,4418.42,4418.59,4417.19,4418.27,538
1788404040,2026-09-03 02:54:00,2026-09-02 22:54:00,4418.23,4420.23,4418.21,4419.74,534
1788404100,2026-09-03 02:55:00,2026-09-02 22:55:00,4419.76,4420.08,4419.26,4419.54,457
1788404160,2026-09-03 02:56:00,2026-09-02 22:56:00,4419.53,4420.53,4419.05,4420.3,497
1788404220,2026-09-03 02:57:00,2026-09-02 22:57:00,4420.26,4420.27,4419.5,4419.96,418
1788404280,2026-09-03 02:58:00,2026-09-02 22:58:00,4419.95,4419.95,4419.02,4419.63,362
1788404340,2026-09-03 02:59:00,2026-09-02 22:59:00,4419.65,4420.42,4419.43,4420.41,403
1788404400,2026-09-03 03:00:00,2026-09-02 23:00:00,4420.39,4421.63,4420.29,4420.94,515
1788404460,2026-09-03 03:01:00,2026-09-02 23:01:00,4420.93,4421.88,4419.49,4419.91,460
1788404520,2026-09-03 03:02:00,2026-09-02 23:02:00,4419.98,4420.64,4419.52,4420.64,358
1788404580,2026-09-03 03:03:00,2026-09-02 23:03:00,4420.66,4423.01,4420.12,4422.66,472
1788404640,2026-09-03 03:04:00,2026-09-02 23:04:00,4422.64,4425.2,4422.35,4424.38,519
1788404700,2026-09-03 03:05:00,2026-09-02 23:05:00,4424.37,4425.01,4424.02,4424.83,472
1788404760,2026-09-03 03:06:00,2026-09-02 23:06:00,4424.82,4425.15,4424.21,4424.87,438
1788404820,2026-09-03 03:07:00,2026-09-02 23:07:00,4424.87,4426.18,4424.72,4425.73,460
1788404880,2026-09-03 03:08:00,2026-09-02 23:08:00,4425.72,4426.16,4424.82,4425.27,449
1788404940,2026-09-03 03:09:00,2026-09-02 23:09:00,4425.27,4425.32,4424.23,4425.15,346
1788405000,2026-09-03 03:10:00,2026-09-02 23:10:00,4425.15,4425.33,4424.02,4424.18,319
1788405060,2026-09-03 03:11:00,2026-09-02 23:11:00,4424.17,4425.27,4424.16,4425.06,316
1788405120,2026-09-03 03:12:00,2026-09-02 23:12:00,4425.05,4428.61,4424.92,4428.1,536
1788405180,2026-09-03 03:13:00,2026-09-02 23:13:00,4428.11,4430.16,4427.91,4428.58,417
1788405240,2026-09-03 03:14:00,2026-09-02 23:14:00,4428.59,4429.0,4426.95,4428.85,488
1788405300,2026-09-03 03:15:00,2026-09-02 23:15:00,4428.87,4430.39,4428.38,4430.06,502
1788405360,2026-09-03 03:16:00,2026-09-02 23:16:00,4430.07,4430.15,4427.94,4428.26,534
1788405420,2026-09-03 03:17:00,2026-09-02 23:17:00,4428.27,4428.3,4426.13,4426.21,500
1788405480,2026-09-03 03:18:00,2026-09-02 23:18:00,4426.22,4426.97,4425.59,4426.74,445
1788405540,2026-09-03 03:19:00,2026-09-02 23:19:00,4426.72,4427.19,4425.7,4426.36,592
1788405600,2026-09-03 03:20:00,2026-09-02 23:20:00,4426.35,4427.09,4425.09,4425.09,525
1788405660,2026-09-03 03:21:00,2026-09-02 23:21:00,4425.08,4425.86,4424.81,4425.32,439
1788405720,2026-09-03 03:22:00,2026-09-02 23:22:00,4425.35,4425.78,4424.7,4425.02,406
1788405780,2026-09-03 03:23:00,2026-09-02 23:23:00,4425.04,4425.57,4424.91,4425.53,240
1788405840,2026-09-03 03:24:00,2026-09-02 23:24:00,4425.52,4426.58,4425.14,4426.53,406
1788405900,2026-09-03 03:25:00,2026-09-02 23:25:00,4426.55,4427.08,4425.37,4426.88,512
1788405960,2026-09-03 03:26:00,2026-09-02 23:26:00,4426.88,4427.67,4426.7,4426.81,354
1788406020,2026-09-03 03:27:00,2026-09-02 23:27:00,4426.84,4427.62,4426.43,4427.34,357
1788406080,2026-09-03 03:28:00,2026-09-02 23:28:00,4427.3,4429.26,4427.3,4429.22,484
1788406140,2026-09-03 03:29:00,2026-09-02 23:29:00,4429.23,4431.3,4429.18,4429.44,495
1788406200,2026-09-03 03:30:00,2026-09-02 23:30:00,4429.43,4432.13,4429.39,4431.57,359
1788406260,2026-09-03 03:31:00,2026-09-02 23:31:00,4431.6,4431.72,4429.68,4430.18,374
1788406320,2026-09-03 03:32:00,2026-09-02 23:32:00,4430.16,4432.19,4430.16,4431.6,255
1788406380,2026-09-03 03:33:00,2026-09-02 23:33:00,4431.59,4432.01,4431.32,4431.49,235
1788406440,2026-09-03 03:34:00,2026-09-02 23:34:00,4431.44,4432.22,4431.4,4431.73,250
1788406500,2026-09-03 03:35:00,2026-09-02 23:35:00,4431.73,4431.92,4429.71,4429.91,417
1788406560,2026-09-03 03:36:00,2026-09-02 23:36:00,4429.95,4430.09,4429.47,4429.7,276
1788406620,2026-09-03 03:37:00,2026-09-02 23:37:00,4429.72,4430.44,4429.72,4430.34,277
1788406680,2026-09-03 03:38:00,2026-09-02 23:38:00,4430.37,4430.86,4430.06,4430.44,237
1788406740,2026-09-03 03:39:00,2026-09-02 23:39:00,4430.44,4430.64,4429.32,4430.59,199
1788406800,2026-09-03 03:40:00,2026-09-02 23:40:00,4430.59,4430.72,4429.41,4429.61,223
1788406860,2026-09-03 03:41:00,2026-09-02 23:41:00,4429.63,4430.41,4428.6,4429.34,386
1788406920,2026-09-03 03:42:00,2026-09-02 23:42:00,4429.33,4429.47,4428.4,4428.58,335
1788406980,2026-09-03 03:43:00,2026-09-02 23:43:00,4428.59,4428.6,4427.6,4427.6,233
1788407040,2026-09-03 03:44:00,2026-09-02 23:44:00,4427.63,4427.89,4426.68,4426.68,295
1788407100,2026-09-03 03:45:00,2026-09-02 23:45:00,4426.68,4427.42,4426.5,4427.24,283
1788407160,2026-09-03 03:46:00,2026-09-02 23:46:00,4427.24,4427.37,4426.16,4426.25,274
1788407220,2026-09-03 03:47:00,2026-09-02 23:47:00,4426.22,4426.27,4425.49,4425.56,336
1788407280,2026-09-03 03:48:00,2026-09-02 23:48:00,4425.57,4426.76,4425.57,4426.75,238
1788407340,2026-09-03 03:49:00,2026-09-02 23:49:00,4426.74,4428.61,4426.38,4427.16,357
1788407400,2026-09-03 03:50:00,2026-09-02 23:50:00,4427.16,4428.53,4426.26,4427.63,320
1788407460,2026-09-03 03:51:00,2026-09-02 23:51:00,4427.62,4427.93,4427.18,4427.74,152
1788407520,2026-09-03 03:52:00,2026-09-02 23:52:00,4427.79,4428.6,4427.05,4428.4,288
1788407580,2026-09-03 03:53:00,2026-09-02 23:53:00,4428.41,4430.68,4428.13,4429.22,398
1788407640,2026-09-03 03:54:00,2026-09-02 23:54:00,4429.22,4430.61,4428.31,4430.52,263
1788407700,2026-09-03 03:55:00,2026-09-02 23:55:00,4430.5,4431.29,4429.74,4431.27,281
1788407760,2026-09-03 03:56:00,2026-09-02 23:56:00,4431.26,4431.94,4431.11,4431.78,355
1788407820,2026-09-03 03:57:00,2026-09-02 23:57:00,4431.82,4432.54,4431.38,4432.04,228
1788407880,2026-09-03 03:58:00,2026-09-02 23:58:00,4432.04,4432.59,4431.52,4431.57,254
1788407940,2026-09-03 03:59:00,2026-09-02 23:59:00,4431.59,4431.88,4431.29,4431.52,180
1788408000,2026-09-03 04:00:00,2026-09-03 00:00:00,4431.51,4431.82,4430.53,4431.47,342
1788408060,2026-09-03 04:01:00,2026-09-03 00:01:00,4431.49,4431.72,4428.91,4429.03,384
1788408120,2026-09-03 04:02:00,2026-09-03 00:02:00,4429.06,4429.38,4428.62,4428.66,207
1788408180,2026-09-03 04:03:00,2026-09-03 00:03:00,4428.7,4428.82,4427.05,4427.81,327
1788408240,2026-09-03 04:04:00,2026-09-03 00:04:00,4427.81,4428.68,4427.05,4427.13,290
1788408300,2026-09-03 04:05:00,2026-09-03 00:05:00,4427.15,4427.24,4426.37,4426.74,350
1788408360,2026-09-03 04:06:00,2026-09-03 00:06:00,4426.73,4428.0,4426.35,4426.59,358
1788408420,2026-09-03 04:07:00,2026-09-03 00:07:00,4426.6,4430.8,4425.65,4429.71,478
1788408480,2026-09-03 04:08:00,2026-09-03 00:08:00,4429.72,4433.18,4429.37,4432.71,518
1788408540,2026-09-03 04:09:00,2026-09-03 00:09:00,4432.79,4433.89,4432.24,4433.58,427
1788408600,2026-09-03 04:10:00,2026-09-03 00:10:00,4433.57,4435.81,4433.57,4435.51,436
1788408660,2026-09-03 04:11:00,2026-09-03 00:11:00,4435.5,4435.88,4433.4,4434.65,386
1788408720,2026-09-03 04:12:00,2026-09-03 00:12:00,4434.64,4434.87,4432.57,4432.77,340
1788408780,2026-09-03 04:13:00,2026-09-03 00:13:00,4432.73,4432.81,4431.99,4432.13,243
1788408840,2026-09-03 04:14:00,2026-09-03 00:14:00,4432.15,4432.16,4430.8,4431.23,314
1788408900,2026-09-03 04:15:00,2026-09-03 00:15:00,4431.25,4431.57,4430.48,4430.5,235
1788408960,2026-09-03 04:16:00,2026-09-03 00:16:00,4430.51,4431.07,4430.1,4431.07,218
1788409020,2026-09-03 04:17:00,2026-09-03 00:17:00,4431.07,4431.46,4430.88,4430.95,201
1788409080,2026-09-03 04:18:00,2026-09-03 00:18:00,4430.94,4431.41,4430.9,4431.41,192
1788409140,2026-09-03 04:19:00,2026-09-03 00:19:00,4431.41,4431.43,4430.46,4430.91,262
1788409200,2026-09-03 04:20:00,2026-09-03 00:20:00,4430.9,4431.99,4430.85,4431.84,267
1788409260,2026-09-03 04:21:00,2026-09-03 00:21:00,4431.85,4432.51,4431.65,4432.34,277
1788409320,2026-09-03 04:22:00,2026-09-03 00:22:00,4432.32,4432.58,4431.61,4432.28,207
1788409380,2026-09-03 04:23:00,2026-09-03 00:23:00,4432.29,4432.94,4431.68,4432.8,155
1788409440,2026-09-03 04:24:00,2026-09-03 00:24:00,4432.8,4434.15,4432.8,4433.73,160
1788409500,2026-09-03 04:25:00,2026-09-03 00:25:00,4433.7,4436.92,4433.7,4435.81,248
1788409560,2026-09-03 04:26:00,2026-09-03 00:26:00,4435.83,4436.66,4435.69,4436.0,206
1788409620,2026-09-03 04:27:00,2026-09-03 00:27:00,4436.01,4436.04,4434.67,4435.42,261
1788409680,2026-09-03 04:28:00,2026-09-03 00:28:00,4435.44,4435.48,4435.02,4435.18,168
1788409740,2026-09-03 04:29:00,2026-09-03 00:29:00,4435.18,4436.63,4435.13,4436.63,213
1788409800,2026-09-03 04:30:00,2026-09-03 00:30:00,4436.66,4436.84,4436.09,4436.35,193
1788409860,2026-09-03 04:31:00,2026-09-03 00:31:00,4436.32,4437.11,4435.94,4436.01,342
1788409920,2026-09-03 04:32:00,2026-09-03 00:32:00,4436.01,4436.22,4435.59,4436.06,297
1788409980,2026-09-03 04:33:00,2026-09-03 00:33:00,4436.05,4437.28,4435.72,4436.71,287
1788410040,2026-09-03 04:34:00,2026-09-03 00:34:00,4436.7,4437.27,4435.92,4437.13,283
1788410100,2026-09-03 04:35:00,2026-09-03 00:35:00,4437.1,4437.59,4436.88,4436.93,207
1788410160,2026-09-03 04:36:00,2026-09-03 00:36:00,4436.93,4437.08,4436.16,4436.45,190
1788410220,2026-09-03 04:37:00,2026-09-03 00:37:00,4436.45,4437.17,4436.44,4436.95,273
1788410280,2026-09-03 04:38:00,2026-09-03 00:38:00,4436.96,4438.08,4436.96,4437.87,225
1788410340,2026-09-03 04:39:00,2026-09-03 00:39:00,4437.88,4438.41,4437.82,4438.2,188
1788410400,2026-09-03 04:40:00,2026-09-03 00:40:00,4438.19,4438.36,4436.72,4437.26,264
1788410460,2026-09-03 04:41:00,2026-09-03 00:41:00,4437.25,4437.51,4436.89,4437.44,163
1788410520,2026-09-03 04:42:00,2026-09-03 00:42:00,4437.43,4438.01,4437.43,4438.0,135
1788410580,2026-09-03 04:43:00,2026-09-03 00:43:00,4438.01,4438.11,4437.62,4438.06,132
1788410640,2026-09-03 04:44:00,2026-09-03 00:44:00,4438.05,4438.28,4438.01,4438.08,99
1788410700,2026-09-03 04:45:00,2026-09-03 00:45:00,4438.09,4438.45,4437.85,4437.85,182
1788410760,2026-09-03 04:46:00,2026-09-03 00:46:00,4437.81,4438.12,4437.49,4438.09,142
1788410820,2026-09-03 04:47:00,2026-09-03 00:47:00,4438.08,4438.1,4437.77,4437.87,100
1788410880,2026-09-03 04:48:00,2026-09-03 00:48:00,4437.88,4437.88,4436.52,4436.52,186
1788410940,2026-09-03 04:49:00,2026-09-03 00:49:00,4436.48,4436.69,4436.19,4436.3,169
1788411000,2026-09-03 04:50:00,2026-09-03 00:50:00,4436.31,4436.51,4436.1,4436.31,118
1788411060,2026-09-03 04:51:00,2026-09-03 00:51:00,4436.32,4436.39,4435.61,4436.15,164
1788411120,2026-09-03 04:52:00,2026-09-03 00:52:00,4436.16,4436.34,4435.58,4435.65,164
1788411180,2026-09-03 04:53:00,2026-09-03 00:53:00,4435.66,4435.87,4435.47,4435.48,121
1788411240,2026-09-03 04:54:00,2026-09-03 00:54:00,4435.49,4435.65,4435.1,4435.61,135
1788411300,2026-09-03 04:55:00,2026-09-03 00:55:00,4435.62,4436.36,4434.1,4435.81,351
1788411360,2026-09-03 04:56:00,2026-09-03 00:56:00,4435.83,4435.92,4435.32,4435.65,230
1788411420,2026-09-03 04:57:00,2026-09-03 00:57:00,4435.67,4437.33,4434.72,4436.14,307
1788411480,2026-09-03 04:58:00,2026-09-03 00:58:00,4436.16,4436.82,4435.8,4436.82,218
1788411540,2026-09-03 04:59:00,2026-09-03 00:59:00,4436.86,4437.76,4436.46,4437.43,155
1788411600,2026-09-03 05:00:00,2026-09-03 01:00:00,4437.38,4440.21,4437.36,4439.92,283
1788411660,2026-09-03 05:01:00,2026-09-03 01:01:00,4439.9,4439.9,4437.14,4437.16,331
1788411720,2026-09-03 05:02:00,2026-09-03 01:02:00,4437.15,4438.23,4437.04,4437.31,214
1788411780,2026-09-03 05:03:00,2026-09-03 01:03:00,4437.3,4437.58,4436.18,4437.08,257
1788411840,2026-09-03 05:04:00,2026-09-03 01:04:00,4437.11,4437.33,4436.42,4436.43,223
1788411900,2026-09-03 05:05:00,2026-09-03 01:05:00,4436.42,4436.59,4433.92,4434.32,350
1788411960,2026-09-03 05:06:00,2026-09-03 01:06:00,4434.33,4434.41,4432.17,4432.18,374
1788412020,2026-09-03 05:07:00,2026-09-03 01:07:00,4432.19,4433.41,4431.75,4433.12,345
1788412080,2026-09-03 05:08:00,2026-09-03 01:08:00,4433.09,4433.09,4431.94,4432.17,278
1788412140,2026-09-03 05:09:00,2026-09-03 01:09:00,4432.14,4432.32,4430.57,4430.79,289
1788412200,2026-09-03 05:10:00,2026-09-03 01:10:00,4430.77,4432.72,4430.77,4431.69,308
1788412260,2026-09-03 05:11:00,2026-09-03 01:11:00,4431.73,4432.2,4430.4,4430.73,343
1788412320,2026-09-03 05:12:00,2026-09-03 01:12:00,4430.74,4431.79,4430.72,4430.96,272
1788412380,2026-09-03 05:13:00,2026-09-03 01:13:00,4430.93,4431.38,4430.2,4430.35,321
1788412440,2026-09-03 05:14:00,2026-09-03 01:14:00,4430.36,4430.62,4428.94,4429.69,395
1788412500,2026-09-03 05:15:00,2026-09-03 01:15:00,4429.75,4430.69,4427.67,4428.18,425
1788412560,2026-09-03 05:16:00,2026-09-03 01:16:00,4428.19,4429.71,4427.82,4427.95,326
1788412620,2026-09-03 05:17:00,2026-09-03 01:17:00,4427.99,4428.4,4427.05,4428.36,379
1788412680,2026-09-03 05:18:00,2026-09-03 01:18:00,4428.35,4430.87,4428.09,4429.18,455
1788412740,2026-09-03 05:19:00,2026-09-03 01:19:00,4429.19,4429.5,4428.1,4428.6,388
1788412800,2026-09-03 05:20:00,2026-09-03 01:20:00,4428.62,4428.7,4426.19,4426.87,448
1788412860,2026-09-03 05:21:00,2026-09-03 01:21:00,4426.87,4427.52,4424.7,4424.7,546
1788412920,2026-09-03 05:22:00,2026-09-03 01:22:00,4424.7,4426.21,4424.13,4424.73,596
1788412980,2026-09-03 05:23:00,2026-09-03 01:23:00,4424.71,4424.73,4422.8,4423.63,610
1788413040,2026-09-03 05:24:00,2026-09-03 01:24:00,4423.58,4426.25,4423.4,4425.72,538
1788413100,2026-09-03 05:25:00,2026-09-03 01:25:00,4425.77,4426.84,4422.91,4424.36,630
1788413160,2026-09-03 05:26:00,2026-09-03 01:26:00,4424.34,4425.86,4424.2,4424.56,550
1788413220,2026-09-03 05:27:00,2026-09-03 01:27:00,4424.53,4426.18,4423.84,4424.68,560
1788413280,2026-09-03 05:28:00,2026-09-03 01:28:00,4424.71,4425.39,4424.46,4425.28,473
1788413340,2026-09-03 05:29:00,2026-09-03 01:29:00,4425.24,4427.45,4424.99,4425.1,417
1788413400,2026-09-03 05:30:00,2026-09-03 01:30:00,4425.09,4427.11,4422.45,4426.55,1087
1788413460,2026-09-03 05:31:00,2026-09-03 01:31:00,4426.54,4427.02,4424.42,4426.01,758
1788413520,2026-09-03 05:32:00,2026-09-03 01:32:00,4426.02,4429.82,4425.81,4429.71,668
1788413580,2026-09-03 05:33:00,2026-09-03 01:33:00,4429.75,4431.18,4428.79,4431.03,623
1788413640,2026-09-03 05:34:00,2026-09-03 01:34:00,4431.03,4432.87,4430.27,4430.83,648
1788413700,2026-09-03 05:35:00,2026-09-03 01:35:00,4430.85,4432.51,4428.57,4429.09,607
1788413760,2026-09-03 05:36:00,2026-09-03 01:36:00,4429.1,4429.21,4425.5,4427.29,726
1788413820,2026-09-03 05:37:00,2026-09-03 01:37:00,4427.29,4429.49,4426.12,4428.8,560
1788413880,2026-09-03 05:38:00,2026-09-03 01:38:00,4428.8,4429.57,4427.77,4428.52,527
1788413940,2026-09-03 05:39:00,2026-09-03 01:39:00,4428.61,4431.0,4428.2,4428.44,674
1788414000,2026-09-03 05:40:00,2026-09-03 01:40:00,4428.39,4428.99,4425.92,4426.82,635
1788414060,2026-09-03 05:41:00,2026-09-03 01:41:00,4426.83,4427.55,4425.77,4426.98,643
1788414120,2026-09-03 05:42:00,2026-09-03 01:42:00,4426.99,4430.14,4426.85,4429.58,734
1788414180,2026-09-03 05:43:00,2026-09-03 01:43:00,4429.59,4430.93,4429.59,4429.93,562
1788414240,2026-09-03 05:44:00,2026-09-03 01:44:00,4429.93,4432.47,4429.89,4432.31,625
1788414300,2026-09-03 05:45:00,2026-09-03 01:45:00,4432.33,4433.82,4431.8,4432.01,483
1788414360,2026-09-03 05:46:00,2026-09-03 01:46:00,4432.0,4432.23,4428.5,4428.89,524
1788414420,2026-09-03 05:47:00,2026-09-03 01:47:00,4428.9,4433.02,4428.9,4432.98,543
1788414480,2026-09-03 05:48:00,2026-09-03 01:48:00,4432.98,4435.82,4432.98,4435.82,634
1788414540,2026-09-03 05:49:00,2026-09-03 01:49:00,4435.81,4436.28,4434.13,4435.37,481
1788414600,2026-09-03 05:50:00,2026-09-03 01:50:00,4435.39,4438.72,4435.06,4438.65,555
1788414660,2026-09-03 05:51:00,2026-09-03 01:51:00,4438.66,4438.71,4436.14,4436.91,478
1788414720,2026-09-03 05:52:00,2026-09-03 01:52:00,4436.92,4439.24,4436.67,4436.67,522
1788414780,2026-09-03 05:53:00,2026-09-03 01:53:00,4436.69,4437.27,4434.34,4434.67,529
1788414840,2026-09-03 05:54:00,2026-09-03 01:54:00,4434.64,4435.13,4432.76,4433.42,496
1788414900,2026-09-03 05:55:00,2026-09-03 01:55:00,4433.43,4436.2,4433.34,4434.86,416
1788414960,2026-09-03 05:56:00,2026-09-03 01:56:00,4434.86,4436.46,4434.61,4434.73,456
1788415020,2026-09-03 05:57:00,2026-09-03 01:57:00,4434.79,4434.8,4432.0,4432.21,581
1788415080,2026-09-03 05:58:00,2026-09-03 01:58:00,4432.17,4432.73,4431.09,4432.55,504
1788415140,2026-09-03 05:59:00,2026-09-03 01:59:00,4432.55,4433.46,4430.47,4431.11,498
1788415200,2026-09-03 06:00:00,2026-09-03 02:00:00,4431.11,4433.94,4431.01,4432.47,774
1788415260,2026-09-03 06:01:00,2026-09-03 02:01:00,4432.47,4433.87,4429.58,4429.87,787
1788415320,2026-09-03 06:02:00,2026-09-03 02:02:00,4429.87,4430.58,4429.35,4429.63,588
1788415380,2026-09-03 06:03:00,2026-09-03 02:03:00,4429.62,4430.45,4428.99,4429.23,576
1788415440,2026-09-03 06:04:00,2026-09-03 02:04:00,4429.24,4430.51,4428.68,4430.51,600
1788415500,2026-09-03 06:05:00,2026-09-03 02:05:00,4430.52,4432.11,4429.61,4431.84,681
1788415560,2026-09-03 06:06:00,2026-09-03 02:06:00,4431.89,4436.0,4430.96,4435.88,780
1788415620,2026-09-03 06:07:00,2026-09-03 02:07:00,4435.89,4436.25,4431.48,4432.9,799
1788415680,2026-09-03 06:08:00,2026-09-03 02:08:00,4432.92,4434.46,4432.17,4434.24,703
1788415740,2026-09-03 06:09:00,2026-09-03 02:09:00,4434.26,4434.26,4430.91,4431.32,734
1788415800,2026-09-03 06:10:00,2026-09-03 02:10:00,4431.35,4431.56,4429.26,4430.65,626
1788415860,2026-09-03 06:11:00,2026-09-03 02:11:00,4430.66,4430.7,4426.4,4426.4,674
1788415920,2026-09-03 06:12:00,2026-09-03 02:12:00,4426.37,4427.68,4425.86,4427.57,560
1788415980,2026-09-03 06:13:00,2026-09-03 02:13:00,4427.58,4427.74,4425.96,4427.65,492
1788416040,2026-09-03 06:14:00,2026-09-03 02:14:00,4427.67,4428.6,4426.82,4426.99,476
1788416100,2026-09-03 06:15:00,2026-09-03 02:15:00,4427.01,4430.67,4427.01,4429.62,494
1788416160,2026-09-03 06:16:00,2026-09-03 02:16:00,4429.64,4429.93,4427.44,4427.45,608
1788416220,2026-09-03 06:17:00,2026-09-03 02:17:00,4427.44,4427.69,4426.1,4427.34,687
1788416280,2026-09-03 06:18:00,2026-09-03 02:18:00,4427.33,4429.92,4426.73,4426.91,640
1788416340,2026-09-03 06:19:00,2026-09-03 02:19:00,4426.9,4427.42,4425.19,4425.96,485
1788416400,2026-09-03 06:20:00,2026-09-03 02:20:00,4425.95,4427.11,4425.65,4425.97,415
1788416460,2026-09-03 06:21:00,2026-09-03 02:21:00,4425.98,4426.04,4423.28,4424.44,580
1788416520,2026-09-03 06:22:00,2026-09-03 02:22:00,4424.43,4424.48,4423.38,4423.5,477
1788416580,2026-09-03 06:23:00,2026-09-03 02:23:00,4423.49,4424.22,4420.73,4422.51,622
1788416640,2026-09-03 06:24:00,2026-09-03 02:24:00,4422.54,4423.01,4418.3,4419.17,605
1788416700,2026-09-03 06:25:00,2026-09-03 02:25:00,4419.17,4421.19,4418.85,4420.81,643
1788416760,2026-09-03 06:26:00,2026-09-03 02:26:00,4420.79,4423.67,4420.58,4422.8,527
1788416820,2026-09-03 06:27:00,2026-09-03 02:27:00,4422.81,4423.95,4422.81,4423.44,417
1788416880,2026-09-03 06:28:00,2026-09-03 02:28:00,4423.41,4423.48,4420.17,4420.27,549
1788416940,2026-09-03 06:29:00,2026-09-03 02:29:00,4420.28,4422.29,4420.28,4421.61,522
1788417000,2026-09-03 06:30:00,2026-09-03 02:30:00,4421.61,4422.81,4421.02,4422.52,624
1788417060,2026-09-03 06:31:00,2026-09-03 02:31:00,4422.53,4422.63,4421.18,4422.53,398
1788417120,2026-09-03 06:32:00,2026-09-03 02:32:00,4422.54,4423.04,4420.39,4421.58,479
1788417180,2026-09-03 06:33:00,2026-09-03 02:33:00,4421.61,4422.71,4421.3,4422.1,584
1788417240,2026-09-03 06:34:00,2026-09-03 02:34:00,4422.13,4423.34,4421.43,4423.19,568
1788417300,2026-09-03 06:35:00,2026-09-03 02:35:00,4423.18,4424.09,4422.59,4423.88,537
1788417360,2026-09-03 06:36:00,2026-09-03 02:36:00,4423.89,4425.68,4423.54,4425.51,644
1788417420,2026-09-03 06:37:00,2026-09-03 02:37:00,4425.5,4425.89,4423.32,4424.54,462
1788417480,2026-09-03 06:38:00,2026-09-03 02:38:00,4424.55,4425.6,4423.96,4425.32,475
1788417540,2026-09-03 06:39:00,2026-09-03 02:39:00,4425.31,4425.32,4422.55,4422.86,477
1788417600,2026-09-03 06:40:00,2026-09-03 02:40:00,4422.83,4424.55,4422.66,4424.16,477
1788417660,2026-09-03 06:41:00,2026-09-03 02:41:00,4424.18,4425.5,4424.18,4425.3,498
1788417720,2026-09-03 06:42:00,2026-09-03 02:42:00,4425.31,4425.31,4424.32,4425.21,465
1788417780,2026-09-03 06:43:00,2026-09-03 02:43:00,4425.22,4426.05,4425.03,4425.52,358
1788417840,2026-09-03 06:44:00,2026-09-03 02:44:00,4425.5,4426.06,4424.89,4425.58,483
1788417900,2026-09-03 06:45:00,2026-09-03 02:45:00,4425.59,4427.89,4425.15,4427.18,605
1788417960,2026-09-03 06:46:00,2026-09-03 02:46:00,4427.2,4428.76,4426.95,4426.96,521
1788418020,2026-09-03 06:47:00,2026-09-03 02:47:00,4427.01,4428.18,4426.56,4427.29,425
1788418080,2026-09-03 06:48:00,2026-09-03 02:48:00,4427.28,4427.84,4426.27,4426.75,503
1788418140,2026-09-03 06:49:00,2026-09-03 02:49:00,4426.76,4426.84,4425.58,4426.31,397
1788418200,2026-09-03 06:50:00,2026-09-03 02:50:00,4426.29,4426.29,4424.0,4424.26,409
1788418260,2026-09-03 06:51:00,2026-09-03 02:51:00,4424.26,4424.42,4423.87,4424.39,376
1788418320,2026-09-03 06:52:00,2026-09-03 02:52:00,4424.38,4424.38,4423.22,4423.39,437
1788418380,2026-09-03 06:53:00,2026-09-03 02:53:00,4423.37,4424.92,4423.12,4423.64,630
1788418440,2026-09-03 06:54:00,2026-09-03 02:54:00,4423.62,4423.73,4422.82,4423.0,335
1788418500,2026-09-03 06:55:00,2026-09-03 02:55:00,4422.97,4424.04,4421.96,4423.77,479
1788418560,2026-09-03 06:56:00,2026-09-03 02:56:00,4423.8,4423.8,4422.8,4423.12,432
1788418620,2026-09-03 06:57:00,2026-09-03 02:57:00,4423.13,4423.65,4422.08,4422.28,448
1788418680,2026-09-03 06:58:00,2026-09-03 02:58:00,4422.28,4422.28,4421.28,4421.41,372
1788418740,2026-09-03 06:59:00,2026-09-03 02:59:00,4421.4,4421.57,4420.58,4420.58,399
1788418800,2026-09-03 07:00:00,2026-09-03 03:00:00,4420.58,4422.64,4419.18,4422.52,734
1788418860,2026-09-03 07:01:00,2026-09-03 03:01:00,4422.44,4424.07,4421.81,4424.0,618
1788418920,2026-09-03 07:02:00,2026-09-03 03:02:00,4423.99,4428.41,4423.02,4427.41,700
1788418980,2026-09-03 07:03:00,2026-09-03 03:03:00,4427.42,4428.15,4425.31,4426.37,687
1788419040,2026-09-03 07:04:00,2026-09-03 03:04:00,4426.37,4431.39,4426.02,4431.35,926
1788419100,2026-09-03 07:05:00,2026-09-03 03:05:00,4431.36,4431.62,4427.35,4428.75,860
1788419160,2026-09-03 07:06:00,2026-09-03 03:06:00,4428.75,4428.87,4426.13,4427.99,698
1788419220,2026-09-03 07:07:00,2026-09-03 03:07:00,4428.06,4428.47,4425.44,4425.44,457
1788419280,2026-09-03 07:08:00,2026-09-03 03:08:00,4425.43,4425.56,4423.77,4424.02,641
1788419340,2026-09-03 07:09:00,2026-09-03 03:09:00,4424.03,4426.21,4423.97,4425.21,620
1788419400,2026-09-03 07:10:00,2026-09-03 03:10:00,4425.2,4425.33,4423.51,4424.25,578
1788419460,2026-09-03 07:11:00,2026-09-03 03:11:00,4424.23,4425.02,4423.58,4424.85,522
1788419520,2026-09-03 07:12:00,2026-09-03 03:12:00,4424.84,4425.24,4422.89,4423.37,577
1788419580,2026-09-03 07:13:00,2026-09-03 03:13:00,4423.36,4423.84,4421.79,4422.6,517
1788419640,2026-09-03 07:14:00,2026-09-03 03:14:00,4422.64,4422.98,4422.06,4422.08,352
1788419700,2026-09-03 07:15:00,2026-09-03 03:15:00,4422.08,4422.68,4421.7,4422.62,371
1788419760,2026-09-03 07:16:00,2026-09-03 03:16:00,4422.63,4425.19,4422.63,4424.35,493
1788419820,2026-09-03 07:17:00,2026-09-03 03:17:00,4424.36,4425.01,4422.93,4423.58,384
1788419880,2026-09-03 07:18:00,2026-09-03 03:18:00,4423.58,4425.88,4422.47,4425.82,536
1788419940,2026-09-03 07:19:00,2026-09-03 03:19:00,4425.85,4427.04,4425.19,4425.32,451
1788420000,2026-09-03 07:20:00,2026-09-03 03:20:00,4425.33,4426.4,4424.95,4426.01,430
1788420060,2026-09-03 07:21:00,2026-09-03 03:21:00,4425.99,4426.33,4424.78,4424.8,435
1788420120,2026-09-03 07:22:00,2026-09-03 03:22:00,4424.81,4426.59,4424.57,4426.26,459
1788420180,2026-09-03 07:23:00,2026-09-03 03:23:00,4426.26,4430.04,4426.26,4429.93,401
1788420240,2026-09-03 07:24:00,2026-09-03 03:24:00,4429.96,4430.22,4428.53,4429.65,444
1788420300,2026-09-03 07:25:00,2026-09-03 03:25:00,4429.66,4430.19,4426.87,4427.17,639
1788420360,2026-09-03 07:26:00,2026-09-03 03:26:00,4427.16,4427.48,4426.15,4426.17,569
1788420420,2026-09-03 07:27:00,2026-09-03 03:27:00,4426.18,4428.22,4425.42,4427.56,533
1788420480,2026-09-03 07:28:00,2026-09-03 03:28:00,4427.51,4428.27,4426.98,4427.43,522
1788420540,2026-09-03 07:29:00,2026-09-03 03:29:00,4427.42,4427.89,4426.39,4426.44,479
1788420600,2026-09-03 07:30:00,2026-09-03 03:30:00,4426.45,4428.57,4426.29,4427.11,652
1788420660,2026-09-03 07:31:00,2026-09-03 03:31:00,4427.12,4428.06,4426.6,4428.06,402
1788420720,2026-09-03 07:32:00,2026-09-03 03:32:00,4428.05,4428.56,4427.37,4427.48,489
1788420780,2026-09-03 07:33:00,2026-09-03 03:33:00,4427.49,4427.88,4426.52,4427.32,461
1788420840,2026-09-03 07:34:00,2026-09-03 03:34:00,4427.3,4428.11,4427.3,4427.85,422
1788420900,2026-09-03 07:35:00,2026-09-03 03:35:00,4427.85,4430.69,4424.07,4425.54,1033
1788420960,2026-09-03 07:36:00,2026-09-03 03:36:00,4425.54,4426.5,4424.17,4424.17,693
1788421020,2026-09-03 07:37:00,2026-09-03 03:37:00,4424.13,4425.66,4423.69,4425.39,449
1788421080,2026-09-03 07:38:00,2026-09-03 03:38:00,4425.37,4428.71,4425.35,4427.83,512
1788421140,2026-09-03 07:39:00,2026-09-03 03:39:00,4427.83,4428.49,4427.33,4427.56,465
1788421200,2026-09-03 07:40:00,2026-09-03 03:40:00,4427.55,4429.89,4426.58,4429.89,608
1788421260,2026-09-03 07:41:00,2026-09-03 03:41:00,4429.92,4430.8,4429.19,4430.41,536
1788421320,2026-09-03 07:42:00,2026-09-03 03:42:00,4430.39,4430.39,4427.53,4427.53,510
1788421380,2026-09-03 07:43:00,2026-09-03 03:43:00,4427.59,4428.87,4427.36,4428.15,391
1788421440,2026-09-03 07:44:00,2026-09-03 03:44:00,4428.15,4428.34,4426.61,4426.74,333
1788421500,2026-09-03 07:45:00,2026-09-03 03:45:00,4426.73,4427.4,4426.25,4427.26,412
1788421560,2026-09-03 07:46:00,2026-09-03 03:46:00,4427.25,4428.61,4426.42,4428.49,386
1788421620,2026-09-03 07:47:00,2026-09-03 03:47:00,4428.49,4428.76,4425.88,4426.02,420
1788421680,2026-09-03 07:48:00,2026-09-03 03:48:00,4426.02,4426.26,4424.3,4425.59,453
1788421740,2026-09-03 07:49:00,2026-09-03 03:49:00,4425.59,4428.25,4425.58,4426.41,532
1788421800,2026-09-03 07:50:00,2026-09-03 03:50:00,4426.37,4427.12,4425.81,4425.88,491
1788421860,2026-09-03 07:51:00,2026-09-03 03:51:00,4425.86,4426.1,4424.82,4426.07,506
1788421920,2026-09-03 07:52:00,2026-09-03 03:52:00,4426.08,4427.09,4425.8,4427.03,410
1788421980,2026-09-03 07:53:00,2026-09-03 03:53:00,4427.0,4429.12,4427.0,4428.74,534
1788422040,2026-09-03 07:54:00,2026-09-03 03:54:00,4428.74,4431.05,4428.28,4430.59,443
1788422100,2026-09-03 07:55:00,2026-09-03 03:55:00,4430.51,4430.51,4428.18,4428.35,404
1788422160,2026-09-03 07:56:00,2026-09-03 03:56:00,4428.36,4429.4,4428.31,4429.19,406
1788422220,2026-09-03 07:57:00,2026-09-03 03:57:00,4429.21,4430.26,4428.67,4429.13,465
1788422280,2026-09-03 07:58:00,2026-09-03 03:58:00,4429.11,4430.15,4428.6,4429.25,401
1788422340,2026-09-03 07:59:00,2026-09-03 03:59:00,4429.25,4429.49,4428.74,4428.84,331
1788422400,2026-09-03 08:00:00,2026-09-03 04:00:00,4428.83,4429.81,4428.2,4429.35,791
1788422460,2026-09-03 08:01:00,2026-09-03 04:01:00,4429.34,4430.47,4428.66,4429.44,561
1788422520,2026-09-03 08:02:00,2026-09-03 04:02:00,4429.43,4430.23,4428.11,4429.87,510
1788422580,2026-09-03 08:03:00,2026-09-03 04:03:00,4429.88,4437.09,4428.16,4435.68,806
1788422640,2026-09-03 08:04:00,2026-09-03 04:04:00,4435.69,4438.96,4435.2,4438.67,699
1788422700,2026-09-03 08:05:00,2026-09-03 04:05:00,4438.63,4441.81,4434.81,4437.32,775
1788422760,2026-09-03 08:06:00,2026-09-03 04:06:00,4436.99,4443.24,4435.67,4440.36,1432
1788422820,2026-09-03 08:07:00,2026-09-03 04:07:00,4440.34,4442.33,4438.76,4441.35,1319
1788422880,2026-09-03 08:08:00,2026-09-03 04:08:00,4441.26,4443.72,4439.87,4439.87,1588
1788422940,2026-09-03 08:09:00,2026-09-03 04:09:00,4439.86,4439.88,4435.23,4435.4,1190
1788423000,2026-09-03 08:10:00,2026-09-03 04:10:00,4435.41,4435.64,4434.35,4435.23,720
1788423060,2026-09-03 08:11:00,2026-09-03 04:11:00,4435.23,4435.23,4433.13,4434.17,695
1788423120,2026-09-03 08:12:00,2026-09-03 04:12:00,4434.16,4435.32,4433.5,4433.7,630
1788423180,2026-09-03 08:13:00,2026-09-03 04:13:00,4433.71,4434.25,4431.45,4431.64,624
1788423240,2026-09-03 08:14:00,2026-09-03 04:14:00,4431.63,4433.17,4430.89,4431.53,600
1788423300,2026-09-03 08:15:00,2026-09-03 04:15:00,4431.54,4433.15,4430.83,4431.99,578
1788423360,2026-09-03 08:16:00,2026-09-03 04:16:00,4431.98,4434.21,4431.59,4433.85,596
1788423420,2026-09-03 08:17:00,2026-09-03 04:17:00,4433.85,4436.6,4433.85,4435.89,582
1788423480,2026-09-03 08:18:00,2026-09-03 04:18:00,4435.91,4436.0,4434.5,4435.64,530
1788423540,2026-09-03 08:19:00,2026-09-03 04:19:00,4435.66,4438.78,4435.66,4437.92,569
1788423600,2026-09-03 08:20:00,2026-09-03 04:20:00,4437.93,4439.09,4437.62,4438.77,438
1788423660,2026-09-03 08:21:00,2026-09-03 04:21:00,4438.78,4439.62,4438.16,4439.05,505
1788423720,2026-09-03 08:22:00,2026-09-03 04:22:00,4439.02,4439.19,4437.27,4437.39,581
1788423780,2026-09-03 08:23:00,2026-09-03 04:23:00,4437.37,4437.85,4435.07,4435.95,753
1788423840,2026-09-03 08:24:00,2026-09-03 04:24:00,4435.96,4438.23,4435.95,4437.49,638
1788423900,2026-09-03 08:25:00,2026-09-03 04:25:00,4437.51,4437.86,4436.63,4436.89,509
1788423960,2026-09-03 08:26:00,2026-09-03 04:26:00,4436.84,4438.53,4436.7,4436.76,488
1788424020,2026-09-03 08:27:00,2026-09-03 04:27:00,4436.78,4438.89,4436.23,4437.01,489
1788424080,2026-09-03 08:28:00,2026-09-03 04:28:00,4437.05,4438.13,4434.99,4435.95,453
1788424140,2026-09-03 08:29:00,2026-09-03 04:29:00,4435.97,4438.64,4435.74,4438.37,540
1788424200,2026-09-03 08:30:00,2026-09-03 04:30:00,4438.38,4438.38,4435.94,4437.45,504
1788424260,2026-09-03 08:31:00,2026-09-03 04:31:00,4437.46,4437.92,4435.97,4436.91,516
1788424320,2026-09-03 08:32:00,2026-09-03 04:32:00,4436.91,4437.98,4436.8,4437.71,428
1788424380,2026-09-03 08:33:00,2026-09-03 04:33:00,4437.71,4438.93,4436.89,4438.87,541
1788424440,2026-09-03 08:34:00,2026-09-03 04:34:00,4438.84,4439.59,4438.4,4439.07,521
1788424500,2026-09-03 08:35:00,2026-09-03 04:35:00,4439.09,4439.74,4436.92,4437.11,453
1788424560,2026-09-03 08:36:00,2026-09-03 04:36:00,4437.09,4438.42,4437.09,4437.89,320
1788424620,2026-09-03 08:37:00,2026-09-03 04:37:00,4437.83,4437.94,4435.94,4437.21,390
1788424680,2026-09-03 08:38:00,2026-09-03 04:38:00,4437.24,4437.53,4435.52,4436.15,433
1788424740,2026-09-03 08:39:00,2026-09-03 04:39:00,4436.14,4436.65,4434.26,4434.31,368
1788424800,2026-09-03 08:40:00,2026-09-03 04:40:00,4434.28,4435.36,4433.91,4434.34,398
1788424860,2026-09-03 08:41:00,2026-09-03 04:41:00,4434.35,4434.41,4432.9,4434.14,400
1788424920,2026-09-03 08:42:00,2026-09-03 04:42:00,4434.13,4434.13,4431.86,4432.0,407
1788424980,2026-09-03 08:43:00,2026-09-03 04:43:00,4432.04,4434.54,4431.45,4434.17,433
1788425040,2026-09-03 08:44:00,2026-09-03 04:44:00,4434.19,4434.67,4433.5,4434.18,412
1788425100,2026-09-03 08:45:00,2026-09-03 04:45:00,4434.19,4436.7,4434.19,4436.53,405
1788425160,2026-09-03 08:46:00,2026-09-03 04:46:00,4436.53,4439.34,4436.52,4439.08,449
1788425220,2026-09-03 08:47:00,2026-09-03 04:47:00,4439.05,4440.01,4438.53,4439.02,447
1788425280,2026-09-03 08:48:00,2026-09-03 04:48:00,4439.02,4439.42,4438.14,4438.75,494
1788425340,2026-09-03 08:49:00,2026-09-03 04:49:00,4438.74,4439.15,4438.08,4438.38,439
1788425400,2026-09-03 08:50:00,2026-09-03 04:50:00,4438.43,4438.43,4437.58,4437.83,322
1788425460,2026-09-03 08:51:00,2026-09-03 04:51:00,4437.78,4438.03,4434.37,4435.06,499
1788425520,2026-09-03 08:52:00,2026-09-03 04:52:00,4435.05,4436.08,4434.56,4435.98,416
1788425580,2026-09-03 08:53:00,2026-09-03 04:53:00,4435.98,4436.51,4434.99,4435.36,461
1788425640,2026-09-03 08:54:00,2026-09-03 04:54:00,4435.35,4436.01,4435.35,4435.47,370
1788425700,2026-09-03 08:55:00,2026-09-03 04:55:00,4435.53,4435.53,4434.07,4434.5,374
1788425760,2026-09-03 08:56:00,2026-09-03 04:56:00,4434.5,4435.2,4434.07,4435.17,343
1788425820,2026-09-03 08:57:00,2026-09-03 04:57:00,4435.17,4437.0,4435.05,4436.87,378
1788425880,2026-09-03 08:58:00,2026-09-03 04:58:00,4436.87,4437.59,4436.46,4436.65,356
1788425940,2026-09-03 08:59:00,2026-09-03 04:59:00,4436.66,4436.66,4434.92,4434.97,464
1788426000,2026-09-03 09:00:00,2026-09-03 05:00:00,4434.96,4437.5,4434.79,4437.39,622
1788426060,2026-09-03 09:01:00,2026-09-03 05:01:00,4437.39,4437.8,4435.28,4436.49,714
1788426120,2026-09-03 09:02:00,2026-09-03 05:02:00,4436.47,4436.59,4435.6,4435.6,405
1788426180,2026-09-03 09:03:00,2026-09-03 05:03:00,4435.61,4435.61,4434.19,4435.35,489
1788426240,2026-09-03 09:04:00,2026-09-03 05:04:00,4435.36,4437.48,4435.18,4437.26,410
1788426300,2026-09-03 09:05:00,2026-09-03 05:05:00,4437.26,4437.91,4435.89,4436.81,467
1788426360,2026-09-03 09:06:00,2026-09-03 05:06:00,4436.81,4438.16,4435.09,4438.16,534
1788426420,2026-09-03 09:07:00,2026-09-03 05:07:00,4438.17,4439.46,4436.67,4439.33,450
1788426480,2026-09-03 09:08:00,2026-09-03 05:08:00,4439.32,4442.0,4439.03,4440.68,539
1788426540,2026-09-03 09:09:00,2026-09-03 05:09:00,4440.71,4440.84,4439.77,4439.94,393
1788426600,2026-09-03 09:10:00,2026-09-03 05:10:00,4439.9,4439.9,4438.82,4439.71,447
1788426660,2026-09-03 09:11:00,2026-09-03 05:11:00,4439.72,4439.85,4438.32,4438.84,382
1788426720,2026-09-03 09:12:00,2026-09-03 05:12:00,4438.85,4439.29,4437.91,4438.94,361
1788426780,2026-09-03 09:13:00,2026-09-03 05:13:00,4438.93,4440.02,4438.64,4439.61,421
1788426840,2026-09-03 09:14:00,2026-09-03 05:14:00,4439.6,4439.75,4437.9,4438.12,497
1788426900,2026-09-03 09:15:00,2026-09-03 05:15:00,4438.11,4438.33,4437.3,4437.82,400
1788426960,2026-09-03 09:16:00,2026-09-03 05:16:00,4437.82,4438.3,4436.18,4436.88,495
1788427020,2026-09-03 09:17:00,2026-09-03 05:17:00,4436.89,4437.7,4435.99,4437.32,358
1788427080,2026-09-03 09:18:00,2026-09-03 05:18:00,4437.31,4437.91,4436.87,4437.31,409
1788427140,2026-09-03 09:19:00,2026-09-03 05:19:00,4437.32,4437.38,4434.64,4434.75,466
1788427200,2026-09-03 09:20:00,2026-09-03 05:20:00,4434.76,4435.42,4434.52,4434.79,389
1788427260,2026-09-03 09:21:00,2026-09-03 05:21:00,4434.78,4435.04,4433.45,4434.17,427
1788427320,2026-09-03 09:22:00,2026-09-03 05:22:00,4434.16,4434.86,4433.96,4433.96,454
1788427380,2026-09-03 09:23:00,2026-09-03 05:23:00,4433.95,4434.09,4432.07,4432.88,462
1788427440,2026-09-03 09:24:00,2026-09-03 05:24:00,4432.87,4433.08,4432.49,4432.62,452
1788427500,2026-09-03 09:25:00,2026-09-03 05:25:00,4432.62,4433.4,4432.24,4433.18,359
1788427560,2026-09-03 09:26:00,2026-09-03 05:26:00,4433.17,4433.22,4432.28,4432.85,397
1788427620,2026-09-03 09:27:00,2026-09-03 05:27:00,4432.85,4434.93,4432.49,4434.79,381
1788427680,2026-09-03 09:28:00,2026-09-03 05:28:00,4434.78,4435.82,4433.88,4434.93,403
1788427740,2026-09-03 09:29:00,2026-09-03 05:29:00,4434.97,4435.84,4434.52,4435.28,405
1788427800,2026-09-03 09:30:00,2026-09-03 05:30:00,4435.24,4437.19,4433.88,4434.86,741
1788427860,2026-09-03 09:31:00,2026-09-03 05:31:00,4434.87,4436.01,4433.77,4435.0,621
1788427920,2026-09-03 09:32:00,2026-09-03 05:32:00,4435.01,4437.38,4434.49,4437.06,506
1788427980,2026-09-03 09:33:00,2026-09-03 05:33:00,4437.09,4437.94,4437.05,4437.51,390
1788428040,2026-09-03 09:34:00,2026-09-03 05:34:00,4437.51,4437.91,4436.21,4437.11,321
1788428100,2026-09-03 09:35:00,2026-09-03 05:35:00,4437.12,4438.03,4436.41,4438.02,457
1788428160,2026-09-03 09:36:00,2026-09-03 05:36:00,4438.03,4438.11,4434.94,4435.27,499
1788428220,2026-09-03 09:37:00,2026-09-03 05:37:00,4435.26,4435.26,4432.13,4432.63,525
1788428280,2026-09-03 09:38:00,2026-09-03 05:38:00,4432.62,4432.9,4430.99,4431.48,457
1788428340,2026-09-03 09:39:00,2026-09-03 05:39:00,4431.45,4433.41,4430.73,4432.75,407
1788428400,2026-09-03 09:40:00,2026-09-03 05:40:00,4432.75,4434.24,4432.1,4432.1,505
1788428460,2026-09-03 09:41:00,2026-09-03 05:41:00,4432.1,4433.46,4431.76,4433.25,434
1788428520,2026-09-03 09:42:00,2026-09-03 05:42:00,4433.24,4433.36,4432.27,4432.78,397
1788428580,2026-09-03 09:43:00,2026-09-03 05:43:00,4432.79,4433.06,4431.76,4431.76,282
1788428640,2026-09-03 09:44:00,2026-09-03 05:44:00,4431.76,4431.76,4429.64,4430.06,423
1788428700,2026-09-03 09:45:00,2026-09-03 05:45:00,4430.06,4430.21,4427.96,4427.96,399
1788428760,2026-09-03 09:46:00,2026-09-03 05:46:00,4428.0,4429.09,4426.83,4428.84,381
1788428820,2026-09-03 09:47:00,2026-09-03 05:47:00,4428.82,4429.74,4428.34,4428.4,299
1788428880,2026-09-03 09:48:00,2026-09-03 05:48:00,4428.41,4429.29,4428.12,4429.29,261
1788428940,2026-09-03 09:49:00,2026-09-03 05:49:00,4429.3,4429.3,4427.99,4429.07,368
1788429000,2026-09-03 09:50:00,2026-09-03 05:50:00,4429.04,4430.5,4428.87,4430.5,341
1788429060,2026-09-03 09:51:00,2026-09-03 05:51:00,4430.53,4430.53,4428.52,4428.57,275
1788429120,2026-09-03 09:52:00,2026-09-03 05:52:00,4428.57,4428.57,4426.67,4427.4,407
1788429180,2026-09-03 09:53:00,2026-09-03 05:53:00,4427.44,4428.17,4426.86,4427.06,337
1788429240,2026-09-03 09:54:00,2026-09-03 05:54:00,4427.03,4427.6,4426.86,4427.14,263
1788429300,2026-09-03 09:55:00,2026-09-03 05:55:00,4427.16,4427.27,4426.08,4426.44,341
1788429360,2026-09-03 09:56:00,2026-09-03 05:56:00,4426.42,4427.0,4425.74,4426.18,394
1788429420,2026-09-03 09:57:00,2026-09-03 05:57:00,4426.18,4428.52,4426.18,4428.48,328
1788429480,2026-09-03 09:58:00,2026-09-03 05:58:00,4428.49,4429.23,4426.74,4427.18,550
1788429540,2026-09-03 09:59:00,2026-09-03 05:59:00,4427.16,4428.24,4427.16,4427.56,433
1788429600,2026-09-03 10:00:00,2026-09-03 06:00:00,4427.56,4428.46,4427.02,4427.16,516
1788429660,2026-09-03 10:01:00,2026-09-03 06:01:00,4427.16,4427.84,4426.78,4427.1,498
1788429720,2026-09-03 10:02:00,2026-09-03 06:02:00,4427.11,4427.39,4425.53,4426.57,446
1788429780,2026-09-03 10:03:00,2026-09-03 06:03:00,4426.55,4427.41,4425.77,4427.09,443
1788429840,2026-09-03 10:04:00,2026-09-03 06:04:00,4427.09,4427.74,4426.91,4427.38,378
1788429900,2026-09-03 10:05:00,2026-09-03 06:05:00,4427.39,4428.54,4427.33,4428.41,418
1788429960,2026-09-03 10:06:00,2026-09-03 06:06:00,4428.42,4429.74,4428.2,4429.36,413
1788430020,2026-09-03 10:07:00,2026-09-03 06:07:00,4429.36,4429.94,4428.23,4428.46,393
1788430080,2026-09-03 10:08:00,2026-09-03 06:08:00,4428.53,4428.54,4426.28,4426.62,393
1788430140,2026-09-03 10:09:00,2026-09-03 06:09:00,4426.65,4426.68,4425.26,4425.36,405
1788430200,2026-09-03 10:10:00,2026-09-03 06:10:00,4425.31,4425.79,4424.06,4424.17,513
1788430260,2026-09-03 10:11:00,2026-09-03 06:11:00,4424.18,4424.54,4423.38,4423.79,443
1788430320,2026-09-03 10:12:00,2026-09-03 06:12:00,4423.79,4424.65,4423.42,4423.42,537
1788430380,2026-09-03 10:13:00,2026-09-03 06:13:00,4423.4,4424.15,4423.17,4424.12,532
1788430440,2026-09-03 10:14:00,2026-09-03 06:14:00,4424.13,4425.29,4423.66,4424.57,439
1788430500,2026-09-03 10:15:00,2026-09-03 06:15:00,4424.56,4425.74,4424.05,4425.61,392
1788430560,2026-09-03 10:16:00,2026-09-03 06:16:00,4425.63,4425.67,4423.5,4423.64,440
1788430620,2026-09-03 10:17:00,2026-09-03 06:17:00,4423.64,4424.31,4423.27,4423.55,432
1788430680,2026-09-03 10:18:00,2026-09-03 06:18:00,4423.51,4423.91,4422.8,4423.65,373
1788430740,2026-09-03 10:19:00,2026-09-03 06:19:00,4423.66,4423.78,4421.87,4422.13,432
1788430800,2026-09-03 10:20:00,2026-09-03 06:20:00,4422.13,4422.26,4420.83,4421.58,417
1788430860,2026-09-03 10:21:00,2026-09-03 06:21:00,4421.56,4421.81,4421.03,4421.69,317
1788430920,2026-09-03 10:22:00,2026-09-03 06:22:00,4421.68,4423.0,4421.61,4422.8,299
1788430980,2026-09-03 10:23:00,2026-09-03 06:23:00,4422.8,4422.95,4421.22,4421.22,231
1788431040,2026-09-03 10:24:00,2026-09-03 06:24:00,4421.22,4422.39,4418.85,4419.96,452
1788431100,2026-09-03 10:25:00,2026-09-03 06:25:00,4419.96,4422.82,4419.96,4422.52,441
1788431160,2026-09-03 10:26:00,2026-09-03 06:26:00,4422.54,4423.07,4421.88,4422.71,336
1788431220,2026-09-03 10:27:00,2026-09-03 06:27:00,4422.73,4424.07,4421.98,4424.07,563
1788431280,2026-09-03 10:28:00,2026-09-03 06:28:00,4424.06,4424.16,4421.95,4421.95,463
1788431340,2026-09-03 10:29:00,2026-09-03 06:29:00,4421.94,4423.22,4421.38,4422.64,404
1788431400,2026-09-03 10:30:00,2026-09-03 06:30:00,4422.65,4422.65,4421.08,4421.41,510
1788431460,2026-09-03 10:31:00,2026-09-03 06:31:00,4421.42,4421.83,4420.24,4420.37,450
1788431520,2026-09-03 10:32:00,2026-09-03 06:32:00,4420.36,4423.26,4420.1,4421.79,539
1788431580,2026-09-03 10:33:00,2026-09-03 06:33:00,4421.78,4424.28,4421.46,4423.41,405
1788431640,2026-09-03 10:34:00,2026-09-03 06:34:00,4423.42,4423.6,4422.32,4422.65,361
1788431700,2026-09-03 10:35:00,2026-09-03 06:35:00,4422.65,4423.62,4422.08,4423.47,469
1788431760,2026-09-03 10:36:00,2026-09-03 06:36:00,4423.48,4424.94,4423.13,4423.93,450
1788431820,2026-09-03 10:37:00,2026-09-03 06:37:00,4423.92,4424.33,4422.66,4423.18,456
1788431880,2026-09-03 10:38:00,2026-09-03 06:38:00,4423.19,4423.59,4422.33,4423.52,396
1788431940,2026-09-03 10:39:00,2026-09-03 06:39:00,4423.53,4424.87,4423.18,4424.51,362
1788432000,2026-09-03 10:40:00,2026-09-03 06:40:00,4424.52,4425.08,4424.19,4424.85,339
1788432060,2026-09-03 10:41:00,2026-09-03 06:41:00,4424.86,4426.18,4424.57,4425.94,407
1788432120,2026-09-03 10:42:00,2026-09-03 06:42:00,4425.88,4426.03,4425.09,4425.7,345
1788432180,2026-09-03 10:43:00,2026-09-03 06:43:00,4425.7,4426.41,4425.43,4425.71,280
1788432240,2026-09-03 10:44:00,2026-09-03 06:44:00,4425.69,4426.01,4425.03,4425.75,304
1788432300,2026-09-03 10:45:00,2026-09-03 06:45:00,4425.75,4426.7,4425.52,4426.6,362
1788432360,2026-09-03 10:46:00,2026-09-03 06:46:00,4426.6,4426.6,4425.63,4425.79,261
1788432420,2026-09-03 10:47:00,2026-09-03 06:47:00,4425.81,4426.52,4425.51,4425.7,306
1788432480,2026-09-03 10:48:00,2026-09-03 06:48:00,4425.71,4425.84,4424.86,4425.22,201
1788432540,2026-09-03 10:49:00,2026-09-03 06:49:00,4425.17,4425.17,4424.27,4424.72,325
1788432600,2026-09-03 10:50:00,2026-09-03 06:50:00,4424.72,4425.27,4424.26,4424.66,296
1788432660,2026-09-03 10:51:00,2026-09-03 06:51:00,4424.67,4426.22,4424.55,4426.2,307
1788432720,2026-09-03 10:52:00,2026-09-03 06:52:00,4426.21,4426.69,4425.96,4426.68,233
1788432780,2026-09-03 10:53:00,2026-09-03 06:53:00,4426.66,4428.17,4426.55,4427.76,394
1788432840,2026-09-03 10:54:00,2026-09-03 06:54:00,4427.77,4428.08,4427.12,4428.08,292
1788432900,2026-09-03 10:55:00,2026-09-03 06:55:00,4428.09,4428.33,4427.46,4428.12,366
1788432960,2026-09-03 10:56:00,2026-09-03 06:56:00,4428.12,4428.6,4427.49,4428.33,310
1788433020,2026-09-03 10:57:00,2026-09-03 06:57:00,4428.32,4428.32,4427.23,4427.47,354
1788433080,2026-09-03 10:58:00,2026-09-03 06:58:00,4427.45,4427.9,4426.99,4427.85,299
1788433140,2026-09-03 10:59:00,2026-09-03 06:59:00,4427.85,4428.28,4427.37,4427.37,347
1788433200,2026-09-03 11:00:00,2026-09-03 07:00:00,4427.26,4429.26,4426.83,4427.22,663
1788433260,2026-09-03 11:01:00,2026-09-03 07:01:00,4427.18,4427.21,4425.15,4425.75,503
1788433320,2026-09-03 11:02:00,2026-09-03 07:02:00,4425.8,4426.54,4425.24,4426.5,403
1788433380,2026-09-03 11:03:00,2026-09-03 07:03:00,4426.51,4427.6,4426.38,4426.4,468
1788433440,2026-09-03 11:04:00,2026-09-03 07:04:00,4426.37,4427.1,4425.64,4426.43,438
1788433500,2026-09-03 11:05:00,2026-09-03 07:05:00,4426.41,4427.45,4426.39,4427.34,329
1788433560,2026-09-03 11:06:00,2026-09-03 07:06:00,4427.33,4427.35,4426.24,4427.01,335
1788433620,2026-09-03 11:07:00,2026-09-03 07:07:00,4427.02,4427.75,4426.57,4427.25,336
1788433680,2026-09-03 11:08:00,2026-09-03 07:08:00,4427.24,4430.15,4425.95,4429.48,581
1788433740,2026-09-03 11:09:00,2026-09-03 07:09:00,4429.5,4431.16,4429.28,4430.84,699
1788433800,2026-09-03 11:10:00,2026-09-03 07:10:00,4430.81,4430.97,4430.19,4430.35,523
1788433860,2026-09-03 11:11:00,2026-09-03 07:11:00,4430.34,4432.48,4430.2,4431.8,498
1788433920,2026-09-03 11:12:00,2026-09-03 07:12:00,4431.8,4432.71,4431.74,4432.43,350
1788433980,2026-09-03 11:13:00,2026-09-03 07:13:00,4432.41,4432.43,4431.34,4431.38,476
1788434040,2026-09-03 11:14:00,2026-09-03 07:14:00,4431.4,4432.84,4431.2,4432.77,376
1788434100,2026-09-03 11:15:00,2026-09-03 07:15:00,4432.75,4435.56,4432.48,4434.17,605
1788434160,2026-09-03 11:16:00,2026-09-03 07:16:00,4434.16,4434.84,4433.9,4434.29,471
1788434220,2026-09-03 11:17:00,2026-09-03 07:17:00,4434.28,4434.8,4433.56,4434.36,433
1788434280,2026-09-03 11:18:00,2026-09-03 07:18:00,4434.4,4438.13,4433.23,4435.21,800
1788434340,2026-09-03 11:19:00,2026-09-03 07:19:00,4435.24,4435.29,4433.99,4434.37,611
1788434400,2026-09-03 11:20:00,2026-09-03 07:20:00,4434.38,4434.74,4431.68,4431.85,478
1788434460,2026-09-03 11:21:00,2026-09-03 07:21:00,4431.84,4432.84,4431.31,4432.09,426
1788434520,2026-09-03 11:22:00,2026-09-03 07:22:00,4432.1,4432.3,4430.9,4431.68,348
1788434580,2026-09-03 11:23:00,2026-09-03 07:23:00,4431.67,4431.83,4430.94,4431.07,400
1788434640,2026-09-03 11:24:00,2026-09-03 07:24:00,4431.11,4431.47,4430.8,4431.4,333
1788434700,2026-09-03 11:25:00,2026-09-03 07:25:00,4431.39,4432.53,4430.44,4432.47,536
1788434760,2026-09-03 11:26:00,2026-09-03 07:26:00,4432.48,4435.3,4432.4,4433.33,550
1788434820,2026-09-03 11:27:00,2026-09-03 07:27:00,4433.36,4433.52,4432.17,4432.17,365
1788434880,2026-09-03 11:28:00,2026-09-03 07:28:00,4432.18,4433.25,4432.07,4433.25,349
1788434940,2026-09-03 11:29:00,2026-09-03 07:29:00,4433.26,4434.75,4432.68,4434.45,404
1788435000,2026-09-03 11:30:00,2026-09-03 07:30:00,4434.51,4435.56,4432.94,4433.01,481
1788435060,2026-09-03 11:31:00,2026-09-03 07:31:00,4433.04,4433.5,4426.7,4431.38,872
1788435120,2026-09-03 11:32:00,2026-09-03 07:32:00,4431.39,4433.15,4431.04,4432.45,466
1788435180,2026-09-03 11:33:00,2026-09-03 07:33:00,4432.46,4434.06,4432.46,4433.93,364
1788435240,2026-09-03 11:34:00,2026-09-03 07:34:00,4433.94,4434.77,4433.86,4434.4,343
1788435300,2026-09-03 11:35:00,2026-09-03 07:35:00,4434.41,4435.33,4434.34,4434.57,360
1788435360,2026-09-03 11:36:00,2026-09-03 07:36:00,4434.59,4436.91,4434.59,4436.29,426
1788435420,2026-09-03 11:37:00,2026-09-03 07:37:00,4436.3,4436.5,4434.69,4434.94,389
1788435480,2026-09-03 11:38:00,2026-09-03 07:38:00,4434.96,4436.01,4434.8,4436.01,363
1788435540,2026-09-03 11:39:00,2026-09-03 07:39:00,4436.02,4436.43,4435.75,4435.79,289
1788435600,2026-09-03 11:40:00,2026-09-03 07:40:00,4435.79,4438.85,4435.61,4438.52,405
1788435660,2026-09-03 11:41:00,2026-09-03 07:41:00,4438.49,4438.5,4437.13,4437.54,291
1788435720,2026-09-03 11:42:00,2026-09-03 07:42:00,4437.54,4439.12,4437.33,4438.67,318
1788435780,2026-09-03 11:43:00,2026-09-03 07:43:00,4438.71,4439.34,4438.4,4439.16,319
1788435840,2026-09-03 11:44:00,2026-09-03 07:44:00,4439.19,4439.2,4438.24,4438.82,321
1788435900,2026-09-03 11:45:00,2026-09-03 07:45:00,4438.83,4440.71,4438.24,4440.63,389
1788435960,2026-09-03 11:46:00,2026-09-03 07:46:00,4440.71,4440.76,4439.06,4439.37,473
1788436020,2026-09-03 11:47:00,2026-09-03 07:47:00,4439.37,4439.4,4438.49,4438.74,345
1788436080,2026-09-03 11:48:00,2026-09-03 07:48:00,4438.73,4438.77,4436.77,4438.15,487
1788436140,2026-09-03 11:49:00,2026-09-03 07:49:00,4438.15,4439.46,4437.7,4439.26,493
1788436200,2026-09-03 11:50:00,2026-09-03 07:50:00,4439.28,4439.71,4438.15,4438.59,436
1788436260,2026-09-03 11:51:00,2026-09-03 07:51:00,4438.65,4440.79,4438.62,4439.52,373
1788436320,2026-09-03 11:52:00,2026-09-03 07:52:00,4439.51,4441.87,4439.48,4441.05,459
1788436380,2026-09-03 11:53:00,2026-09-03 07:53:00,4441.06,4441.19,4439.01,4439.42,370
1788436440,2026-09-03 11:54:00,2026-09-03 07:54:00,4439.44,4440.53,4439.43,4440.16,308
1788436500,2026-09-03 11:55:00,2026-09-03 07:55:00,4440.17,4441.44,4439.8,4440.84,416
1788436560,2026-09-03 11:56:00,2026-09-03 07:56:00,4440.84,4442.16,4440.82,4441.69,333
1788436620,2026-09-03 11:57:00,2026-09-03 07:57:00,4441.67,4445.97,4441.45,4443.45,450
1788436680,2026-09-03 11:58:00,2026-09-03 07:58:00,4443.43,4444.48,4443.19,4444.0,422
1788436740,2026-09-03 11:59:00,2026-09-03 07:59:00,4444.0,4444.59,4443.68,4444.26,379
1788436800,2026-09-03 12:00:00,2026-09-03 08:00:00,4444.25,4444.6,4441.2,4443.98,672
1788436860,2026-09-03 12:01:00,2026-09-03 08:01:00,4443.99,4445.66,4443.41,4444.3,564
1788436920,2026-09-03 12:02:00,2026-09-03 08:02:00,4444.33,4445.81,4443.77,4445.57,520
1788436980,2026-09-03 12:03:00,2026-09-03 08:03:00,4445.59,4448.23,4445.59,4447.27,658
1788437040,2026-09-03 12:04:00,2026-09-03 08:04:00,4447.27,4448.6,4446.96,4448.35,601
1788437100,2026-09-03 12:05:00,2026-09-03 08:05:00,4448.36,4448.85,4447.73,4448.85,513
1788437160,2026-09-03 12:06:00,2026-09-03 08:06:00,4448.85,4449.02,4445.73,4446.03,503
1788437220,2026-09-03 12:07:00,2026-09-03 08:07:00,4446.03,4446.3,4445.1,4445.65,588
1788437280,2026-09-03 12:08:00,2026-09-03 08:08:00,4445.67,4447.03,4445.67,4446.47,500
1788437340,2026-09-03 12:09:00,2026-09-03 08:09:00,4446.47,4448.76,4445.88,4448.75,519
1788437400,2026-09-03 12:10:00,2026-09-03 08:10:00,4448.76,4450.22,4448.47,4450.14,614
1788437460,2026-09-03 12:11:00,2026-09-03 08:11:00,4450.13,4450.2,4446.73,4446.89,523
1788437520,2026-09-03 12:12:00,2026-09-03 08:12:00,4446.89,4447.08,4444.16,4444.56,557
1788437580,2026-09-03 12:13:00,2026-09-03 08:13:00,4444.55,4445.4,4443.36,4444.53,540
1788437640,2026-09-03 12:14:00,2026-09-03 08:14:00,4444.54,4444.89,4443.97,4443.97,463
1788437700,2026-09-03 12:15:00,2026-09-03 08:15:00,4443.85,4444.57,4443.6,4444.0,485
1788437760,2026-09-03 12:16:00,2026-09-03 08:16:00,4443.99,4443.99,4440.98,4441.78,628
1788437820,2026-09-03 12:17:00,2026-09-03 08:17:00,4441.79,4442.99,4440.86,4442.73,490
1788437880,2026-09-03 12:18:00,2026-09-03 08:18:00,4442.71,4443.65,4441.96,4442.77,546
1788437940,2026-09-03 12:19:00,2026-09-03 08:19:00,4442.77,4443.37,4441.32,4441.43,520
1788438000,2026-09-03 12:20:00,2026-09-03 08:20:00,4441.42,4441.98,4437.88,4438.86,821
1788438060,2026-09-03 12:21:00,2026-09-03 08:21:00,4438.87,4441.38,4438.59,4440.89,628
1788438120,2026-09-03 12:22:00,2026-09-03 08:22:00,4440.94,4442.8,4439.88,4441.99,638
1788438180,2026-09-03 12:23:00,2026-09-03 08:23:00,4441.93,4446.05,4441.91,4446.03,691
1788438240,2026-09-03 12:24:00,2026-09-03 08:24:00,4446.04,4449.17,4446.04,4446.7,670
1788438300,2026-09-03 12:25:00,2026-09-03 08:25:00,4446.68,4449.08,4446.18,4447.15,619
1788438360,2026-09-03 12:26:00,2026-09-03 08:26:00,4447.16,4449.0,4447.07,4448.46,555
1788438420,2026-09-03 12:27:00,2026-09-03 08:27:00,4448.42,4448.88,4447.43,4448.4,478
1788438480,2026-09-03 12:28:00,2026-09-03 08:28:00,4448.37,4448.67,4446.99,4447.4,467
1788438540,2026-09-03 12:29:00,2026-09-03 08:29:00,4447.41,4447.68,4446.47,4447.02,441
1788438600,2026-09-03 12:30:00,2026-09-03 08:30:00,4446.65,4466.96,4446.65,4451.91,718
1788438660,2026-09-03 12:31:00,2026-09-03 08:31:00,4451.61,4461.03,4450.49,4460.59,1081
1788438720,2026-09-03 12:32:00,2026-09-03 08:32:00,4460.58,4464.26,4458.06,4464.25,1429
1788438780,2026-09-03 12:33:00,2026-09-03 08:33:00,4464.24,4469.82,4464.11,4468.34,1593
1788438840,2026-09-03 12:34:00,2026-09-03 08:34:00,4468.31,4469.91,4464.15,4467.94,1576
1788438900,2026-09-03 12:35:00,2026-09-03 08:35:00,4467.93,4469.87,4464.89,4466.26,1537
1788438960,2026-09-03 12:36:00,2026-09-03 08:36:00,4466.21,4466.41,4459.85,4461.95,1473
1788439020,2026-09-03 12:37:00,2026-09-03 08:37:00,4462.01,4470.26,4461.5,4469.51,1451
1788439080,2026-09-03 12:38:00,2026-09-03 08:38:00,4469.49,4478.82,4468.33,4478.47,1704
1788439140,2026-09-03 12:39:00,2026-09-03 08:39:00,4478.46,4478.46,4474.14,4475.71,1120
1788439200,2026-09-03 12:40:00,2026-09-03 08:40:00,4475.75,4477.43,4472.98,4474.14,1060
1788439260,2026-09-03 12:41:00,2026-09-03 08:41:00,4474.12,4474.78,4466.0,4466.79,1150
1788439320,2026-09-03 12:42:00,2026-09-03 08:42:00,4466.76,4469.52,4465.21,4467.74,1037
1788439380,2026-09-03 12:43:00,2026-09-03 08:43:00,4467.76,4467.94,4464.92,4467.75,974
1788439440,2026-09-03 12:44:00,2026-09-03 08:44:00,4467.76,4469.23,4466.97,4467.93,959
1788439500,2026-09-03 12:45:00,2026-09-03 08:45:00,4467.9,4468.86,4465.63,4467.74,903
1788439560,2026-09-03 12:46:00,2026-09-03 08:46:00,4467.75,4474.88,4467.74,4474.62,1022
1788439620,2026-09-03 12:47:00,2026-09-03 08:47:00,4474.6,4477.48,4474.04,4475.4,1016
1788439680,2026-09-03 12:48:00,2026-09-03 08:48:00,4475.38,4479.58,4475.38,4478.88,983
1788439740,2026-09-03 12:49:00,2026-09-03 08:49:00,4478.86,4480.33,4477.69,4480.11,921
1788439800,2026-09-03 12:50:00,2026-09-03 08:50:00,4480.14,4481.73,4479.63,4481.33,853
1788439860,2026-09-03 12:51:00,2026-09-03 08:51:00,4481.35,4482.37,4479.89,4482.28,945
1788439920,2026-09-03 12:52:00,2026-09-03 08:52:00,4482.29,4487.04,4482.29,4484.9,995
1788439980,2026-09-03 12:53:00,2026-09-03 08:53:00,4484.88,4488.0,4484.4,4487.27,1099
1788440040,2026-09-03 12:54:00,2026-09-03 08:54:00,4487.29,4492.29,4487.29,4491.26,948
1788440100,2026-09-03 12:55:00,2026-09-03 08:55:00,4491.19,4494.39,4489.97,4493.95,1004
1788440160,2026-09-03 12:56:00,2026-09-03 08:56:00,4494.07,4494.45,4490.13,4493.05,927
1788440220,2026-09-03 12:57:00,2026-09-03 08:57:00,4493.05,4494.71,4490.93,4492.32,929
1788440280,2026-09-03 12:58:00,2026-09-03 08:58:00,4492.26,4495.31,4492.22,4494.56,906
1788440340,2026-09-03 12:59:00,2026-09-03 08:59:00,4494.57,4495.18,4491.83,4493.62,1032
1788440400,2026-09-03 13:00:00,2026-09-03 09:00:00,4493.67,4494.31,4489.18,4490.01,1681
1788440460,2026-09-03 13:01:00,2026-09-03 09:01:00,4490.05,4494.61,4490.03,4490.7,1324
1788440520,2026-09-03 13:02:00,2026-09-03 09:02:00,4490.67,4491.57,4488.48,4489.94,1283
1788440580,2026-09-03 13:03:00,2026-09-03 09:03:00,4489.97,4496.04,4489.51,4494.48,1261
1788440640,2026-09-03 13:04:00,2026-09-03 09:04:00,4494.5,4494.51,4488.38,4490.01,1130
1788440700,2026-09-03 13:05:00,2026-09-03 09:05:00,4490.06,4493.21,4489.88,4491.69,1022
1788440760,2026-09-03 13:06:00,2026-09-03 09:06:00,4491.69,4491.69,4486.97,4487.32,972
1788440820,2026-09-03 13:07:00,2026-09-03 09:07:00,4487.31,4490.57,4486.0,4489.5,928
1788440880,2026-09-03 13:08:00,2026-09-03 09:08:00,4489.51,4494.0,4489.07,4490.97,989
1788440940,2026-09-03 13:09:00,2026-09-03 09:09:00,4490.96,4490.98,4487.68,4488.11,815
1788441000,2026-09-03 13:10:00,2026-09-03 09:10:00,4488.13,4489.32,4485.93,4486.46,798
1788441060,2026-09-03 13:11:00,2026-09-03 09:11:00,4486.39,4490.32,4485.21,4489.26,912
1788441120,2026-09-03 13:12:00,2026-09-03 09:12:00,4489.28,4489.35,4486.27,4486.63,867
1788441180,2026-09-03 13:13:00,2026-09-03 09:13:00,4486.64,4488.92,4484.86,4485.58,892
1788441240,2026-09-03 13:14:00,2026-09-03 09:14:00,4485.58,4487.47,4485.18,4485.84,1056
1788441300,2026-09-03 13:15:00,2026-09-03 09:15:00,4485.85,4487.95,4484.99,4486.4,914
1788441360,2026-09-03 13:16:00,2026-09-03 09:16:00,4486.37,4486.74,4482.57,4483.86,927
1788441420,2026-09-03 13:17:00,2026-09-03 09:17:00,4483.87,4484.09,4480.46,4480.46,861
1788441480,2026-09-03 13:18:00,2026-09-03 09:18:00,4480.47,4481.95,4479.37,4481.44,899
1788441540,2026-09-03 13:19:00,2026-09-03 09:19:00,4481.47,4482.26,4479.31,4479.91,790
1788441600,2026-09-03 13:20:00,2026-09-03 09:20:00,4479.92,4480.21,4478.54,4479.74,811
1788441660,2026-09-03 13:21:00,2026-09-03 09:21:00,4479.78,4480.73,4478.67,4479.97,822
1788441720,2026-09-03 13:22:00,2026-09-03 09:22:00,4479.99,4484.64,4479.88,4482.39,833
1788441780,2026-09-03 13:23:00,2026-09-03 09:23:00,4482.38,4483.39,4480.48,4482.41,808
1788441840,2026-09-03 13:24:00,2026-09-03 09:24:00,4482.42,4483.89,4481.85,4483.66,807
1788441900,2026-09-03 13:25:00,2026-09-03 09:25:00,4483.62,4484.06,4478.18,4478.22,882
1788441960,2026-09-03 13:26:00,2026-09-03 09:26:00,4478.19,4478.86,4477.03,4477.44,755
1788442020,2026-09-03 13:27:00,2026-09-03 09:27:00,4477.48,4480.08,4477.48,4479.24,805
1788442080,2026-09-03 13:28:00,2026-09-03 09:28:00,4479.23,4480.08,4477.88,4478.32,785
1788442140,2026-09-03 13:29:00,2026-09-03 09:29:00,4478.37,4480.6,4478.14,4479.92,679
1788442200,2026-09-03 13:30:00,2026-09-03 09:30:00,4479.97,4481.34,4475.53,4477.43,1274
1788442260,2026-09-03 13:31:00,2026-09-03 09:31:00,4477.41,4478.56,4475.17,4475.29,1223
1788442320,2026-09-03 13:32:00,2026-09-03 09:32:00,4475.28,4479.7,4474.35,4477.86,1128
1788442380,2026-09-03 13:33:00,2026-09-03 09:33:00,4477.85,4482.41,4476.77,4481.49,1360
1788442440,2026-09-03 13:34:00,2026-09-03 09:34:00,4481.5,4481.96,4476.02,4477.63,1105
1788442500,2026-09-03 13:35:00,2026-09-03 09:35:00,4477.57,4480.05,4477.05,4479.25,1153
1788442560,2026-09-03 13:36:00,2026-09-03 09:36:00,4479.24,4479.47,4474.61,4475.4,739
1788442620,2026-09-03 13:37:00,2026-09-03 09:37:00,4475.41,4475.75,4473.61,4474.57,600
1788442680,2026-09-03 13:38:00,2026-09-03 09:38:00,4474.53,4476.92,4472.56,4474.44,536
1788442740,2026-09-03 13:39:00,2026-09-03 09:39:00,4474.45,4476.32,4473.54,4474.68,951
1788442800,2026-09-03 13:40:00,2026-09-03 09:40:00,4474.69,4476.46,4473.92,4475.26,771
1788442860,2026-09-03 13:41:00,2026-09-03 09:41:00,4475.25,4476.83,4474.7,4475.3,399
1788442920,2026-09-03 13:42:00,2026-09-03 09:42:00,4472.22,4472.58,4470.79,4471.06,420
1788442980,2026-09-03 13:43:00,2026-09-03 09:43:00,4471.09,4472.22,4468.98,4469.25,1012
1788443040,2026-09-03 13:44:00,2026-09-03 09:44:00,4469.24,4470.77,4468.19,4470.1,806
1788443100,2026-09-03 13:45:00,2026-09-03 09:45:00,4470.11,4470.34,4464.59,4464.73,976
1788443160,2026-09-03 13:46:00,2026-09-03 09:46:00,4464.76,4467.52,4464.28,4466.58,577
1788443220,2026-09-03 13:47:00,2026-09-03 09:47:00,4466.58,4466.69,4460.48,4462.11,966
1788443280,2026-09-03 13:48:00,2026-09-03 09:48:00,4462.1,4462.1,4459.57,4459.95,813
1788443340,2026-09-03 13:49:00,2026-09-03 09:49:00,4459.95,4460.37,4457.99,4458.25,840
1788443400,2026-09-03 13:50:00,2026-09-03 09:50:00,4458.24,4459.14,4456.9,4457.96,783
1788443460,2026-09-03 13:51:00,2026-09-03 09:51:00,4457.95,4461.89,4457.84,4461.79,1010
1788443520,2026-09-03 13:52:00,2026-09-03 09:52:00,4461.77,4463.37,4458.91,4462.86,989
1788443580,2026-09-03 13:53:00,2026-09-03 09:53:00,4462.87,4463.39,4460.7,4463.18,983
1788443640,2026-09-03 13:54:00,2026-09-03 09:54:00,4463.17,4464.87,4461.66,4463.48,944
1788443700,2026-09-03 13:55:00,2026-09-03 09:55:00,4463.46,4463.6,4460.01,4460.45,927
1788443760,2026-09-03 13:56:00,2026-09-03 09:56:00,4460.44,4464.43,4460.08,4463.31,970
1788443820,2026-09-03 13:57:00,2026-09-03 09:57:00,4463.32,4467.84,4463.24,4464.36,2644
1788443880,2026-09-03 13:58:00,2026-09-03 09:58:00,4464.4,4466.55,4463.86,4466.1,928
1788443940,2026-09-03 13:59:00,2026-09-03 09:59:00,4466.1,4471.51,4465.85,4470.93,761
1788444000,2026-09-03 14:00:00,2026-09-03 10:00:00,4470.57,4470.59,4457.25,4465.32,782
1788444060,2026-09-03 14:01:00,2026-09-03 10:01:00,4465.31,4468.22,4462.78,4464.64,1063
1788444120,2026-09-03 14:02:00,2026-09-03 10:02:00,4464.59,4466.83,4463.41,4465.45,941
1788444180,2026-09-03 14:03:00,2026-09-03 10:03:00,4465.46,4469.68,4463.61,4467.19,1316
1788444240,2026-09-03 14:04:00,2026-09-03 10:04:00,4467.17,4468.67,4464.9,4465.38,1358
1788444300,2026-09-03 14:05:00,2026-09-03 10:05:00,4465.37,4467.44,4464.51,4467.44,1026
1788444360,2026-09-03 14:06:00,2026-09-03 10:06:00,4467.43,4470.07,4467.06,4468.39,699
1788444420,2026-09-03 14:07:00,2026-09-03 10:07:00,4468.45,4472.97,4468.45,4472.29,939
1788444480,2026-09-03 14:08:00,2026-09-03 10:08:00,4472.27,4473.01,4470.31,4470.91,854
1788444540,2026-09-03 14:09:00,2026-09-03 10:09:00,4470.89,4471.4,4462.36,4462.66,1019
1788444600,2026-09-03 14:10:00,2026-09-03 10:10:00,4462.62,4466.01,4462.49,4465.06,983
1788444660,2026-09-03 14:11:00,2026-09-03 10:11:00,4465.02,4465.65,4461.58,4463.36,846
1788444720,2026-09-03 14:12:00,2026-09-03 10:12:00,4463.35,4464.71,4461.87,4464.62,992
1788444780,2026-09-03 14:13:00,2026-09-03 10:13:00,4464.68,4469.63,4464.36,4468.21,962
1788444840,2026-09-03 14:14:00,2026-09-03 10:14:00,4468.26,4469.71,4465.95,4469.4,1192
1788444900,2026-09-03 14:15:00,2026-09-03 10:15:00,4469.39,4469.98,4464.57,4466.42,1088
1788444960,2026-09-03 14:16:00,2026-09-03 10:16:00,4466.43,4471.99,4465.99,4470.93,1043
1788445020,2026-09-03 14:17:00,2026-09-03 10:17:00,4470.93,4474.89,4470.77,4472.52,1248
1788445080,2026-09-03 14:18:00,2026-09-03 10:18:00,4472.44,4476.53,4472.42,4475.46,1186
1788445140,2026-09-03 14:19:00,2026-09-03 10:19:00,4475.45,4476.39,4474.48,4475.3,1045
1788445200,2026-09-03 14:20:00,2026-09-03 10:20:00,4475.34,4477.46,4473.93,4476.76,1472
1788445260,2026-09-03 14:21:00,2026-09-03 10:21:00,4476.76,4480.84,4476.38,4479.25,1491
1788445320,2026-09-03 14:22:00,2026-09-03 10:22:00,4479.25,4480.76,4475.54,4475.66,1172
1788445380,2026-09-03 14:23:00,2026-09-03 10:23:00,4475.7,4476.56,4472.08,4476.36,1613
1788445440,2026-09-03 14:24:00,2026-09-03 10:24:00,4476.44,4478.46,4475.25,4475.87,970
1788445500,2026-09-03 14:25:00,2026-09-03 10:25:00,4476.0,4476.54,4473.41,4475.26,1059
1788445560,2026-09-03 14:26:00,2026-09-03 10:26:00,4475.26,4475.58,4470.78,4471.1,976
1788445620,2026-09-03 14:27:00,2026-09-03 10:27:00,4471.09,4474.19,4471.09,4473.3,886
1788445680,2026-09-03 14:28:00,2026-09-03 10:28:00,4473.3,4474.52,4472.33,4473.66,962
1788445740,2026-09-03 14:29:00,2026-09-03 10:29:00,4473.64,4478.24,4473.64,4477.48,971
1788445800,2026-09-03 14:30:00,2026-09-03 10:30:00,4477.43,4479.78,4476.66,4478.58,944
1788445860,2026-09-03 14:31:00,2026-09-03 10:31:00,4478.59,4479.18,4476.92,4477.34,982
1788445920,2026-09-03 14:32:00,2026-09-03 10:32:00,4477.34,4478.42,4475.2,4477.16,883
1788445980,2026-09-03 14:33:00,2026-09-03 10:33:00,4477.13,4478.24,4472.58,4472.66,967
1788446040,2026-09-03 14:34:00,2026-09-03 10:34:00,4472.65,4473.68,4470.64,4470.85,987
1788446100,2026-09-03 14:35:00,2026-09-03 10:35:00,4470.83,4473.59,4470.81,4472.64,915
1788446160,2026-09-03 14:36:00,2026-09-03 10:36:00,4472.65,4473.03,4470.8,4471.45,815
1788446220,2026-09-03 14:37:00,2026-09-03 10:37:00,4471.45,4471.48,4468.56,4470.49,894
1788446280,2026-09-03 14:38:00,2026-09-03 10:38:00,4470.5,4474.1,4470.02,4473.75,959
1788446340,2026-09-03 14:39:00,2026-09-03 10:39:00,4473.76,4473.8,4469.36,4469.52,1007
1788446400,2026-09-03 14:40:00,2026-09-03 10:40:00,4469.52,4470.37,4466.17,4466.85,938
1788446460,2026-09-03 14:41:00,2026-09-03 10:41:00,4466.83,4469.52,4466.68,4469.5,800
1788446520,2026-09-03 14:42:00,2026-09-03 10:42:00,4469.47,4471.88,4469.27,4470.38,807
1788446580,2026-09-03 14:43:00,2026-09-03 10:43:00,4470.41,4474.73,4469.68,4474.73,730
1788446640,2026-09-03 14:44:00,2026-09-03 10:44:00,4474.74,4475.02,4472.72,4472.97,688
1788446700,2026-09-03 14:45:00,2026-09-03 10:45:00,4472.95,4474.85,4472.94,4474.55,805
1788446760,2026-09-03 14:46:00,2026-09-03 10:46:00,4474.54,4476.47,4473.84,4476.47,758
1788446820,2026-09-03 14:47:00,2026-09-03 10:47:00,4476.49,4479.7,4476.15,4479.18,745
1788446880,2026-09-03 14:48:00,2026-09-03 10:48:00,4479.15,4480.1,4475.33,4475.33,781
1788446940,2026-09-03 14:49:00,2026-09-03 10:49:00,4475.31,4476.47,4473.14,4474.29,850
1788447000,2026-09-03 14:50:00,2026-09-03 10:50:00,4474.28,4479.37,4474.19,4478.61,823
1788447060,2026-09-03 14:51:00,2026-09-03 10:51:00,4478.62,4478.77,4476.1,4476.31,485
1788447120,2026-09-03 14:52:00,2026-09-03 10:52:00,4476.32,4476.87,4475.19,4475.84,728
1788447180,2026-09-03 14:53:00,2026-09-03 10:53:00,4475.86,4477.17,4475.66,4476.88,585
1788447240,2026-09-03 14:54:00,2026-09-03 10:54:00,4476.88,4477.13,4475.3,4476.94,802
1788447300,2026-09-03 14:55:00,2026-09-03 10:55:00,4476.93,4478.84,4476.93,4477.95,707
1788447360,2026-09-03 14:56:00,2026-09-03 10:56:00,4477.91,4479.62,4470.68,4476.28,586
1788447420,2026-09-03 14:57:00,2026-09-03 10:57:00,4476.27,4477.04,4475.16,4475.67,457
1788447480,2026-09-03 14:58:00,2026-09-03 10:58:00,4475.67,4477.69,4475.35,4477.35,536
1788447540,2026-09-03 14:59:00,2026-09-03 10:59:00,4477.4,4483.01,4477.4,4482.43,836
1788447600,2026-09-03 15:00:00,2026-09-03 11:00:00,4482.43,4483.51,4481.24,4483.51,625
1788447660,2026-09-03 15:01:00,2026-09-03 11:01:00,4483.53,4486.27,4482.95,4486.27,625
1788447720,2026-09-03 15:02:00,2026-09-03 11:02:00,4486.26,4486.27,4485.45,4486.06,138
1788447780,2026-09-03 15:03:00,2026-09-03 11:03:00,4492.53,4494.83,4492.16,4494.58,655
1788447840,2026-09-03 15:04:00,2026-09-03 11:04:00,4494.57,4500.35,4494.17,4498.94,1089
1788447900,2026-09-03 15:05:00,2026-09-03 11:05:00,4498.93,4500.26,4497.38,4499.66,872
1788447960,2026-09-03 15:06:00,2026-09-03 11:06:00,4499.69,4500.81,4498.23,4498.7,816
1788448020,2026-09-03 15:07:00,2026-09-03 11:07:00,4498.72,4499.76,4497.67,4499.02,790
1788448080,2026-09-03 15:08:00,2026-09-03 11:08:00,4499.05,4499.81,4496.79,4498.41,754
1788448140,2026-09-03 15:09:00,2026-09-03 11:09:00,4498.42,4504.03,4498.42,4502.63,1063
1788448200,2026-09-03 15:10:00,2026-09-03 11:10:00,4502.64,4502.98,4497.94,4499.18,937
1788448260,2026-09-03 15:11:00,2026-09-03 11:11:00,4499.19,4499.32,4495.45,4497.02,1301
1788448320,2026-09-03 15:12:00,2026-09-03 11:12:00,4497.03,4499.9,4496.36,4497.82,1597
1788448380,2026-09-03 15:13:00,2026-09-03 11:13:00,4497.83,4498.89,4496.35,4497.9,985
1788448440,2026-09-03 15:14:00,2026-09-03 11:14:00,4497.89,4504.15,4497.89,4503.8,928
1788448500,2026-09-03 15:15:00,2026-09-03 11:15:00,4503.78,4505.99,4502.76,4503.16,871
1788448560,2026-09-03 15:16:00,2026-09-03 11:16:00,4503.17,4504.54,4501.83,4503.19,844
1788448620,2026-09-03 15:17:00,2026-09-03 11:17:00,4503.18,4505.61,4503.14,4505.51,868
1788448680,2026-09-03 15:18:00,2026-09-03 11:18:00,4505.48,4507.77,4505.1,4507.45,1125
1788448740,2026-09-03 15:19:00,2026-09-03 11:19:00,4507.44,4510.79,4507.44,4510.35,910
1788448800,2026-09-03 15:20:00,2026-09-03 11:20:00,4510.35,4510.85,4508.59,4509.4,901
1788448860,2026-09-03 15:21:00,2026-09-03 11:21:00,4509.41,4509.85,4505.15,4505.15,824
1788448920,2026-09-03 15:22:00,2026-09-03 11:22:00,4505.16,4506.28,4503.9,4506.28,956
1788448980,2026-09-03 15:23:00,2026-09-03 11:23:00,4506.29,4507.04,4503.86,4506.9,879
1788449040,2026-09-03 15:24:00,2026-09-03 11:24:00,4506.88,4508.86,4504.68,4504.78,954
1788449100,2026-09-03 15:25:00,2026-09-03 11:25:00,4504.72,4506.59,4504.48,4505.57,820
1788449160,2026-09-03 15:26:00,2026-09-03 11:26:00,4505.56,4508.17,4505.12,4507.24,763
1788449220,2026-09-03 15:27:00,2026-09-03 11:27:00,4507.22,4507.89,4505.19,4505.88,803
1788449280,2026-09-03 15:28:00,2026-09-03 11:28:00,4505.87,4505.94,4504.15,4505.12,686
1788449340,2026-09-03 15:29:00,2026-09-03 11:29:00,4505.13,4507.62,4504.93,4506.63,906
1788449400,2026-09-03 15:30:00,2026-09-03 11:30:00,4506.6,4509.74,4506.6,4507.66,1015
1788449460,2026-09-03 15:31:00,2026-09-03 11:31:00,4507.68,4507.72,4504.36,4504.47,868
1788449520,2026-09-03 15:32:00,2026-09-03 11:32:00,4504.45,4504.72,4501.4,4502.65,738
1788449580,2026-09-03 15:33:00,2026-09-03 11:33:00,4502.66,4503.37,4500.23,4500.41,850
1788449640,2026-09-03 15:34:00,2026-09-03 11:34:00,4500.39,4503.55,4499.92,4503.21,731
1788449700,2026-09-03 15:35:00,2026-09-03 11:35:00,4503.22,4504.92,4502.02,4502.02,825
1788449760,2026-09-03 15:36:00,2026-09-03 11:36:00,4502.05,4503.03,4501.16,4501.47,741
1788449820,2026-09-03 15:37:00,2026-09-03 11:37:00,4501.48,4502.97,4500.43,4501.51,784
1788449880,2026-09-03 15:38:00,2026-09-03 11:38:00,4501.52,4501.68,4497.72,4497.72,818
1788449940,2026-09-03 15:39:00,2026-09-03 11:39:00,4497.71,4497.86,4495.46,4496.73,839
1788450000,2026-09-03 15:40:00,2026-09-03 11:40:00,4496.74,4498.53,4496.66,4496.96,762
1788450060,2026-09-03 15:41:00,2026-09-03 11:41:00,4496.95,4497.47,4495.68,4497.14,626
1788450120,2026-09-03 15:42:00,2026-09-03 11:42:00,4497.19,4497.3,4495.78,4496.7,637
1788450180,2026-09-03 15:43:00,2026-09-03 11:43:00,4496.68,4497.98,4496.13,4496.22,665
1788450240,2026-09-03 15:44:00,2026-09-03 11:44:00,4496.26,4496.74,4494.95,4495.05,592
1788450300,2026-09-03 15:45:00,2026-09-03 11:45:00,4495.06,4495.63,4491.71,4493.15,718
1788450360,2026-09-03 15:46:00,2026-09-03 11:46:00,4493.17,4493.23,4490.12,4492.06,793
1788450420,2026-09-03 15:47:00,2026-09-03 11:47:00,4491.99,4491.99,4490.2,4490.27,584
1788450480,2026-09-03 15:48:00,2026-09-03 11:48:00,4490.26,4490.26,4488.61,4488.93,600
1788450540,2026-09-03 15:49:00,2026-09-03 11:49:00,4488.95,4489.14,4487.68,4488.54,730
1788450600,2026-09-03 15:50:00,2026-09-03 11:50:00,4488.52,4490.09,4487.46,4489.84,686
1788450660,2026-09-03 15:51:00,2026-09-03 11:51:00,4489.83,4491.49,4488.65,4489.6,755
1788450720,2026-09-03 15:52:00,2026-09-03 11:52:00,4489.59,4490.92,4489.02,4490.29,663
1788450780,2026-09-03 15:53:00,2026-09-03 11:53:00,4490.3,4491.76,4489.45,4491.58,620
1788450840,2026-09-03 15:54:00,2026-09-03 11:54:00,4491.59,4492.14,4490.0,4490.45,708
1788450900,2026-09-03 15:55:00,2026-09-03 11:55:00,4490.46,4490.5,4488.94,4489.78,604
1788450960,2026-09-03 15:56:00,2026-09-03 11:56:00,4489.77,4491.22,4489.12,4490.12,601
1788451020,2026-09-03 15:57:00,2026-09-03 11:57:00,4490.11,4491.2,4486.21,4488.15,758
1788451080,2026-09-03 15:58:00,2026-09-03 11:58:00,4488.14,4491.38,4488.05,4491.26,563
1788451140,2026-09-03 15:59:00,2026-09-03 11:59:00,4491.28,4493.36,4491.15,4493.22,592
1788451200,2026-09-03 16:00:00,2026-09-03 12:00:00,4493.26,4493.56,4490.63,4491.33,685
1788451260,2026-09-03 16:01:00,2026-09-03 12:01:00,4491.34,4492.1,4490.5,4491.96,564
1788451320,2026-09-03 16:02:00,2026-09-03 12:02:00,4491.96,4493.05,4491.44,4492.45,553
1788451380,2026-09-03 16:03:00,2026-09-03 12:03:00,4492.44,4492.89,4490.38,4492.11,673
1788451440,2026-09-03 16:04:00,2026-09-03 12:04:00,4492.12,4492.52,4490.65,4490.7,578
1788451500,2026-09-03 16:05:00,2026-09-03 12:05:00,4490.75,4490.96,4489.33,4489.78,657
1788451560,2026-09-03 16:06:00,2026-09-03 12:06:00,4489.77,4489.98,4487.7,4489.28,681
1788451620,2026-09-03 16:07:00,2026-09-03 12:07:00,4489.28,4491.9,4489.28,4491.85,577
1788451680,2026-09-03 16:08:00,2026-09-03 12:08:00,4491.85,4493.16,4491.41,4492.34,620
1788451740,2026-09-03 16:09:00,2026-09-03 12:09:00,4492.35,4492.8,4491.92,4492.26,590
1788451800,2026-09-03 16:10:00,2026-09-03 12:10:00,4492.26,4494.51,4492.21,4494.44,573
1788451860,2026-09-03 16:11:00,2026-09-03 12:11:00,4494.43,4494.77,4493.11,4494.57,514
1788451920,2026-09-03 16:12:00,2026-09-03 12:12:00,4494.58,4495.5,4493.8,4494.12,610
1788451980,2026-09-03 16:13:00,2026-09-03 12:13:00,4494.12,4495.09,4492.68,4492.76,583
1788452040,2026-09-03 16:14:00,2026-09-03 12:14:00,4492.78,4493.98,4492.78,4493.97,496
1788452100,2026-09-03 16:15:00,2026-09-03 12:15:00,4493.96,4494.73,4492.77,4493.64,548
1788452160,2026-09-03 16:16:00,2026-09-03 12:16:00,4493.65,4494.5,4492.86,4494.08,519
1788452220,2026-09-03 16:17:00,2026-09-03 12:17:00,4494.06,4494.76,4493.56,4494.13,435
1788452280,2026-09-03 16:18:00,2026-09-03 12:18:00,4494.12,4494.12,4491.36,4491.91,506
1788452340,2026-09-03 16:19:00,2026-09-03 12:19:00,4491.93,4493.93,4491.71,4493.76,508
1788452400,2026-09-03 16:20:00,2026-09-03 12:20:00,4493.8,4494.29,4492.29,4492.34,462
1788452460,2026-09-03 16:21:00,2026-09-03 12:21:00,4492.34,4493.53,4491.91,4491.91,390
1788452520,2026-09-03 16:22:00,2026-09-03 12:22:00,4491.84,4492.51,4491.16,4491.19,463
1788452580,2026-09-03 16:23:00,2026-09-03 12:23:00,4491.2,4493.27,4491.06,4492.94,473
1788452640,2026-09-03 16:24:00,2026-09-03 12:24:00,4492.98,4493.37,4492.15,4492.98,523
1788452700,2026-09-03 16:25:00,2026-09-03 12:25:00,4492.99,4493.71,4492.52,4492.52,561
1788452760,2026-09-03 16:26:00,2026-09-03 12:26:00,4492.5,4493.1,4491.45,4491.63,588
1788452820,2026-09-03 16:27:00,2026-09-03 12:27:00,4491.66,4493.06,4490.61,4493.06,547
1788452880,2026-09-03 16:28:00,2026-09-03 12:28:00,4493.07,4494.41,4492.7,4493.27,640
1788452940,2026-09-03 16:29:00,2026-09-03 12:29:00,4493.28,4493.48,4491.86,4493.35,640
1788453000,2026-09-03 16:30:00,2026-09-03 12:30:00,4493.38,4495.59,4492.97,4495.08,639
1788453060,2026-09-03 16:31:00,2026-09-03 12:31:00,4495.08,4495.19,4492.85,4492.94,608
1788453120,2026-09-03 16:32:00,2026-09-03 12:32:00,4492.93,4492.94,4489.46,4490.86,607
1788453180,2026-09-03 16:33:00,2026-09-03 12:33:00,4490.87,4492.17,4490.58,4491.97,433
1788453240,2026-09-03 16:34:00,2026-09-03 12:34:00,4492.0,4492.03,4490.55,4490.84,440
1788453300,2026-09-03 16:35:00,2026-09-03 12:35:00,4490.83,4491.03,4489.97,4490.81,455
1788453360,2026-09-03 16:36:00,2026-09-03 12:36:00,4490.83,4491.71,4490.6,4491.46,536
1788453420,2026-09-03 16:37:00,2026-09-03 12:37:00,4491.44,4491.64,4490.62,4490.89,542
1788453480,2026-09-03 16:38:00,2026-09-03 12:38:00,4490.89,4491.79,4490.59,4491.78,556
1788453540,2026-09-03 16:39:00,2026-09-03 12:39:00,4491.81,4491.87,4490.12,4491.26,533
1788453600,2026-09-03 16:40:00,2026-09-03 12:40:00,4491.24,4491.37,4489.0,4489.16,480
1788453660,2026-09-03 16:41:00,2026-09-03 12:41:00,4489.18,4489.6,4487.95,4488.73,520
1788453720,2026-09-03 16:42:00,2026-09-03 12:42:00,4488.71,4488.9,4487.98,4488.04,417
1788453780,2026-09-03 16:43:00,2026-09-03 12:43:00,4488.04,4488.75,4486.79,4487.53,516
1788453840,2026-09-03 16:44:00,2026-09-03 12:44:00,4487.54,4488.27,4487.54,4487.96,463
1788453900,2026-09-03 16:45:00,2026-09-03 12:45:00,4487.95,4489.73,4487.75,4489.69,483
1788453960,2026-09-03 16:46:00,2026-09-03 12:46:00,4489.7,4491.12,4489.7,4490.14,474
1788454020,2026-09-03 16:47:00,2026-09-03 12:47:00,4490.13,4490.47,4489.31,4489.7,481
1788454080,2026-09-03 16:48:00,2026-09-03 12:48:00,4489.7,4489.71,4487.37,4487.49,530
1788454140,2026-09-03 16:49:00,2026-09-03 12:49:00,4487.5,4489.1,4487.5,4488.88,399
1788454200,2026-09-03 16:50:00,2026-09-03 12:50:00,4488.86,4490.25,4488.33,4489.0,422
1788454260,2026-09-03 16:51:00,2026-09-03 12:51:00,4488.99,4488.99,4486.78,4487.16,541
1788454320,2026-09-03 16:52:00,2026-09-03 12:52:00,4487.15,4487.22,4485.58,4486.82,481
1788454380,2026-09-03 16:53:00,2026-09-03 12:53:00,4486.83,4488.07,4486.83,4487.18,463
1788454440,2026-09-03 16:54:00,2026-09-03 12:54:00,4487.2,4488.0,4486.83,4487.23,467
1788454500,2026-09-03 16:55:00,2026-09-03 12:55:00,4487.23,4488.28,4487.16,4487.93,396
1788454560,2026-09-03 16:56:00,2026-09-03 12:56:00,4487.92,4488.66,4486.7,4487.24,471
1788454620,2026-09-03 16:57:00,2026-09-03 12:57:00,4487.25,4487.65,4486.97,4487.17,330
1788454680,2026-09-03 16:58:00,2026-09-03 12:58:00,4487.1,4487.34,4486.63,4486.73,378
1788454740,2026-09-03 16:59:00,2026-09-03 12:59:00,4486.75,4486.88,4485.84,4486.24,460
1788454800,2026-09-03 17:00:00,2026-09-03 13:00:00,4486.26,4487.56,4484.17,4484.17,627
1788454860,2026-09-03 17:01:00,2026-09-03 13:01:00,4484.15,4486.39,4484.1,4486.11,502
1788454920,2026-09-03 17:02:00,2026-09-03 13:02:00,4486.12,4486.13,4483.68,4483.75,561
1788454980,2026-09-03 17:03:00,2026-09-03 13:03:00,4483.75,4484.58,4483.32,4484.58,559
1788455040,2026-09-03 17:04:00,2026-09-03 13:04:00,4484.62,4487.58,4484.54,4487.17,522
1788455100,2026-09-03 17:05:00,2026-09-03 13:05:00,4487.18,4488.45,4486.67,4488.36,452
1788455160,2026-09-03 17:06:00,2026-09-03 13:06:00,4488.37,4488.68,4487.26,4488.56,506
1788455220,2026-09-03 17:07:00,2026-09-03 13:07:00,4488.54,4488.79,4487.44,4488.46,480
1788455280,2026-09-03 17:08:00,2026-09-03 13:08:00,4488.45,4488.81,4486.18,4486.2,397
1788455340,2026-09-03 17:09:00,2026-09-03 13:09:00,4486.2,4486.75,4485.82,4486.03,398
1788455400,2026-09-03 17:10:00,2026-09-03 13:10:00,4486.01,4487.51,4485.9,4487.37,405
1788455460,2026-09-03 17:11:00,2026-09-03 13:11:00,4487.38,4487.4,4485.77,4486.16,390
1788455520,2026-09-03 17:12:00,2026-09-03 13:12:00,4486.16,4487.72,4486.01,4487.08,453
1788455580,2026-09-03 17:13:00,2026-09-03 13:13:00,4487.12,4487.33,4486.79,4486.83,414
1788455640,2026-09-03 17:14:00,2026-09-03 13:14:00,4486.83,4488.34,4486.45,4487.95,451
1788455700,2026-09-03 17:15:00,2026-09-03 13:15:00,4487.93,4488.28,4486.45,4487.46,549
1788455760,2026-09-03 17:16:00,2026-09-03 13:16:00,4487.47,4487.83,4485.46,4485.48,421
1788455820,2026-09-03 17:17:00,2026-09-03 13:17:00,4485.51,4486.84,4485.23,4486.43,474
1788455880,2026-09-03 17:18:00,2026-09-03 13:18:00,4486.4,4487.47,4486.08,4487.17,391
1788455940,2026-09-03 17:19:00,2026-09-03 13:19:00,4487.16,4487.7,4486.83,4487.65,338
1788456000,2026-09-03 17:20:00,2026-09-03 13:20:00,4487.69,4489.19,4487.07,4488.38,415
1788456060,2026-09-03 17:21:00,2026-09-03 13:21:00,4488.37,4489.77,4488.12,4488.87,453
1788456120,2026-09-03 17:22:00,2026-09-03 13:22:00,4488.85,4490.59,4488.84,4489.82,490
1788456180,2026-09-03 17:23:00,2026-09-03 13:23:00,4489.78,4491.41,4489.73,4491.05,409
1788456240,2026-09-03 17:24:00,2026-09-03 13:24:00,4490.95,4491.4,4490.24,4490.9,643
1788456300,2026-09-03 17:25:00,2026-09-03 13:25:00,4490.89,4491.02,4489.77,4490.74,476
1788456360,2026-09-03 17:26:00,2026-09-03 13:26:00,4490.74,4491.4,4490.21,4490.4,488
1788456420,2026-09-03 17:27:00,2026-09-03 13:27:00,4490.4,4490.96,4490.25,4490.59,361
1788456480,2026-09-03 17:28:00,2026-09-03 13:28:00,4490.6,4492.25,4490.6,4490.94,510
1788456540,2026-09-03 17:29:00,2026-09-03 13:29:00,4490.93,4493.8,4490.72,4492.95,775
1788456600,2026-09-03 17:30:00,2026-09-03 13:30:00,4492.97,4494.04,4492.07,4493.6,609
1788456660,2026-09-03 17:31:00,2026-09-03 13:31:00,4493.6,4493.68,4491.93,4493.26,479
1788456720,2026-09-03 17:32:00,2026-09-03 13:32:00,4493.26,4493.42,4491.39,4491.67,477
1788456780,2026-09-03 17:33:00,2026-09-03 13:33:00,4491.68,4491.75,4490.93,4491.66,378
1788456840,2026-09-03 17:34:00,2026-09-03 13:34:00,4491.69,4492.18,4491.59,4491.83,332
1788456900,2026-09-03 17:35:00,2026-09-03 13:35:00,4491.85,4493.56,4491.57,4493.55,383
1788456960,2026-09-03 17:36:00,2026-09-03 13:36:00,4493.55,4494.13,4492.31,4492.96,486
1788457020,2026-09-03 17:37:00,2026-09-03 13:37:00,4492.97,4493.82,4492.15,4492.75,427
1788457080,2026-09-03 17:38:00,2026-09-03 13:38:00,4492.74,4493.47,4492.51,4493.33,325
1788457140,2026-09-03 17:39:00,2026-09-03 13:39:00,4493.41,4494.04,4492.81,4493.1,355
1788457200,2026-09-03 17:40:00,2026-09-03 13:40:00,4493.1,4493.63,4492.85,4493.25,258
1788457260,2026-09-03 17:41:00,2026-09-03 13:41:00,4493.27,4493.51,4492.64,4492.66,329
1788457320,2026-09-03 17:42:00,2026-09-03 13:42:00,4492.64,4492.64,4491.89,4491.89,334
1788457380,2026-09-03 17:43:00,2026-09-03 13:43:00,4491.9,4493.02,4491.9,4492.53,313
1788457440,2026-09-03 17:44:00,2026-09-03 13:44:00,4492.53,4492.89,4491.96,4491.98,272
1788457500,2026-09-03 17:45:00,2026-09-03 13:45:00,4491.99,4493.05,4491.44,4492.81,404
1788457560,2026-09-03 17:46:00,2026-09-03 13:46:00,4492.82,4493.46,4492.33,4493.46,368
1788457620,2026-09-03 17:47:00,2026-09-03 13:47:00,4493.48,4494.72,4493.05,4493.27,381
1788457680,2026-09-03 17:48:00,2026-09-03 13:48:00,4493.28,4493.29,4491.48,4491.66,335
1788457740,2026-09-03 17:49:00,2026-09-03 13:49:00,4491.69,4491.98,4491.02,4491.48,363
1788457800,2026-09-03 17:50:00,2026-09-03 13:50:00,4491.49,4491.51,4490.09,4490.65,345
1788457860,2026-09-03 17:51:00,2026-09-03 13:51:00,4490.66,4490.76,4488.63,4489.11,349
1788457920,2026-09-03 17:52:00,2026-09-03 13:52:00,4489.12,4489.16,4488.43,4488.83,323
1788457980,2026-09-03 17:53:00,2026-09-03 13:53:00,4488.84,4490.38,4488.74,4490.38,292
1788458040,2026-09-03 17:54:00,2026-09-03 13:54:00,4490.39,4490.39,4489.72,4490.14,291
1788458100,2026-09-03 17:55:00,2026-09-03 13:55:00,4490.12,4490.62,4488.6,4488.79,382
1788458160,2026-09-03 17:56:00,2026-09-03 13:56:00,4488.81,4488.86,4487.71,4488.09,333
1788458220,2026-09-03 17:57:00,2026-09-03 13:57:00,4488.11,4488.67,4487.77,4487.89,337
1788458280,2026-09-03 17:58:00,2026-09-03 13:58:00,4487.89,4488.83,4487.89,4488.48,259
1788458340,2026-09-03 17:59:00,2026-09-03 13:59:00,4488.5,4488.7,4486.52,4486.67,343
1788458400,2026-09-03 18:00:00,2026-09-03 14:00:00,4486.65,4488.66,4486.65,4487.55,517
1788458460,2026-09-03 18:01:00,2026-09-03 14:01:00,4487.51,4489.05,4487.43,4488.45,518
1788458520,2026-09-03 18:02:00,2026-09-03 14:02:00,4488.46,4489.83,4488.27,4488.28,422
1788458580,2026-09-03 18:03:00,2026-09-03 14:03:00,4488.26,4489.64,4487.79,4488.38,423
1788458640,2026-09-03 18:04:00,2026-09-03 14:04:00,4488.39,4489.56,4488.39,4489.39,289
1788458700,2026-09-03 18:05:00,2026-09-03 14:05:00,4489.38,4489.38,4484.8,4485.18,505
1788458760,2026-09-03 18:06:00,2026-09-03 14:06:00,4485.18,4486.26,4484.64,4485.2,410
1788458820,2026-09-03 18:07:00,2026-09-03 14:07:00,4485.18,4486.02,4484.98,4485.96,424
1788458880,2026-09-03 18:08:00,2026-09-03 14:08:00,4485.95,4486.78,4485.39,4486.5,474
1788458940,2026-09-03 18:09:00,2026-09-03 14:09:00,4486.53,4488.79,4486.51,4488.34,455
1788459000,2026-09-03 18:10:00,2026-09-03 14:10:00,4488.36,4489.26,4485.89,4486.42,487
1788459060,2026-09-03 18:11:00,2026-09-03 14:11:00,4486.43,4487.29,4485.74,4487.08,410
1788459120,2026-09-03 18:12:00,2026-09-03 14:12:00,4487.1,4487.13,4485.35,4485.47,377
1788459180,2026-09-03 18:13:00,2026-09-03 14:13:00,4485.46,4486.32,4484.89,4485.99,467
1788459240,2026-09-03 18:14:00,2026-09-03 14:14:00,4485.91,4486.28,4484.05,4484.05,330
1788459300,2026-09-03 18:15:00,2026-09-03 14:15:00,4484.02,4485.88,4484.01,4485.87,446
1788459360,2026-09-03 18:16:00,2026-09-03 14:16:00,4485.87,4486.2,4485.36,4485.65,378
1788459420,2026-09-03 18:17:00,2026-09-03 14:17:00,4485.64,4486.43,4485.21,4485.28,385
1788459480,2026-09-03 18:18:00,2026-09-03 14:18:00,4485.29,4486.2,4485.19,4486.11,341
1788459540,2026-09-03 18:19:00,2026-09-03 14:19:00,4486.12,4486.78,4485.92,4486.42,340
1788459600,2026-09-03 18:20:00,2026-09-03 14:20:00,4486.42,4487.37,4486.42,4486.46,364
1788459660,2026-09-03 18:21:00,2026-09-03 14:21:00,4486.44,4488.18,4486.42,4487.47,378
1788459720,2026-09-03 18:22:00,2026-09-03 14:22:00,4487.49,4487.57,4485.88,4486.08,330
1788459780,2026-09-03 18:23:00,2026-09-03 14:23:00,4486.08,4486.16,4483.06,4483.1,408
1788459840,2026-09-03 18:24:00,2026-09-03 14:24:00,4483.11,4483.91,4482.15,4483.67,436
1788459900,2026-09-03 18:25:00,2026-09-03 14:25:00,4483.65,4483.74,4482.65,4483.59,403
1788459960,2026-09-03 18:26:00,2026-09-03 14:26:00,4483.59,4484.19,4482.9,4483.66,479
1788460020,2026-09-03 18:27:00,2026-09-03 14:27:00,4483.67,4484.61,4483.41,4483.96,439
1788460080,2026-09-03 18:28:00,2026-09-03 14:28:00,4483.94,4484.42,4481.03,4481.21,658
1788460140,2026-09-03 18:29:00,2026-09-03 14:29:00,4481.23,4481.46,4479.82,4479.83,525
1788460200,2026-09-03 18:30:00,2026-09-03 14:30:00,4479.82,4480.59,4478.63,4478.74,528
1788460260,2026-09-03 18:31:00,2026-09-03 14:31:00,4478.74,4478.77,4476.11,4476.3,635
1788460320,2026-09-03 18:32:00,2026-09-03 14:32:00,4476.33,4478.35,4476.01,4478.09,613
1788460380,2026-09-03 18:33:00,2026-09-03 14:33:00,4478.12,4478.25,4477.1,4478.03,510
1788460440,2026-09-03 18:34:00,2026-09-03 14:34:00,4478.0,4479.32,4477.9,4479.31,450
1788460500,2026-09-03 18:35:00,2026-09-03 14:35:00,4479.31,4480.59,4478.81,4480.04,539
1788460560,2026-09-03 18:36:00,2026-09-03 14:36:00,4480.04,4481.99,4480.02,4481.88,407
1788460620,2026-09-03 18:37:00,2026-09-03 14:37:00,4481.88,4481.99,4481.28,4481.69,363
1788460680,2026-09-03 18:38:00,2026-09-03 14:38:00,4481.68,4482.88,4481.51,4481.95,298
1788460740,2026-09-03 18:39:00,2026-09-03 14:39:00,4481.95,4482.55,4481.37,4482.53,323
1788460800,2026-09-03 18:40:00,2026-09-03 14:40:00,4482.54,4482.67,4482.03,4482.5,345
1788460860,2026-09-03 18:41:00,2026-09-03 14:41:00,4482.51,4482.79,4481.47,4481.63,292
1788460920,2026-09-03 18:42:00,2026-09-03 14:42:00,4481.63,4482.37,4481.47,4482.05,354
1788460980,2026-09-03 18:43:00,2026-09-03 14:43:00,4482.06,4482.06,4481.28,4481.86,273
1788461040,2026-09-03 18:44:00,2026-09-03 14:44:00,4481.85,4482.09,4480.78,4481.61,327
1788461100,2026-09-03 18:45:00,2026-09-03 14:45:00,4481.59,4482.66,4481.18,4481.41,434
1788461160,2026-09-03 18:46:00,2026-09-03 14:46:00,4481.42,4482.08,4481.42,4481.83,348
1788461220,2026-09-03 18:47:00,2026-09-03 14:47:00,4481.81,4482.77,4481.75,4482.31,301
1788461280,2026-09-03 18:48:00,2026-09-03 14:48:00,4482.33,4482.43,4478.01,4478.01,471
1788461340,2026-09-03 18:49:00,2026-09-03 14:49:00,4478.04,4479.27,4477.77,4478.84,468
1788461400,2026-09-03 18:50:00,2026-09-03 14:50:00,4478.83,4478.96,4477.46,4477.86,547
1788461460,2026-09-03 18:51:00,2026-09-03 14:51:00,4477.87,4479.35,4477.72,4478.67,471
1788461520,2026-09-03 18:52:00,2026-09-03 14:52:00,4478.67,4479.29,4478.34,4478.81,403
1788461580,2026-09-03 18:53:00,2026-09-03 14:53:00,4478.8,4478.83,4476.26,4476.3,429
1788461640,2026-09-03 18:54:00,2026-09-03 14:54:00,4476.31,4476.44,4475.55,4475.57,481
1788461700,2026-09-03 18:55:00,2026-09-03 14:55:00,4475.59,4475.93,4474.11,4475.9,616
1788461760,2026-09-03 18:56:00,2026-09-03 14:56:00,4475.89,4476.42,4474.26,4474.7,431
1788461820,2026-09-03 18:57:00,2026-09-03 14:57:00,4474.76,4475.85,4474.75,4475.75,435
1788461880,2026-09-03 18:58:00,2026-09-03 14:58:00,4475.73,4475.75,4474.88,4475.24,516
1788461940,2026-09-03 18:59:00,2026-09-03 14:59:00,4475.25,4475.54,4474.32,4475.26,489
1788462000,2026-09-03 19:00:00,2026-09-03 15:00:00,4475.23,4476.17,4474.48,4476.17,615
1788462060,2026-09-03 19:01:00,2026-09-03 15:01:00,4476.19,4476.54,4474.9,4475.6,469
1788462120,2026-09-03 19:02:00,2026-09-03 15:02:00,4475.62,4475.68,4473.94,4474.63,488
1788462180,2026-09-03 19:03:00,2026-09-03 15:03:00,4474.61,4475.21,4474.38,4475.01,388
1788462240,2026-09-03 19:04:00,2026-09-03 15:04:00,4475.03,4475.33,4474.28,4474.67,466
1788462300,2026-09-03 19:05:00,2026-09-03 15:05:00,4474.69,4475.85,4474.42,4475.66,453
1788462360,2026-09-03 19:06:00,2026-09-03 15:06:00,4475.66,4476.24,4474.95,4475.23,477
1788462420,2026-09-03 19:07:00,2026-09-03 15:07:00,4475.23,4476.4,4474.61,4475.7,355
1788462480,2026-09-03 19:08:00,2026-09-03 15:08:00,4475.69,4475.69,4474.25,4474.46,359
1788462540,2026-09-03 19:09:00,2026-09-03 15:09:00,4474.48,4476.37,4474.04,4476.31,351
1788462600,2026-09-03 19:10:00,2026-09-03 15:10:00,4476.3,4476.99,4475.58,4475.97,420
1788462660,2026-09-03 19:11:00,2026-09-03 15:11:00,4476.02,4476.99,4475.38,4475.81,498
1788462720,2026-09-03 19:12:00,2026-09-03 15:12:00,4475.81,4475.94,4474.89,4475.15,519
1788462780,2026-09-03 19:13:00,2026-09-03 15:13:00,4475.13,4475.16,4472.98,4473.07,534
1788462840,2026-09-03 19:14:00,2026-09-03 15:14:00,4473.07,4474.77,4473.02,4474.55,607
1788462900,2026-09-03 19:15:00,2026-09-03 15:15:00,4474.54,4475.48,4474.26,4475.06,448
1788462960,2026-09-03 19:16:00,2026-09-03 15:16:00,4475.04,4476.41,4474.6,4475.0,445
1788463020,2026-09-03 19:17:00,2026-09-03 15:17:00,4475.02,4475.1,4474.1,4474.39,418
1788463080,2026-09-03 19:18:00,2026-09-03 15:18:00,4474.32,4476.6,4474.15,4476.49,340
1788463140,2026-09-03 19:19:00,2026-09-03 15:19:00,4476.47,4476.72,4475.5,4476.28,420
1788463200,2026-09-03 19:20:00,2026-09-03 15:20:00,4476.3,4476.45,4474.82,4475.33,440
1788463260,2026-09-03 19:21:00,2026-09-03 15:21:00,4475.32,4476.06,4474.22,4475.38,508
1788463320,2026-09-03 19:22:00,2026-09-03 15:22:00,4475.36,4475.68,4474.8,4475.54,517
1788463380,2026-09-03 19:23:00,2026-09-03 15:23:00,4475.53,4475.66,4474.61,4474.85,454
1788463440,2026-09-03 19:24:00,2026-09-03 15:24:00,4474.86,4475.95,4474.27,4474.33,443
1788463500,2026-09-03 19:25:00,2026-09-03 15:25:00,4474.32,4474.33,4472.74,4473.09,375
1788463560,2026-09-03 19:26:00,2026-09-03 15:26:00,4473.14,4474.17,4473.01,4473.99,351
1788463620,2026-09-03 19:27:00,2026-09-03 15:27:00,4474.0,4474.83,4473.8,4474.38,316
1788463680,2026-09-03 19:28:00,2026-09-03 15:28:00,4474.38,4475.07,4474.24,4475.0,352
1788463740,2026-09-03 19:29:00,2026-09-03 15:29:00,4474.96,4475.92,4474.84,4475.89,380
1788463800,2026-09-03 19:30:00,2026-09-03 15:30:00,4475.87,4477.7,4475.07,4475.07,583
1788463860,2026-09-03 19:31:00,2026-09-03 15:31:00,4475.05,4475.94,4475.05,4475.28,460
1788463920,2026-09-03 19:32:00,2026-09-03 15:32:00,4475.26,4476.13,4475.05,4475.97,323
1788463980,2026-09-03 19:33:00,2026-09-03 15:33:00,4475.96,4476.14,4475.04,4475.44,431
1788464040,2026-09-03 19:34:00,2026-09-03 15:34:00,4475.45,4475.45,4474.16,4474.16,417
1788464100,2026-09-03 19:35:00,2026-09-03 15:35:00,4474.14,4475.39,4474.12,4475.19,420
1788464160,2026-09-03 19:36:00,2026-09-03 15:36:00,4475.18,4475.23,4474.54,4475.08,331
1788464220,2026-09-03 19:37:00,2026-09-03 15:37:00,4475.09,4476.15,4474.75,4476.15,324
1788464280,2026-09-03 19:38:00,2026-09-03 15:38:00,4476.12,4476.27,4475.37,4475.93,347
1788464340,2026-09-03 19:39:00,2026-09-03 15:39:00,4475.93,4475.93,4474.3,4475.34,375
1788464400,2026-09-03 19:40:00,2026-09-03 15:40:00,4475.38,4476.41,4475.38,4476.06,444
1788464460,2026-09-03 19:41:00,2026-09-03 15:41:00,4476.06,4478.35,4476.06,4478.35,403
1788464520,2026-09-03 19:42:00,2026-09-03 15:42:00,4478.37,4478.87,4477.94,4478.21,386
1788464580,2026-09-03 19:43:00,2026-09-03 15:43:00,4478.26,4478.46,4477.68,4477.95,291
1788464640,2026-09-03 19:44:00,2026-09-03 15:44:00,4477.94,4477.97,4477.28,4477.65,313
1788464700,2026-09-03 19:45:00,2026-09-03 15:45:00,4477.65,4479.64,4477.62,4479.63,362
1788464760,2026-09-03 19:46:00,2026-09-03 15:46:00,4479.63,4480.83,4479.1,4480.81,383
1788464820,2026-09-03 19:47:00,2026-09-03 15:47:00,4480.79,4480.85,4479.34,4479.45,377
1788464880,2026-09-03 19:48:00,2026-09-03 15:48:00,4479.47,4480.42,4479.4,4480.12,406
1788464940,2026-09-03 19:49:00,2026-09-03 15:49:00,4480.13,4480.37,4479.35,4479.49,442
1788465000,2026-09-03 19:50:00,2026-09-03 15:50:00,4479.54,4479.54,4477.7,4478.67,521
1788465060,2026-09-03 19:51:00,2026-09-03 15:51:00,4478.69,4479.28,4478.02,4478.69,617
1788465120,2026-09-03 19:52:00,2026-09-03 15:52:00,4478.69,4479.45,4477.67,4477.69,578
1788465180,2026-09-03 19:53:00,2026-09-03 15:53:00,4477.67,4477.79,4476.73,4477.05,385
1788465240,2026-09-03 19:54:00,2026-09-03 15:54:00,4477.04,4477.95,4476.9,4477.85,435
1788465300,2026-09-03 19:55:00,2026-09-03 15:55:00,4477.87,4478.73,4477.24,4478.06,494
1788465360,2026-09-03 19:56:00,2026-09-03 15:56:00,4478.07,4478.13,4476.9,4477.43,472
1788465420,2026-09-03 19:57:00,2026-09-03 15:57:00,4477.47,4478.67,4477.31,4478.13,488
1788465480,2026-09-03 19:58:00,2026-09-03 15:58:00,4478.18,4478.71,4474.49,4474.49,562
1788465540,2026-09-03 19:59:00,2026-09-03 15:59:00,4474.46,4475.32,4473.29,4475.22,864
1788465600,2026-09-03 20:00:00,2026-09-03 16:00:00,4475.29,4475.68,4471.78,4472.49,658
1788465660,2026-09-03 20:01:00,2026-09-03 16:01:00,4472.49,4474.03,4472.48,4473.8,421
1788465720,2026-09-03 20:02:00,2026-09-03 16:02:00,4473.8,4473.89,4472.06,4472.35,321
1788465780,2026-09-03 20:03:00,2026-09-03 16:03:00,4472.35,4472.71,4471.81,4471.86,320
1788465840,2026-09-03 20:04:00,2026-09-03 16:04:00,4471.83,4472.6,4471.55,4472.01,336
1788465900,2026-09-03 20:05:00,2026-09-03 16:05:00,4472.0,4472.71,4471.78,4472.71,188
1788465960,2026-09-03 20:06:00,2026-09-03 16:06:00,4472.71,4472.72,4471.77,4472.34,221
1788466020,2026-09-03 20:07:00,2026-09-03 16:07:00,4472.35,4472.78,4471.69,4472.69,203
1788466080,2026-09-03 20:08:00,2026-09-03 16:08:00,4472.7,4473.54,4472.45,4473.54,198
1788466140,2026-09-03 20:09:00,2026-09-03 16:09:00,4473.54,4473.67,4473.1,4473.1,186
1788466200,2026-09-03 20:10:00,2026-09-03 16:10:00,4473.1,4473.32,4472.9,4473.0,197
1788466260,2026-09-03 20:11:00,2026-09-03 16:11:00,4473.0,4473.19,4472.17,4472.17,202
1788466320,2026-09-03 20:12:00,2026-09-03 16:12:00,4472.18,4472.99,4472.17,4472.99,171
1788466380,2026-09-03 20:13:00,2026-09-03 16:13:00,4473.02,4473.02,4471.71,4472.45,169
1788466440,2026-09-03 20:14:00,2026-09-03 16:14:00,4472.46,4472.51,4471.79,4471.92,208
1788466500,2026-09-03 20:15:00,2026-09-03 16:15:00,4471.91,4472.0,4470.57,4470.73,296
1788466560,2026-09-03 20:16:00,2026-09-03 16:16:00,4470.71,4470.96,4470.52,4470.8,202
1788466620,2026-09-03 20:17:00,2026-09-03 16:17:00,4470.8,4471.01,4470.66,4470.81,146
1788466680,2026-09-03 20:18:00,2026-09-03 16:18:00,4470.79,4471.85,4470.72,4471.29,178
1788466740,2026-09-03 20:19:00,2026-09-03 16:19:00,4471.26,4471.41,4471.02,4471.07,238
1788466800,2026-09-03 20:20:00,2026-09-03 16:20:00,4471.07,4471.4,4470.98,4470.99,161
1788466860,2026-09-03 20:21:00,2026-09-03 16:21:00,4471.0,4471.37,4470.76,4471.19,182
1788466920,2026-09-03 20:22:00,2026-09-03 16:22:00,4471.18,4471.2,4470.71,4470.73,146
1788466980,2026-09-03 20:23:00,2026-09-03 16:23:00,4470.76,4471.33,4470.76,4471.31,172
1788467040,2026-09-03 20:24:00,2026-09-03 16:24:00,4471.31,4471.36,4470.66,4470.92,183
1788467100,2026-09-03 20:25:00,2026-09-03 16:25:00,4470.92,4472.03,4470.87,4471.99,182
1788467160,2026-09-03 20:26:00,2026-09-03 16:26:00,4472.02,4472.45,4471.9,4471.99,174
1788467220,2026-09-03 20:27:00,2026-09-03 16:27:00,4472.02,4472.13,4471.65,4471.81,147
1788467280,2026-09-03 20:28:00,2026-09-03 16:28:00,4471.81,4472.46,4471.81,4472.11,173
1788467340,2026-09-03 20:29:00,2026-09-03 16:29:00,4472.1,4472.57,4471.61,4471.75,205
1788467400,2026-09-03 20:30:00,2026-09-03 16:30:00,4471.76,4472.3,4471.38,4472.25,224
1788467460,2026-09-03 20:31:00,2026-09-03 16:31:00,4472.27,4472.51,4472.2,4472.23,162
1788467520,2026-09-03 20:32:00,2026-09-03 16:32:00,4472.24,4472.41,4472.05,4472.31,135
1788467580,2026-09-03 20:33:00,2026-09-03 16:33:00,4472.31,4472.4,4472.05,4472.2,140
1788467640,2026-09-03 20:34:00,2026-09-03 16:34:00,4472.19,4472.31,4472.1,4472.23,107
1788467700,2026-09-03 20:35:00,2026-09-03 16:35:00,4472.23,4472.69,4471.76,4471.91,204
1788467760,2026-09-03 20:36:00,2026-09-03 16:36:00,4471.9,4472.63,4471.86,4472.6,155
1788467820,2026-09-03 20:37:00,2026-09-03 16:37:00,4472.61,4472.64,4471.45,4471.54,146
1788467880,2026-09-03 20:38:00,2026-09-03 16:38:00,4471.53,4471.73,4471.06,4471.61,228
1788467940,2026-09-03 20:39:00,2026-09-03 16:39:00,4471.61,4471.73,4471.31,4471.63,137
1788468000,2026-09-03 20:40:00,2026-09-03 16:40:00,4471.56,4471.65,4471.16,4471.45,131
1788468060,2026-09-03 20:41:00,2026-09-03 16:41:00,4471.47,4472.15,4471.37,4471.97,87
1788468120,2026-09-03 20:42:00,2026-09-03 16:42:00,4472.0,4472.74,4471.93,4472.66,120
1788468180,2026-09-03 20:43:00,2026-09-03 16:43:00,4472.66,4472.8,4472.66,4472.73,70
1788468240,2026-09-03 20:44:00,2026-09-03 16:44:00,4472.77,4472.81,4472.09,4472.43,98
1788468300,2026-09-03 20:45:00,2026-09-03 16:45:00,4472.38,4472.42,4471.7,4471.86,154
1788468360,2026-09-03 20:46:00,2026-09-03 16:46:00,4471.86,4472.29,4471.67,4471.89,113
1788468420,2026-09-03 20:47:00,2026-09-03 16:47:00,4471.86,4472.24,4471.79,4472.13,99
1788468480,2026-09-03 20:48:00,2026-09-03 16:48:00,4472.21,4473.02,4472.21,4472.82,105
1788468540,2026-09-03 20:49:00,2026-09-03 16:49:00,4472.85,4473.12,4472.69,4472.76,115
1788468600,2026-09-03 20:50:00,2026-09-03 16:50:00,4472.73,4473.67,4472.71,4472.98,140
1788468660,2026-09-03 20:51:00,2026-09-03 16:51:00,4472.92,4473.98,4472.8,4473.46,101
1788468720,2026-09-03 20:52:00,2026-09-03 16:52:00,4473.42,4473.49,4472.56,4472.74,83
1788468780,2026-09-03 20:53:00,2026-09-03 16:53:00,4472.7,4473.05,4472.64,4472.96,53
1788468840,2026-09-03 20:54:00,2026-09-03 16:54:00,4472.92,4473.64,4472.86,4473.47,130
1788468900,2026-09-03 20:55:00,2026-09-03 16:55:00,4473.45,4473.75,4472.97,4473.67,116
1788468960,2026-09-03 20:56:00,2026-09-03 16:56:00,4473.74,4473.86,4473.16,4473.21,118
1788469020,2026-09-03 20:57:00,2026-09-03 16:57:00,4473.2,4473.65,4472.8,4473.25,142
1788469080,2026-09-03 20:58:00,2026-09-03 16:58:00,4473.23,4473.55,4472.99,4473.02,91
1788469140,2026-09-03 20:59:00,2026-09-03 16:59:00,4472.99,4473.3,4472.43,4472.91,152
1788472800,2026-09-03 22:00:00,2026-09-03 18:00:00,4470.83,4477.68,4470.83,4473.92,420
1788472860,2026-09-03 22:01:00,2026-09-03 18:01:00,4474.06,4476.23,4473.23,4476.12,363
1788472920,2026-09-03 22:02:00,2026-09-03 18:02:00,4476.0,4477.13,4475.1,4476.77,228
1788472980,2026-09-03 22:03:00,2026-09-03 18:03:00,4476.73,4477.2,4476.43,4476.81,225
1788473040,2026-09-03 22:04:00,2026-09-03 18:04:00,4476.85,4477.18,4475.93,4476.39,177
1788473100,2026-09-03 22:05:00,2026-09-03 18:05:00,4476.35,4477.32,4475.53,4476.82,171
1788473160,2026-09-03 22:06:00,2026-09-03 18:06:00,4476.85,4476.94,4476.22,4476.68,110
1788473220,2026-09-03 22:07:00,2026-09-03 18:07:00,4476.67,4476.7,4475.75,4476.16,107
1788473280,2026-09-03 22:08:00,2026-09-03 18:08:00,4476.15,4476.15,4475.47,4475.57,128
1788473340,2026-09-03 22:09:00,2026-09-03 18:09:00,4475.56,4475.94,4475.52,4475.75,51
1788473400,2026-09-03 22:10:00,2026-09-03 18:10:00,4475.73,4475.91,4475.56,4475.7,98
1788473460,2026-09-03 22:11:00,2026-09-03 18:11:00,4475.71,4475.76,4474.46,4474.51,218
1788473520,2026-09-03 22:12:00,2026-09-03 18:12:00,4474.45,4476.33,4474.37,4476.08,196
1788473580,2026-09-03 22:13:00,2026-09-03 18:13:00,4476.13,4476.67,4475.79,4475.8,188
1788473640,2026-09-03 22:14:00,2026-09-03 18:14:00,4475.83,4478.38,4475.8,4478.2,196
1788473700,2026-09-03 22:15:00,2026-09-03 18:15:00,4478.15,4478.44,4477.39,4477.51,183
1788473760,2026-09-03 22:16:00,2026-09-03 18:16:00,4477.44,4477.48,4476.97,4477.29,119
1788473820,2026-09-03 22:17:00,2026-09-03 18:17:00,4477.29,4477.71,4477.2,4477.2,126
1788473880,2026-09-03 22:18:00,2026-09-03 18:18:00,4477.19,4478.76,4477.14,4478.6,161
1788473940,2026-09-03 22:19:00,2026-09-03 18:19:00,4478.55,4478.59,4476.44,4476.65,199
1788474000,2026-09-03 22:20:00,2026-09-03 18:20:00,4476.64,4476.8,4475.63,4475.75,173
1788474060,2026-09-03 22:21:00,2026-09-03 18:21:00,4475.75,4476.14,4475.38,4475.64,140
1788474120,2026-09-03 22:22:00,2026-09-03 18:22:00,4475.64,4475.72,4475.21,4475.23,76
1788474180,2026-09-03 22:23:00,2026-09-03 18:23:00,4475.28,4476.15,4475.18,4475.2,112
1788474240,2026-09-03 22:24:00,2026-09-03 18:24:00,4475.19,4475.45,4474.87,4474.96,88
1788474300,2026-09-03 22:25:00,2026-09-03 18:25:00,4474.96,4475.42,4474.75,4475.27,159
1788474360,2026-09-03 22:26:00,2026-09-03 18:26:00,4475.32,4475.51,4474.84,4475.4,137
1788474420,2026-09-03 22:27:00,2026-09-03 18:27:00,4475.4,4475.69,4474.71,4474.76,118
1788474480,2026-09-03 22:28:00,2026-09-03 18:28:00,4474.78,4475.06,4474.27,4474.27,99
1788474540,2026-09-03 22:29:00,2026-09-03 18:29:00,4474.28,4474.99,4474.22,4474.99,87
1788474600,2026-09-03 22:30:00,2026-09-03 18:30:00,4474.93,4476.6,4474.9,4475.98,208
1788474660,2026-09-03 22:31:00,2026-09-03 18:31:00,4476.0,4476.0,4475.02,4475.02,103
1788474720,2026-09-03 22:32:00,2026-09-03 18:32:00,4475.02,4475.2,4474.19,4474.67,138
1788474780,2026-09-03 22:33:00,2026-09-03 18:33:00,4474.68,4474.98,4474.36,4474.5,126
1788474840,2026-09-03 22:34:00,2026-09-03 18:34:00,4474.5,4475.11,4474.5,4474.85,123
1788474900,2026-09-03 22:35:00,2026-09-03 18:35:00,4474.85,4474.85,4474.08,4474.79,132
1788474960,2026-09-03 22:36:00,2026-09-03 18:36:00,4474.78,4474.93,4474.41,4474.41,97
1788475020,2026-09-03 22:37:00,2026-09-03 18:37:00,4474.4,4474.68,4472.99,4473.05,160
1788475080,2026-09-03 22:38:00,2026-09-03 18:38:00,4473.15,4474.58,4473.15,4474.58,150
1788475140,2026-09-03 22:39:00,2026-09-03 18:39:00,4474.58,4474.66,4472.78,4472.81,222
1788475200,2026-09-03 22:40:00,2026-09-03 18:40:00,4472.81,4476.24,4472.81,4476.21,204
1788475260,2026-09-03 22:41:00,2026-09-03 18:41:00,4476.18,4476.42,4474.89,4475.35,179
1788475320,2026-09-03 22:42:00,2026-09-03 18:42:00,4475.35,4475.39,4472.77,4473.69,178
1788475380,2026-09-03 22:43:00,2026-09-03 18:43:00,4473.64,4473.99,4473.2,4473.57,101
1788475440,2026-09-03 22:44:00,2026-09-03 18:44:00,4473.57,4474.49,4473.5,4473.89,170
1788475500,2026-09-03 22:45:00,2026-09-03 18:45:00,4473.88,4474.19,4473.19,4473.97,160
1788475560,2026-09-03 22:46:00,2026-09-03 18:46:00,4474.03,4474.11,4473.04,4473.05,128
1788475620,2026-09-03 22:47:00,2026-09-03 18:47:00,4473.04,4474.11,4473.04,4473.54,157
1788475680,2026-09-03 22:48:00,2026-09-03 18:48:00,4473.55,4473.69,4471.45,4472.04,221
1788475740,2026-09-03 22:49:00,2026-09-03 18:49:00,4472.06,4474.95,4471.84,4474.41,262
1788475800,2026-09-03 22:50:00,2026-09-03 18:50:00,4474.39,4475.09,4473.69,4473.91,250
1788475860,2026-09-03 22:51:00,2026-09-03 18:51:00,4473.88,4474.61,4473.52,4474.49,204
