timestamp_utc,epoch_ts,event_type,order_id,position_id,track_id,side,qty_lots,trigger_price,fill_price,exit_price,slippage_cents,initial_sl,active_sl,tp_price,market_spread_cents,tick_vel_at_event,trade_duration_sec,ticks_during_trade,gross_pnl,broker_fee,net_pnl,balance,loss_floor_buffer,reason
2026-09-07 14:50:30.177,1788792630.178,ORDER_FILLED,360287970300000069,360287970300000074,A,BUY,0.10,4414.43,4414.43,0.00,+0.0,4414.31,4414.31,4416.43,8.0,0.0,0.00,0,0.00,0.00,0.00,4774.26,74.26,INITIAL_FILL
2026-09-07 14:50:33.584,1788792633.584,POSITION_CLOSED_STOP_LOSS,360287970300000083,360287970300000074,A,BUY,0.10,4414.43,4414.43,4414.31,+0.0,4414.31,4414.31,4416.43,0.0,0.0,3.40,0,-1.20,0.70,-1.90,4772.36,72.36,STOP_LOSS
2026-09-07 14:56:20.786,1788792980.787,ORDER_FILLED,360287970300000086,360287970300000091,A,BUY,0.10,4416.62,4416.62,0.00,+0.0,4416.50,4416.50,4418.62,8.0,0.0,0.00,0,0.00,0.00,0.00,4772.36,72.36,INITIAL_FILL
2026-09-07 14:56:24.251,1788792984.252,POSITION_CLOSED_STOP_LOSS,360287970300000100,360287970300000091,A,BUY,0.10,4416.62,4416.62,4416.50,+0.0,4416.50,4416.50,4418.62,0.0,0.0,3.50,0,-1.20,0.70,-1.90,4770.46,70.46,STOP_LOSS
2026-09-07 15:00:45.103,1788793245.104,ORDER_FILLED,360287970300000107,360287970300000110,A,BUY,0.10,4416.52,4416.52,0.00,+0.0,4416.40,4416.40,4418.52,8.0,0.0,0.00,0,0.00,0.00,0.00,4770.46,70.46,INITIAL_FILL
2026-09-07 15:00:57.585,1788793257.586,POSITION_CLOSED_STOP_LOSS,360287970300000118,360287970300000110,A,BUY,0.10,4416.56,4416.56,4416.44,+0.0,4416.44,4416.44,4418.56,0.0,0.0,12.50,0,-1.20,0.70,-1.90,4768.56,68.56,STOP_LOSS
2026-09-07 15:09:27.332,1788793767.332,ORDER_FILLED,360287970300000126,360287970300000127,A,BUY,0.10,4411.81,4411.81,0.00,+0.0,4411.69,4411.69,4413.81,8.0,0.0,0.00,0,0.00,0.00,0.00,4768.56,68.56,INITIAL_FILL
2026-09-07 15:10:29.652,1788793829.652,POSITION_CLOSED_RATCHET_WIN,360287970300000131,360287970300000127,A,BUY,0.10,4412.10,4412.10,4413.10,+0.0,4413.10,4413.10,4414.10,0.0,0.0,62.30,0,10.00,0.70,9.30,4777.86,77.86,RATCHET_WIN
2026-09-07 15:11:54.440,1788793914.441,ORDER_FILLED,360287970300000135,360287970300000144,A,BUY,0.10,4412.29,4412.29,0.00,+0.0,4412.17,4412.17,4414.29,8.0,0.0,0.00,0,0.00,0.00,0.00,4777.86,77.86,INITIAL_FILL
2026-09-07 15:14:02.808,1788794042.809,POSITION_CLOSED_RATCHET_WIN,360287970300000151,360287970300000144,A,BUY,0.10,4412.42,4412.42,4412.92,+0.0,4412.92,4412.92,4414.42,0.0,0.0,128.40,0,5.00,0.70,4.30,4782.16,82.16,RATCHET_WIN
2026-09-07 15:15:49.687,1788794149.688,ORDER_FILLED,360287970300000157,360287970300000158,A,BUY,0.10,4414.93,4414.93,0.00,+0.0,4414.81,4414.81,4416.93,8.0,0.0,0.00,0,0.00,0.00,0.00,4782.16,82.16,INITIAL_FILL
2026-09-07 15:15:55.569,1788794155.569,POSITION_CLOSED_STOP_LOSS,360287970300000163,360287970300000158,A,BUY,0.10,4415.03,4415.03,4414.91,+0.0,4414.91,4414.91,4417.03,0.0,0.0,5.90,0,-1.20,0.70,-1.90,4780.26,80.26,STOP_LOSS
2026-09-07 15:20:20.617,1788794420.617,ORDER_FILLED,360287970300000172,360287970300000174,A,BUY,0.10,4414.79,4414.79,0.00,+0.0,4414.67,4414.67,4416.79,8.0,0.0,0.00,0,0.00,0.00,0.00,4780.26,80.26,INITIAL_FILL
2026-09-07 15:20:29.956,1788794429.956,POSITION_CLOSED_STOP_LOSS,360287970300000180,360287970300000174,A,BUY,0.10,4414.85,4414.85,4414.73,+0.0,4414.73,4414.73,4416.85,0.0,0.0,9.30,0,-1.20,0.70,-1.90,4778.36,78.36,STOP_LOSS
2026-09-07 16:13:22.813,1788797602.813,ORDER_FILLED,360287970300000185,360287970300000189,B,BUY,0.03,4416.66,4416.66,0.00,+0.0,4416.54,4416.54,4419.99,8.0,0.0,0.00,0,0.00,0.00,0.00,4778.36,78.36,INITIAL_FILL
2026-09-07 16:13:27.270,1788797607.271,ORDER_FILLED,360287970300000194,360287970300000197,C,BUY,0.03,4416.66,4416.66,0.00,+0.0,4416.54,4416.54,4419.99,8.0,0.0,0.00,0,0.00,0.00,0.00,4778.36,78.36,INITIAL_FILL
2026-09-07 16:13:27.271,1788797607.272,ORDER_FILLED,360287970300000199,360287970300000203,C,SELL,0.03,4416.58,4416.58,0.00,+0.0,4416.70,4416.70,4413.25,8.0,0.0,0.00,0,0.00,0.00,0.00,4778.36,78.36,INITIAL_FILL
2026-09-07 16:13:33.747,1788797613.747,POSITION_CLOSED_STOP_LOSS,360287970300000212,360287970300000189,B,BUY,0.03,4416.70,4416.70,4416.58,+0.0,4416.58,4416.58,4420.03,0.0,0.0,10.90,0,-0.36,0.21,-0.57,4777.79,77.79,STOP_LOSS
2026-09-07 16:13:33.749,1788797613.750,POSITION_CLOSED_STOP_LOSS,360287970300000221,360287970300000197,C,BUY,0.03,4416.70,4416.70,4416.58,+0.0,4416.58,4416.58,4420.03,0.0,0.0,6.50,0,-0.36,0.21,-0.57,4777.22,77.22,STOP_LOSS
2026-09-07 16:13:51.926,1788797631.926,POSITION_CLOSED_STOP_LOSS,360287970300000226,360287970300000203,C,SELL,0.03,4416.58,4416.58,4416.70,+0.0,4416.70,4416.70,4413.25,0.0,0.0,24.70,0,-0.36,0.21,-0.57,4776.65,76.65,STOP_LOSS
2026-09-07 16:13:56.441,1788797636.441,ORDER_FILLED,360287970300000231,360287970300000234,A,BUY,0.10,4417.29,4417.29,0.00,+0.0,4417.17,4417.17,4419.29,8.0,0.0,0.00,0,0.00,0.00,0.00,4776.65,76.65,INITIAL_FILL
2026-09-07 16:13:59.751,1788797639.752,POSITION_CLOSED_STOP_LOSS,360287970300000238,360287970300000234,A,BUY,0.10,4417.29,4417.29,4417.17,+0.0,4417.17,4417.17,4419.29,0.0,0.0,3.30,0,-1.20,0.70,-1.90,4774.75,74.75,STOP_LOSS
2026-09-07 16:15:20.020,1788797720.021,ORDER_FILLED,360287970300000241,360287970300000244,A,BUY,0.10,4415.92,4415.92,0.00,+0.0,4415.80,4415.80,4417.92,8.0,0.0,0.00,0,0.00,0.00,0.00,4774.75,74.75,INITIAL_FILL
2026-09-07 16:16:04.829,1788797764.830,POSITION_CLOSED_STOP_LOSS,360287970300000247,360287970300000244,A,BUY,0.10,4415.92,4415.92,4415.80,+0.0,4415.80,4415.80,4417.92,0.0,0.0,44.80,0,-1.20,0.70,-1.90,4772.85,72.85,STOP_LOSS
2026-09-07 17:05:20.154,1788800720.154,ORDER_FILLED,360287970300000003,360287970300000005,A,BUY,0.10,4414.22,4414.22,0.00,+0.0,4414.10,4414.10,4416.22,8.0,0.0,0.00,0,0.00,0.00,0.00,4775.66,75.66,INITIAL_FILL
2026-09-07 17:06:01.318,1788800761.318,POSITION_CLOSED_STOP_LOSS,360287970300000010,360287970300000005,A,BUY,0.10,4414.22,4414.22,4414.10,+0.0,4414.10,4414.10,4416.22,0.0,0.0,41.20,0,-1.20,0.70,-1.90,4773.76,73.76,STOP_LOSS
2026-09-07 17:17:36.980,1788801456.981,ORDER_FILLED,360287970300000017,360287970300000022,B,BUY,0.03,4413.56,4413.56,0.00,+0.0,4413.44,4413.44,4416.89,8.0,0.0,0.00,0,0.00,0.00,0.00,4773.76,73.76,INITIAL_FILL
2026-09-07 17:17:41.477,1788801461.478,ORDER_FILLED,360287970300000029,360287970300000032,C,BUY,0.03,4413.56,4413.56,0.00,+0.0,4413.44,4413.44,4416.89,8.0,0.0,0.00,0,0.00,0.00,0.00,4773.76,73.76,INITIAL_FILL
2026-09-07 17:17:41.478,1788801461.479,ORDER_FILLED,360287970300000041,360287970300000047,C,SELL,0.03,4413.48,4413.48,0.00,+0.0,4413.60,4413.60,4410.15,8.0,0.0,0.00,0,0.00,0.00,0.00,4773.76,73.76,INITIAL_FILL
2026-09-07 17:18:00.718,1788801480.719,POSITION_CLOSED_STOP_LOSS,360287970300000051,360287970300000022,B,BUY,0.03,4413.64,4413.64,4413.52,+0.0,4413.52,4413.52,4416.97,0.0,0.0,23.70,0,-0.36,0.21,-0.57,4773.19,73.19,STOP_LOSS
2026-09-07 17:18:00.720,1788801480.721,POSITION_CLOSED_STOP_LOSS,360287970300000058,360287970300000032,C,BUY,0.03,4413.65,4413.65,4413.53,+0.0,4413.53,4413.53,4416.98,0.0,0.0,19.20,0,-0.36,0.21,-0.57,4772.62,72.62,STOP_LOSS
2026-09-07 17:19:14.166,1788801554.166,POSITION_CLOSED_STOP_LOSS,360287970300000059,360287970300000047,C,SELL,0.03,4413.65,4413.65,4413.77,+0.0,4413.77,4413.77,4410.32,0.0,0.0,92.70,0,-0.36,0.21,-0.57,4772.05,72.05,STOP_LOSS
2026-09-07 17:19:20.203,1788801560.204,ORDER_FILLED,360287970300000061,360287970300000068,A,BUY,0.10,4413.81,4413.81,0.00,+0.0,4413.69,4413.69,4415.81,8.0,0.0,0.00,0,0.00,0.00,0.00,4772.05,72.05,INITIAL_FILL
2026-09-07 17:20:03.556,1788801603.557,POSITION_CLOSED_STOP_LOSS,360287970300000074,360287970300000068,A,BUY,0.10,4413.81,4413.81,4413.69,+0.0,4413.69,4413.69,4415.81,0.0,0.0,43.40,0,-1.20,0.70,-1.90,4770.15,70.15,STOP_LOSS
2026-09-07 17:30:55.915,1788802255.916,ORDER_FILLED,360287970300000083,360287970300000087,B,SELL,0.03,4411.48,4411.48,0.00,+0.0,4411.60,4411.60,4408.15,8.0,0.0,0.00,0,0.00,0.00,0.00,4770.15,70.15,INITIAL_FILL
2026-09-07 17:31:00.850,1788802260.850,ORDER_FILLED,360287970300000091,360287970300000095,C,BUY,0.03,4411.56,4411.56,0.00,+0.0,4411.44,4411.44,4414.89,8.0,0.0,0.00,0,0.00,0.00,0.00,4770.15,70.15,INITIAL_FILL
2026-09-07 17:31:00.851,1788802260.851,ORDER_FILLED,360287970300000097,360287970300000104,C,SELL,0.03,4411.48,4411.48,0.00,+0.0,4411.60,4411.60,4408.15,8.0,0.0,0.00,0,0.00,0.00,0.00,4770.15,70.15,INITIAL_FILL
2026-09-07 17:31:21.716,1788802281.717,POSITION_CLOSED_STOP_LOSS,360287970300000109,360287970300000095,C,BUY,0.03,4411.67,4411.67,4411.55,+0.0,4411.55,4411.55,4415.00,0.0,0.0,20.90,0,-0.36,0.21,-0.57,4769.58,69.58,STOP_LOSS
2026-09-07 17:34:15.730,1788802455.731,POSITION_CLOSED_WIN_TP,360287970300000115,360287970300000087,B,SELL,0.03,4413.54,4413.54,4410.21,+0.0,4411.88,4411.88,4410.21,0.0,0.0,199.80,0,9.99,0.21,9.78,4779.36,79.36,WIN_TP
2026-09-07 17:34:17.169,1788802457.170,POSITION_CLOSED_WIN_TP,360287970300000120,360287970300000104,C,SELL,0.03,4413.54,4413.54,4410.21,+0.0,4411.88,4411.88,4410.21,0.0,0.0,196.30,0,9.99,0.21,9.78,4789.14,89.14,WIN_TP
2026-09-07 17:34:41.394,1788802481.394,ORDER_FILLED,360287970300000128,360287970300000130,A,SELL,0.10,4410.06,4410.06,0.00,+0.0,4410.18,4410.18,4408.06,8.0,0.0,0.00,0,0.00,0.00,0.00,4789.14,89.14,INITIAL_FILL
2026-09-07 17:35:02.390,1788802502.391,POSITION_CLOSED_STOP_LOSS,360287970300000138,360287970300000130,A,SELL,0.10,4410.06,4410.06,4410.18,+0.0,4410.18,4410.18,4408.06,0.0,0.0,21.00,0,-1.20,0.70,-1.90,4787.24,87.24,STOP_LOSS
2026-09-07 17:39:28.448,1788802768.448,ORDER_FILLED,360287970300000147,360287970300000152,A,SELL,0.10,4410.15,4410.15,0.00,+0.0,4410.27,4410.27,4408.15,8.0,0.0,0.00,0,0.00,0.00,0.00,4787.24,87.24,INITIAL_FILL
2026-09-07 17:39:35.743,1788802775.743,POSITION_CLOSED_STOP_LOSS,360287970300000160,360287970300000152,A,SELL,0.10,4410.15,4410.15,4410.27,+0.0,4410.27,4410.27,4408.15,0.0,0.0,7.30,0,-1.20,0.70,-1.90,4785.34,85.34,STOP_LOSS
2026-09-07 17:45:29.427,1788803129.428,ORDER_FILLED,360287970300000166,360287970300000169,B,SELL,0.03,4409.78,4409.78,0.00,+0.0,4409.90,4409.90,4406.45,8.0,0.0,0.00,0,0.00,0.00,0.00,4785.34,85.34,INITIAL_FILL
2026-09-07 17:45:34.010,1788803134.011,ORDER_FILLED,360287970300000176,360287970300000181,C,BUY,0.03,4409.86,4409.86,0.00,+0.0,4409.74,4409.74,4413.19,8.0,0.0,0.00,0,0.00,0.00,0.00,4785.34,85.34,INITIAL_FILL
2026-09-07 17:45:34.011,1788803134.012,ORDER_FILLED,360287970300000183,360287970300000192,C,SELL,0.03,4409.78,4409.78,0.00,+0.0,4409.90,4409.90,4406.45,8.0,0.0,0.00,0,0.00,0.00,0.00,4785.34,85.34,INITIAL_FILL
2026-09-07 17:45:55.027,1788803155.027,POSITION_CLOSED_STOP_LOSS,360287970300000194,360287970300000181,C,BUY,0.03,4409.99,4409.99,4409.87,+0.0,4409.87,4409.87,4413.32,0.0,0.0,21.00,0,-0.36,0.21,-0.57,4784.77,84.77,STOP_LOSS
2026-09-07 17:45:56.853,1788803156.854,POSITION_CLOSED_STOP_LOSS,360287970300000197,360287970300000192,C,SELL,0.03,4409.99,4409.99,4410.11,+0.0,4410.11,4410.11,4406.66,0.0,0.0,22.80,0,-0.36,0.21,-0.57,4784.20,84.20,STOP_LOSS
2026-09-07 17:50:29.597,1788803429.597,POSITION_CLOSED_RATCHET_WIN,360287970300000205,360287970300000169,B,SELL,0.03,4411.54,4411.54,4410.71,+0.0,4410.71,4410.71,4408.21,0.0,0.0,300.20,0,2.49,0.21,2.28,4786.48,86.48,RATCHET_WIN
2026-09-07 17:53:25.722,1788803605.722,ORDER_FILLED,360287970300000209,360287970300000211,B,SELL,0.03,4409.50,4409.50,0.00,+0.0,4409.62,4409.62,4406.17,8.0,0.0,0.00,0,0.00,0.00,0.00,4786.48,86.48,INITIAL_FILL
2026-09-07 17:53:31.116,1788803611.117,ORDER_FILLED,360287970300000218,360287970300000225,C,BUY,0.03,4409.58,4409.58,0.00,+0.0,4409.46,4409.46,4412.91,8.0,0.0,0.00,0,0.00,0.00,0.00,4786.48,86.48,INITIAL_FILL
2026-09-07 17:53:31.117,1788803611.118,ORDER_FILLED,360287970300000229,360287970300000231,C,SELL,0.03,4409.50,4409.50,0.00,+0.0,4409.62,4409.62,4406.17,8.0,0.0,0.00,0,0.00,0.00,0.00,4786.48,86.48,INITIAL_FILL
2026-09-07 17:53:50.497,1788803630.497,POSITION_CLOSED_STOP_LOSS,360287970300000232,360287970300000231,C,SELL,0.03,4409.12,4409.12,4409.24,+0.0,4409.24,4409.24,4405.79,0.0,0.0,19.40,0,-0.36,0.21,-0.57,4785.91,85.91,STOP_LOSS
2026-09-07 17:55:18.681,1788803718.682,POSITION_CLOSED_STOP_LOSS,360287970300000233,360287970300000225,C,BUY,0.03,4409.25,4409.25,4409.13,+0.0,4409.13,4409.13,4412.58,0.0,0.0,107.60,0,-0.36,0.21,-0.57,4785.34,85.34,STOP_LOSS
2026-09-07 17:55:20.259,1788803720.260,ORDER_FILLED,360287970300000242,360287970300000248,B,SELL,0.03,4409.08,4409.08,0.00,+0.0,4409.20,4409.20,4405.75,8.0,0.0,0.00,0,0.00,0.00,0.00,4785.34,85.34,INITIAL_FILL
2026-09-07 18:00:25.593,1788804025.593,ORDER_FILLED,360287970300000254,360287970300000255,B,SELL,0.03,4406.90,4406.90,0.00,+0.0,4407.02,4407.02,4403.57,8.0,0.0,0.00,0,0.00,0.00,0.00,4785.34,85.34,INITIAL_FILL
2026-09-07 18:01:15.683,1788804075.683,POSITION_CLOSED_WIN_TP,360287970300000263,360287970300000211,B,SELL,0.03,4409.96,4409.96,4406.63,+0.0,4408.30,4408.30,4406.63,0.0,0.0,470.00,0,9.99,0.21,9.78,4795.12,95.12,WIN_TP
2026-09-07 18:01:17.140,1788804077.141,POSITION_CLOSED_WIN_TP,360287970300000264,360287970300000248,B,SELL,0.03,4409.96,4409.96,4406.63,+0.0,4408.30,4408.30,4406.63,0.0,0.0,356.90,0,9.99,0.21,9.78,4804.90,104.90,WIN_TP
2026-09-07 18:01:18.603,1788804078.603,POSITION_CLOSED_WIN_TP,360287970300000265,360287970300000255,B,SELL,0.03,4409.96,4409.96,4406.63,+0.0,4408.30,4408.30,4406.63,0.0,0.0,53.00,0,9.99,0.21,9.78,4814.68,114.68,WIN_TP
2026-09-07 18:01:25.482,1788804085.482,ORDER_FILLED,360287970300000268,360287970300000269,C,BUY,0.03,4406.20,4406.20,0.00,+0.0,4406.08,4406.08,4409.53,8.0,0.0,0.00,0,0.00,0.00,0.00,4814.68,114.68,INITIAL_FILL
2026-09-07 18:01:25.483,1788804085.483,ORDER_FILLED,360287970300000278,360287970300000285,C,SELL,0.03,4406.12,4406.12,0.00,+0.0,4406.24,4406.24,4402.79,8.0,0.0,0.00,0,0.00,0.00,0.00,4814.68,114.68,INITIAL_FILL
2026-09-07 18:01:36.711,1788804096.711,POSITION_CLOSED_STOP_LOSS,360287970300000292,360287970300000269,C,BUY,0.03,4406.50,4406.50,4406.38,+0.0,4406.38,4406.38,4409.83,0.0,0.0,11.20,0,-0.36,0.21,-0.57,4814.11,114.11,STOP_LOSS
2026-09-07 18:02:26.677,1788804146.678,POSITION_CLOSED_STOP_LOSS,360287970300000297,360287970300000285,C,SELL,0.03,4406.40,4406.40,4406.52,+0.0,4406.52,4406.52,4403.07,0.0,0.0,61.20,0,-0.36,0.21,-0.57,4813.54,113.54,STOP_LOSS
2026-09-07 18:04:34.511,1788804274.512,ORDER_FILLED,360287970300000299,360287970300000305,A,SELL,0.10,4407.61,4407.61,0.00,+0.0,4407.73,4407.73,4405.61,8.0,0.0,0.00,0,0.00,0.00,0.00,4813.54,113.54,INITIAL_FILL
2026-09-07 18:05:45.548,1788804345.549,POSITION_CLOSED_BE_PROTECTED,360287970300000314,360287970300000305,A,SELL,0.10,4407.61,4407.61,4407.50,+0.0,4407.50,4407.50,4405.61,0.0,0.0,71.00,0,1.10,0.70,0.40,4813.94,113.94,BE_PROTECTED
2026-09-07 18:09:26.809,1788804566.809,ORDER_FILLED,360287970300000317,360287970300000322,A,SELL,0.10,4407.83,4407.83,0.00,+0.0,4407.95,4407.95,4405.83,8.0,0.0,0.00,0,0.00,0.00,0.00,4813.94,113.94,INITIAL_FILL
2026-09-07 18:09:33.122,1788804573.123,POSITION_CLOSED_STOP_LOSS,360287970300000329,360287970300000322,A,SELL,0.10,4407.75,4407.75,4407.87,+0.0,4407.87,4407.87,4405.75,0.0,0.0,6.30,0,-1.20,0.70,-1.90,4812.04,112.04,STOP_LOSS
2026-09-07 18:09:33.124,1788804573.125,ORDER_FILLED,360287970300000337,360287970300000346,B,SELL,0.03,4407.83,4407.83,0.00,+0.0,4407.95,4407.95,4404.50,8.0,0.0,0.00,0,0.00,0.00,0.00,4812.04,112.04,INITIAL_FILL
2026-09-07 18:09:36.059,1788804576.059,ORDER_FILLED,360287970300000355,360287970300000357,C,BUY,0.03,4407.91,4407.91,0.00,+0.0,4407.79,4407.79,4411.24,8.0,0.0,0.00,0,0.00,0.00,0.00,4812.04,112.04,INITIAL_FILL
2026-09-07 18:09:36.060,1788804576.060,ORDER_FILLED,360287970300000361,360287970300000369,C,SELL,0.03,4407.83,4407.83,0.00,+0.0,4407.95,4407.95,4404.50,8.0,0.0,0.00,0,0.00,0.00,0.00,4812.04,112.04,INITIAL_FILL
2026-09-07 18:09:57.698,1788804597.699,POSITION_CLOSED_STOP_LOSS,360287970300000374,360287970300000346,B,SELL,0.03,4407.83,4407.83,4407.95,+0.0,4407.95,4407.95,4404.50,0.0,0.0,24.60,0,-0.36,0.21,-0.57,4811.47,111.47,STOP_LOSS
2026-09-07 18:09:57.700,1788804597.701,POSITION_CLOSED_STOP_LOSS,360287970300000379,360287970300000369,C,SELL,0.03,4407.83,4407.83,4407.95,+0.0,4407.95,4407.95,4404.50,0.0,0.0,21.60,0,-0.36,0.21,-0.57,4810.90,110.90,STOP_LOSS
2026-09-07 18:10:24.249,1788804624.250,POSITION_CLOSED_STOP_LOSS,360287970300000382,360287970300000357,C,BUY,0.03,4407.91,4407.91,4407.79,+0.0,4407.79,4407.79,4411.24,0.0,0.0,48.20,0,-0.36,0.21,-0.57,4810.33,110.33,STOP_LOSS
2026-09-07 18:10:24.250,1788804624.251,ORDER_FILLED,360287970300000388,360287970300000397,B,SELL,0.03,4407.67,4407.67,0.00,+0.0,4407.79,4407.79,4404.34,8.0,0.0,0.00,0,0.00,0.00,0.00,4810.33,110.33,INITIAL_FILL
2026-09-07 18:10:30.295,1788804630.295,ORDER_FILLED,360287970300000398,360287970300000403,C,BUY,0.03,4407.75,4407.75,0.00,+0.0,4407.63,4407.63,4411.08,8.0,0.0,0.00,0,0.00,0.00,0.00,4810.33,110.33,INITIAL_FILL
2026-09-07 18:10:30.296,1788804630.296,ORDER_FILLED,360287970300000406,360287970300000408,C,SELL,0.03,4407.67,4407.67,0.00,+0.0,4407.79,4407.79,4404.34,8.0,0.0,0.00,0,0.00,0.00,0.00,4810.33,110.33,INITIAL_FILL
2026-09-07 18:10:49.613,1788804649.614,POSITION_CLOSED_STOP_LOSS,360287970300000413,360287970300000403,C,BUY,0.03,4407.85,4407.85,4407.73,+0.0,4407.73,4407.73,4411.18,0.0,0.0,19.30,0,-0.36,0.21,-0.57,4809.76,109.76,STOP_LOSS
2026-09-07 18:16:28.633,1788804988.634,POSITION_CLOSED_WIN_TP,360287970300000417,360287970300000397,B,SELL,0.03,4407.85,4407.85,4404.52,+0.0,4406.19,4406.19,4404.52,0.0,0.0,364.40,0,9.99,0.21,9.78,4819.54,119.54,WIN_TP
2026-09-07 18:16:30.256,1788804990.256,POSITION_CLOSED_WIN_TP,360287970300000419,360287970300000408,C,SELL,0.03,4407.90,4407.90,4404.57,+0.0,4406.23,4406.23,4404.57,0.0,0.0,360.00,0,9.99,0.21,9.78,4829.32,129.32,WIN_TP
2026-09-07 18:16:30.258,1788804990.258,ORDER_FILLED,360287970300000426,360287970300000434,B,SELL,0.03,4404.24,4404.24,0.00,+0.0,4404.36,4404.36,4400.91,8.0,0.0,0.00,0,0.00,0.00,0.00,4829.32,129.32,INITIAL_FILL
2026-09-07 18:16:34.800,1788804994.801,ORDER_FILLED,360287970300000440,360287970300000447,C,BUY,0.03,4404.32,4404.32,0.00,+0.0,4404.20,4404.20,4407.65,8.0,0.0,0.00,0,0.00,0.00,0.00,4829.32,129.32,INITIAL_FILL
2026-09-07 18:16:34.801,1788804994.802,ORDER_FILLED,360287970300000451,360287970300000457,C,SELL,0.03,4404.24,4404.24,0.00,+0.0,4404.36,4404.36,4400.91,8.0,0.0,0.00,0,0.00,0.00,0.00,4829.32,129.32,INITIAL_FILL
2026-09-07 18:16:52.139,1788805012.140,POSITION_CLOSED_WIN_TP,360287970300000462,360287970300000434,B,SELL,0.03,4407.83,4407.83,4404.50,+0.0,4406.16,4406.16,4404.50,0.0,0.0,21.90,0,9.99,0.21,9.78,4839.10,139.10,WIN_TP
2026-09-07 18:16:52.141,1788805012.142,POSITION_CLOSED_STOP_LOSS,360287970300000467,360287970300000457,C,SELL,0.03,4403.99,4403.99,4404.11,+0.0,4404.11,4404.11,4400.66,0.0,0.0,17.30,0,-0.36,0.21,-0.57,4838.53,138.53,STOP_LOSS
2026-09-07 18:17:42.685,1788805062.686,POSITION_CLOSED_STOP_LOSS,360287970300000474,360287970300000447,C,BUY,0.03,4404.05,4404.05,4403.93,+0.0,4403.93,4403.93,4407.38,0.0,0.0,67.90,0,-0.36,0.21,-0.57,4837.96,137.96,STOP_LOSS
2026-09-07 18:19:30.576,1788805170.577,ORDER_FILLED,360287970300000477,360287970300000481,A,SELL,0.10,4403.84,4403.84,0.00,+0.0,4403.96,4403.96,4401.84,8.0,0.0,0.00,0,0.00,0.00,0.00,4837.96,137.96,INITIAL_FILL
2026-09-07 18:19:50.425,1788805190.425,POSITION_CLOSED_STOP_LOSS,360287970300000490,360287970300000481,A,SELL,0.10,4403.84,4403.84,4403.96,+0.0,4403.96,4403.96,4401.84,0.0,0.0,19.80,0,-1.20,0.70,-1.90,4836.06,136.06,STOP_LOSS
2026-09-07 18:23:39.916,1788805419.917,ORDER_FILLED,360287970300000498,360287970300000506,B,SELL,0.03,4405.84,4405.84,0.00,+0.0,4405.96,4405.96,4402.51,8.0,0.0,0.00,0,0.00,0.00,0.00,4836.06,136.06,INITIAL_FILL
2026-09-07 18:23:44.414,1788805424.415,ORDER_FILLED,360287970300000513,360287970300000515,C,BUY,0.03,4405.92,4405.92,0.00,+0.0,4405.80,4405.80,4409.25,8.0,0.0,0.00,0,0.00,0.00,0.00,4836.06,136.06,INITIAL_FILL
2026-09-07 18:23:44.415,1788805424.416,ORDER_FILLED,360287970300000521,360287970300000524,C,SELL,0.03,4405.84,4405.84,0.00,+0.0,4405.96,4405.96,4402.51,8.0,0.0,0.00,0,0.00,0.00,0.00,4836.06,136.06,INITIAL_FILL
2026-09-07 18:24:01.554,1788805441.554,POSITION_CLOSED_STOP_LOSS,360287970300000530,360287970300000506,B,SELL,0.03,4405.74,4405.74,4405.86,+0.0,4405.86,4405.86,4402.41,0.0,0.0,21.60,0,-0.36,0.21,-0.57,4835.49,135.49,STOP_LOSS
2026-09-07 18:24:01.555,1788805441.556,POSITION_CLOSED_STOP_LOSS,360287970300000538,360287970300000524,C,SELL,0.03,4405.61,4405.61,4405.73,+0.0,4405.73,4405.73,4402.28,0.0,0.0,17.10,0,-0.36,0.21,-0.57,4834.92,134.92,STOP_LOSS
2026-09-07 18:24:51.296,1788805491.297,POSITION_CLOSED_STOP_LOSS,360287970300000545,360287970300000515,C,BUY,0.03,4405.61,4405.61,4405.49,+0.0,4405.49,4405.49,4408.94,0.0,0.0,66.90,0,-0.36,0.21,-0.57,4834.35,134.35,STOP_LOSS
2026-09-07 18:24:56.310,1788805496.311,ORDER_FILLED,360287970300000548,360287970300000550,A,SELL,0.10,4405.48,4405.48,0.00,+0.0,4405.60,4405.60,4403.48,8.0,0.0,0.00,0,0.00,0.00,0.00,4834.35,134.35,INITIAL_FILL
2026-09-07 18:25:14.706,1788805514.707,POSITION_CLOSED_STOP_LOSS,360287970300000551,360287970300000550,A,SELL,0.10,4405.48,4405.48,4405.60,+0.0,4405.60,4405.60,4403.48,0.0,0.0,18.40,0,-1.20,0.70,-1.90,4832.45,132.45,STOP_LOSS
2026-09-07 18:25:40.692,1788805540.693,ORDER_FILLED,360287970300000557,360287970300000561,B,SELL,0.03,4403.36,4403.36,0.00,+0.0,4403.48,4403.48,4400.03,8.0,0.0,0.00,0,0.00,0.00,0.00,4832.45,132.45,INITIAL_FILL
2026-09-07 18:25:45.151,1788805545.151,ORDER_FILLED,360287970300000570,360287970300000573,C,BUY,0.03,4403.44,4403.44,0.00,+0.0,4403.32,4403.32,4406.77,8.0,0.0,0.00,0,0.00,0.00,0.00,4832.45,132.45,INITIAL_FILL
2026-09-07 18:25:45.151,1788805545.151,ORDER_FILLED,360287970300000579,360287970300000583,C,SELL,0.03,4403.36,4403.36,0.00,+0.0,4403.48,4403.48,4400.03,8.0,0.0,0.00,0,0.00,0.00,0.00,4832.45,132.45,INITIAL_FILL
2026-09-07 18:26:04.544,1788805564.545,POSITION_CLOSED_STOP_LOSS,360287970300000586,360287970300000573,C,BUY,0.03,4403.88,4403.88,4403.76,+0.0,4403.76,4403.76,4407.21,0.0,0.0,19.40,0,-0.36,0.21,-0.57,4831.88,131.88,STOP_LOSS
2026-09-07 18:26:07.415,1788805567.415,POSITION_CLOSED_STOP_LOSS,360287970300000595,360287970300000583,C,SELL,0.03,4403.36,4403.36,4403.48,+0.0,4403.48,4403.48,4400.03,0.0,0.0,22.30,0,-0.36,0.21,-0.57,4831.31,131.31,STOP_LOSS
2026-09-07 18:27:48.192,1788805668.192,POSITION_CLOSED_RATCHET_WIN,360287970300000598,360287970300000561,B,SELL,0.03,4405.74,4405.74,4404.91,+0.0,4404.91,4404.91,4402.41,0.0,0.0,127.50,0,2.49,0.21,2.28,4833.59,133.59,RATCHET_WIN
2026-09-07 18:30:20.320,1788805820.321,ORDER_FILLED,360287970300000603,360287970300000607,B,SELL,0.03,4406.19,4406.19,0.00,+0.0,4406.31,4406.31,4402.86,8.0,0.0,0.00,0,0.00,0.00,0.00,4833.59,133.59,INITIAL_FILL
2026-09-07 18:30:24.801,1788805824.802,ORDER_FILLED,360287970300000611,360287970300000614,C,BUY,0.03,4406.27,4406.27,0.00,+0.0,4406.15,4406.15,4409.60,8.0,0.0,0.00,0,0.00,0.00,0.00,4833.59,133.59,INITIAL_FILL
2026-09-07 18:30:24.802,1788805824.803,ORDER_FILLED,360287970300000615,360287970300000620,C,SELL,0.03,4406.19,4406.19,0.00,+0.0,4406.31,4406.31,4402.86,8.0,0.0,0.00,0,0.00,0.00,0.00,4833.59,133.59,INITIAL_FILL
2026-09-07 18:30:43.966,1788805843.966,POSITION_CLOSED_STOP_LOSS,360287970300000629,360287970300000607,B,SELL,0.03,4405.52,4405.52,4405.64,+0.0,4405.64,4405.64,4402.19,0.0,0.0,23.60,0,-0.36,0.21,-0.57,4833.02,133.02,STOP_LOSS
2026-09-07 18:30:43.968,1788805843.968,POSITION_CLOSED_STOP_LOSS,360287970300000631,360287970300000614,C,BUY,0.03,4406.35,4406.35,4406.23,+0.0,4406.23,4406.23,4409.68,0.0,0.0,19.20,0,-0.36,0.21,-0.57,4832.45,132.45,STOP_LOSS
2026-09-07 21:11:14.138,1788815474.138,ORDER_FILLED,360287970300000001,360287970300000005,B,SELL,0.03,4427.42,4427.42,0.00,+0.0,4427.56,4427.56,4424.11,8.0,0.0,0.00,0,0.00,0.00,0.00,4775.66,75.66,INITIAL_FILL
2026-09-07 21:11:14.138,1788815474.139,ORDER_FILLED,360287970300000014,360287970300000019,C,BUY,0.03,4427.50,4427.50,0.00,+0.0,4427.32,4427.32,4430.77,8.0,0.0,0.00,0,0.00,0.00,0.00,4775.66,75.66,INITIAL_FILL
2026-09-07 21:11:14.139,1788815474.139,ORDER_FILLED,360287970300000025,360287970300000034,C,SELL,0.03,4427.42,4427.42,0.00,+0.0,4427.56,4427.56,4424.11,8.0,0.0,0.00,0,0.00,0.00,0.00,4775.66,75.66,INITIAL_FILL
2026-09-07 21:11:14.141,1788815474.142,POSITION_CLOSED_STOP_LOSS,360287970300000039,360287970300000019,C,BUY,0.03,4427.50,4427.50,4427.32,+0.0,4427.32,4427.32,4430.77,0.0,0.0,0.00,0,-0.54,0.21,-0.75,4774.91,74.91,STOP_LOSS
2026-09-07 21:11:14.153,1788815474.154,POSITION_CLOSED_STOP_LOSS,360287970300000045,360287970300000005,B,SELL,0.03,4427.42,4427.42,4427.56,+0.0,4427.56,4427.56,4424.11,0.0,0.0,0.00,0,-0.42,0.21,-0.63,4774.28,74.28,STOP_LOSS
2026-09-07 21:11:14.154,1788815474.155,POSITION_CLOSED_STOP_LOSS,360287970300000052,360287970300000034,C,SELL,0.03,4427.42,4427.42,4427.56,+0.0,4427.56,4427.56,4424.11,0.0,0.0,0.00,0,-0.42,0.21,-0.63,4773.65,73.65,STOP_LOSS
2026-09-07 21:11:14.282,1788815474.282,ORDER_FILLED,360287970300000056,360287970300000060,B,SELL,0.03,4428.86,4428.86,0.00,+0.0,4429.17,4429.17,4425.72,8.0,0.0,0.00,0,0.00,0.00,0.00,4773.65,73.65,INITIAL_FILL
2026-09-07 21:11:14.282,1788815474.283,ORDER_FILLED,360287970300000064,360287970300000069,C,BUY,0.03,4428.94,4428.94,0.00,+0.0,4428.93,4428.93,4432.38,8.0,0.0,0.00,0,0.00,0.00,0.00,4773.65,73.65,INITIAL_FILL
2026-09-07 21:11:14.284,1788815474.284,ORDER_FILLED,360287970300000075,360287970300000081,C,SELL,0.03,4428.86,4428.86,0.00,+0.0,4429.17,4429.17,4425.72,8.0,0.0,0.00,0,0.00,0.00,0.00,4773.65,73.65,INITIAL_FILL
2026-09-07 21:11:14.285,1788815474.285,POSITION_CLOSED_STOP_LOSS,360287970300000085,360287970300000069,C,BUY,0.03,4428.94,4428.94,4428.93,+0.0,4428.93,4428.93,4432.38,0.0,0.0,0.00,0,-0.03,0.21,-0.24,4773.41,73.41,STOP_LOSS
2026-09-07 21:11:14.321,1788815474.322,POSITION_CLOSED_WIN_TP,360287970300000094,360287970300000060,B,SELL,0.03,4428.86,4428.86,4425.72,+0.0,4427.19,4427.19,4425.72,0.0,0.0,0.00,0,9.42,0.21,9.21,4782.62,82.62,WIN_TP
2026-09-07 21:11:14.322,1788815474.323,POSITION_CLOSED_WIN_TP,360287970300000097,360287970300000081,C,SELL,0.03,4428.86,4428.86,4425.72,+0.0,4427.19,4427.19,4425.72,0.0,0.0,0.00,0,9.42,0.21,9.21,4791.83,91.83,WIN_TP
2026-09-07 21:11:14.349,1788815474.350,ORDER_FILLED,360287970300000104,360287970300000105,B,SELL,0.03,4424.81,4424.81,0.00,+0.0,4425.03,4425.03,4421.58,8.0,0.0,0.00,0,0.00,0.00,0.00,4791.83,91.83,INITIAL_FILL
2026-09-07 21:11:14.350,1788815474.351,ORDER_FILLED,360287970300000111,360287970300000113,C,BUY,0.03,4424.89,4424.89,0.00,+0.0,4424.79,4424.79,4428.24,8.0,0.0,0.00,0,0.00,0.00,0.00,4791.83,91.83,INITIAL_FILL
2026-09-07 21:11:14.351,1788815474.352,ORDER_FILLED,360287970300000118,360287970300000119,C,SELL,0.03,4424.81,4424.81,0.00,+0.0,4425.03,4425.03,4421.58,8.0,0.0,0.00,0,0.00,0.00,0.00,4791.83,91.83,INITIAL_FILL
2026-09-07 21:11:14.352,1788815474.353,POSITION_CLOSED_STOP_LOSS,360287970300000123,360287970300000113,C,BUY,0.03,4424.89,4424.89,4424.79,+0.0,4424.79,4424.79,4428.24,0.0,0.0,0.00,0,-0.30,0.21,-0.51,4791.32,91.32,STOP_LOSS
2026-09-07 21:11:14.431,1788815474.431,POSITION_CLOSED_BE_PROTECTED,360287970300000129,360287970300000105,B,SELL,0.03,4424.81,4424.81,4424.76,+0.0,4424.76,4424.76,4421.58,0.0,0.0,0.10,0,0.15,0.21,-0.06,4791.26,91.26,BE_PROTECTED
2026-09-07 21:11:14.432,1788815474.432,POSITION_CLOSED_BE_PROTECTED,360287970300000136,360287970300000119,C,SELL,0.03,4424.81,4424.81,4424.76,+0.0,4424.76,4424.76,4421.58,0.0,0.0,0.10,0,0.15,0.21,-0.06,4791.20,91.20,BE_PROTECTED
2026-09-07 21:11:14.467,1788815474.467,ORDER_FILLED,360287970300000139,360287970300000144,B,SELL,0.03,4424.97,4424.97,0.00,+0.0,4425.64,4425.64,4422.19,8.0,0.0,0.00,0,0.00,0.00,0.00,4791.20,91.20,INITIAL_FILL
2026-09-07 21:11:14.467,1788815474.467,ORDER_FILLED,360287970300000147,360287970300000155,C,BUY,0.03,4425.05,4425.05,0.00,+0.0,4425.40,4425.40,4428.85,8.0,0.0,0.00,0,0.00,0.00,0.00,4791.20,91.20,INITIAL_FILL
2026-09-07 21:11:14.468,1788815474.468,ORDER_FILLED,360287970300000156,360287970300000165,C,SELL,0.03,4424.97,4424.97,0.00,+0.0,4425.64,4425.64,4422.19,8.0,0.0,0.00,0,0.00,0.00,0.00,4791.20,91.20,INITIAL_FILL
2026-09-07 21:11:14.469,1788815474.469,POSITION_CLOSED_STOP_LOSS,360287970300000172,360287970300000155,C,BUY,0.03,4425.05,4425.05,4425.40,+0.0,4425.40,4425.40,4428.85,0.0,0.0,0.00,0,1.05,0.21,0.84,4792.04,92.04,STOP_LOSS
2026-09-07 21:11:14.531,1788815474.531,POSITION_CLOSED_WIN_TP,360287970300000180,360287970300000144,B,SELL,0.03,4424.97,4424.97,4422.19,+0.0,4423.31,4423.31,4422.19,0.0,0.0,0.10,0,8.34,0.21,8.13,4800.17,100.17,WIN_TP
2026-09-07 21:11:14.532,1788815474.532,POSITION_CLOSED_WIN_TP,360287970300000186,360287970300000165,C,SELL,0.03,4424.97,4424.97,4422.19,+0.0,4423.31,4423.31,4422.19,0.0,0.0,0.10,0,8.34,0.21,8.13,4808.30,108.30,WIN_TP
2026-09-07 21:11:14.554,1788815474.555,ORDER_FILLED,360287970300000194,360287970300000199,A,SELL,0.10,4421.38,4421.38,0.00,+0.0,4422.14,4422.14,4420.02,8.0,0.0,0.00,0,0.00,0.00,0.00,4808.30,108.30,INITIAL_FILL
2026-09-07 21:11:14.590,1788815474.591,POSITION_CLOSED_STOP_LOSS,360287970300000201,360287970300000199,A,SELL,0.10,4421.38,4421.38,4422.14,+0.0,4422.14,4422.14,4420.02,0.0,0.0,0.00,0,-7.60,0.70,-8.30,4800.00,100.00,STOP_LOSS
2026-09-07 21:11:14.671,1788815474.672,ORDER_FILLED,360287970300000204,360287970300000213,B,SELL,0.03,4422.47,4422.47,0.00,+0.0,4422.70,4422.70,4419.25,8.0,0.0,0.00,0,0.00,0.00,0.00,4800.00,100.00,INITIAL_FILL
2026-09-07 21:11:14.672,1788815474.672,ORDER_FILLED,360287970300000216,360287970300000225,C,BUY,0.03,4422.55,4422.55,0.00,+0.0,4422.46,4422.46,4425.91,8.0,0.0,0.00,0,0.00,0.00,0.00,4800.00,100.00,INITIAL_FILL
2026-09-07 21:11:14.672,1788815474.673,ORDER_FILLED,360287970300000226,360287970300000234,C,SELL,0.03,4422.47,4422.47,0.00,+0.0,4422.70,4422.70,4419.25,8.0,0.0,0.00,0,0.00,0.00,0.00,4800.00,100.00,INITIAL_FILL
2026-09-07 21:11:14.674,1788815474.674,POSITION_CLOSED_STOP_LOSS,360287970300000241,360287970300000225,C,BUY,0.03,4422.55,4422.55,4422.46,+0.0,4422.46,4422.46,4425.91,0.0,0.0,0.00,0,-0.27,0.21,-0.48,4799.52,99.52,STOP_LOSS
2026-09-07 21:11:14.680,1788815474.681,POSITION_CLOSED_STOP_LOSS,360287970300000244,360287970300000213,B,SELL,0.03,4422.47,4422.47,4422.70,+0.0,4422.70,4422.70,4419.25,0.0,0.0,0.00,0,-0.69,0.21,-0.90,4798.62,98.62,STOP_LOSS
2026-09-07 21:11:14.681,1788815474.682,POSITION_CLOSED_STOP_LOSS,360287970300000245,360287970300000234,C,SELL,0.03,4422.47,4422.47,4422.70,+0.0,4422.70,4422.70,4419.25,0.0,0.0,0.00,0,-0.69,0.21,-0.90,4797.72,97.72,STOP_LOSS
2026-09-07 21:11:14.758,1788815474.758,ORDER_FILLED,360287970300000251,360287970300000254,B,SELL,0.03,4421.17,4421.17,0.00,+0.0,4422.13,4422.13,4418.68,8.0,0.0,0.00,0,0.00,0.00,0.00,4797.72,97.72,INITIAL_FILL
2026-09-07 21:11:14.759,1788815474.760,ORDER_FILLED,360287970300000255,360287970300000258,C,BUY,0.03,4421.25,4421.25,0.00,+0.0,4421.89,4421.89,4425.34,8.0,0.0,0.00,0,0.00,0.00,0.00,4797.72,97.72,INITIAL_FILL
2026-09-07 21:11:14.760,1788815474.760,ORDER_FILLED,360287970300000260,360287970300000269,C,SELL,0.03,4421.17,4421.17,0.00,+0.0,4422.13,4422.13,4418.68,8.0,0.0,0.00,0,0.00,0.00,0.00,4797.72,97.72,INITIAL_FILL
2026-09-07 21:11:14.761,1788815474.761,POSITION_CLOSED_STOP_LOSS,360287970300000275,360287970300000258,C,BUY,0.03,4421.25,4421.25,4421.89,+0.0,4421.89,4421.89,4425.34,0.0,0.0,0.00,0,1.92,0.21,1.71,4799.43,99.43,STOP_LOSS
2026-09-07 21:11:14.771,1788815474.772,POSITION_CLOSED_STOP_LOSS,360287970300000278,360287970300000254,B,SELL,0.03,4421.17,4421.17,4422.13,+0.0,4422.13,4422.13,4418.68,0.0,0.0,0.00,0,-2.88,0.21,-3.09,4796.34,96.34,STOP_LOSS
2026-09-07 21:11:14.773,1788815474.773,POSITION_CLOSED_STOP_LOSS,360287970300000282,360287970300000269,C,SELL,0.03,4421.17,4421.17,4422.13,+0.0,4422.13,4422.13,4418.68,0.0,0.0,0.00,0,-2.88,0.21,-3.09,4793.25,93.25,STOP_LOSS
2026-09-07 21:11:14.868,1788815474.869,ORDER_FILLED,360287970300000288,360287970300000289,B,SELL,0.03,4422.20,4422.20,0.00,+0.0,4422.59,4422.59,4419.14,8.0,0.0,0.00,0,0.00,0.00,0.00,4793.25,93.25,INITIAL_FILL
2026-09-07 21:11:14.869,1788815474.870,ORDER_FILLED,360287970300000294,360287970300000300,C,BUY,0.03,4422.28,4422.28,0.00,+0.0,4422.35,4422.35,4425.80,8.0,0.0,0.00,0,0.00,0.00,0.00,4793.25,93.25,INITIAL_FILL
2026-09-07 21:11:14.869,1788815474.870,ORDER_FILLED,360287970300000308,360287970300000310,C,SELL,0.03,4422.20,4422.20,0.00,+0.0,4422.59,4422.59,4419.14,8.0,0.0,0.00,0,0.00,0.00,0.00,4793.25,93.25,INITIAL_FILL
2026-09-07 21:11:14.871,1788815474.872,POSITION_CLOSED_STOP_LOSS,360287970300000311,360287970300000300,C,BUY,0.03,4422.28,4422.28,4422.35,+0.0,4422.35,4422.35,4425.80,0.0,0.0,0.00,0,0.21,0.21,0.00,4793.25,93.25,STOP_LOSS
2026-09-07 21:11:14.875,1788815474.875,POSITION_CLOSED_STOP_LOSS,360287970300000314,360287970300000289,B,SELL,0.03,4422.20,4422.20,4422.59,+0.0,4422.59,4422.59,4419.14,0.0,0.0,0.00,0,-1.17,0.21,-1.38,4791.87,91.87,STOP_LOSS
2026-09-07 21:11:14.876,1788815474.876,POSITION_CLOSED_STOP_LOSS,360287970300000320,360287970300000310,C,SELL,0.03,4422.20,4422.20,4422.59,+0.0,4422.59,4422.59,4419.14,0.0,0.0,0.00,0,-1.17,0.21,-1.38,4790.49,90.49,STOP_LOSS
2026-09-07 21:11:15.000,1788815475.001,ORDER_FILLED,360287970300000326,360287970300000334,B,SELL,0.03,4425.67,4425.67,0.00,+0.0,4425.84,4425.84,4422.39,8.0,0.0,0.00,0,0.00,0.00,0.00,4790.49,90.49,INITIAL_FILL
2026-09-07 21:11:15.001,1788815475.002,ORDER_FILLED,360287970300000336,360287970300000338,C,BUY,0.03,4425.75,4425.75,0.00,+0.0,4425.60,4425.60,4429.05,8.0,0.0,0.00,0,0.00,0.00,0.00,4790.49,90.49,INITIAL_FILL
2026-09-07 21:11:15.002,1788815475.003,ORDER_FILLED,360287970300000343,360287970300000344,C,SELL,0.03,4425.67,4425.67,0.00,+0.0,4425.84,4425.84,4422.39,8.0,0.0,0.00,0,0.00,0.00,0.00,4790.49,90.49,INITIAL_FILL
2026-09-07 21:11:15.005,1788815475.006,POSITION_CLOSED_STOP_LOSS,360287970300000352,360287970300000338,C,BUY,0.03,4425.75,4425.75,4425.60,+0.0,4425.60,4425.60,4429.05,0.0,0.0,0.00,0,-0.45,0.21,-0.66,4789.83,89.83,STOP_LOSS
2026-09-07 21:11:15.020,1788815475.021,POSITION_CLOSED_STOP_LOSS,360287970300000359,360287970300000334,B,SELL,0.03,4425.67,4425.67,4425.84,+0.0,4425.84,4425.84,4422.39,0.0,0.0,0.00,0,-0.51,0.21,-0.72,4789.11,89.11,STOP_LOSS
2026-09-07 21:11:15.021,1788815475.022,POSITION_CLOSED_STOP_LOSS,360287970300000360,360287970300000344,C,SELL,0.03,4425.67,4425.67,4425.84,+0.0,4425.84,4425.84,4422.39,0.0,0.0,0.00,0,-0.51,0.21,-0.72,4788.39,88.39,STOP_LOSS
2026-09-07 21:11:15.084,1788815475.085,ORDER_FILLED,360287970300000361,360287970300000370,B,SELL,0.03,4426.01,4426.01,0.00,+0.0,4426.34,4426.34,4422.89,8.0,0.0,0.00,0,0.00,0.00,0.00,4788.39,88.39,INITIAL_FILL
2026-09-07 21:11:15.085,1788815475.086,ORDER_FILLED,360287970300000376,360287970300000381,C,BUY,0.03,4426.09,4426.09,0.00,+0.0,4426.10,4426.10,4429.55,8.0,0.0,0.00,0,0.00,0.00,0.00,4788.39,88.39,INITIAL_FILL
2026-09-07 21:11:15.085,1788815475.086,ORDER_FILLED,360287970300000387,360287970300000391,C,SELL,0.03,4426.01,4426.01,0.00,+0.0,4426.34,4426.34,4422.89,8.0,0.0,0.00,0,0.00,0.00,0.00,4788.39,88.39,INITIAL_FILL
2026-09-07 21:11:15.087,1788815475.088,POSITION_CLOSED_STOP_LOSS,360287970300000394,360287970300000381,C,BUY,0.03,4426.09,4426.09,4426.10,+0.0,4426.10,4426.10,4429.55,0.0,0.0,0.00,0,0.03,0.21,-0.18,4788.21,88.21,STOP_LOSS
2026-09-07 21:11:15.104,1788815475.104,POSITION_CLOSED_STOP_LOSS,360287970300000400,360287970300000370,B,SELL,0.03,4426.01,4426.01,4426.34,+0.0,4426.34,4426.34,4422.89,0.0,0.0,0.00,0,-0.99,0.21,-1.20,4787.01,87.01,STOP_LOSS
2026-09-07 21:11:15.105,1788815475.106,POSITION_CLOSED_STOP_LOSS,360287970300000407,360287970300000391,C,SELL,0.03,4426.01,4426.01,4426.34,+0.0,4426.34,4426.34,4422.89,0.0,0.0,0.00,0,-0.99,0.21,-1.20,4785.81,85.81,STOP_LOSS
2026-09-07 21:11:15.163,1788815475.164,ORDER_FILLED,360287970300000414,360287970300000418,B,SELL,0.03,4424.32,4424.32,0.00,+0.0,4424.62,4424.62,4421.17,8.0,0.0,0.00,0,0.00,0.00,0.00,4785.81,85.81,INITIAL_FILL
2026-09-07 21:11:15.164,1788815475.164,ORDER_FILLED,360287970300000425,360287970300000430,C,BUY,0.03,4424.40,4424.40,0.00,+0.0,4424.38,4424.38,4427.83,8.0,0.0,0.00,0,0.00,0.00,0.00,4785.81,85.81,INITIAL_FILL
2026-09-07 21:11:15.164,1788815475.165,ORDER_FILLED,360287970300000432,360287970300000440,C,SELL,0.03,4424.32,4424.32,0.00,+0.0,4424.62,4424.62,4421.17,8.0,0.0,0.00,0,0.00,0.00,0.00,4785.81,85.81,INITIAL_FILL
2026-09-07 21:11:15.166,1788815475.167,POSITION_CLOSED_STOP_LOSS,360287970300000446,360287970300000430,C,BUY,0.03,4424.40,4424.40,4424.38,+0.0,4424.38,4424.38,4427.83,0.0,0.0,0.00,0,-0.06,0.21,-0.27,4785.54,85.54,STOP_LOSS
2026-09-07 21:11:15.170,1788815475.171,POSITION_CLOSED_STOP_LOSS,360287970300000455,360287970300000418,B,SELL,0.03,4424.32,4424.32,4424.62,+0.0,4424.62,4424.62,4421.17,0.0,0.0,0.00,0,-0.90,0.21,-1.11,4784.43,84.43,STOP_LOSS
2026-09-07 21:11:15.172,1788815475.172,POSITION_CLOSED_STOP_LOSS,360287970300000458,360287970300000440,C,SELL,0.03,4424.32,4424.32,4424.62,+0.0,4424.62,4424.62,4421.17,0.0,0.0,0.00,0,-0.90,0.21,-1.11,4783.32,83.32,STOP_LOSS
2026-09-07 21:11:15.266,1788815475.266,ORDER_FILLED,360287970300000467,360287970300000471,B,SELL,0.03,4427.93,4427.93,0.00,+0.0,4428.09,4428.09,4424.64,8.0,0.0,0.00,0,0.00,0.00,0.00,4783.32,83.32,INITIAL_FILL
2026-09-07 21:11:15.266,1788815475.267,ORDER_FILLED,360287970300000472,360287970300000481,C,BUY,0.03,4428.01,4428.01,0.00,+0.0,4427.85,4427.85,4431.30,8.0,0.0,0.00,0,0.00,0.00,0.00,4783.32,83.32,INITIAL_FILL
2026-09-07 21:11:15.267,1788815475.267,ORDER_FILLED,360287970300000487,360287970300000492,C,SELL,0.03,4427.93,4427.93,0.00,+0.0,4428.09,4428.09,4424.64,8.0,0.0,0.00,0,0.00,0.00,0.00,4783.32,83.32,INITIAL_FILL
2026-09-07 21:11:15.271,1788815475.272,POSITION_CLOSED_STOP_LOSS,360287970300000496,360287970300000471,B,SELL,0.03,4427.93,4427.93,4428.09,+0.0,4428.09,4428.09,4424.64,0.0,0.0,0.00,0,-0.48,0.21,-0.69,4782.63,82.63,STOP_LOSS
2026-09-07 21:11:15.272,1788815475.273,POSITION_CLOSED_STOP_LOSS,360287970300000501,360287970300000492,C,SELL,0.03,4427.93,4427.93,4428.09,+0.0,4428.09,4428.09,4424.64,0.0,0.0,0.00,0,-0.48,0.21,-0.69,4781.94,81.94,STOP_LOSS
2026-09-07 21:11:15.275,1788815475.276,POSITION_CLOSED_STOP_LOSS,360287970300000509,360287970300000481,C,BUY,0.03,4428.01,4428.01,4427.85,+0.0,4427.85,4427.85,4431.30,0.0,0.0,0.00,0,-0.48,0.21,-0.69,4781.25,81.25,STOP_LOSS
2026-09-07 21:11:15.372,1788815475.372,ORDER_FILLED,360287970300000512,360287970300000520,B,SELL,0.03,4426.99,4426.99,0.00,+0.0,4427.27,4427.27,4423.82,8.0,0.0,0.00,0,0.00,0.00,0.00,4781.25,81.25,INITIAL_FILL
2026-09-07 21:11:15.372,1788815475.372,ORDER_FILLED,360287970300000522,360287970300000530,C,BUY,0.03,4427.07,4427.07,0.00,+0.0,4427.03,4427.03,4430.48,8.0,0.0,0.00,0,0.00,0.00,0.00,4781.25,81.25,INITIAL_FILL
2026-09-07 21:11:15.373,1788815475.373,ORDER_FILLED,360287970300000537,360287970300000539,C,SELL,0.03,4426.99,4426.99,0.00,+0.0,4427.27,4427.27,4423.82,8.0,0.0,0.00,0,0.00,0.00,0.00,4781.25,81.25,INITIAL_FILL
2026-09-07 21:11:15.375,1788815475.375,POSITION_CLOSED_STOP_LOSS,360287970300000541,360287970300000520,B,SELL,0.03,4426.99,4426.99,4427.27,+0.0,4427.27,4427.27,4423.82,0.0,0.0,0.00,0,-0.84,0.21,-1.05,4780.20,80.20,STOP_LOSS
2026-09-07 21:11:15.376,1788815475.376,POSITION_CLOSED_STOP_LOSS,360287970300000544,360287970300000539,C,SELL,0.03,4426.99,4426.99,4427.27,+0.0,4427.27,4427.27,4423.82,0.0,0.0,0.00,0,-0.84,0.21,-1.05,4779.15,79.15,STOP_LOSS
2026-09-07 21:11:15.387,1788815475.388,POSITION_CLOSED_BE_PROTECTED,360287970300000547,360287970300000530,C,BUY,0.03,4427.07,4427.07,4427.12,+0.0,4427.12,4427.12,4430.48,0.0,0.0,0.00,0,0.15,0.21,-0.06,4779.09,79.09,BE_PROTECTED
2026-09-07 21:11:15.490,1788815475.491,ORDER_FILLED,360287970300000556,360287970300000559,B,SELL,0.03,4426.48,4426.48,0.00,+0.0,4427.27,4427.27,4423.82,8.0,0.0,0.00,0,0.00,0.00,0.00,4779.09,79.09,INITIAL_FILL
2026-09-07 21:11:15.490,1788815475.491,ORDER_FILLED,360287970300000563,360287970300000572,C,BUY,0.03,4426.56,4426.56,0.00,+0.0,4427.03,4427.03,4430.48,8.0,0.0,0.00,0,0.00,0.00,0.00,4779.09,79.09,INITIAL_FILL
2026-09-07 21:11:15.491,1788815475.492,ORDER_FILLED,360287970300000574,360287970300000580,C,SELL,0.03,4426.48,4426.48,0.00,+0.0,4427.27,4427.27,4423.82,8.0,0.0,0.00,0,0.00,0.00,0.00,4779.09,79.09,INITIAL_FILL
2026-09-07 21:11:15.492,1788815475.493,POSITION_CLOSED_STOP_LOSS,360287970300000583,360287970300000572,C,BUY,0.03,4426.56,4426.56,4427.03,+0.0,4427.03,4427.03,4430.48,0.0,0.0,0.00,0,1.41,0.21,1.20,4780.29,80.29,STOP_LOSS
2026-09-07 21:11:15.499,1788815475.500,POSITION_CLOSED_STOP_LOSS,360287970300000588,360287970300000559,B,SELL,0.03,4426.48,4426.48,4427.27,+0.0,4427.27,4427.27,4423.82,0.0,0.0,0.00,0,-2.37,0.21,-2.58,4777.71,77.71,STOP_LOSS
2026-09-07 21:11:15.500,1788815475.501,POSITION_CLOSED_STOP_LOSS,360287970300000597,360287970300000580,C,SELL,0.03,4426.48,4426.48,4427.27,+0.0,4427.27,4427.27,4423.82,0.0,0.0,0.00,0,-2.37,0.21,-2.58,4775.13,75.13,STOP_LOSS
2026-09-07 21:11:15.570,1788815475.571,ORDER_FILLED,360287970300000598,360287970300000599,B,SELL,0.03,4430.34,4430.34,0.00,+0.0,4430.71,4430.71,4427.26,8.0,0.0,0.00,0,0.00,0.00,0.00,4775.13,75.13,INITIAL_FILL
2026-09-07 21:11:15.572,1788815475.572,ORDER_FILLED,360287970300000600,360287970300000607,C,BUY,0.03,4430.42,4430.42,0.00,+0.0,4430.47,4430.47,4433.92,8.0,0.0,0.00,0,0.00,0.00,0.00,4775.13,75.13,INITIAL_FILL
2026-09-07 21:11:15.572,1788815475.573,ORDER_FILLED,360287970300000612,360287970300000617,C,SELL,0.03,4430.34,4430.34,0.00,+0.0,4430.71,4430.71,4427.26,8.0,0.0,0.00,0,0.00,0.00,0.00,4775.13,75.13,INITIAL_FILL
2026-09-07 21:11:15.575,1788815475.575,POSITION_CLOSED_STOP_LOSS,360287970300000618,360287970300000599,B,SELL,0.03,4430.34,4430.34,4430.71,+0.0,4430.71,4430.71,4427.26,0.0,0.0,0.00,0,-1.11,0.21,-1.32,4773.81,73.81,STOP_LOSS
2026-09-07 21:11:15.576,1788815475.576,POSITION_CLOSED_STOP_LOSS,360287970300000622,360287970300000617,C,SELL,0.03,4430.34,4430.34,4430.71,+0.0,4430.71,4430.71,4427.26,0.0,0.0,0.00,0,-1.11,0.21,-1.32,4772.49,72.49,STOP_LOSS
2026-09-07 21:11:15.581,1788815475.582,POSITION_CLOSED_STOP_LOSS,360287970300000628,360287970300000607,C,BUY,0.03,4430.42,4430.42,4430.47,+0.0,4430.47,4430.47,4433.92,0.0,0.0,0.00,0,0.15,0.21,-0.06,4772.43,72.43,STOP_LOSS
2026-09-07 21:11:15.808,1788815475.809,ORDER_FILLED,360287970300000637,360287970300000645,B,SELL,0.03,4430.92,4430.92,0.00,+0.0,4432.13,4432.13,4428.68,8.0,0.0,0.00,0,0.00,0.00,0.00,4772.43,72.43,INITIAL_FILL
2026-09-07 21:11:15.809,1788815475.810,ORDER_FILLED,360287970300000653,360287970300000657,C,BUY,0.03,4431.00,4431.00,0.00,+0.0,4431.89,4431.89,4435.34,8.0,0.0,0.00,0,0.00,0.00,0.00,4772.43,72.43,INITIAL_FILL
2026-09-07 21:11:15.809,1788815475.810,ORDER_FILLED,360287970300000665,360287970300000666,C,SELL,0.03,4430.92,4430.92,0.00,+0.0,4432.13,4432.13,4428.68,8.0,0.0,0.00,0,0.00,0.00,0.00,4772.43,72.43,INITIAL_FILL
2026-09-07 21:11:15.811,1788815475.812,POSITION_CLOSED_STOP_LOSS,360287970300000672,360287970300000657,C,BUY,0.03,4431.00,4431.00,4431.89,+0.0,4431.89,4431.89,4435.34,0.0,0.0,0.00,0,2.67,0.21,2.46,4774.89,74.89,STOP_LOSS
2026-09-07 21:11:15.869,1788815475.870,ORDER_FILLED,360287970300000681,360287970300000689,B,SELL,0.03,4430.59,4430.59,0.00,+0.0,4431.25,4431.25,4427.80,8.0,0.0,0.00,0,0.00,0.00,0.00,4774.89,74.89,INITIAL_FILL
2026-09-07 21:11:15.872,1788815475.873,POSITION_CLOSED_STOP_LOSS,360287970300000693,360287970300000689,B,SELL,0.03,4430.59,4430.59,4431.25,+0.0,4431.25,4431.25,4427.80,0.0,0.0,0.00,0,-1.98,0.21,-2.19,4772.70,72.70,STOP_LOSS
2026-09-07 21:11:15.874,1788815475.875,POSITION_CLOSED_STOP_LOSS,360287970300000701,360287970300000645,B,SELL,0.03,4430.92,4430.92,4432.13,+0.0,4432.13,4432.13,4428.68,0.0,0.0,0.10,0,-3.63,0.21,-3.84,4768.86,68.86,STOP_LOSS
2026-09-07 21:11:15.875,1788815475.876,POSITION_CLOSED_STOP_LOSS,360287970300000704,360287970300000666,C,SELL,0.03,4430.92,4430.92,4432.13,+0.0,4432.13,4432.13,4428.68,0.0,0.0,0.10,0,-3.63,0.21,-3.84,4765.02,65.02,STOP_LOSS
2026-09-07 21:11:16.521,1788815476.522,ORDER_FILLED,360287970300000713,360287970300000720,B,BUY,0.03,4443.64,4443.64,0.00,+0.0,4441.58,4441.58,4445.03,8.0,0.0,0.00,0,0.00,0.00,0.00,4765.02,65.02,INITIAL_FILL
2026-09-07 21:11:16.521,1788815476.522,ORDER_FILLED,360287970300000729,360287970300000734,C,BUY,0.03,4443.64,4443.64,0.00,+0.0,4441.58,4441.58,4445.03,8.0,0.0,0.00,0,0.00,0.00,0.00,4765.02,65.02,INITIAL_FILL
2026-09-07 21:11:16.522,1788815476.523,ORDER_FILLED,360287970300000740,360287970300000743,C,SELL,0.03,4443.56,4443.56,0.00,+0.0,4441.82,4441.82,4438.37,8.0,0.0,0.00,0,0.00,0.00,0.00,4765.02,65.02,INITIAL_FILL
2026-09-07 21:11:16.523,1788815476.524,POSITION_CLOSED_STOP_LOSS,360287970300000746,360287970300000743,C,SELL,0.03,4443.56,4443.56,4441.82,+0.0,4441.82,4441.82,4438.37,0.0,0.0,0.00,0,5.22,0.21,5.01,4770.03,70.03,STOP_LOSS
2026-09-07 21:11:16.526,1788815476.527,POSITION_CLOSED_BE_PROTECTED,360287970300000755,360287970300000720,B,BUY,0.03,4443.64,4443.64,4443.69,+0.0,4443.69,4443.69,4445.03,0.0,0.0,0.00,0,0.15,0.21,-0.06,4769.97,69.97,BE_PROTECTED
2026-09-07 21:11:16.527,1788815476.528,POSITION_CLOSED_BE_PROTECTED,360287970300000759,360287970300000734,C,BUY,0.03,4443.64,4443.64,4443.69,+0.0,4443.69,4443.69,4445.03,0.0,0.0,0.00,0,0.15,0.21,-0.06,4769.91,69.91,BE_PROTECTED
2026-09-07 21:11:16.615,1788815476.616,ORDER_FILLED,360287970300000767,360287970300000775,B,BUY,0.03,4444.90,4444.90,0.00,+0.0,4444.36,4444.36,4447.81,8.0,0.0,0.00,0,0.00,0.00,0.00,4769.91,69.91,INITIAL_FILL
2026-09-07 21:11:16.616,1788815476.617,ORDER_FILLED,360287970300000783,360287970300000792,C,BUY,0.03,4444.90,4444.90,0.00,+0.0,4444.36,4444.36,4447.81,8.0,0.0,0.00,0,0.00,0.00,0.00,4769.91,69.91,INITIAL_FILL
2026-09-07 21:11:16.616,1788815476.617,ORDER_FILLED,360287970300000793,360287970300000794,C,SELL,0.03,4444.82,4444.82,0.00,+0.0,4444.60,4444.60,4441.15,8.0,0.0,0.00,0,0.00,0.00,0.00,4769.91,69.91,INITIAL_FILL
2026-09-07 21:11:16.618,1788815476.619,POSITION_CLOSED_STOP_LOSS,360287970300000796,360287970300000794,C,SELL,0.03,4444.82,4444.82,4444.60,+0.0,4444.60,4444.60,4441.15,0.0,0.0,0.00,0,0.66,0.21,0.45,4770.36,70.36,STOP_LOSS
2026-09-07 21:11:16.620,1788815476.621,POSITION_CLOSED_STOP_LOSS,360287970300000800,360287970300000775,B,BUY,0.03,4444.90,4444.90,4444.36,+0.0,4444.36,4444.36,4447.81,0.0,0.0,0.00,0,-1.62,0.21,-1.83,4768.53,68.53,STOP_LOSS
2026-09-07 21:11:16.622,1788815476.623,POSITION_CLOSED_STOP_LOSS,360287970300000806,360287970300000792,C,BUY,0.03,4444.90,4444.90,4444.36,+0.0,4444.36,4444.36,4447.81,0.0,0.0,0.00,0,-1.62,0.21,-1.83,4766.70,66.70,STOP_LOSS
2026-09-07 21:11:16.686,1788815476.687,ORDER_FILLED,360287970300000810,360287970300000813,B,BUY,0.03,4448.72,4448.72,0.00,+0.0,4448.30,4448.30,4451.75,8.0,0.0,0.00,0,0.00,0.00,0.00,4766.70,66.70,INITIAL_FILL
2026-09-07 21:11:16.687,1788815476.688,ORDER_FILLED,360287970300000821,360287970300000825,C,BUY,0.03,4448.72,4448.72,0.00,+0.0,4448.30,4448.30,4451.75,8.0,0.0,0.00,0,0.00,0.00,0.00,4766.70,66.70,INITIAL_FILL
2026-09-07 21:11:16.688,1788815476.689,ORDER_FILLED,360287970300000834,360287970300000837,C,SELL,0.03,4448.64,4448.64,0.00,+0.0,4448.54,4448.54,4445.09,8.0,0.0,0.00,0,0.00,0.00,0.00,4766.70,66.70,INITIAL_FILL
2026-09-07 21:11:16.689,1788815476.690,POSITION_CLOSED_STOP_LOSS,360287970300000838,360287970300000837,C,SELL,0.03,4448.64,4448.64,4448.54,+0.0,4448.54,4448.54,4445.09,0.0,0.0,0.00,0,0.30,0.21,0.09,4766.79,66.79,STOP_LOSS
2026-09-07 21:11:16.706,1788815476.707,POSITION_CLOSED_STOP_LOSS,360287970300000846,360287970300000813,B,BUY,0.03,4448.72,4448.72,4448.30,+0.0,4448.30,4448.30,4451.75,0.0,0.0,0.00,0,-1.26,0.21,-1.47,4765.32,65.32,STOP_LOSS
2026-09-07 21:11:16.707,1788815476.708,POSITION_CLOSED_STOP_LOSS,360287970300000847,360287970300000825,C,BUY,0.03,4448.72,4448.72,4448.30,+0.0,4448.30,4448.30,4451.75,0.0,0.0,0.00,0,-1.26,0.21,-1.47,4763.85,63.85,STOP_LOSS
2026-09-07 21:11:16.784,1788815476.785,ORDER_FILLED,360287970300000851,360287970300000856,B,BUY,0.03,4449.35,4449.35,0.00,+0.0,4448.89,4448.89,4452.34,8.0,0.0,0.00,0,0.00,0.00,0.00,4763.85,63.85,INITIAL_FILL
2026-09-07 21:11:16.784,1788815476.785,ORDER_FILLED,360287970300000860,360287970300000861,C,BUY,0.03,4449.35,4449.35,0.00,+0.0,4448.89,4448.89,4452.34,8.0,0.0,0.00,0,0.00,0.00,0.00,4763.85,63.85,INITIAL_FILL
2026-09-07 21:11:16.785,1788815476.786,ORDER_FILLED,360287970300000862,360287970300000869,C,SELL,0.03,4449.27,4449.27,0.00,+0.0,4449.13,4449.13,4445.68,8.0,0.0,0.00,0,0.00,0.00,0.00,4763.85,63.85,INITIAL_FILL
2026-09-07 21:11:16.787,1788815476.788,POSITION_CLOSED_STOP_LOSS,360287970300000878,360287970300000869,C,SELL,0.03,4449.27,4449.27,4449.13,+0.0,4449.13,4449.13,4445.68,0.0,0.0,0.00,0,0.42,0.21,0.21,4764.06,64.06,STOP_LOSS
2026-09-07 21:11:16.805,1788815476.806,POSITION_CLOSED_STOP_LOSS,360287970300000882,360287970300000856,B,BUY,0.03,4449.35,4449.35,4448.89,+0.0,4448.89,4448.89,4452.34,0.0,0.0,0.00,0,-1.38,0.21,-1.59,4762.47,62.47,STOP_LOSS
2026-09-07 21:11:16.807,1788815476.807,POSITION_CLOSED_STOP_LOSS,360287970300000889,360287970300000861,C,BUY,0.03,4449.35,4449.35,4448.89,+0.0,4448.89,4448.89,4452.34,0.0,0.0,0.00,0,-1.38,0.21,-1.59,4760.88,60.88,STOP_LOSS
2026-09-07 21:11:16.888,1788815476.888,ORDER_FILLED,360287970300000895,360287970300000897,B,BUY,0.03,4444.62,4444.62,0.00,+0.0,4443.66,4443.66,4447.11,8.0,0.0,0.00,0,0.00,0.00,0.00,4760.88,60.88,INITIAL_FILL
2026-09-07 21:11:16.888,1788815476.889,ORDER_FILLED,360287970300000904,360287970300000913,C,BUY,0.03,4444.62,4444.62,0.00,+0.0,4443.66,4443.66,4447.11,8.0,0.0,0.00,0,0.00,0.00,0.00,4760.88,60.88,INITIAL_FILL
2026-09-07 21:11:16.889,1788815476.889,ORDER_FILLED,360287970300000916,360287970300000920,C,SELL,0.03,4444.54,4444.54,0.00,+0.0,4443.90,4443.90,4440.45,8.0,0.0,0.00,0,0.00,0.00,0.00,4760.88,60.88,INITIAL_FILL
2026-09-07 21:11:16.890,1788815476.891,POSITION_CLOSED_STOP_LOSS,360287970300000926,360287970300000920,C,SELL,0.03,4444.54,4444.54,4443.90,+0.0,4443.90,4443.90,4440.45,0.0,0.0,0.00,0,1.92,0.21,1.71,4762.59,62.59,STOP_LOSS
2026-09-07 21:11:16.905,1788815476.905,POSITION_CLOSED_STOP_LOSS,360287970300000928,360287970300000897,B,BUY,0.03,4444.62,4444.62,4443.66,+0.0,4443.66,4443.66,4447.11,0.0,0.0,0.00,0,-2.88,0.21,-3.09,4759.50,59.50,STOP_LOSS
2026-09-07 21:11:16.906,1788815476.907,POSITION_CLOSED_STOP_LOSS,360287970300000933,360287970300000913,C,BUY,0.03,4444.62,4444.62,4443.66,+0.0,4443.66,4443.66,4447.11,0.0,0.0,0.00,0,-2.88,0.21,-3.09,4756.41,56.41,STOP_LOSS
2026-09-07 21:11:17.056,1788815477.057,ORDER_FILLED,360287970300000936,360287970300000945,A,BUY,0.10,4444.29,4444.29,0.00,+0.0,4442.03,4442.03,4444.15,8.0,0.0,0.00,0,0.00,0.00,0.00,4756.41,56.41,INITIAL_FILL
2026-09-07 21:11:17.058,1788815477.059,POSITION_CLOSED_WIN_TP,360287970300000948,360287970300000945,A,BUY,0.10,4444.29,4444.29,4444.15,+0.0,4444.79,4444.79,4444.15,0.0,0.0,0.00,0,-1.40,0.70,-2.10,4754.31,54.31,WIN_TP
2026-09-07 21:11:17.116,1788815477.117,ORDER_FILLED,360287970300000952,360287970300000959,B,BUY,0.03,4448.37,4448.37,0.00,+0.0,4447.28,4447.28,4450.73,8.0,0.0,0.00,0,0.00,0.00,0.00,4754.31,54.31,INITIAL_FILL
2026-09-07 21:11:17.117,1788815477.118,ORDER_FILLED,360287970300000963,360287970300000969,C,BUY,0.03,4448.37,4448.37,0.00,+0.0,4447.28,4447.28,4450.73,8.0,0.0,0.00,0,0.00,0.00,0.00,4754.31,54.31,INITIAL_FILL
2026-09-07 21:11:17.117,1788815477.118,ORDER_FILLED,360287970300000977,360287970300000982,C,SELL,0.03,4448.29,4448.29,0.00,+0.0,4447.52,4447.52,4444.07,8.0,0.0,0.00,0,0.00,0.00,0.00,4754.31,54.31,INITIAL_FILL
2026-09-07 21:11:17.119,1788815477.120,POSITION_CLOSED_STOP_LOSS,360287970300000990,360287970300000982,C,SELL,0.03,4448.29,4448.29,4447.52,+0.0,4447.52,4447.52,4444.07,0.0,0.0,0.00,0,2.31,0.21,2.10,4756.41,56.41,STOP_LOSS
2026-09-07 21:11:17.161,1788815477.162,POSITION_CLOSED_STOP_LOSS,360287970300000991,360287970300000959,B,BUY,0.03,4448.37,4448.37,4447.28,+0.0,4447.28,4447.28,4450.73,0.0,0.0,0.00,0,-3.27,0.21,-3.48,4752.93,52.93,STOP_LOSS
2026-09-07 21:11:17.163,1788815477.163,POSITION_CLOSED_STOP_LOSS,360287970300000992,360287970300000969,C,BUY,0.03,4448.37,4448.37,4447.28,+0.0,4447.28,4447.28,4450.73,0.0,0.0,0.00,0,-3.27,0.21,-3.48,4749.45,49.45,STOP_LOSS
2026-09-07 21:11:17.214,1788815477.214,ORDER_FILLED,360287970300001000,360287970300001002,A,BUY,0.10,4455.00,4455.00,0.00,+0.0,4451.52,4451.52,4453.64,8.0,0.0,0.00,0,0.00,0.00,0.00,4749.45,49.45,INITIAL_FILL
2026-09-07 21:11:17.216,1788815477.216,POSITION_CLOSED_WIN_TP,360287970300001006,360287970300001002,A,BUY,0.10,4455.00,4455.00,4453.64,+0.0,4451.52,4451.52,4453.64,0.0,0.0,0.00,0,-13.60,0.70,-14.30,4735.15,35.15,WIN_TP
2026-09-07 21:11:17.296,1788815477.296,ORDER_FILLED,360287970300001009,360287970300001015,A,BUY,0.10,4469.55,4469.55,0.00,+0.0,4468.34,4468.34,4470.46,8.0,0.0,0.00,0,0.00,0.00,0.00,4735.15,35.15,INITIAL_FILL
2026-09-07 21:11:17.298,1788815477.299,POSITION_CLOSED_STOP_LOSS,360287970300001020,360287970300001015,A,BUY,0.10,4469.55,4469.55,4468.34,+0.0,4468.34,4468.34,4470.46,0.0,0.0,0.00,0,-12.10,0.70,-12.80,4722.35,22.35,STOP_LOSS
2026-09-07 21:11:17.400,1788815477.400,ORDER_FILLED,360287970300001024,360287970300001028,A,BUY,0.10,4476.01,4476.01,0.00,+0.0,4475.70,4475.70,4477.82,8.0,0.0,0.00,0,0.00,0.00,0.00,4722.35,22.35,INITIAL_FILL
2026-09-07 21:11:17.403,1788815477.403,POSITION_CLOSED_STOP_LOSS,360287970300001035,360287970300001028,A,BUY,0.10,4476.01,4476.01,4475.70,+0.0,4475.70,4475.70,4477.82,0.0,0.0,0.00,0,-3.10,0.70,-3.80,4718.55,18.55,STOP_LOSS
2026-09-07 21:11:17.505,1788815477.505,ORDER_FILLED,360287970300001044,360287970300001045,A,BUY,0.10,4468.89,4468.89,0.00,+0.0,4468.25,4468.25,4470.37,8.0,0.0,0.00,0,0.00,0.00,0.00,4718.55,18.55,INITIAL_FILL
2026-09-07 21:11:17.508,1788815477.509,POSITION_CLOSED_STOP_LOSS,360287970300001052,360287970300001045,A,BUY,0.10,4468.89,4468.89,4468.25,+0.0,4468.25,4468.25,4470.37,0.0,0.0,0.00,0,-6.40,0.70,-7.10,4711.45,11.45,STOP_LOSS
2026-09-07 21:11:17.592,1788815477.593,ORDER_FILLED,360287970300001061,360287970300001069,A,BUY,0.10,4481.68,4481.68,0.00,+0.0,4480.14,4480.14,4482.26,8.0,0.0,0.00,0,0.00,0.00,0.00,4711.45,11.45,INITIAL_FILL
2026-09-07 21:11:17.600,1788815477.600,POSITION_CLOSED_STOP_LOSS,360287970300001070,360287970300001069,A,BUY,0.10,4481.68,4481.68,4480.14,+0.0,4480.14,4480.14,4482.26,0.0,0.0,0.00,0,-15.40,0.70,-16.10,4695.35,0.00,STOP_LOSS
2026-09-07 21:11:17.712,1788815477.712,ORDER_FILLED,360287970300001076,360287970300001084,A,BUY,0.10,4491.22,4491.22,0.00,+0.0,4490.90,4490.90,4493.02,8.0,0.0,0.00,0,0.00,0.00,0.00,4695.35,0.00,INITIAL_FILL
2026-09-07 21:11:17.717,1788815477.718,POSITION_CLOSED_WIN_TP,360287970300001089,360287970300001084,A,BUY,0.10,4491.22,4491.22,4493.02,+0.0,4492.22,4492.22,4493.02,0.0,0.0,0.00,0,18.00,0.70,17.30,4712.65,12.65,WIN_TP
2026-09-07 21:11:17.829,1788815477.830,ORDER_FILLED,360287970300001092,360287970300001094,A,BUY,0.10,4493.17,4493.17,0.00,+0.0,4491.01,4491.01,4493.13,8.0,0.0,0.00,0,0.00,0.00,0.00,4712.65,12.65,INITIAL_FILL
2026-09-07 21:11:17.831,1788815477.831,POSITION_CLOSED_WIN_TP,360287970300001100,360287970300001094,A,BUY,0.10,4493.17,4493.17,4493.13,+0.0,4491.01,4491.01,4493.13,0.0,0.0,0.00,0,-0.40,0.70,-1.10,4711.55,11.55,WIN_TP
2026-09-07 21:11:17.909,1788815477.910,ORDER_FILLED,360287970300001109,360287970300001115,A,BUY,0.10,4491.41,4491.41,0.00,+0.0,4490.48,4490.48,4492.60,8.0,0.0,0.00,0,0.00,0.00,0.00,4711.55,11.55,INITIAL_FILL
2026-09-07 21:11:17.921,1788815477.922,POSITION_CLOSED_WIN_TP,360287970300001124,360287970300001115,A,BUY,0.10,4491.41,4491.41,4492.60,+0.0,4492.41,4492.41,4492.60,0.0,0.0,0.00,0,11.90,0.70,11.20,4722.75,22.75,WIN_TP
2026-09-07 21:11:18.026,1788815478.027,ORDER_FILLED,360287970300001132,360287970300001133,A,BUY,0.10,4486.84,4486.84,0.00,+0.0,4486.63,4486.63,4488.75,8.0,0.0,0.00,0,0.00,0.00,0.00,4722.75,22.75,INITIAL_FILL
2026-09-07 21:11:18.036,1788815478.037,POSITION_CLOSED_RATCHET_WIN,360287970300001139,360287970300001133,A,BUY,0.10,4486.84,4486.84,4487.84,+0.0,4487.84,4487.84,4488.75,0.0,0.0,0.00,0,10.00,0.70,9.30,4732.05,32.05,RATCHET_WIN
2026-09-07 21:11:18.108,1788815478.109,ORDER_FILLED,360287970300001146,360287970300001148,A,BUY,0.10,4487.10,4487.10,0.00,+0.0,4485.85,4485.85,4487.97,8.0,0.0,0.00,0,0.00,0.00,0.00,4732.05,32.05,INITIAL_FILL
2026-09-07 21:11:18.114,1788815478.114,POSITION_CLOSED_BE_PROTECTED,360287970300001149,360287970300001148,A,BUY,0.10,4487.10,4487.10,4487.15,+0.0,4487.15,4487.15,4487.97,0.0,0.0,0.00,0,0.50,0.70,-0.20,4731.85,31.85,BE_PROTECTED
2026-09-07 21:11:18.218,1788815478.219,ORDER_FILLED,360287970300001151,360287970300001156,A,BUY,0.10,4479.98,4479.98,0.00,+0.0,4479.83,4479.83,4481.95,8.0,0.0,0.00,0,0.00,0.00,0.00,4731.85,31.85,INITIAL_FILL
2026-09-07 21:11:18.220,1788815478.221,POSITION_CLOSED_STOP_LOSS,360287970300001164,360287970300001156,A,BUY,0.10,4479.98,4479.98,4479.83,+0.0,4479.83,4479.83,4481.95,0.0,0.0,0.00,0,-1.50,0.70,-2.20,4729.65,29.65,STOP_LOSS
2026-09-07 21:11:18.339,1788815478.339,ORDER_FILLED,360287970300001166,360287970300001168,A,BUY,0.10,4478.78,4478.78,0.00,+0.0,4478.16,4478.16,4480.28,8.0,0.0,0.00,0,0.00,0.00,0.00,4729.65,29.65,INITIAL_FILL
2026-09-07 21:11:18.342,1788815478.342,POSITION_CLOSED_STOP_LOSS,360287970300001171,360287970300001168,A,BUY,0.10,4478.78,4478.78,4478.16,+0.0,4478.16,4478.16,4480.28,0.0,0.0,0.00,0,-6.20,0.70,-6.90,4722.75,22.75,STOP_LOSS
2026-09-07 21:11:18.496,1788815478.496,ORDER_FILLED,360287970300001175,360287970300001177,A,BUY,0.10,4478.58,4478.58,0.00,+0.0,4475.37,4475.37,4477.49,8.0,0.0,0.00,0,0.00,0.00,0.00,4722.75,22.75,INITIAL_FILL
2026-09-07 21:11:18.498,1788815478.498,POSITION_CLOSED_WIN_TP,360287970300001181,360287970300001177,A,BUY,0.10,4478.58,4478.58,4477.49,+0.0,4475.37,4475.37,4477.49,0.0,0.0,0.00,0,-10.90,0.70,-11.60,4711.15,11.15,WIN_TP
2026-09-07 21:11:18.556,1788815478.557,ORDER_FILLED,360287970300001186,360287970300001194,A,BUY,0.10,4479.58,4479.58,0.00,+0.0,4477.25,4477.25,4479.37,8.0,0.0,0.00,0,0.00,0.00,0.00,4711.15,11.15,INITIAL_FILL
2026-09-07 21:11:18.558,1788815478.558,POSITION_CLOSED_WIN_TP,360287970300001202,360287970300001194,A,BUY,0.10,4479.58,4479.58,4479.37,+0.0,4477.25,4477.25,4479.37,0.0,0.0,0.00,0,-2.10,0.70,-2.80,4708.35,8.35,WIN_TP
2026-09-07 21:11:18.655,1788815478.655,ORDER_FILLED,360287970300001210,360287970300001215,A,BUY,0.10,4475.92,4475.92,0.00,+0.0,4474.70,4474.70,4476.82,8.0,0.0,0.00,0,0.00,0.00,0.00,4708.35,8.35,INITIAL_FILL
2026-09-07 21:11:18.665,1788815478.665,POSITION_CLOSED_STOP_LOSS,360287970300001221,360287970300001215,A,BUY,0.10,4475.92,4475.92,4474.70,+0.0,4474.70,4474.70,4476.82,0.0,0.0,0.00,0,-12.20,0.70,-12.90,4695.45,0.00,STOP_LOSS
2026-09-07 21:11:18.765,1788815478.766,ORDER_FILLED,360287970300001229,360287970300001231,B,BUY,0.03,4465.70,4465.70,0.00,+0.0,4465.12,4465.12,4468.57,8.0,0.0,0.00,0,0.00,0.00,0.00,4695.45,0.00,INITIAL_FILL
2026-09-07 21:11:18.766,1788815478.767,ORDER_FILLED,360287970300001238,360287970300001239,C,BUY,0.03,4465.70,4465.70,0.00,+0.0,4465.12,4465.12,4468.57,8.0,0.0,0.00,0,0.00,0.00,0.00,4695.45,0.00,INITIAL_FILL
2026-09-07 21:11:18.767,1788815478.768,ORDER_FILLED,360287970300001240,360287970300001245,C,SELL,0.03,4465.62,4465.62,0.00,+0.0,4465.36,4465.36,4461.91,8.0,0.0,0.00,0,0.00,0.00,0.00,4695.45,0.00,INITIAL_FILL
2026-09-07 21:11:18.768,1788815478.769,POSITION_CLOSED_STOP_LOSS,360287970300001249,360287970300001245,C,SELL,0.03,4465.62,4465.62,4465.36,+0.0,4465.36,4465.36,4461.91,0.0,0.0,0.00,0,0.78,0.21,0.57,4696.02,0.00,STOP_LOSS
2026-09-07 21:11:18.779,1788815478.779,POSITION_CLOSED_RATCHET_WIN,360287970300001257,360287970300001231,B,BUY,0.03,4465.70,4465.70,4466.53,+0.0,4466.53,4466.53,4468.57,0.0,0.0,0.00,0,2.49,0.21,2.28,4698.30,0.00,RATCHET_WIN
2026-09-07 21:11:18.780,1788815478.780,POSITION_CLOSED_RATCHET_WIN,360287970300001264,360287970300001239,C,BUY,0.03,4465.70,4465.70,4466.53,+0.0,4466.53,4466.53,4468.57,0.0,0.0,0.00,0,2.49,0.21,2.28,4700.58,0.58,RATCHET_WIN
2026-09-07 21:11:18.845,1788815478.846,ORDER_FILLED,360287970300001273,360287970300001275,A,BUY,0.10,4459.08,4459.08,0.00,+0.0,4458.29,4458.29,4460.41,8.0,0.0,0.00,0,0.00,0.00,0.00,4700.58,0.58,INITIAL_FILL
2026-09-07 21:11:18.850,1788815478.851,POSITION_CLOSED_STOP_LOSS,360287970300001276,360287970300001275,A,BUY,0.10,4459.08,4459.08,4458.29,+0.0,4458.29,4458.29,4460.41,0.0,0.0,0.00,0,-7.90,0.70,-8.60,4691.98,0.00,STOP_LOSS
2026-09-07 21:11:18.966,1788815478.967,ORDER_FILLED,360287970300001284,360287970300001286,B,BUY,0.03,4461.24,4461.24,0.00,+0.0,4460.18,4460.18,4463.63,8.0,0.0,0.00,0,0.00,0.00,0.00,4691.98,0.00,INITIAL_FILL
2026-09-07 21:11:18.967,1788815478.968,ORDER_FILLED,360287970300001290,360287970300001294,C,BUY,0.03,4461.24,4461.24,0.00,+0.0,4460.18,4460.18,4463.63,8.0,0.0,0.00,0,0.00,0.00,0.00,4691.98,0.00,INITIAL_FILL
2026-09-07 21:11:18.967,1788815478.968,ORDER_FILLED,360287970300001300,360287970300001301,C,SELL,0.03,4461.16,4461.16,0.00,+0.0,4460.42,4460.42,4456.97,8.0,0.0,0.00,0,0.00,0.00,0.00,4691.98,0.00,INITIAL_FILL
2026-09-07 21:11:18.969,1788815478.970,POSITION_CLOSED_STOP_LOSS,360287970300001303,360287970300001301,C,SELL,0.03,4461.16,4461.16,4460.42,+0.0,4460.42,4460.42,4456.97,0.0,0.0,0.00,0,2.22,0.21,2.01,4693.99,0.00,STOP_LOSS
2026-09-07 21:11:18.977,1788815478.978,POSITION_CLOSED_WIN_TP,360287970300001310,360287970300001286,B,BUY,0.03,4461.24,4461.24,4463.63,+0.0,4462.90,4462.90,4463.63,0.0,0.0,0.00,0,7.17,0.21,6.96,4700.95,0.95,WIN_TP
2026-09-07 21:11:18.978,1788815478.979,POSITION_CLOSED_WIN_TP,360287970300001313,360287970300001294,C,BUY,0.03,4461.24,4461.24,4463.63,+0.0,4462.90,4462.90,4463.63,0.0,0.0,0.00,0,7.17,0.21,6.96,4707.91,7.91,WIN_TP
2026-09-07 21:11:19.070,1788815479.071,ORDER_FILLED,360287970300001318,360287970300001322,B,BUY,0.03,4467.86,4467.86,0.00,+0.0,4465.32,4465.32,4468.77,8.0,0.0,0.00,0,0.00,0.00,0.00,4707.91,7.91,INITIAL_FILL
2026-09-07 21:11:19.071,1788815479.072,ORDER_FILLED,360287970300001327,360287970300001328,C,BUY,0.03,4467.86,4467.86,0.00,+0.0,4465.32,4465.32,4468.77,8.0,0.0,0.00,0,0.00,0.00,0.00,4707.91,7.91,INITIAL_FILL
2026-09-07 21:11:19.071,1788815479.072,ORDER_FILLED,360287970300001331,360287970300001340,C,SELL,0.03,4467.78,4467.78,0.00,+0.0,4465.56,4465.56,4462.11,8.0,0.0,0.00,0,0.00,0.00,0.00,4707.91,7.91,INITIAL_FILL
2026-09-07 21:11:19.073,1788815479.074,POSITION_CLOSED_STOP_LOSS,360287970300001345,360287970300001340,C,SELL,0.03,4467.78,4467.78,4465.56,+0.0,4465.56,4465.56,4462.11,0.0,0.0,0.00,0,6.66,0.21,6.45,4714.36,14.36,STOP_LOSS
2026-09-07 21:11:19.080,1788815479.081,POSITION_CLOSED_STOP_LOSS,360287970300001350,360287970300001322,B,BUY,0.03,4467.86,4467.86,4465.32,+0.0,4465.32,4465.32,4468.77,0.0,0.0,0.00,0,-7.62,0.21,-7.83,4706.53,6.53,STOP_LOSS
2026-09-07 21:11:19.081,1788815479.082,POSITION_CLOSED_STOP_LOSS,360287970300001353,360287970300001328,C,BUY,0.03,4467.86,4467.86,4465.32,+0.0,4465.32,4465.32,4468.77,0.0,0.0,0.00,0,-7.62,0.21,-7.83,4698.70,0.00,STOP_LOSS
2026-09-07 21:11:19.164,1788815479.165,ORDER_FILLED,360287970300001355,360287970300001361,A,BUY,0.10,4466.54,4466.54,0.00,+0.0,4465.30,4465.30,4467.42,8.0,0.0,0.00,0,0.00,0.00,0.00,4698.70,0.00,INITIAL_FILL
2026-09-07 21:11:19.170,1788815479.171,POSITION_CLOSED_BE_PROTECTED,360287970300001370,360287970300001361,A,BUY,0.10,4466.54,4466.54,4466.59,+0.0,4466.59,4466.59,4467.42,0.0,0.0,0.00,0,0.50,0.70,-0.20,4698.50,0.00,BE_PROTECTED
2026-09-07 21:11:19.264,1788815479.265,ORDER_FILLED,360287970300001376,360287970300001377,A,BUY,0.10,4465.73,4465.73,0.00,+0.0,4462.60,4462.60,4464.72,8.0,0.0,0.00,0,0.00,0.00,0.00,4698.50,0.00,INITIAL_FILL
2026-09-07 21:11:19.265,1788815479.266,POSITION_CLOSED_WIN_TP,360287970300001384,360287970300001377,A,BUY,0.10,4465.73,4465.73,4464.72,+0.0,4462.60,4462.60,4464.72,0.0,0.0,0.00,0,-10.10,0.70,-10.80,4687.70,0.00,WIN_TP
2026-09-07 21:11:19.389,1788815479.389,ORDER_FILLED,360287970300001389,360287970300001395,B,BUY,0.03,4469.42,4469.42,0.00,+0.0,4466.48,4466.48,4469.93,8.0,0.0,0.00,0,0.00,0.00,0.00,4687.70,0.00,INITIAL_FILL
2026-09-07 21:11:19.389,1788815479.390,ORDER_FILLED,360287970300001404,360287970300001407,C,BUY,0.03,4469.42,4469.42,0.00,+0.0,4466.48,4466.48,4469.93,8.0,0.0,0.00,0,0.00,0.00,0.00,4687.70,0.00,INITIAL_FILL
2026-09-07 21:11:19.390,1788815479.390,ORDER_FILLED,360287970300001408,360287970300001413,C,SELL,0.03,4469.34,4469.34,0.00,+0.0,4466.72,4466.72,4463.27,8.0,0.0,0.00,0,0.00,0.00,0.00,4687.70,0.00,INITIAL_FILL
2026-09-07 21:11:19.391,1788815479.392,POSITION_CLOSED_STOP_LOSS,360287970300001416,360287970300001413,C,SELL,0.03,4469.34,4469.34,4466.72,+0.0,4466.72,4466.72,4463.27,0.0,0.0,0.00,0,7.86,0.21,7.65,4695.35,0.00,STOP_LOSS
2026-09-07 21:11:19.395,1788815479.395,POSITION_CLOSED_WIN_TP,360287970300001421,360287970300001395,B,BUY,0.03,4469.42,4469.42,4469.93,+0.0,4466.48,4466.48,4469.93,0.0,0.0,0.00,0,1.53,0.21,1.32,4696.67,0.00,WIN_TP
2026-09-07 21:11:19.396,1788815479.396,POSITION_CLOSED_WIN_TP,360287970300001424,360287970300001407,C,BUY,0.03,4469.42,4469.42,4469.93,+0.0,4466.48,4466.48,4469.93,0.0,0.0,0.00,0,1.53,0.21,1.32,4697.99,0.00,WIN_TP
2026-09-07 21:11:19.479,1788815479.480,ORDER_FILLED,360287970300001430,360287970300001436,A,BUY,0.10,4475.38,4475.38,0.00,+0.0,4475.16,4475.16,4477.28,8.0,0.0,0.00,0,0.00,0.00,0.00,4697.99,0.00,INITIAL_FILL
2026-09-07 21:11:19.485,1788815479.486,POSITION_CLOSED_STOP_LOSS,360287970300001439,360287970300001436,A,BUY,0.10,4475.38,4475.38,4475.16,+0.0,4475.16,4475.16,4477.28,0.0,0.0,0.00,0,-2.20,0.70,-2.90,4695.09,0.00,STOP_LOSS
2026-09-07 21:11:19.644,1788815479.644,ORDER_FILLED,360287970300001445,360287970300001448,A,BUY,0.10,4475.44,4475.44,0.00,+0.0,4475.36,4475.36,4477.48,8.0,0.0,0.00,0,0.00,0.00,0.00,4695.09,0.00,INITIAL_FILL
2026-09-07 21:11:19.646,1788815479.646,POSITION_CLOSED_STOP_LOSS,360287970300001454,360287970300001448,A,BUY,0.10,4475.44,4475.44,4475.36,+0.0,4475.36,4475.36,4477.48,0.0,0.0,0.00,0,-0.80,0.70,-1.50,4693.59,0.00,STOP_LOSS
2026-09-07 21:11:19.762,1788815479.762,ORDER_FILLED,360287970300001462,360287970300001464,A,BUY,0.10,4478.51,4478.51,0.00,+0.0,4477.67,4477.67,4479.79,8.0,0.0,0.00,0,0.00,0.00,0.00,4693.59,0.00,INITIAL_FILL
2026-09-07 21:11:19.773,1788815479.774,POSITION_CLOSED_RATCHET_WIN,360287970300001470,360287970300001464,A,BUY,0.10,4478.51,4478.51,4479.01,+0.0,4479.01,4479.01,4479.79,0.0,0.0,0.00,0,5.00,0.70,4.30,4697.89,0.00,RATCHET_WIN
2026-09-07 21:11:19.865,1788815479.865,ORDER_FILLED,360287970300001479,360287970300001481,A,BUY,0.10,4473.02,4473.02,0.00,+0.0,4470.95,4470.95,4473.07,8.0,0.0,0.00,0,0.00,0.00,0.00,4697.89,0.00,INITIAL_FILL
2026-09-07 21:11:19.871,1788815479.872,POSITION_CLOSED_WIN_TP,360287970300001486,360287970300001481,A,BUY,0.10,4473.02,4473.02,4473.07,+0.0,4470.95,4470.95,4473.07,0.0,0.0,0.00,0,0.50,0.70,-0.20,4697.69,0.00,WIN_TP
2026-09-07 21:11:20.008,1788815480.009,ORDER_FILLED,360287970300001495,360287970300001502,A,BUY,0.10,4468.66,4468.66,0.00,+0.0,4466.89,4466.89,4469.01,8.0,0.0,0.00,0,0.00,0.00,0.00,4697.69,0.00,INITIAL_FILL
2026-09-07 21:11:20.020,1788815480.020,POSITION_CLOSED_WIN_TP,360287970300001504,360287970300001502,A,BUY,0.10,4468.66,4468.66,4469.01,+0.0,4466.89,4466.89,4469.01,0.0,0.0,0.00,0,3.50,0.70,2.80,4700.49,0.49,WIN_TP
2026-09-07 21:11:20.093,1788815480.094,ORDER_FILLED,360287970300001506,360287970300001511,A,BUY,0.10,4474.31,4474.31,0.00,+0.0,4473.10,4473.10,4475.22,8.0,0.0,0.00,0,0.00,0.00,0.00,4700.49,0.49,INITIAL_FILL
2026-09-07 21:11:20.110,1788815480.110,POSITION_CLOSED_WIN_TP,360287970300001516,360287970300001511,A,BUY,0.10,4474.31,4474.31,4475.22,+0.0,4474.81,4474.81,4475.22,0.0,0.0,0.00,0,9.10,0.70,8.40,4708.89,8.89,WIN_TP
2026-09-07 21:11:20.192,1788815480.193,ORDER_FILLED,360287970300001517,360287970300001520,B,BUY,0.03,4476.69,4476.69,0.00,+0.0,4474.37,4474.37,4477.82,8.0,0.0,0.00,0,0.00,0.00,0.00,4708.89,8.89,INITIAL_FILL
2026-09-07 21:11:20.193,1788815480.194,ORDER_FILLED,360287970300001525,360287970300001530,C,BUY,0.03,4476.69,4476.69,0.00,+0.0,4474.37,4474.37,4477.82,8.0,0.0,0.00,0,0.00,0.00,0.00,4708.89,8.89,INITIAL_FILL
2026-09-07 21:11:20.193,1788815480.194,ORDER_FILLED,360287970300001537,360287970300001539,C,SELL,0.03,4476.61,4476.61,0.00,+0.0,4474.61,4474.61,4471.16,8.0,0.0,0.00,0,0.00,0.00,0.00,4708.89,8.89,INITIAL_FILL
2026-09-07 21:11:20.195,1788815480.196,POSITION_CLOSED_STOP_LOSS,360287970300001541,360287970300001539,C,SELL,0.03,4476.61,4476.61,4474.61,+0.0,4474.61,4474.61,4471.16,0.0,0.0,0.00,0,6.00,0.21,5.79,4714.68,14.68,STOP_LOSS
2026-09-07 21:11:20.200,1788815480.201,POSITION_CLOSED_WIN_TP,360287970300001546,360287970300001520,B,BUY,0.03,4476.69,4476.69,4477.82,+0.0,4476.74,4476.74,4477.82,0.0,0.0,0.00,0,3.39,0.21,3.18,4717.86,17.86,WIN_TP
2026-09-07 21:11:20.201,1788815480.202,POSITION_CLOSED_WIN_TP,360287970300001554,360287970300001530,C,BUY,0.03,4476.69,4476.69,4477.82,+0.0,4476.74,4476.74,4477.82,0.0,0.0,0.00,0,3.39,0.21,3.18,4721.04,21.04,WIN_TP
2026-09-07 21:11:20.294,1788815480.294,ORDER_FILLED,360287970300001556,360287970300001561,B,BUY,0.03,4478.88,4478.88,0.00,+0.0,4477.01,4477.01,4480.46,8.0,0.0,0.00,0,0.00,0.00,0.00,4721.04,21.04,INITIAL_FILL
2026-09-07 21:11:20.295,1788815480.295,ORDER_FILLED,360287970300001569,360287970300001571,C,BUY,0.03,4478.88,4478.88,0.00,+0.0,4477.01,4477.01,4480.46,8.0,0.0,0.00,0,0.00,0.00,0.00,4721.04,21.04,INITIAL_FILL
2026-09-07 21:11:20.295,1788815480.296,ORDER_FILLED,360287970300001577,360287970300001586,C,SELL,0.03,4478.80,4478.80,0.00,+0.0,4477.25,4477.25,4473.80,8.0,0.0,0.00,0,0.00,0.00,0.00,4721.04,21.04,INITIAL_FILL
2026-09-07 21:11:20.296,1788815480.297,POSITION_CLOSED_STOP_LOSS,360287970300001593,360287970300001586,C,SELL,0.03,4478.80,4478.80,4477.25,+0.0,4477.25,4477.25,4473.80,0.0,0.0,0.00,0,4.65,0.21,4.44,4725.48,25.48,STOP_LOSS
2026-09-07 21:11:20.319,1788815480.319,POSITION_CLOSED_STOP_LOSS,360287970300001600,360287970300001561,B,BUY,0.03,4478.88,4478.88,4477.01,+0.0,4477.01,4477.01,4480.46,0.0,0.0,0.00,0,-5.61,0.21,-5.82,4719.66,19.66,STOP_LOSS
2026-09-07 21:11:20.321,1788815480.321,POSITION_CLOSED_STOP_LOSS,360287970300001605,360287970300001571,C,BUY,0.03,4478.88,4478.88,4477.01,+0.0,4477.01,4477.01,4480.46,0.0,0.0,0.00,0,-5.61,0.21,-5.82,4713.84,13.84,STOP_LOSS
2026-09-07 21:11:20.399,1788815480.400,ORDER_FILLED,360287970300001608,360287970300001609,B,BUY,0.03,4482.71,4482.71,0.00,+0.0,4482.36,4482.36,4485.81,8.0,0.0,0.00,0,0.00,0.00,0.00,4713.84,13.84,INITIAL_FILL
2026-09-07 21:11:20.400,1788815480.401,ORDER_FILLED,360287970300001611,360287970300001617,C,BUY,0.03,4482.71,4482.71,0.00,+0.0,4482.36,4482.36,4485.81,8.0,0.0,0.00,0,0.00,0.00,0.00,4713.84,13.84,INITIAL_FILL
2026-09-07 21:11:20.400,1788815480.401,ORDER_FILLED,360287970300001621,360287970300001628,C,SELL,0.03,4482.63,4482.63,0.00,+0.0,4482.60,4482.60,4479.15,8.0,0.0,0.00,0,0.00,0.00,0.00,4713.84,13.84,INITIAL_FILL
2026-09-07 21:11:20.402,1788815480.403,POSITION_CLOSED_STOP_LOSS,360287970300001630,360287970300001628,C,SELL,0.03,4482.63,4482.63,4482.60,+0.0,4482.60,4482.60,4479.15,0.0,0.0,0.00,0,0.09,0.21,-0.12,4713.72,13.72,STOP_LOSS
2026-09-07 21:11:20.404,1788815480.405,POSITION_CLOSED_STOP_LOSS,360287970300001638,360287970300001609,B,BUY,0.03,4482.71,4482.71,4482.36,+0.0,4482.36,4482.36,4485.81,0.0,0.0,0.00,0,-1.05,0.21,-1.26,4712.46,12.46,STOP_LOSS
2026-09-07 21:11:20.405,1788815480.406,POSITION_CLOSED_STOP_LOSS,360287970300001639,360287970300001617,C,BUY,0.03,4482.71,4482.71,4482.36,+0.0,4482.36,4482.36,4485.81,0.0,0.0,0.00,0,-1.05,0.21,-1.26,4711.20,11.20,STOP_LOSS
2026-09-07 21:11:20.481,1788815480.482,ORDER_FILLED,360287970300001648,360287970300001653,B,BUY,0.03,4499.26,4499.26,0.00,+0.0,4498.95,4498.95,4502.40,8.0,0.0,0.00,0,0.00,0.00,0.00,4711.20,11.20,INITIAL_FILL
2026-09-07 21:11:20.481,1788815480.482,ORDER_FILLED,360287970300001659,360287970300001661,C,BUY,0.03,4499.26,4499.26,0.00,+0.0,4498.95,4498.95,4502.40,8.0,0.0,0.00,0,0.00,0.00,0.00,4711.20,11.20,INITIAL_FILL
2026-09-07 21:11:20.482,1788815480.483,ORDER_FILLED,360287970300001668,360287970300001672,C,SELL,0.03,4499.18,4499.18,0.00,+0.0,4499.19,4499.19,4495.74,8.0,0.0,0.00,0,0.00,0.00,0.00,4711.20,11.20,INITIAL_FILL
2026-09-07 21:11:20.483,1788815480.484,POSITION_CLOSED_STOP_LOSS,360287970300001678,360287970300001672,C,SELL,0.03,4499.18,4499.18,4499.19,+0.0,4499.19,4499.19,4495.74,0.0,0.0,0.00,0,-0.03,0.21,-0.24,4710.96,10.96,STOP_LOSS
2026-09-07 21:11:20.485,1788815480.486,POSITION_CLOSED_STOP_LOSS,360287970300001680,360287970300001653,B,BUY,0.03,4499.26,4499.26,4498.95,+0.0,4498.95,4498.95,4502.40,0.0,0.0,0.00,0,-0.93,0.21,-1.14,4709.82,9.82,STOP_LOSS
2026-09-07 21:11:20.487,1788815480.488,POSITION_CLOSED_STOP_LOSS,360287970300001686,360287970300001661,C,BUY,0.03,4499.26,4499.26,4498.95,+0.0,4498.95,4498.95,4502.40,0.0,0.0,0.00,0,-0.93,0.21,-1.14,4708.68,8.68,STOP_LOSS
2026-09-07 21:11:20.637,1788815480.638,ORDER_FILLED,360287970300001689,360287970300001696,A,BUY,0.10,4498.36,4498.36,0.00,+0.0,4497.77,4497.77,4499.89,8.0,0.0,0.00,0,0.00,0.00,0.00,4708.68,8.68,INITIAL_FILL
2026-09-07 21:11:20.640,1788815480.641,POSITION_CLOSED_STOP_LOSS,360287970300001701,360287970300001696,A,BUY,0.10,4498.36,4498.36,4497.77,+0.0,4497.77,4497.77,4499.89,0.0,0.0,0.00,0,-5.90,0.70,-6.60,4702.08,2.08,STOP_LOSS
2026-09-07 21:11:20.679,1788815480.680,ORDER_FILLED,360287970300001702,360287970300001704,A,BUY,0.10,4505.18,4505.18,0.00,+0.0,4503.76,4503.76,4505.88,8.0,0.0,0.00,0,0.00,0.00,0.00,4702.08,2.08,INITIAL_FILL
2026-09-07 21:11:20.684,1788815480.685,POSITION_CLOSED_BE_PROTECTED,360287970300001707,360287970300001704,A,BUY,0.10,4505.18,4505.18,4505.23,+0.0,4505.23,4505.23,4505.88,0.0,0.0,0.00,0,0.50,0.70,-0.20,4701.88,1.88,BE_PROTECTED
2026-09-07 21:11:20.779,1788815480.780,ORDER_FILLED,360287970300001716,360287970300001723,A,BUY,0.10,4510.54,4510.54,0.00,+0.0,4510.25,4510.25,4512.37,8.0,0.0,0.00,0,0.00,0.00,0.00,4701.88,1.88,INITIAL_FILL
2026-09-07 21:11:20.781,1788815480.782,POSITION_CLOSED_STOP_LOSS,360287970300001727,360287970300001723,A,BUY,0.10,4510.54,4510.54,4510.25,+0.0,4510.25,4510.25,4512.37,0.0,0.0,0.00,0,-2.90,0.70,-3.60,4698.28,0.00,STOP_LOSS
2026-09-07 21:11:20.889,1788815480.889,ORDER_FILLED,360287970300001735,360287970300001741,B,BUY,0.03,4505.89,4505.89,0.00,+0.0,4504.63,4504.63,4508.08,8.0,0.0,0.00,0,0.00,0.00,0.00,4698.28,0.00,INITIAL_FILL
2026-09-07 21:11:20.889,1788815480.890,ORDER_FILLED,360287970300001743,360287970300001746,C,BUY,0.03,4505.89,4505.89,0.00,+0.0,4504.63,4504.63,4508.08,8.0,0.0,0.00,0,0.00,0.00,0.00,4698.28,0.00,INITIAL_FILL
2026-09-07 21:11:20.890,1788815480.890,ORDER_FILLED,360287970300001749,360287970300001756,C,SELL,0.03,4505.81,4505.81,0.00,+0.0,4504.87,4504.87,4501.42,8.0,0.0,0.00,0,0.00,0.00,0.00,4698.28,0.00,INITIAL_FILL
2026-09-07 21:11:20.891,1788815480.892,POSITION_CLOSED_STOP_LOSS,360287970300001760,360287970300001756,C,SELL,0.03,4505.81,4505.81,4504.87,+0.0,4504.87,4504.87,4501.42,0.0,0.0,0.00,0,2.82,0.21,2.61,4700.89,0.89,STOP_LOSS
2026-09-07 21:11:20.932,1788815480.933,POSITION_CLOSED_RATCHET_WIN,360287970300001763,360287970300001741,B,BUY,0.03,4505.89,4505.89,4506.72,+0.0,4506.72,4506.72,4508.08,0.0,0.0,0.00,0,2.49,0.21,2.28,4703.17,3.17,RATCHET_WIN
2026-09-07 21:11:20.933,1788815480.934,POSITION_CLOSED_RATCHET_WIN,360287970300001768,360287970300001746,C,BUY,0.03,4505.89,4505.89,4506.72,+0.0,4506.72,4506.72,4508.08,0.0,0.0,0.00,0,2.49,0.21,2.28,4705.45,5.45,RATCHET_WIN
2026-09-07 21:11:20.996,1788815480.997,ORDER_FILLED,360287970300001773,360287970300001779,A,BUY,0.10,4508.13,4508.13,0.00,+0.0,4507.23,4507.23,4509.35,8.0,0.0,0.00,0,0.00,0.00,0.00,4705.45,5.45,INITIAL_FILL
2026-09-07 21:11:20.999,1788815481.000,POSITION_CLOSED_WIN_TP,360287970300001784,360287970300001779,A,BUY,0.10,4508.13,4508.13,4509.35,+0.0,4509.13,4509.13,4509.35,0.0,0.0,0.00,0,12.20,0.70,11.50,4716.95,16.95,WIN_TP
2026-09-07 21:11:21.133,1788815481.134,ORDER_FILLED,360287970300001789,360287970300001795,A,BUY,0.10,4501.83,4501.83,0.00,+0.0,4501.58,4501.58,4503.70,8.0,0.0,0.00,0,0.00,0.00,0.00,4716.95,16.95,INITIAL_FILL
2026-09-07 21:11:21.136,1788815481.137,POSITION_CLOSED_STOP_LOSS,360287970300001799,360287970300001795,A,BUY,0.10,4501.83,4501.83,4501.58,+0.0,4501.58,4501.58,4503.70,0.0,0.0,0.00,0,-2.50,0.70,-3.20,4713.75,13.75,STOP_LOSS
2026-09-07 21:11:21.193,1788815481.194,ORDER_FILLED,360287970300001805,360287970300001807,A,BUY,0.10,4498.14,4498.14,0.00,+0.0,4497.14,4497.14,4499.26,8.0,0.0,0.00,0,0.00,0.00,0.00,4713.75,13.75,INITIAL_FILL
2026-09-07 21:11:21.196,1788815481.197,POSITION_CLOSED_STOP_LOSS,360287970300001814,360287970300001807,A,BUY,0.10,4498.14,4498.14,4497.14,+0.0,4497.14,4497.14,4499.26,0.0,0.0,0.00,0,-10.00,0.70,-10.70,4703.05,3.05,STOP_LOSS
2026-09-07 21:11:21.388,1788815481.389,ORDER_FILLED,360287970300001816,360287970300001822,B,BUY,0.03,4488.76,4488.76,0.00,+0.0,4488.51,4488.51,4491.96,8.0,0.0,0.00,0,0.00,0.00,0.00,4703.05,3.05,INITIAL_FILL
2026-09-07 21:11:21.389,1788815481.390,ORDER_FILLED,360287970300001826,360287970300001830,C,BUY,0.03,4488.76,4488.76,0.00,+0.0,4488.51,4488.51,4491.96,8.0,0.0,0.00,0,0.00,0.00,0.00,4703.05,3.05,INITIAL_FILL
2026-09-07 21:11:21.389,1788815481.390,ORDER_FILLED,360287970300001834,360287970300001837,C,SELL,0.03,4488.68,4488.68,0.00,+0.0,4488.75,4488.75,4485.30,8.0,0.0,0.00,0,0.00,0.00,0.00,4703.05,3.05,INITIAL_FILL
2026-09-07 21:11:21.391,1788815481.392,POSITION_CLOSED_STOP_LOSS,360287970300001840,360287970300001822,B,BUY,0.03,4488.76,4488.76,4488.51,+0.0,4488.51,4488.51,4491.96,0.0,0.0,0.00,0,-0.75,0.21,-0.96,4702.09,2.09,STOP_LOSS
2026-09-07 21:11:21.393,1788815481.394,POSITION_CLOSED_STOP_LOSS,360287970300001846,360287970300001830,C,BUY,0.03,4488.76,4488.76,4488.51,+0.0,4488.51,4488.51,4491.96,0.0,0.0,0.00,0,-0.75,0.21,-0.96,4701.13,1.13,STOP_LOSS
2026-09-07 21:11:21.396,1788815481.397,POSITION_CLOSED_STOP_LOSS,360287970300001851,360287970300001837,C,SELL,0.03,4488.68,4488.68,4488.75,+0.0,4488.75,4488.75,4485.30,0.0,0.0,0.00,0,-0.21,0.21,-0.42,4700.71,0.71,STOP_LOSS
2026-09-07 21:11:21.512,1788815481.512,ORDER_FILLED,360287970300001852,360287970300001855,B,BUY,0.03,4490.12,4490.12,0.00,+0.0,4489.71,4489.71,4493.16,8.0,0.0,0.00,0,0.00,0.00,0.00,4700.71,0.71,INITIAL_FILL
2026-09-07 21:11:21.512,1788815481.513,ORDER_FILLED,360287970300001859,360287970300001865,C,BUY,0.03,4490.12,4490.12,0.00,+0.0,4489.71,4489.71,4493.16,8.0,0.0,0.00,0,0.00,0.00,0.00,4700.71,0.71,INITIAL_FILL
2026-09-07 21:11:21.513,1788815481.513,ORDER_FILLED,360287970300001867,360287970300001871,C,SELL,0.03,4490.04,4490.04,0.00,+0.0,4489.95,4489.95,4486.50,8.0,0.0,0.00,0,0.00,0.00,0.00,4700.71,0.71,INITIAL_FILL
2026-09-07 21:11:21.514,1788815481.515,POSITION_CLOSED_STOP_LOSS,360287970300001880,360287970300001871,C,SELL,0.03,4490.04,4490.04,4489.95,+0.0,4489.95,4489.95,4486.50,0.0,0.0,0.00,0,0.27,0.21,0.06,4700.77,0.77,STOP_LOSS
2026-09-07 21:11:21.526,1788815481.527,POSITION_CLOSED_BE_PROTECTED,360287970300001883,360287970300001855,B,BUY,0.03,4490.12,4490.12,4490.17,+0.0,4490.17,4490.17,4493.16,0.0,0.0,0.00,0,0.15,0.21,-0.06,4700.71,0.71,BE_PROTECTED
2026-09-07 21:11:21.527,1788815481.528,POSITION_CLOSED_BE_PROTECTED,360287970300001886,360287970300001865,C,BUY,0.03,4490.12,4490.12,4490.17,+0.0,4490.17,4490.17,4493.16,0.0,0.0,0.00,0,0.15,0.21,-0.06,4700.65,0.65,BE_PROTECTED
2026-09-07 21:11:21.615,1788815481.615,ORDER_FILLED,360287970300001888,360287970300001891,A,BUY,0.10,4491.61,4491.61,0.00,+0.0,4491.39,4491.39,4493.51,8.0,0.0,0.00,0,0.00,0.00,0.00,4700.65,0.65,INITIAL_FILL
2026-09-07 21:11:21.616,1788815481.616,POSITION_CLOSED_STOP_LOSS,360287970300001892,360287970300001891,A,BUY,0.10,4491.61,4491.61,4491.39,+0.0,4491.39,4491.39,4493.51,0.0,0.0,0.00,0,-2.20,0.70,-2.90,4697.75,0.00,STOP_LOSS
2026-09-07 21:11:21.740,1788815481.741,ORDER_FILLED,360287970300001896,360287970300001901,B,BUY,0.03,4490.45,4490.45,0.00,+0.0,4489.53,4489.53,4492.98,8.0,0.0,0.00,0,0.00,0.00,0.00,4697.75,0.00,INITIAL_FILL
2026-09-07 21:11:21.741,1788815481.742,ORDER_FILLED,360287970300001909,360287970300001913,C,BUY,0.03,4490.45,4490.45,0.00,+0.0,4489.53,4489.53,4492.98,8.0,0.0,0.00,0,0.00,0.00,0.00,4697.75,0.00,INITIAL_FILL
2026-09-07 21:11:21.742,1788815481.743,ORDER_FILLED,360287970300001921,360287970300001928,C,SELL,0.03,4490.37,4490.37,0.00,+0.0,4489.77,4489.77,4486.32,8.0,0.0,0.00,0,0.00,0.00,0.00,4697.75,0.00,INITIAL_FILL
2026-09-07 21:11:21.743,1788815481.744,POSITION_CLOSED_STOP_LOSS,360287970300001932,360287970300001928,C,SELL,0.03,4490.37,4490.37,4489.77,+0.0,4489.77,4489.77,4486.32,0.0,0.0,0.00,0,1.80,0.21,1.59,4699.34,0.00,STOP_LOSS
2026-09-07 21:11:21.765,1788815481.766,POSITION_CLOSED_WIN_TP,360287970300001940,360287970300001901,B,BUY,0.03,4490.45,4490.45,4492.98,+0.0,4492.11,4492.11,4492.98,0.0,0.0,0.00,0,7.59,0.21,7.38,4706.72,6.72,WIN_TP
2026-09-07 21:11:21.766,1788815481.767,POSITION_CLOSED_WIN_TP,360287970300001941,360287970300001913,C,BUY,0.03,4490.45,4490.45,4492.98,+0.0,4492.11,4492.11,4492.98,0.0,0.0,0.00,0,7.59,0.21,7.38,4714.10,14.10,WIN_TP
2026-09-07 21:11:21.814,1788815481.814,ORDER_FILLED,360287970300001948,360287970300001955,A,BUY,0.10,4493.22,4493.22,0.00,+0.0,4492.39,4492.39,4494.51,8.0,0.0,0.00,0,0.00,0.00,0.00,4714.10,14.10,INITIAL_FILL
2026-09-07 21:11:21.821,1788815481.821,POSITION_CLOSED_WIN_TP,360287970300001958,360287970300001955,A,BUY,0.10,4493.22,4493.22,4494.51,+0.0,4493.72,4493.72,4494.51,0.0,0.0,0.00,0,12.90,0.70,12.20,4726.30,26.30,WIN_TP
2026-09-07 21:11:21.924,1788815481.924,ORDER_FILLED,360287970300001966,360287970300001967,B,BUY,0.03,4494.22,4494.22,0.00,+0.0,4493.88,4493.88,4497.33,8.0,0.0,0.00,0,0.00,0.00,0.00,4726.30,26.30,INITIAL_FILL
2026-09-07 21:11:21.924,1788815481.924,ORDER_FILLED,360287970300001976,360287970300001978,C,BUY,0.03,4494.22,4494.22,0.00,+0.0,4493.88,4493.88,4497.33,8.0,0.0,0.00,0,0.00,0.00,0.00,4726.30,26.30,INITIAL_FILL
2026-09-07 21:11:21.925,1788815481.925,ORDER_FILLED,360287970300001979,360287970300001985,C,SELL,0.03,4494.14,4494.14,0.00,+0.0,4494.12,4494.12,4490.67,8.0,0.0,0.00,0,0.00,0.00,0.00,4726.30,26.30,INITIAL_FILL
2026-09-07 21:11:21.927,1788815481.928,POSITION_CLOSED_STOP_LOSS,360287970300001989,360287970300001985,C,SELL,0.03,4494.14,4494.14,4494.12,+0.0,4494.12,4494.12,4490.67,0.0,0.0,0.00,0,0.06,0.21,-0.15,4726.15,26.15,STOP_LOSS
2026-09-07 21:11:21.931,1788815481.931,POSITION_CLOSED_STOP_LOSS,360287970300001993,360287970300001967,B,BUY,0.03,4494.22,4494.22,4493.88,+0.0,4493.88,4493.88,4497.33,0.0,0.0,0.00,0,-1.02,0.21,-1.23,4724.92,24.92,STOP_LOSS
2026-09-07 21:11:21.932,1788815481.932,POSITION_CLOSED_STOP_LOSS,360287970300001999,360287970300001978,C,BUY,0.03,4494.22,4494.22,4493.88,+0.0,4493.88,4493.88,4497.33,0.0,0.0,0.00,0,-1.02,0.21,-1.23,4723.69,23.69,STOP_LOSS
2026-09-07 21:11:22.049,1788815482.049,ORDER_FILLED,360287970300002007,360287970300002009,B,BUY,0.03,4492.46,4492.46,0.00,+0.0,4491.80,4491.80,4495.25,8.0,0.0,0.00,0,0.00,0.00,0.00,4723.69,23.69,INITIAL_FILL
2026-09-07 21:11:22.049,1788815482.049,ORDER_FILLED,360287970300002010,360287970300002018,C,BUY,0.03,4492.46,4492.46,0.00,+0.0,4491.80,4491.80,4495.25,8.0,0.0,0.00,0,0.00,0.00,0.00,4723.69,23.69,INITIAL_FILL
2026-09-07 21:11:22.050,1788815482.050,ORDER_FILLED,360287970300002025,360287970300002034,C,SELL,0.03,4492.38,4492.38,0.00,+0.0,4492.04,4492.04,4488.59,8.0,0.0,0.00,0,0.00,0.00,0.00,4723.69,23.69,INITIAL_FILL
2026-09-07 21:11:22.052,1788815482.052,POSITION_CLOSED_STOP_LOSS,360287970300002040,360287970300002034,C,SELL,0.03,4492.38,4492.38,4492.04,+0.0,4492.04,4492.04,4488.59,0.0,0.0,0.00,0,1.02,0.21,0.81,4724.50,24.50,STOP_LOSS
2026-09-07 21:11:22.056,1788815482.056,POSITION_CLOSED_STOP_LOSS,360287970300002049,360287970300002009,B,BUY,0.03,4492.46,4492.46,4491.80,+0.0,4491.80,4491.80,4495.25,0.0,0.0,0.00,0,-1.98,0.21,-2.19,4722.31,22.31,STOP_LOSS
2026-09-07 21:11:22.057,1788815482.057,POSITION_CLOSED_STOP_LOSS,360287970300002056,360287970300002018,C,BUY,0.03,4492.46,4492.46,4491.80,+0.0,4491.80,4491.80,4495.25,0.0,0.0,0.00,0,-1.98,0.21,-2.19,4720.12,20.12,STOP_LOSS
2026-09-07 21:11:22.132,1788815482.133,ORDER_FILLED,360287970300002064,360287970300002066,B,BUY,0.03,4492.90,4492.90,0.00,+0.0,4492.53,4492.53,4495.98,8.0,0.0,0.00,0,0.00,0.00,0.00,4720.12,20.12,INITIAL_FILL
2026-09-07 21:11:22.132,1788815482.133,ORDER_FILLED,360287970300002074,360287970300002083,C,BUY,0.03,4492.90,4492.90,0.00,+0.0,4492.53,4492.53,4495.98,8.0,0.0,0.00,0,0.00,0.00,0.00,4720.12,20.12,INITIAL_FILL
2026-09-07 21:11:22.133,1788815482.134,ORDER_FILLED,360287970300002086,360287970300002091,C,SELL,0.03,4492.82,4492.82,0.00,+0.0,4492.77,4492.77,4489.32,8.0,0.0,0.00,0,0.00,0.00,0.00,4720.12,20.12,INITIAL_FILL
2026-09-07 21:11:22.135,1788815482.136,POSITION_CLOSED_STOP_LOSS,360287970300002099,360287970300002066,B,BUY,0.03,4492.90,4492.90,4492.53,+0.0,4492.53,4492.53,4495.98,0.0,0.0,0.00,0,-1.11,0.21,-1.32,4718.80,18.80,STOP_LOSS
2026-09-07 21:11:22.137,1788815482.138,POSITION_CLOSED_STOP_LOSS,360287970300002107,360287970300002083,C,BUY,0.03,4492.90,4492.90,4492.53,+0.0,4492.53,4492.53,4495.98,0.0,0.0,0.00,0,-1.11,0.21,-1.32,4717.48,17.48,STOP_LOSS
2026-09-07 21:11:22.168,1788815482.169,POSITION_CLOSED_RATCHET_WIN,360287970300002113,360287970300002091,C,SELL,0.03,4492.82,4492.82,4491.99,+0.0,4491.99,4491.99,4489.32,0.0,0.0,0.00,0,2.49,0.21,2.28,4719.76,19.76,RATCHET_WIN
2026-09-07 21:11:22.219,1788815482.219,ORDER_FILLED,360287970300002115,360287970300002123,A,BUY,0.10,4494.81,4494.81,0.00,+0.0,4493.51,4493.51,4495.63,8.0,0.0,0.00,0,0.00,0.00,0.00,4719.76,19.76,INITIAL_FILL
2026-09-07 21:11:22.238,1788815482.239,POSITION_CLOSED_BE_PROTECTED,360287970300002124,360287970300002123,A,BUY,0.10,4494.81,4494.81,4494.86,+0.0,4494.86,4494.86,4495.63,0.0,0.0,0.00,0,0.50,0.70,-0.20,4719.56,19.56,BE_PROTECTED
2026-09-07 21:11:22.319,1788815482.320,ORDER_FILLED,360287970300002131,360287970300002134,B,BUY,0.03,4491.07,4491.07,0.00,+0.0,4490.87,4490.87,4494.32,8.0,0.0,0.00,0,0.00,0.00,0.00,4719.56,19.56,INITIAL_FILL
2026-09-07 21:11:22.320,1788815482.320,ORDER_FILLED,360287970300002139,360287970300002141,C,BUY,0.03,4491.07,4491.07,0.00,+0.0,4490.87,4490.87,4494.32,8.0,0.0,0.00,0,0.00,0.00,0.00,4719.56,19.56,INITIAL_FILL
2026-09-07 21:11:22.321,1788815482.321,ORDER_FILLED,360287970300002147,360287970300002149,C,SELL,0.03,4490.99,4490.99,0.00,+0.0,4491.11,4491.11,4487.66,8.0,0.0,0.00,0,0.00,0.00,0.00,4719.56,19.56,INITIAL_FILL
2026-09-07 21:11:22.323,1788815482.324,POSITION_CLOSED_STOP_LOSS,360287970300002155,360287970300002134,B,BUY,0.03,4491.07,4491.07,4490.87,+0.0,4490.87,4490.87,4494.32,0.0,0.0,0.00,0,-0.60,0.21,-0.81,4718.75,18.75,STOP_LOSS
2026-09-07 21:11:22.324,1788815482.325,POSITION_CLOSED_STOP_LOSS,360287970300002164,360287970300002141,C,BUY,0.03,4491.07,4491.07,4490.87,+0.0,4490.87,4490.87,4494.32,0.0,0.0,0.00,0,-0.60,0.21,-0.81,4717.94,17.94,STOP_LOSS
2026-09-07 21:11:22.339,1788815482.339,POSITION_CLOSED_STOP_LOSS,360287970300002173,360287970300002149,C,SELL,0.03,4490.99,4490.99,4491.11,+0.0,4491.11,4491.11,4487.66,0.0,0.0,0.00,0,-0.36,0.21,-0.57,4717.37,17.37,STOP_LOSS
2026-09-07 21:11:22.448,1788815482.449,ORDER_FILLED,360287970300002175,360287970300002184,A,BUY,0.10,4489.44,4489.44,0.00,+0.0,4489.24,4489.24,4491.36,8.0,0.0,0.00,0,0.00,0.00,0.00,4717.37,17.37,INITIAL_FILL
2026-09-07 21:11:22.450,1788815482.451,POSITION_CLOSED_STOP_LOSS,360287970300002185,360287970300002184,A,BUY,0.10,4489.44,4489.44,4489.24,+0.0,4489.24,4489.24,4491.36,0.0,0.0,0.00,0,-2.00,0.70,-2.70,4714.67,14.67,STOP_LOSS
2026-09-07 21:11:22.523,1788815482.523,ORDER_FILLED,360287970300002192,360287970300002198,B,BUY,0.03,4488.85,4488.85,0.00,+0.0,4487.98,4487.98,4491.43,8.0,0.0,0.00,0,0.00,0.00,0.00,4714.67,14.67,INITIAL_FILL
2026-09-07 21:11:22.523,1788815482.524,ORDER_FILLED,360287970300002201,360287970300002202,C,BUY,0.03,4488.85,4488.85,0.00,+0.0,4487.98,4487.98,4491.43,8.0,0.0,0.00,0,0.00,0.00,0.00,4714.67,14.67,INITIAL_FILL
2026-09-07 21:11:22.524,1788815482.524,ORDER_FILLED,360287970300002211,360287970300002219,C,SELL,0.03,4488.77,4488.77,0.00,+0.0,4488.22,4488.22,4484.77,8.0,0.0,0.00,0,0.00,0.00,0.00,4714.67,14.67,INITIAL_FILL
2026-09-07 21:11:22.525,1788815482.526,POSITION_CLOSED_STOP_LOSS,360287970300002220,360287970300002219,C,SELL,0.03,4488.77,4488.77,4488.22,+0.0,4488.22,4488.22,4484.77,0.0,0.0,0.00,0,1.65,0.21,1.44,4716.11,16.11,STOP_LOSS
2026-09-07 21:11:22.566,1788815482.566,POSITION_CLOSED_RATCHET_WIN,360287970300002227,360287970300002198,B,BUY,0.03,4488.85,4488.85,4489.68,+0.0,4489.68,4489.68,4491.43,0.0,0.0,0.00,0,2.49,0.21,2.28,4718.39,18.39,RATCHET_WIN
2026-09-07 21:11:22.568,1788815482.569,POSITION_CLOSED_RATCHET_WIN,360287970300002236,360287970300002202,C,BUY,0.03,4488.85,4488.85,4489.68,+0.0,4489.68,4489.68,4491.43,0.0,0.0,0.00,0,2.49,0.21,2.28,4720.67,20.67,RATCHET_WIN
2026-09-07 21:11:22.633,1788815482.634,ORDER_FILLED,360287970300002245,360287970300002248,A,BUY,0.10,4490.10,4490.10,0.00,+0.0,4488.87,4488.87,4490.99,8.0,0.0,0.00,0,0.00,0.00,0.00,4720.67,20.67,INITIAL_FILL
2026-09-07 21:11:22.637,1788815482.638,POSITION_CLOSED_STOP_LOSS,360287970300002253,360287970300002248,A,BUY,0.10,4490.10,4490.10,4488.87,+0.0,4488.87,4488.87,4490.99,0.0,0.0,0.00,0,-12.30,0.70,-13.00,4707.67,7.67,STOP_LOSS
2026-09-07 21:11:22.730,1788815482.731,ORDER_FILLED,360287970300002255,360287970300002263,B,BUY,0.03,4487.88,4487.88,0.00,+0.0,4487.20,4487.20,4490.65,8.0,0.0,0.00,0,0.00,0.00,0.00,4707.67,7.67,INITIAL_FILL
2026-09-07 21:11:22.731,1788815482.731,ORDER_FILLED,360287970300002266,360287970300002274,C,BUY,0.03,4487.88,4487.88,0.00,+0.0,4487.20,4487.20,4490.65,8.0,0.0,0.00,0,0.00,0.00,0.00,4707.67,7.67,INITIAL_FILL
2026-09-07 21:11:22.732,1788815482.732,ORDER_FILLED,360287970300002280,360287970300002282,C,SELL,0.03,4487.80,4487.80,0.00,+0.0,4487.44,4487.44,4483.99,8.0,0.0,0.00,0,0.00,0.00,0.00,4707.67,7.67,INITIAL_FILL
2026-09-07 21:11:22.733,1788815482.734,POSITION_CLOSED_STOP_LOSS,360287970300002284,360287970300002282,C,SELL,0.03,4487.80,4487.80,4487.44,+0.0,4487.44,4487.44,4483.99,0.0,0.0,0.00,0,1.08,0.21,0.87,4708.54,8.54,STOP_LOSS
2026-09-07 21:11:22.760,1788815482.761,POSITION_CLOSED_STOP_LOSS,360287970300002293,360287970300002263,B,BUY,0.03,4487.88,4487.88,4487.20,+0.0,4487.20,4487.20,4490.65,0.0,0.0,0.00,0,-2.04,0.21,-2.25,4706.29,6.29,STOP_LOSS
2026-09-07 21:11:22.761,1788815482.762,POSITION_CLOSED_STOP_LOSS,360287970300002298,360287970300002274,C,BUY,0.03,4487.88,4487.88,4487.20,+0.0,4487.20,4487.20,4490.65,0.0,0.0,0.00,0,-2.04,0.21,-2.25,4704.04,4.04,STOP_LOSS
2026-09-07 21:11:22.832,1788815482.832,ORDER_FILLED,360287970300002307,360287970300002316,A,BUY,0.10,4487.09,4487.09,0.00,+0.0,4486.44,4486.44,4488.56,8.0,0.0,0.00,0,0.00,0.00,0.00,4704.04,4.04,INITIAL_FILL
2026-09-07 21:11:22.840,1788815482.840,POSITION_CLOSED_STOP_LOSS,360287970300002321,360287970300002316,A,BUY,0.10,4487.09,4487.09,4486.44,+0.0,4486.44,4486.44,4488.56,0.0,0.0,0.00,0,-6.50,0.70,-7.20,4696.84,0.00,STOP_LOSS
2026-09-07 21:11:22.936,1788815482.937,ORDER_FILLED,360287970300002322,360287970300002323,B,BUY,0.03,4487.37,4487.37,0.00,+0.0,4487.10,4487.10,4490.55,8.0,0.0,0.00,0,0.00,0.00,0.00,4696.84,0.00,INITIAL_FILL
2026-09-07 21:11:22.937,1788815482.938,ORDER_FILLED,360287970300002326,360287970300002334,C,BUY,0.03,4487.37,4487.37,0.00,+0.0,4487.10,4487.10,4490.55,8.0,0.0,0.00,0,0.00,0.00,0.00,4696.84,0.00,INITIAL_FILL
2026-09-07 21:11:22.938,1788815482.939,ORDER_FILLED,360287970300002338,360287970300002344,C,SELL,0.03,4487.29,4487.29,0.00,+0.0,4487.34,4487.34,4483.89,8.0,0.0,0.00,0,0.00,0.00,0.00,4696.84,0.00,INITIAL_FILL
2026-09-07 21:11:22.940,1788815482.941,POSITION_CLOSED_STOP_LOSS,360287970300002352,360287970300002344,C,SELL,0.03,4487.29,4487.29,4487.34,+0.0,4487.34,4487.34,4483.89,0.0,0.0,0.00,0,-0.15,0.21,-0.36,4696.48,0.00,STOP_LOSS
2026-09-07 21:11:22.946,1788815482.946,POSITION_CLOSED_STOP_LOSS,360287970300002356,360287970300002323,B,BUY,0.03,4487.37,4487.37,4487.10,+0.0,4487.10,4487.10,4490.55,0.0,0.0,0.00,0,-0.81,0.21,-1.02,4695.46,0.00,STOP_LOSS
2026-09-07 21:11:22.947,1788815482.947,POSITION_CLOSED_STOP_LOSS,360287970300002364,360287970300002334,C,BUY,0.03,4487.37,4487.37,4487.10,+0.0,4487.10,4487.10,4490.55,0.0,0.0,0.00,0,-0.81,0.21,-1.02,4694.44,0.00,STOP_LOSS
2026-09-07 21:11:23.047,1788815483.047,ORDER_FILLED,360287970300002366,360287970300002371,B,BUY,0.03,4486.70,4486.70,0.00,+0.0,4486.31,4486.31,4489.76,8.0,0.0,0.00,0,0.00,0.00,0.00,4694.44,0.00,INITIAL_FILL
2026-09-07 21:11:23.047,1788815483.048,ORDER_FILLED,360287970300002374,360287970300002382,C,BUY,0.03,4486.70,4486.70,0.00,+0.0,4486.31,4486.31,4489.76,8.0,0.0,0.00,0,0.00,0.00,0.00,4694.44,0.00,INITIAL_FILL
2026-09-07 21:11:23.048,1788815483.048,ORDER_FILLED,360287970300002387,360287970300002396,C,SELL,0.03,4486.62,4486.62,0.00,+0.0,4486.55,4486.55,4483.10,8.0,0.0,0.00,0,0.00,0.00,0.00,4694.44,0.00,INITIAL_FILL
2026-09-07 21:11:23.049,1788815483.050,POSITION_CLOSED_STOP_LOSS,360287970300002400,360287970300002396,C,SELL,0.03,4486.62,4486.62,4486.55,+0.0,4486.55,4486.55,4483.10,0.0,0.0,0.00,0,0.21,0.21,-0.00,4694.44,0.00,STOP_LOSS
2026-09-07 21:11:23.083,1788815483.084,POSITION_CLOSED_STOP_LOSS,360287970300002401,360287970300002371,B,BUY,0.03,4486.70,4486.70,4486.31,+0.0,4486.31,4486.31,4489.76,0.0,0.0,0.00,0,-1.17,0.21,-1.38,4693.06,0.00,STOP_LOSS
2026-09-07 21:11:23.085,1788815483.086,POSITION_CLOSED_STOP_LOSS,360287970300002405,360287970300002382,C,BUY,0.03,4486.70,4486.70,4486.31,+0.0,4486.31,4486.31,4489.76,0.0,0.0,0.00,0,-1.17,0.21,-1.38,4691.68,0.00,STOP_LOSS
2026-09-07 21:11:23.201,1788815483.202,ORDER_FILLED,360287970300002409,360287970300002412,B,BUY,0.03,4486.22,4486.22,0.00,+0.0,4485.52,4485.52,4488.97,8.0,0.0,0.00,0,0.00,0.00,0.00,4691.68,0.00,INITIAL_FILL
2026-09-07 21:11:23.202,1788815483.202,ORDER_FILLED,360287970300002420,360287970300002423,C,BUY,0.03,4486.22,4486.22,0.00,+0.0,4485.52,4485.52,4488.97,8.0,0.0,0.00,0,0.00,0.00,0.00,4691.68,0.00,INITIAL_FILL
2026-09-07 21:11:23.202,1788815483.203,ORDER_FILLED,360287970300002425,360287970300002426,C,SELL,0.03,4486.14,4486.14,0.00,+0.0,4485.76,4485.76,4482.31,8.0,0.0,0.00,0,0.00,0.00,0.00,4691.68,0.00,INITIAL_FILL
2026-09-07 21:11:23.204,1788815483.205,POSITION_CLOSED_STOP_LOSS,360287970300002427,360287970300002426,C,SELL,0.03,4486.14,4486.14,4485.76,+0.0,4485.76,4485.76,4482.31,0.0,0.0,0.00,0,1.14,0.21,0.93,4692.61,0.00,STOP_LOSS
2026-09-07 21:11:23.268,1788815483.269,ORDER_FILLED,360287970300002434,360287970300002441,B,BUY,0.03,4487.59,4487.59,0.00,+0.0,4487.33,4487.33,4490.78,8.0,0.0,0.00,0,0.00,0.00,0.00,4692.61,0.00,INITIAL_FILL
2026-09-07 21:11:23.278,1788815483.278,POSITION_CLOSED_WIN_TP,360287970300002446,360287970300002412,B,BUY,0.03,4486.22,4486.22,4488.97,+0.0,4487.89,4487.89,4488.97,0.0,0.0,0.10,0,8.25,0.21,8.04,4700.65,0.65,WIN_TP
2026-09-07 21:11:23.279,1788815483.279,POSITION_CLOSED_WIN_TP,360287970300002451,360287970300002423,C,BUY,0.03,4486.22,4486.22,4488.97,+0.0,4487.89,4487.89,4488.97,0.0,0.0,0.10,0,8.25,0.21,8.04,4708.69,8.69,WIN_TP
2026-09-07 21:11:23.339,1788815483.339,POSITION_CLOSED_WIN_TP,360287970300002452,360287970300002441,B,BUY,0.03,4487.59,4487.59,4490.78,+0.0,4489.26,4489.26,4490.78,0.0,0.0,0.10,0,9.57,0.21,9.36,4718.05,18.05,WIN_TP
2026-09-07 21:11:23.374,1788815483.374,ORDER_FILLED,360287970300002458,360287970300002461,B,BUY,0.03,4490.96,4490.96,0.00,+0.0,4490.73,4490.73,4494.18,8.0,0.0,0.00,0,0.00,0.00,0.00,4718.05,18.05,INITIAL_FILL
2026-09-07 21:11:23.374,1788815483.374,ORDER_FILLED,360287970300002469,360287970300002475,C,BUY,0.03,4490.96,4490.96,0.00,+0.0,4490.73,4490.73,4494.18,8.0,0.0,0.00,0,0.00,0.00,0.00,4718.05,18.05,INITIAL_FILL
2026-09-07 21:11:23.375,1788815483.375,ORDER_FILLED,360287970300002482,360287970300002486,C,SELL,0.03,4490.88,4490.88,0.00,+0.0,4490.97,4490.97,4487.52,8.0,0.0,0.00,0,0.00,0.00,0.00,4718.05,18.05,INITIAL_FILL
2026-09-07 21:11:23.377,1788815483.377,POSITION_CLOSED_STOP_LOSS,360287970300002494,360287970300002486,C,SELL,0.03,4490.88,4490.88,4490.97,+0.0,4490.97,4490.97,4487.52,0.0,0.0,0.00,0,-0.27,0.21,-0.48,4717.57,17.57,STOP_LOSS
2026-09-07 21:11:23.380,1788815483.380,POSITION_CLOSED_STOP_LOSS,360287970300002500,360287970300002461,B,BUY,0.03,4490.96,4490.96,4490.73,+0.0,4490.73,4490.73,4494.18,0.0,0.0,0.00,0,-0.69,0.21,-0.90,4716.67,16.67,STOP_LOSS
2026-09-07 21:11:23.381,1788815483.382,POSITION_CLOSED_STOP_LOSS,360287970300002501,360287970300002475,C,BUY,0.03,4490.96,4490.96,4490.73,+0.0,4490.73,4490.73,4494.18,0.0,0.0,0.00,0,-0.69,0.21,-0.90,4715.77,15.77,STOP_LOSS
2026-09-07 21:11:23.480,1788815483.480,ORDER_FILLED,360287970300002506,360287970300002511,A,BUY,0.10,4493.88,4493.88,0.00,+0.0,4493.02,4493.02,4495.14,8.0,0.0,0.00,0,0.00,0.00,0.00,4715.77,15.77,INITIAL_FILL
2026-09-07 21:11:23.486,1788815483.487,POSITION_CLOSED_STOP_LOSS,360287970300002515,360287970300002511,A,BUY,0.10,4493.88,4493.88,4493.02,+0.0,4493.02,4493.02,4495.14,0.0,0.0,0.00,0,-8.60,0.70,-9.30,4706.47,6.47,STOP_LOSS
2026-09-07 21:11:23.578,1788815483.579,ORDER_FILLED,360287970300002518,360287970300002525,B,BUY,0.03,4492.25,4492.25,0.00,+0.0,4492.04,4492.04,4495.49,8.0,0.0,0.00,0,0.00,0.00,0.00,4706.47,6.47,INITIAL_FILL
2026-09-07 21:11:23.579,1788815483.580,ORDER_FILLED,360287970300002532,360287970300002533,C,BUY,0.03,4492.25,4492.25,0.00,+0.0,4492.04,4492.04,4495.49,8.0,0.0,0.00,0,0.00,0.00,0.00,4706.47,6.47,INITIAL_FILL
2026-09-07 21:11:23.580,1788815483.580,ORDER_FILLED,360287970300002542,360287970300002544,C,SELL,0.03,4492.17,4492.17,0.00,+0.0,4492.28,4492.28,4488.83,8.0,0.0,0.00,0,0.00,0.00,0.00,4706.47,6.47,INITIAL_FILL
2026-09-07 21:11:23.581,1788815483.582,POSITION_CLOSED_STOP_LOSS,360287970300002547,360287970300002544,C,SELL,0.03,4492.17,4492.17,4492.28,+0.0,4492.28,4492.28,4488.83,0.0,0.0,0.00,0,-0.33,0.21,-0.54,4705.93,5.93,STOP_LOSS
2026-09-07 21:11:23.606,1788815483.607,POSITION_CLOSED_RATCHET_WIN,360287970300002552,360287970300002525,B,BUY,0.03,4492.25,4492.25,4493.08,+0.0,4493.08,4493.08,4495.49,0.0,0.0,0.00,0,2.49,0.21,2.28,4708.21,8.21,RATCHET_WIN
2026-09-07 21:11:23.608,1788815483.608,POSITION_CLOSED_RATCHET_WIN,360287970300002554,360287970300002533,C,BUY,0.03,4492.25,4492.25,4493.08,+0.0,4493.08,4493.08,4495.49,0.0,0.0,0.00,0,2.49,0.21,2.28,4710.49,10.49,RATCHET_WIN
2026-09-07 21:11:23.680,1788815483.681,ORDER_FILLED,360287970300002563,360287970300002565,B,BUY,0.03,4493.71,4493.71,0.00,+0.0,4493.14,4493.14,4496.59,8.0,0.0,0.00,0,0.00,0.00,0.00,4710.49,10.49,INITIAL_FILL
2026-09-07 21:11:23.681,1788815483.682,ORDER_FILLED,360287970300002574,360287970300002583,C,BUY,0.03,4493.71,4493.71,0.00,+0.0,4493.14,4493.14,4496.59,8.0,0.0,0.00,0,0.00,0.00,0.00,4710.49,10.49,INITIAL_FILL
2026-09-07 21:11:23.682,1788815483.683,ORDER_FILLED,360287970300002588,360287970300002591,C,SELL,0.03,4493.63,4493.63,0.00,+0.0,4493.38,4493.38,4489.93,8.0,0.0,0.00,0,0.00,0.00,0.00,4710.49,10.49,INITIAL_FILL
2026-09-07 21:11:23.683,1788815483.684,POSITION_CLOSED_STOP_LOSS,360287970300002597,360287970300002591,C,SELL,0.03,4493.63,4493.63,4493.38,+0.0,4493.38,4493.38,4489.93,0.0,0.0,0.00,0,0.75,0.21,0.54,4711.03,11.03,STOP_LOSS
2026-09-07 21:11:23.702,1788815483.703,POSITION_CLOSED_STOP_LOSS,360287970300002602,360287970300002565,B,BUY,0.03,4493.71,4493.71,4493.14,+0.0,4493.14,4493.14,4496.59,0.0,0.0,0.00,0,-1.71,0.21,-1.92,4709.11,9.11,STOP_LOSS
2026-09-07 21:11:23.703,1788815483.704,POSITION_CLOSED_STOP_LOSS,360287970300002606,360287970300002583,C,BUY,0.03,4493.71,4493.71,4493.14,+0.0,4493.14,4493.14,4496.59,0.0,0.0,0.00,0,-1.71,0.21,-1.92,4707.19,7.19,STOP_LOSS
2026-09-07 21:11:23.786,1788815483.787,ORDER_FILLED,360287970300002613,360287970300002617,B,BUY,0.03,4492.29,4492.29,0.00,+0.0,4492.05,4492.05,4495.50,8.0,0.0,0.00,0,0.00,0.00,0.00,4707.19,7.19,INITIAL_FILL
2026-09-07 21:11:23.787,1788815483.788,ORDER_FILLED,360287970300002623,360287970300002629,C,BUY,0.03,4492.29,4492.29,0.00,+0.0,4492.05,4492.05,4495.50,8.0,0.0,0.00,0,0.00,0.00,0.00,4707.19,7.19,INITIAL_FILL
2026-09-07 21:11:23.787,1788815483.788,ORDER_FILLED,360287970300002633,360287970300002638,C,SELL,0.03,4492.21,4492.21,0.00,+0.0,4492.29,4492.29,4488.84,8.0,0.0,0.00,0,0.00,0.00,0.00,4707.19,7.19,INITIAL_FILL
2026-09-07 21:11:23.789,1788815483.790,POSITION_CLOSED_STOP_LOSS,360287970300002646,360287970300002638,C,SELL,0.03,4492.21,4492.21,4492.29,+0.0,4492.29,4492.29,4488.84,0.0,0.0,0.00,0,-0.24,0.21,-0.45,4706.74,6.74,STOP_LOSS
2026-09-07 21:11:23.833,1788815483.833,POSITION_CLOSED_RATCHET_WIN,360287970300002655,360287970300002617,B,BUY,0.03,4492.29,4492.29,4493.12,+0.0,4493.12,4493.12,4495.50,0.0,0.0,0.00,0,2.49,0.21,2.28,4709.02,9.02,RATCHET_WIN
2026-09-07 21:11:23.835,1788815483.835,POSITION_CLOSED_RATCHET_WIN,360287970300002663,360287970300002629,C,BUY,0.03,4492.29,4492.29,4493.12,+0.0,4493.12,4493.12,4495.50,0.0,0.0,0.00,0,2.49,0.21,2.28,4711.30,11.30,RATCHET_WIN
2026-09-07 21:11:23.938,1788815483.938,ORDER_FILLED,360287970300002665,360287970300002671,B,BUY,0.03,4489.10,4489.10,0.00,+0.0,4488.87,4488.87,4492.32,8.0,0.0,0.00,0,0.00,0.00,0.00,4711.30,11.30,INITIAL_FILL
2026-09-07 21:11:23.938,1788815483.938,ORDER_FILLED,360287970300002679,360287970300002685,C,BUY,0.03,4489.10,4489.10,0.00,+0.0,4488.87,4488.87,4492.32,8.0,0.0,0.00,0,0.00,0.00,0.00,4711.30,11.30,INITIAL_FILL
2026-09-07 21:11:23.939,1788815483.939,ORDER_FILLED,360287970300002692,360287970300002700,C,SELL,0.03,4489.02,4489.02,0.00,+0.0,4489.11,4489.11,4485.66,8.0,0.0,0.00,0,0.00,0.00,0.00,4711.30,11.30,INITIAL_FILL
2026-09-07 21:11:23.941,1788815483.941,POSITION_CLOSED_STOP_LOSS,360287970300002709,360287970300002700,C,SELL,0.03,4489.02,4489.02,4489.11,+0.0,4489.11,4489.11,4485.66,0.0,0.0,0.00,0,-0.27,0.21,-0.48,4710.82,10.82,STOP_LOSS
2026-09-07 21:11:23.983,1788815483.983,POSITION_CLOSED_BE_PROTECTED,360287970300002712,360287970300002671,B,BUY,0.03,4489.10,4489.10,4489.15,+0.0,4489.15,4489.15,4492.32,0.0,0.0,0.00,0,0.15,0.21,-0.06,4710.76,10.76,BE_PROTECTED
2026-09-07 21:11:23.984,1788815483.984,POSITION_CLOSED_BE_PROTECTED,360287970300002713,360287970300002685,C,BUY,0.03,4489.10,4489.10,4489.15,+0.0,4489.15,4489.15,4492.32,0.0,0.0,0.00,0,0.15,0.21,-0.06,4710.70,10.70,BE_PROTECTED
2026-09-07 21:11:24.040,1788815484.040,ORDER_FILLED,360287970300002721,360287970300002724,B,BUY,0.03,4488.50,4488.50,0.00,+0.0,4488.02,4488.02,4491.47,8.0,0.0,0.00,0,0.00,0.00,0.00,4710.70,10.70,INITIAL_FILL
2026-09-07 21:11:24.040,1788815484.041,ORDER_FILLED,360287970300002733,360287970300002737,C,BUY,0.03,4488.50,4488.50,0.00,+0.0,4488.02,4488.02,4491.47,8.0,0.0,0.00,0,0.00,0.00,0.00,4710.70,10.70,INITIAL_FILL
2026-09-07 21:11:24.041,1788815484.042,ORDER_FILLED,360287970300002745,360287970300002752,C,SELL,0.03,4488.42,4488.42,0.00,+0.0,4488.26,4488.26,4484.81,8.0,0.0,0.00,0,0.00,0.00,0.00,4710.70,10.70,INITIAL_FILL
2026-09-07 21:11:24.043,1788815484.043,POSITION_CLOSED_STOP_LOSS,360287970300002759,360287970300002752,C,SELL,0.03,4488.42,4488.42,4488.26,+0.0,4488.26,4488.26,4484.81,0.0,0.0,0.00,0,0.48,0.21,0.27,4710.97,10.97,STOP_LOSS
2026-09-07 21:11:24.059,1788815484.060,POSITION_CLOSED_STOP_LOSS,360287970300002768,360287970300002724,B,BUY,0.03,4488.50,4488.50,4488.02,+0.0,4488.02,4488.02,4491.47,0.0,0.0,0.00,0,-1.44,0.21,-1.65,4709.32,9.32,STOP_LOSS
2026-09-07 21:11:24.060,1788815484.060,POSITION_CLOSED_STOP_LOSS,360287970300002775,360287970300002737,C,BUY,0.03,4488.50,4488.50,4488.02,+0.0,4488.02,4488.02,4491.47,0.0,0.0,0.00,0,-1.44,0.21,-1.65,4707.67,7.67,STOP_LOSS
2026-09-07 21:11:24.086,1788815484.086,ORDER_FILLED,360287970300002782,360287970300002791,B,BUY,0.03,4487.78,4487.78,0.00,+0.0,4486.89,4486.89,4490.34,8.0,0.0,0.00,0,0.00,0.00,0.00,4707.67,7.67,INITIAL_FILL
2026-09-07 21:11:24.087,1788815484.087,ORDER_FILLED,360287970300002798,360287970300002799,C,BUY,0.03,4487.78,4487.78,0.00,+0.0,4486.89,4486.89,4490.34,8.0,0.0,0.00,0,0.00,0.00,0.00,4707.67,7.67,INITIAL_FILL
2026-09-07 21:11:24.087,1788815484.087,ORDER_FILLED,360287970300002803,360287970300002807,C,SELL,0.03,4487.70,4487.70,0.00,+0.0,4487.13,4487.13,4483.68,8.0,0.0,0.00,0,0.00,0.00,0.00,4707.67,7.67,INITIAL_FILL
2026-09-07 21:11:24.089,1788815484.089,POSITION_CLOSED_STOP_LOSS,360287970300002808,360287970300002807,C,SELL,0.03,4487.70,4487.70,4487.13,+0.0,4487.13,4487.13,4483.68,0.0,0.0,0.00,0,1.71,0.21,1.50,4709.17,9.17,STOP_LOSS
2026-09-07 21:11:24.141,1788815484.141,POSITION_CLOSED_RATCHET_WIN,360287970300002812,360287970300002791,B,BUY,0.03,4487.78,4487.78,4488.61,+0.0,4488.61,4488.61,4490.34,0.0,0.0,0.10,0,2.49,0.21,2.28,4711.45,11.45,RATCHET_WIN
2026-09-07 21:11:24.142,1788815484.142,POSITION_CLOSED_RATCHET_WIN,360287970300002813,360287970300002799,C,BUY,0.03,4487.78,4487.78,4488.61,+0.0,4488.61,4488.61,4490.34,0.0,0.0,0.10,0,2.49,0.21,2.28,4713.73,13.73,RATCHET_WIN
2026-09-07 21:11:24.206,1788815484.207,ORDER_FILLED,360287970300002820,360287970300002824,A,BUY,0.10,4485.81,4485.81,0.00,+0.0,4485.35,4485.35,4487.47,8.0,0.0,0.00,0,0.00,0.00,0.00,4713.73,13.73,INITIAL_FILL
2026-09-07 21:11:24.219,1788815484.220,POSITION_CLOSED_STOP_LOSS,360287970300002825,360287970300002824,A,BUY,0.10,4485.81,4485.81,4485.35,+0.0,4485.35,4485.35,4487.47,0.0,0.0,0.00,0,-4.60,0.70,-5.30,4708.43,8.43,STOP_LOSS
2026-09-07 21:11:24.311,1788815484.311,ORDER_FILLED,360287970300002829,360287970300002838,A,BUY,0.10,4486.68,4486.68,0.00,+0.0,4486.57,4486.57,4488.69,8.0,0.0,0.00,0,0.00,0.00,0.00,4708.43,8.43,INITIAL_FILL
2026-09-07 21:11:24.313,1788815484.313,POSITION_CLOSED_STOP_LOSS,360287970300002844,360287970300002838,A,BUY,0.10,4486.68,4486.68,4486.57,+0.0,4486.57,4486.57,4488.69,0.0,0.0,0.00,0,-1.10,0.70,-1.80,4706.63,6.63,STOP_LOSS
2026-09-07 21:11:24.386,1788815484.386,ORDER_FILLED,360287970300002846,360287970300002848,B,BUY,0.03,4484.86,4484.86,0.00,+0.0,4484.04,4484.04,4487.49,8.0,0.0,0.00,0,0.00,0.00,0.00,4706.63,6.63,INITIAL_FILL
2026-09-07 21:11:24.387,1788815484.387,ORDER_FILLED,360287970300002854,360287970300002859,C,BUY,0.03,4484.86,4484.86,0.00,+0.0,4484.04,4484.04,4487.49,8.0,0.0,0.00,0,0.00,0.00,0.00,4706.63,6.63,INITIAL_FILL
2026-09-07 21:11:24.387,1788815484.388,ORDER_FILLED,360287970300002865,360287970300002866,C,SELL,0.03,4484.78,4484.78,0.00,+0.0,4484.28,4484.28,4480.83,8.0,0.0,0.00,0,0.00,0.00,0.00,4706.63,6.63,INITIAL_FILL
2026-09-07 21:11:24.389,1788815484.389,POSITION_CLOSED_STOP_LOSS,360287970300002867,360287970300002866,C,SELL,0.03,4484.78,4484.78,4484.28,+0.0,4484.28,4484.28,4480.83,0.0,0.0,0.00,0,1.50,0.21,1.29,4707.92,7.92,STOP_LOSS
2026-09-07 21:11:24.509,1788815484.510,POSITION_CLOSED_WIN_TP,360287970300002871,360287970300002848,B,BUY,0.03,4484.86,4484.86,4487.49,+0.0,4486.52,4486.52,4487.49,0.0,0.0,0.10,0,7.89,0.21,7.68,4715.60,15.60,WIN_TP
2026-09-07 21:11:24.510,1788815484.511,POSITION_CLOSED_WIN_TP,360287970300002875,360287970300002859,C,BUY,0.03,4484.86,4484.86,4487.49,+0.0,4486.52,4486.52,4487.49,0.0,0.0,0.10,0,7.89,0.21,7.68,4723.28,23.28,WIN_TP
2026-09-07 21:11:24.514,1788815484.514,ORDER_FILLED,360287970300002876,360287970300002877,B,BUY,0.03,4488.09,4488.09,0.00,+0.0,4486.46,4486.46,4489.91,8.0,0.0,0.00,0,0.00,0.00,0.00,4723.28,23.28,INITIAL_FILL
2026-09-07 21:11:24.514,1788815484.515,ORDER_FILLED,360287970300002881,360287970300002882,C,BUY,0.03,4488.09,4488.09,0.00,+0.0,4486.46,4486.46,4489.91,8.0,0.0,0.00,0,0.00,0.00,0.00,4723.28,23.28,INITIAL_FILL
2026-09-07 21:11:24.515,1788815484.515,ORDER_FILLED,360287970300002889,360287970300002893,C,SELL,0.03,4488.01,4488.01,0.00,+0.0,4486.70,4486.70,4483.25,8.0,0.0,0.00,0,0.00,0.00,0.00,4723.28,23.28,INITIAL_FILL
2026-09-07 21:11:24.516,1788815484.517,POSITION_CLOSED_STOP_LOSS,360287970300002896,360287970300002893,C,SELL,0.03,4488.01,4488.01,4486.70,+0.0,4486.70,4486.70,4483.25,0.0,0.0,0.00,0,3.93,0.21,3.72,4727.00,27.00,STOP_LOSS
2026-09-07 21:11:24.545,1788815484.546,POSITION_CLOSED_STOP_LOSS,360287970300002905,360287970300002877,B,BUY,0.03,4488.09,4488.09,4486.46,+0.0,4486.46,4486.46,4489.91,0.0,0.0,0.00,0,-4.89,0.21,-5.10,4721.90,21.90,STOP_LOSS
2026-09-07 21:11:24.546,1788815484.547,POSITION_CLOSED_STOP_LOSS,360287970300002906,360287970300002882,C,BUY,0.03,4488.09,4488.09,4486.46,+0.0,4486.46,4486.46,4489.91,0.0,0.0,0.00,0,-4.89,0.21,-5.10,4716.80,16.80,STOP_LOSS
2026-09-07 21:11:24.616,1788815484.617,ORDER_FILLED,360287970300002911,360287970300002919,A,BUY,0.10,4484.19,4484.19,0.00,+0.0,4483.76,4483.76,4485.88,8.0,0.0,0.00,0,0.00,0.00,0.00,4716.80,16.80,INITIAL_FILL
2026-09-07 21:11:24.619,1788815484.619,POSITION_CLOSED_STOP_LOSS,360287970300002927,360287970300002919,A,BUY,0.10,4484.19,4484.19,4483.76,+0.0,4483.76,4483.76,4485.88,0.0,0.0,0.00,0,-4.30,0.70,-5.00,4711.80,11.80,STOP_LOSS
2026-09-07 21:11:24.738,1788815484.738,ORDER_FILLED,360287970300002934,360287970300002935,B,BUY,0.03,4477.64,4477.64,0.00,+0.0,4476.07,4476.07,4479.52,8.0,0.0,0.00,0,0.00,0.00,0.00,4711.80,11.80,INITIAL_FILL
2026-09-07 21:11:24.738,1788815484.739,ORDER_FILLED,360287970300002936,360287970300002942,C,BUY,0.03,4477.64,4477.64,0.00,+0.0,4476.07,4476.07,4479.52,8.0,0.0,0.00,0,0.00,0.00,0.00,4711.80,11.80,INITIAL_FILL
2026-09-07 21:11:24.739,1788815484.739,ORDER_FILLED,360287970300002949,360287970300002953,C,SELL,0.03,4477.56,4477.56,0.00,+0.0,4476.31,4476.31,4472.86,8.0,0.0,0.00,0,0.00,0.00,0.00,4711.80,11.80,INITIAL_FILL
2026-09-07 21:11:24.740,1788815484.741,POSITION_CLOSED_STOP_LOSS,360287970300002960,360287970300002953,C,SELL,0.03,4477.56,4477.56,4476.31,+0.0,4476.31,4476.31,4472.86,0.0,0.0,0.00,0,3.75,0.21,3.54,4715.34,15.34,STOP_LOSS
2026-09-07 21:11:24.811,1788815484.812,POSITION_CLOSED_WIN_TP,360287970300002962,360287970300002935,B,BUY,0.03,4477.64,4477.64,4479.52,+0.0,4478.47,4478.47,4479.52,0.0,0.0,0.10,0,5.64,0.21,5.43,4720.77,20.77,WIN_TP
2026-09-07 21:11:24.813,1788815484.813,POSITION_CLOSED_WIN_TP,360287970300002970,360287970300002942,C,BUY,0.03,4477.64,4477.64,4479.52,+0.0,4478.47,4478.47,4479.52,0.0,0.0,0.10,0,5.64,0.21,5.43,4726.20,26.20,WIN_TP
2026-09-07 21:11:24.819,1788815484.820,ORDER_FILLED,360287970300002979,360287970300002980,A,BUY,0.10,4480.40,4480.40,0.00,+0.0,4479.20,4479.20,4481.32,8.0,0.0,0.00,0,0.00,0.00,0.00,4726.20,26.20,INITIAL_FILL
2026-09-07 21:11:24.854,1788815484.854,POSITION_CLOSED_WIN_TP,360287970300002984,360287970300002980,A,BUY,0.10,4480.40,4480.40,4481.32,+0.0,4480.90,4480.90,4481.32,0.0,0.0,0.00,0,9.20,0.70,8.50,4734.70,34.70,WIN_TP
2026-09-07 21:11:24.957,1788815484.957,ORDER_FILLED,360287970300002990,360287970300002996,B,BUY,0.03,4482.83,4482.83,0.00,+0.0,4482.51,4482.51,4485.96,8.0,0.0,0.00,0,0.00,0.00,0.00,4734.70,34.70,INITIAL_FILL
2026-09-07 21:11:24.957,1788815484.957,ORDER_FILLED,360287970300003003,360287970300003008,C,BUY,0.03,4482.83,4482.83,0.00,+0.0,4482.51,4482.51,4485.96,8.0,0.0,0.00,0,0.00,0.00,0.00,4734.70,34.70,INITIAL_FILL
2026-09-07 21:11:24.958,1788815484.958,ORDER_FILLED,360287970300003009,360287970300003015,C,SELL,0.03,4482.75,4482.75,0.00,+0.0,4482.75,4482.75,4479.30,8.0,0.0,0.00,0,0.00,0.00,0.00,4734.70,34.70,INITIAL_FILL
2026-09-07 21:11:24.960,1788815484.961,POSITION_CLOSED_STOP_LOSS,360287970300003019,360287970300002996,B,BUY,0.03,4482.83,4482.83,4482.51,+0.0,4482.51,4482.51,4485.96,0.0,0.0,0.00,0,-0.96,0.21,-1.17,4733.53,33.53,STOP_LOSS
2026-09-07 21:11:24.962,1788815484.963,POSITION_CLOSED_STOP_LOSS,360287970300003028,360287970300003008,C,BUY,0.03,4482.83,4482.83,4482.51,+0.0,4482.51,4482.51,4485.96,0.0,0.0,0.00,0,-0.96,0.21,-1.17,4732.36,32.36,STOP_LOSS
2026-09-07 21:11:25.046,1788815485.047,POSITION_CLOSED_RATCHET_WIN,360287970300003035,360287970300003015,C,SELL,0.03,4482.75,4482.75,4481.92,+0.0,4481.92,4481.92,4479.30,0.0,0.0,0.10,0,2.49,0.21,2.28,4734.64,34.64,RATCHET_WIN
2026-09-07 21:11:25.050,1788815485.051,ORDER_FILLED,360287970300003039,360287970300003043,B,BUY,0.03,4482.19,4482.19,0.00,+0.0,4481.50,4481.50,4484.95,8.0,0.0,0.00,0,0.00,0.00,0.00,4734.64,34.64,INITIAL_FILL
2026-09-07 21:11:25.051,1788815485.052,ORDER_FILLED,360287970300003051,360287970300003058,C,BUY,0.03,4482.19,4482.19,0.00,+0.0,4481.50,4481.50,4484.95,8.0,0.0,0.00,0,0.00,0.00,0.00,4734.64,34.64,INITIAL_FILL
2026-09-07 21:11:25.052,1788815485.053,ORDER_FILLED,360287970300003066,360287970300003071,C,SELL,0.03,4482.11,4482.11,0.00,+0.0,4481.74,4481.74,4478.29,8.0,0.0,0.00,0,0.00,0.00,0.00,4734.64,34.64,INITIAL_FILL
2026-09-07 21:11:25.053,1788815485.054,POSITION_CLOSED_STOP_LOSS,360287970300003079,360287970300003071,C,SELL,0.03,4482.11,4482.11,4481.74,+0.0,4481.74,4481.74,4478.29,0.0,0.0,0.00,0,1.11,0.21,0.90,4735.54,35.54,STOP_LOSS
2026-09-07 21:11:25.067,1788815485.068,POSITION_CLOSED_STOP_LOSS,360287970300003080,360287970300003043,B,BUY,0.03,4482.19,4482.19,4481.50,+0.0,4481.50,4481.50,4484.95,0.0,0.0,0.00,0,-2.07,0.21,-2.28,4733.26,33.26,STOP_LOSS
2026-09-07 21:11:25.069,1788815485.070,POSITION_CLOSED_STOP_LOSS,360287970300003087,360287970300003058,C,BUY,0.03,4482.19,4482.19,4481.50,+0.0,4481.50,4481.50,4484.95,0.0,0.0,0.00,0,-2.07,0.21,-2.28,4730.98,30.98,STOP_LOSS
2026-09-07 21:11:25.161,1788815485.162,ORDER_FILLED,360287970300003092,360287970300003100,B,BUY,0.03,4478.71,4478.71,0.00,+0.0,4478.51,4478.51,4481.96,8.0,0.0,0.00,0,0.00,0.00,0.00,4730.98,30.98,INITIAL_FILL
2026-09-07 21:11:25.162,1788815485.163,ORDER_FILLED,360287970300003106,360287970300003110,C,BUY,0.03,4478.71,4478.71,0.00,+0.0,4478.51,4478.51,4481.96,8.0,0.0,0.00,0,0.00,0.00,0.00,4730.98,30.98,INITIAL_FILL
2026-09-07 21:11:25.162,1788815485.163,ORDER_FILLED,360287970300003113,360287970300003117,C,SELL,0.03,4478.63,4478.63,0.00,+0.0,4478.75,4478.75,4475.30,8.0,0.0,0.00,0,0.00,0.00,0.00,4730.98,30.98,INITIAL_FILL
2026-09-07 21:11:25.165,1788815485.165,POSITION_CLOSED_STOP_LOSS,360287970300003123,360287970300003117,C,SELL,0.03,4478.63,4478.63,4478.75,+0.0,4478.75,4478.75,4475.30,0.0,0.0,0.00,0,-0.36,0.21,-0.57,4730.41,30.41,STOP_LOSS
2026-09-07 21:11:25.170,1788815485.171,POSITION_CLOSED_STOP_LOSS,360287970300003125,360287970300003100,B,BUY,0.03,4478.71,4478.71,4478.51,+0.0,4478.51,4478.51,4481.96,0.0,0.0,0.00,0,-0.60,0.21,-0.81,4729.60,29.60,STOP_LOSS
2026-09-07 21:11:25.171,1788815485.172,POSITION_CLOSED_STOP_LOSS,360287970300003129,360287970300003110,C,BUY,0.03,4478.71,4478.71,4478.51,+0.0,4478.51,4478.51,4481.96,0.0,0.0,0.00,0,-0.60,0.21,-0.81,4728.79,28.79,STOP_LOSS
2026-09-07 21:11:25.262,1788815485.262,ORDER_FILLED,360287970300003136,360287970300003143,A,BUY,0.10,4475.43,4475.43,0.00,+0.0,4475.05,4475.05,4477.17,8.0,0.0,0.00,0,0.00,0.00,0.00,4728.79,28.79,INITIAL_FILL
2026-09-07 21:11:25.285,1788815485.286,POSITION_CLOSED_BE_PROTECTED,360287970300003147,360287970300003143,A,BUY,0.10,4475.43,4475.43,4475.48,+0.0,4475.48,4475.48,4477.17,0.0,0.0,0.00,0,0.50,0.70,-0.20,4728.59,28.59,BE_PROTECTED
2026-09-07 21:11:25.363,1788815485.363,ORDER_FILLED,360287970300003155,360287970300003162,B,BUY,0.03,4475.55,4475.55,0.00,+0.0,4475.18,4475.18,4478.63,8.0,0.0,0.00,0,0.00,0.00,0.00,4728.59,28.59,INITIAL_FILL
2026-09-07 21:11:25.363,1788815485.364,ORDER_FILLED,360287970300003170,360287970300003175,C,BUY,0.03,4475.55,4475.55,0.00,+0.0,4475.18,4475.18,4478.63,8.0,0.0,0.00,0,0.00,0.00,0.00,4728.59,28.59,INITIAL_FILL
2026-09-07 21:11:25.364,1788815485.364,ORDER_FILLED,360287970300003178,360287970300003179,C,SELL,0.03,4475.47,4475.47,0.00,+0.0,4475.42,4475.42,4471.97,8.0,0.0,0.00,0,0.00,0.00,0.00,4728.59,28.59,INITIAL_FILL
2026-09-07 21:11:25.365,1788815485.366,POSITION_CLOSED_STOP_LOSS,360287970300003188,360287970300003179,C,SELL,0.03,4475.47,4475.47,4475.42,+0.0,4475.42,4475.42,4471.97,0.0,0.0,0.00,0,0.15,0.21,-0.06,4728.53,28.53,STOP_LOSS
2026-09-07 21:11:25.368,1788815485.369,POSITION_CLOSED_STOP_LOSS,360287970300003196,360287970300003162,B,BUY,0.03,4475.55,4475.55,4475.18,+0.0,4475.18,4475.18,4478.63,0.0,0.0,0.00,0,-1.11,0.21,-1.32,4727.21,27.21,STOP_LOSS
2026-09-07 21:11:25.369,1788815485.370,POSITION_CLOSED_STOP_LOSS,360287970300003199,360287970300003175,C,BUY,0.03,4475.55,4475.55,4475.18,+0.0,4475.18,4475.18,4478.63,0.0,0.0,0.00,0,-1.11,0.21,-1.32,4725.89,25.89,STOP_LOSS
2026-09-07 21:11:25.472,1788815485.472,ORDER_FILLED,360287970300003203,360287970300003206,A,BUY,0.10,4475.35,4475.35,0.00,+0.0,4474.99,4474.99,4477.11,8.0,0.0,0.00,0,0.00,0.00,0.00,4725.89,25.89,INITIAL_FILL
2026-09-07 21:11:25.496,1788815485.496,POSITION_CLOSED_BE_PROTECTED,360287970300003210,360287970300003206,A,BUY,0.10,4475.35,4475.35,4475.40,+0.0,4475.40,4475.40,4477.11,0.0,0.0,0.00,0,0.50,0.70,-0.20,4725.69,25.69,BE_PROTECTED
2026-09-07 21:11:25.596,1788815485.596,ORDER_FILLED,360287970300003212,360287970300003219,B,BUY,0.03,4476.94,4476.94,0.00,+0.0,4476.06,4476.06,4479.51,8.0,0.0,0.00,0,0.00,0.00,0.00,4725.69,25.69,INITIAL_FILL
2026-09-07 21:11:25.596,1788815485.597,ORDER_FILLED,360287970300003221,360287970300003225,C,BUY,0.03,4476.94,4476.94,0.00,+0.0,4476.06,4476.06,4479.51,8.0,0.0,0.00,0,0.00,0.00,0.00,4725.69,25.69,INITIAL_FILL
2026-09-07 21:11:25.597,1788815485.597,ORDER_FILLED,360287970300003228,360287970300003233,C,SELL,0.03,4476.86,4476.86,0.00,+0.0,4476.30,4476.30,4472.85,8.0,0.0,0.00,0,0.00,0.00,0.00,4725.69,25.69,INITIAL_FILL
2026-09-07 21:11:25.599,1788815485.600,POSITION_CLOSED_STOP_LOSS,360287970300003240,360287970300003233,C,SELL,0.03,4476.86,4476.86,4476.30,+0.0,4476.30,4476.30,4472.85,0.0,0.0,0.00,0,1.68,0.21,1.47,4727.16,27.16,STOP_LOSS
2026-09-07 21:11:25.607,1788815485.607,POSITION_CLOSED_STOP_LOSS,360287970300003241,360287970300003219,B,BUY,0.03,4476.94,4476.94,4476.06,+0.0,4476.06,4476.06,4479.51,0.0,0.0,0.00,0,-2.64,0.21,-2.85,4724.31,24.31,STOP_LOSS
2026-09-07 21:11:25.608,1788815485.608,POSITION_CLOSED_STOP_LOSS,360287970300003244,360287970300003225,C,BUY,0.03,4476.94,4476.94,4476.06,+0.0,4476.06,4476.06,4479.51,0.0,0.0,0.00,0,-2.64,0.21,-2.85,4721.46,21.46,STOP_LOSS
2026-09-07 21:11:25.685,1788815485.686,ORDER_FILLED,360287970300003252,360287970300003258,B,BUY,0.03,4474.92,4474.92,0.00,+0.0,4474.57,4474.57,4478.02,8.0,0.0,0.00,0,0.00,0.00,0.00,4721.46,21.46,INITIAL_FILL
2026-09-07 21:11:25.686,1788815485.687,ORDER_FILLED,360287970300003267,360287970300003275,C,BUY,0.03,4474.92,4474.92,0.00,+0.0,4474.57,4474.57,4478.02,8.0,0.0,0.00,0,0.00,0.00,0.00,4721.46,21.46,INITIAL_FILL
2026-09-07 21:11:25.687,1788815485.688,ORDER_FILLED,360287970300003276,360287970300003284,C,SELL,0.03,4474.84,4474.84,0.00,+0.0,4474.81,4474.81,4471.36,8.0,0.0,0.00,0,0.00,0.00,0.00,4721.46,21.46,INITIAL_FILL
2026-09-07 21:11:25.688,1788815485.689,POSITION_CLOSED_STOP_LOSS,360287970300003286,360287970300003284,C,SELL,0.03,4474.84,4474.84,4474.81,+0.0,4474.81,4474.81,4471.36,0.0,0.0,0.00,0,0.09,0.21,-0.12,4721.34,21.34,STOP_LOSS
2026-09-07 21:11:25.718,1788815485.719,POSITION_CLOSED_BE_PROTECTED,360287970300003293,360287970300003258,B,BUY,0.03,4474.92,4474.92,4474.97,+0.0,4474.97,4474.97,4478.02,0.0,0.0,0.00,0,0.15,0.21,-0.06,4721.28,21.28,BE_PROTECTED
2026-09-07 21:11:25.719,1788815485.720,POSITION_CLOSED_BE_PROTECTED,360287970300003295,360287970300003275,C,BUY,0.03,4474.92,4474.92,4474.97,+0.0,4474.97,4474.97,4478.02,0.0,0.0,0.00,0,0.15,0.21,-0.06,4721.22,21.22,BE_PROTECTED
2026-09-07 21:11:25.836,1788815485.837,ORDER_FILLED,360287970300003304,360287970300003308,A,BUY,0.10,4475.45,4475.45,0.00,+0.0,4475.00,4475.00,4477.12,8.0,0.0,0.00,0,0.00,0.00,0.00,4721.22,21.22,INITIAL_FILL
2026-09-07 21:11:25.849,1788815485.850,POSITION_CLOSED_BE_PROTECTED,360287970300003317,360287970300003308,A,BUY,0.10,4475.45,4475.45,4475.50,+0.0,4475.50,4475.50,4477.12,0.0,0.0,0.00,0,0.50,0.70,-0.20,4721.02,21.02,BE_PROTECTED
2026-09-07 21:11:25.954,1788815485.954,ORDER_FILLED,360287970300003319,360287970300003322,B,BUY,0.03,4473.54,4473.54,0.00,+0.0,4473.21,4473.21,4476.66,8.0,0.0,0.00,0,0.00,0.00,0.00,4721.02,21.02,INITIAL_FILL
2026-09-07 21:11:25.954,1788815485.955,ORDER_FILLED,360287970300003325,360287970300003327,C,BUY,0.03,4473.54,4473.54,0.00,+0.0,4473.21,4473.21,4476.66,8.0,0.0,0.00,0,0.00,0.00,0.00,4721.02,21.02,INITIAL_FILL
2026-09-07 21:11:25.955,1788815485.955,ORDER_FILLED,360287970300003334,360287970300003340,C,SELL,0.03,4473.46,4473.46,0.00,+0.0,4473.45,4473.45,4470.00,8.0,0.0,0.00,0,0.00,0.00,0.00,4721.02,21.02,INITIAL_FILL
2026-09-07 21:11:25.956,1788815485.957,POSITION_CLOSED_STOP_LOSS,360287970300003346,360287970300003340,C,SELL,0.03,4473.46,4473.46,4473.45,+0.0,4473.45,4473.45,4470.00,0.0,0.0,0.00,0,0.03,0.21,-0.18,4720.84,20.84,STOP_LOSS
2026-09-07 21:11:26.031,1788815486.031,POSITION_CLOSED_WIN_TP,360287970300003347,360287970300003322,B,BUY,0.03,4473.54,4473.54,4476.66,+0.0,4475.20,4475.20,4476.66,0.0,0.0,0.10,0,9.36,0.21,9.15,4729.99,29.99,WIN_TP
2026-09-07 21:11:26.032,1788815486.033,POSITION_CLOSED_WIN_TP,360287970300003352,360287970300003327,C,BUY,0.03,4473.54,4473.54,4476.66,+0.0,4475.20,4475.20,4476.66,0.0,0.0,0.10,0,9.36,0.21,9.15,4739.14,39.14,WIN_TP
2026-09-07 21:11:26.056,1788815486.057,ORDER_FILLED,360287970300003354,360287970300003358,B,BUY,0.03,4475.49,4475.49,0.00,+0.0,4475.13,4475.13,4478.58,8.0,0.0,0.00,0,0.00,0.00,0.00,4739.14,39.14,INITIAL_FILL
2026-09-07 21:11:26.057,1788815486.058,ORDER_FILLED,360287970300003363,360287970300003371,C,BUY,0.03,4475.49,4475.49,0.00,+0.0,4475.13,4475.13,4478.58,8.0,0.0,0.00,0,0.00,0.00,0.00,4739.14,39.14,INITIAL_FILL
2026-09-07 21:11:26.058,1788815486.058,ORDER_FILLED,360287970300003380,360287970300003385,C,SELL,0.03,4475.41,4475.41,0.00,+0.0,4475.37,4475.37,4471.92,8.0,0.0,0.00,0,0.00,0.00,0.00,4739.14,39.14,INITIAL_FILL
2026-09-07 21:11:26.059,1788815486.059,POSITION_CLOSED_STOP_LOSS,360287970300003393,360287970300003385,C,SELL,0.03,4475.41,4475.41,4475.37,+0.0,4475.37,4475.37,4471.92,0.0,0.0,0.00,0,0.12,0.21,-0.09,4739.05,39.05,STOP_LOSS
2026-09-07 21:11:26.072,1788815486.072,POSITION_CLOSED_STOP_LOSS,360287970300003398,360287970300003358,B,BUY,0.03,4475.49,4475.49,4475.13,+0.0,4475.13,4475.13,4478.58,0.0,0.0,0.00,0,-1.08,0.21,-1.29,4737.76,37.76,STOP_LOSS
2026-09-07 21:11:26.073,1788815486.073,POSITION_CLOSED_STOP_LOSS,360287970300003399,360287970300003371,C,BUY,0.03,4475.49,4475.49,4475.13,+0.0,4475.13,4475.13,4478.58,0.0,0.0,0.00,0,-1.08,0.21,-1.29,4736.47,36.47,STOP_LOSS
2026-09-07 21:11:26.144,1788815486.145,ORDER_FILLED,360287970300003407,360287970300003416,B,BUY,0.03,4475.01,4475.01,0.00,+0.0,4474.27,4474.27,4477.72,8.0,0.0,0.00,0,0.00,0.00,0.00,4736.47,36.47,INITIAL_FILL
2026-09-07 21:11:26.145,1788815486.146,ORDER_FILLED,360287970300003423,360287970300003431,C,BUY,0.03,4475.01,4475.01,0.00,+0.0,4474.27,4474.27,4477.72,8.0,0.0,0.00,0,0.00,0.00,0.00,4736.47,36.47,INITIAL_FILL
2026-09-07 21:11:26.145,1788815486.146,ORDER_FILLED,360287970300003434,360287970300003443,C,SELL,0.03,4474.93,4474.93,0.00,+0.0,4474.51,4474.51,4471.06,8.0,0.0,0.00,0,0.00,0.00,0.00,4736.47,36.47,INITIAL_FILL
2026-09-07 21:11:26.147,1788815486.148,POSITION_CLOSED_STOP_LOSS,360287970300003445,360287970300003443,C,SELL,0.03,4474.93,4474.93,4474.51,+0.0,4474.51,4474.51,4471.06,0.0,0.0,0.00,0,1.26,0.21,1.05,4737.52,37.52,STOP_LOSS
2026-09-07 21:11:26.222,1788815486.222,POSITION_CLOSED_BE_PROTECTED,360287970300003450,360287970300003416,B,BUY,0.03,4475.01,4475.01,4475.06,+0.0,4475.06,4475.06,4477.72,0.0,0.0,0.10,0,0.15,0.21,-0.06,4737.46,37.46,BE_PROTECTED
2026-09-07 21:11:26.223,1788815486.224,POSITION_CLOSED_BE_PROTECTED,360287970300003457,360287970300003431,C,BUY,0.03,4475.01,4475.01,4475.06,+0.0,4475.06,4475.06,4477.72,0.0,0.0,0.10,0,0.15,0.21,-0.06,4737.40,37.40,BE_PROTECTED
2026-09-07 21:11:26.247,1788815486.248,ORDER_FILLED,360287970300003463,360287970300003467,B,BUY,0.03,4476.17,4476.17,0.00,+0.0,4475.56,4475.56,4479.01,8.0,0.0,0.00,0,0.00,0.00,0.00,4737.40,37.40,INITIAL_FILL
2026-09-07 21:11:26.248,1788815486.249,ORDER_FILLED,360287970300003468,360287970300003471,C,BUY,0.03,4476.17,4476.17,0.00,+0.0,4475.56,4475.56,4479.01,8.0,0.0,0.00,0,0.00,0.00,0.00,4737.40,37.40,INITIAL_FILL
2026-09-07 21:11:26.249,1788815486.250,ORDER_FILLED,360287970300003476,360287970300003481,C,SELL,0.03,4476.09,4476.09,0.00,+0.0,4475.80,4475.80,4472.35,8.0,0.0,0.00,0,0.00,0.00,0.00,4737.40,37.40,INITIAL_FILL
2026-09-07 21:11:26.250,1788815486.251,POSITION_CLOSED_STOP_LOSS,360287970300003489,360287970300003481,C,SELL,0.03,4476.09,4476.09,4475.80,+0.0,4475.80,4475.80,4472.35,0.0,0.0,0.00,0,0.87,0.21,0.66,4738.06,38.06,STOP_LOSS
2026-09-07 21:11:26.353,1788815486.354,ORDER_FILLED,360287970300003498,360287970300003499,B,BUY,0.03,4478.31,4478.31,0.00,+0.0,4477.67,4477.67,4481.12,8.0,0.0,0.00,0,0.00,0.00,0.00,4738.06,38.06,INITIAL_FILL
2026-09-07 21:11:26.359,1788815486.360,POSITION_CLOSED_WIN_TP,360287970300003505,360287970300003467,B,BUY,0.03,4476.17,4476.17,4479.01,+0.0,4477.84,4477.84,4479.01,0.0,0.0,0.10,0,8.52,0.21,8.31,4746.37,46.37,WIN_TP
2026-09-07 21:11:26.360,1788815486.361,POSITION_CLOSED_WIN_TP,360287970300003509,360287970300003471,C,BUY,0.03,4476.17,4476.17,4479.01,+0.0,4477.84,4477.84,4479.01,0.0,0.0,0.10,0,8.52,0.21,8.31,4754.68,54.68,WIN_TP
2026-09-07 21:11:26.383,1788815486.383,POSITION_CLOSED_RATCHET_WIN,360287970300003510,360287970300003499,B,BUY,0.03,4478.31,4478.31,4479.14,+0.0,4479.14,4479.14,4481.12,0.0,0.0,0.00,0,2.49,0.21,2.28,4756.96,56.96,RATCHET_WIN
2026-09-07 21:11:26.482,1788815486.483,ORDER_FILLED,360287970300003513,360287970300003514,B,BUY,0.03,4478.98,4478.98,0.00,+0.0,4478.66,4478.66,4482.11,8.0,0.0,0.00,0,0.00,0.00,0.00,4756.96,56.96,INITIAL_FILL
2026-09-07 21:11:26.483,1788815486.484,ORDER_FILLED,360287970300003520,360287970300003521,C,BUY,0.03,4478.98,4478.98,0.00,+0.0,4478.66,4478.66,4482.11,8.0,0.0,0.00,0,0.00,0.00,0.00,4756.96,56.96,INITIAL_FILL
2026-09-07 21:11:26.483,1788815486.484,ORDER_FILLED,360287970300003524,360287970300003526,C,SELL,0.03,4478.90,4478.90,0.00,+0.0,4478.90,4478.90,4475.45,8.0,0.0,0.00,0,0.00,0.00,0.00,4756.96,56.96,INITIAL_FILL
2026-09-07 21:11:26.486,1788815486.487,POSITION_CLOSED_STOP_LOSS,360287970300003534,360287970300003526,C,SELL,0.03,4478.90,4478.90,4478.90,+0.0,4478.90,4478.90,4475.45,0.0,0.0,0.00,0,0.00,0.21,-0.21,4756.75,56.75,STOP_LOSS
2026-09-07 21:11:26.494,1788815486.495,POSITION_CLOSED_STOP_LOSS,360287970300003543,360287970300003514,B,BUY,0.03,4478.98,4478.98,4478.66,+0.0,4478.66,4478.66,4482.11,0.0,0.0,0.00,0,-0.96,0.21,-1.17,4755.58,55.58,STOP_LOSS
2026-09-07 21:11:26.495,1788815486.496,POSITION_CLOSED_STOP_LOSS,360287970300003550,360287970300003521,C,BUY,0.03,4478.98,4478.98,4478.66,+0.0,4478.66,4478.66,4482.11,0.0,0.0,0.00,0,-0.96,0.21,-1.17,4754.41,54.41,STOP_LOSS
2026-09-07 21:11:26.563,1788815486.564,ORDER_FILLED,360287970300003557,360287970300003566,B,BUY,0.03,4478.76,4478.76,0.00,+0.0,4477.83,4477.83,4481.28,8.0,0.0,0.00,0,0.00,0.00,0.00,4754.41,54.41,INITIAL_FILL
2026-09-07 21:11:26.564,1788815486.565,ORDER_FILLED,360287970300003572,360287970300003581,C,BUY,0.03,4478.76,4478.76,0.00,+0.0,4477.83,4477.83,4481.28,8.0,0.0,0.00,0,0.00,0.00,0.00,4754.41,54.41,INITIAL_FILL
2026-09-07 21:11:26.564,1788815486.565,ORDER_FILLED,360287970300003590,360287970300003594,C,SELL,0.03,4478.68,4478.68,0.00,+0.0,4478.07,4478.07,4474.62,8.0,0.0,0.00,0,0.00,0.00,0.00,4754.41,54.41,INITIAL_FILL
2026-09-07 21:11:26.566,1788815486.567,POSITION_CLOSED_STOP_LOSS,360287970300003601,360287970300003594,C,SELL,0.03,4478.68,4478.68,4478.07,+0.0,4478.07,4478.07,4474.62,0.0,0.0,0.00,0,1.83,0.21,1.62,4756.03,56.03,STOP_LOSS
2026-09-07 21:11:26.574,1788815486.575,POSITION_CLOSED_STOP_LOSS,360287970300003607,360287970300003566,B,BUY,0.03,4478.76,4478.76,4477.83,+0.0,4477.83,4477.83,4481.28,0.0,0.0,0.00,0,-2.79,0.21,-3.00,4753.03,53.03,STOP_LOSS
2026-09-07 21:11:26.575,1788815486.576,POSITION_CLOSED_STOP_LOSS,360287970300003612,360287970300003581,C,BUY,0.03,4478.76,4478.76,4477.83,+0.0,4477.83,4477.83,4481.28,0.0,0.0,0.00,0,-2.79,0.21,-3.00,4750.03,50.03,STOP_LOSS
2026-09-07 21:11:26.699,1788815486.700,ORDER_FILLED,360287970300003616,360287970300003625,B,BUY,0.03,4473.55,4473.55,0.00,+0.0,4473.26,4473.26,4476.71,8.0,0.0,0.00,0,0.00,0.00,0.00,4750.03,50.03,INITIAL_FILL
2026-09-07 21:11:26.700,1788815486.701,ORDER_FILLED,360287970300003633,360287970300003642,C,BUY,0.03,4473.55,4473.55,0.00,+0.0,4473.26,4473.26,4476.71,8.0,0.0,0.00,0,0.00,0.00,0.00,4750.03,50.03,INITIAL_FILL
2026-09-07 21:11:26.701,1788815486.702,ORDER_FILLED,360287970300003648,360287970300003654,C,SELL,0.03,4473.47,4473.47,0.00,+0.0,4473.50,4473.50,4470.05,8.0,0.0,0.00,0,0.00,0.00,0.00,4750.03,50.03,INITIAL_FILL
2026-09-07 21:11:26.702,1788815486.703,POSITION_CLOSED_STOP_LOSS,360287970300003660,360287970300003654,C,SELL,0.03,4473.47,4473.47,4473.50,+0.0,4473.50,4473.50,4470.05,0.0,0.0,0.00,0,-0.09,0.21,-0.30,4749.73,49.73,STOP_LOSS
2026-09-07 21:11:26.710,1788815486.711,POSITION_CLOSED_STOP_LOSS,360287970300003663,360287970300003625,B,BUY,0.03,4473.55,4473.55,4473.26,+0.0,4473.26,4473.26,4476.71,0.0,0.0,0.00,0,-0.87,0.21,-1.08,4748.65,48.65,STOP_LOSS
2026-09-07 21:11:26.711,1788815486.712,POSITION_CLOSED_STOP_LOSS,360287970300003672,360287970300003642,C,BUY,0.03,4473.55,4473.55,4473.26,+0.0,4473.26,4473.26,4476.71,0.0,0.0,0.00,0,-0.87,0.21,-1.08,4747.57,47.57,STOP_LOSS
2026-09-07 21:11:26.783,1788815486.784,ORDER_FILLED,360287970300003678,360287970300003684,A,BUY,0.10,4472.79,4472.79,0.00,+0.0,4472.04,4472.04,4474.16,8.0,0.0,0.00,0,0.00,0.00,0.00,4747.57,47.57,INITIAL_FILL
2026-09-07 21:11:26.788,1788815486.789,POSITION_CLOSED_STOP_LOSS,360287970300003691,360287970300003684,A,BUY,0.10,4472.79,4472.79,4472.04,+0.0,4472.04,4472.04,4474.16,0.0,0.0,0.00,0,-7.50,0.70,-8.20,4739.37,39.37,STOP_LOSS
2026-09-07 21:11:26.864,1788815486.864,ORDER_FILLED,360287970300003694,360287970300003696,B,BUY,0.03,4473.34,4473.34,0.00,+0.0,4473.09,4473.09,4476.54,8.0,0.0,0.00,0,0.00,0.00,0.00,4739.37,39.37,INITIAL_FILL
2026-09-07 21:11:26.865,1788815486.865,ORDER_FILLED,360287970300003698,360287970300003703,C,BUY,0.03,4473.34,4473.34,0.00,+0.0,4473.09,4473.09,4476.54,8.0,0.0,0.00,0,0.00,0.00,0.00,4739.37,39.37,INITIAL_FILL
2026-09-07 21:11:26.865,1788815486.865,ORDER_FILLED,360287970300003707,360287970300003710,C,SELL,0.03,4473.26,4473.26,0.00,+0.0,4473.33,4473.33,4469.88,8.0,0.0,0.00,0,0.00,0.00,0.00,4739.37,39.37,INITIAL_FILL
2026-09-07 21:11:26.867,1788815486.867,POSITION_CLOSED_STOP_LOSS,360287970300003719,360287970300003710,C,SELL,0.03,4473.26,4473.26,4473.33,+0.0,4473.33,4473.33,4469.88,0.0,0.0,0.00,0,-0.21,0.21,-0.42,4738.95,38.95,STOP_LOSS
2026-09-07 21:11:26.873,1788815486.873,POSITION_CLOSED_STOP_LOSS,360287970300003727,360287970300003696,B,BUY,0.03,4473.34,4473.34,4473.09,+0.0,4473.09,4473.09,4476.54,0.0,0.0,0.00,0,-0.75,0.21,-0.96,4737.99,37.99,STOP_LOSS
2026-09-07 21:11:26.875,1788815486.875,POSITION_CLOSED_STOP_LOSS,360287970300003733,360287970300003703,C,BUY,0.03,4473.34,4473.34,4473.09,+0.0,4473.09,4473.09,4476.54,0.0,0.0,0.00,0,-0.75,0.21,-0.96,4737.03,37.03,STOP_LOSS
2026-09-07 21:11:26.984,1788815486.985,ORDER_FILLED,360287970300003742,360287970300003750,B,BUY,0.03,4470.99,4470.99,0.00,+0.0,4470.76,4470.76,4474.21,8.0,0.0,0.00,0,0.00,0.00,0.00,4737.03,37.03,INITIAL_FILL
2026-09-07 21:11:26.985,1788815486.986,ORDER_FILLED,360287970300003757,360287970300003760,C,BUY,0.03,4470.99,4470.99,0.00,+0.0,4470.76,4470.76,4474.21,8.0,0.0,0.00,0,0.00,0.00,0.00,4737.03,37.03,INITIAL_FILL
2026-09-07 21:11:26.985,1788815486.986,ORDER_FILLED,360287970300003761,360287970300003767,C,SELL,0.03,4470.91,4470.91,0.00,+0.0,4471.00,4471.00,4467.55,8.0,0.0,0.00,0,0.00,0.00,0.00,4737.03,37.03,INITIAL_FILL
2026-09-07 21:11:26.987,1788815486.988,POSITION_CLOSED_STOP_LOSS,360287970300003773,360287970300003767,C,SELL,0.03,4470.91,4470.91,4471.00,+0.0,4471.00,4471.00,4467.55,0.0,0.0,0.00,0,-0.27,0.21,-0.48,4736.55,36.55,STOP_LOSS
2026-09-07 21:11:27.002,1788815487.003,POSITION_CLOSED_STOP_LOSS,360287970300003774,360287970300003750,B,BUY,0.03,4470.99,4470.99,4470.76,+0.0,4470.76,4470.76,4474.21,0.0,0.0,0.00,0,-0.69,0.21,-0.90,4735.65,35.65,STOP_LOSS
2026-09-07 21:11:27.004,1788815487.004,POSITION_CLOSED_STOP_LOSS,360287970300003782,360287970300003760,C,BUY,0.03,4470.99,4470.99,4470.76,+0.0,4470.76,4470.76,4474.21,0.0,0.0,0.00,0,-0.69,0.21,-0.90,4734.75,34.75,STOP_LOSS
2026-09-07 21:11:27.055,1788815487.056,ORDER_FILLED,360287970300003789,360287970300003796,B,BUY,0.03,4471.40,4471.40,0.00,+0.0,4471.10,4471.10,4474.55,8.0,0.0,0.00,0,0.00,0.00,0.00,4734.75,34.75,INITIAL_FILL
2026-09-07 21:11:27.055,1788815487.056,ORDER_FILLED,360287970300003801,360287970300003805,C,BUY,0.03,4471.40,4471.40,0.00,+0.0,4471.10,4471.10,4474.55,8.0,0.0,0.00,0,0.00,0.00,0.00,4734.75,34.75,INITIAL_FILL
2026-09-07 21:11:27.056,1788815487.057,ORDER_FILLED,360287970300003808,360287970300003811,C,SELL,0.03,4471.32,4471.32,0.00,+0.0,4471.34,4471.34,4467.89,8.0,0.0,0.00,0,0.00,0.00,0.00,4734.75,34.75,INITIAL_FILL
2026-09-07 21:11:27.057,1788815487.058,POSITION_CLOSED_STOP_LOSS,360287970300003813,360287970300003811,C,SELL,0.03,4471.32,4471.32,4471.34,+0.0,4471.34,4471.34,4467.89,0.0,0.0,0.00,0,-0.06,0.21,-0.27,4734.48,34.48,STOP_LOSS
2026-09-07 21:11:27.061,1788815487.062,POSITION_CLOSED_STOP_LOSS,360287970300003815,360287970300003796,B,BUY,0.03,4471.40,4471.40,4471.10,+0.0,4471.10,4471.10,4474.55,0.0,0.0,0.00,0,-0.90,0.21,-1.11,4733.37,33.37,STOP_LOSS
2026-09-07 21:11:27.062,1788815487.063,POSITION_CLOSED_STOP_LOSS,360287970300003823,360287970300003805,C,BUY,0.03,4471.40,4471.40,4471.10,+0.0,4471.10,4471.10,4474.55,0.0,0.0,0.00,0,-0.90,0.21,-1.11,4732.26,32.26,STOP_LOSS
2026-09-07 21:11:27.141,1788815487.142,ORDER_FILLED,360287970300003827,360287970300003835,B,BUY,0.03,4471.43,4471.43,0.00,+0.0,4470.95,4470.95,4474.40,8.0,0.0,0.00,0,0.00,0.00,0.00,4732.26,32.26,INITIAL_FILL
2026-09-07 21:11:27.141,1788815487.142,ORDER_FILLED,360287970300003838,360287970300003845,C,BUY,0.03,4471.43,4471.43,0.00,+0.0,4470.95,4470.95,4474.40,8.0,0.0,0.00,0,0.00,0.00,0.00,4732.26,32.26,INITIAL_FILL
2026-09-07 21:11:27.142,1788815487.143,ORDER_FILLED,360287970300003846,360287970300003853,C,SELL,0.03,4471.35,4471.35,0.00,+0.0,4471.19,4471.19,4467.74,8.0,0.0,0.00,0,0.00,0.00,0.00,4732.26,32.26,INITIAL_FILL
2026-09-07 21:11:27.143,1788815487.144,POSITION_CLOSED_STOP_LOSS,360287970300003857,360287970300003853,C,SELL,0.03,4471.35,4471.35,4471.19,+0.0,4471.19,4471.19,4467.74,0.0,0.0,0.00,0,0.48,0.21,0.27,4732.53,32.53,STOP_LOSS
2026-09-07 21:11:27.230,1788815487.231,POSITION_CLOSED_BE_PROTECTED,360287970300003865,360287970300003835,B,BUY,0.03,4471.43,4471.43,4471.48,+0.0,4471.48,4471.48,4474.40,0.0,0.0,0.10,0,0.15,0.21,-0.06,4732.47,32.47,BE_PROTECTED
2026-09-07 21:11:27.232,1788815487.233,POSITION_CLOSED_BE_PROTECTED,360287970300003870,360287970300003845,C,BUY,0.03,4471.43,4471.43,4471.48,+0.0,4471.48,4471.48,4474.40,0.0,0.0,0.10,0,0.15,0.21,-0.06,4732.41,32.41,BE_PROTECTED
2026-09-07 21:11:27.235,1788815487.236,ORDER_FILLED,360287970300003873,360287970300003874,B,BUY,0.03,4472.09,4472.09,0.00,+0.0,4471.75,4471.75,4475.20,8.0,0.0,0.00,0,0.00,0.00,0.00,4732.41,32.41,INITIAL_FILL
2026-09-07 21:11:27.236,1788815487.237,ORDER_FILLED,360287970300003883,360287970300003887,C,BUY,0.03,4472.09,4472.09,0.00,+0.0,4471.75,4471.75,4475.20,8.0,0.0,0.00,0,0.00,0.00,0.00,4732.41,32.41,INITIAL_FILL
2026-09-07 21:11:27.237,1788815487.238,ORDER_FILLED,360287970300003895,360287970300003904,C,SELL,0.03,4472.01,4472.01,0.00,+0.0,4471.99,4471.99,4468.54,8.0,0.0,0.00,0,0.00,0.00,0.00,4732.41,32.41,INITIAL_FILL
2026-09-07 21:11:27.238,1788815487.239,POSITION_CLOSED_STOP_LOSS,360287970300003908,360287970300003904,C,SELL,0.03,4472.01,4472.01,4471.99,+0.0,4471.99,4471.99,4468.54,0.0,0.0,0.00,0,0.06,0.21,-0.15,4732.26,32.26,STOP_LOSS
2026-09-07 21:11:27.322,1788815487.322,ORDER_FILLED,360287970300003909,360287970300003915,B,BUY,0.03,4472.48,4472.48,0.00,+0.0,4472.21,4472.21,4475.66,8.0,0.0,0.00,0,0.00,0.00,0.00,4732.26,32.26,INITIAL_FILL
2026-09-07 21:11:27.324,1788815487.325,POSITION_CLOSED_STOP_LOSS,360287970300003923,360287970300003915,B,BUY,0.03,4472.48,4472.48,4472.21,+0.0,4472.21,4472.21,4475.66,0.0,0.0,0.00,0,-0.81,0.21,-1.02,4731.24,31.24,STOP_LOSS
2026-09-07 21:11:27.354,1788815487.355,POSITION_CLOSED_STOP_LOSS,360287970300003928,360287970300003874,B,BUY,0.03,4472.09,4472.09,4471.75,+0.0,4471.75,4471.75,4475.20,0.0,0.0,0.10,0,-1.02,0.21,-1.23,4730.01,30.01,STOP_LOSS
2026-09-07 21:11:27.355,1788815487.356,POSITION_CLOSED_STOP_LOSS,360287970300003930,360287970300003887,C,BUY,0.03,4472.09,4472.09,4471.75,+0.0,4471.75,4471.75,4475.20,0.0,0.0,0.10,0,-1.02,0.21,-1.23,4728.78,28.78,STOP_LOSS
2026-09-07 21:11:27.406,1788815487.406,ORDER_FILLED,360287970300003935,360287970300003940,B,BUY,0.03,4471.55,4471.55,0.00,+0.0,4471.33,4471.33,4474.78,8.0,0.0,0.00,0,0.00,0.00,0.00,4728.78,28.78,INITIAL_FILL
2026-09-07 21:11:27.407,1788815487.407,ORDER_FILLED,360287970300003948,360287970300003949,C,BUY,0.03,4471.55,4471.55,0.00,+0.0,4471.33,4471.33,4474.78,8.0,0.0,0.00,0,0.00,0.00,0.00,4728.78,28.78,INITIAL_FILL
2026-09-07 21:11:27.407,1788815487.407,ORDER_FILLED,360287970300003950,360287970300003955,C,SELL,0.03,4471.47,4471.47,0.00,+0.0,4471.57,4471.57,4468.12,8.0,0.0,0.00,0,0.00,0.00,0.00,4728.78,28.78,INITIAL_FILL
2026-09-07 21:11:27.413,1788815487.413,POSITION_CLOSED_STOP_LOSS,360287970300003960,360287970300003940,B,BUY,0.03,4471.55,4471.55,4471.33,+0.0,4471.33,4471.33,4474.78,0.0,0.0,0.00,0,-0.66,0.21,-0.87,4727.91,27.91,STOP_LOSS
2026-09-07 21:11:27.415,1788815487.415,POSITION_CLOSED_STOP_LOSS,360287970300003967,360287970300003949,C,BUY,0.03,4471.55,4471.55,4471.33,+0.0,4471.33,4471.33,4474.78,0.0,0.0,0.00,0,-0.66,0.21,-0.87,4727.04,27.04,STOP_LOSS
2026-09-07 21:11:27.425,1788815487.425,POSITION_CLOSED_STOP_LOSS,360287970300003970,360287970300003955,C,SELL,0.03,4471.47,4471.47,4471.57,+0.0,4471.57,4471.57,4468.12,0.0,0.0,0.00,0,-0.30,0.21,-0.51,4726.53,26.53,STOP_LOSS
2026-09-07 21:11:27.487,1788815487.488,ORDER_FILLED,360287970300003971,360287970300003976,B,BUY,0.03,4472.23,4472.23,0.00,+0.0,4471.91,4471.91,4475.36,8.0,0.0,0.00,0,0.00,0.00,0.00,4726.53,26.53,INITIAL_FILL
2026-09-07 21:11:27.487,1788815487.488,ORDER_FILLED,360287970300003977,360287970300003978,C,BUY,0.03,4472.23,4472.23,0.00,+0.0,4471.91,4471.91,4475.36,8.0,0.0,0.00,0,0.00,0.00,0.00,4726.53,26.53,INITIAL_FILL
2026-09-07 21:11:27.488,1788815487.489,ORDER_FILLED,360287970300003984,360287970300003993,C,SELL,0.03,4472.15,4472.15,0.00,+0.0,4472.15,4472.15,4468.70,8.0,0.0,0.00,0,0.00,0.00,0.00,4726.53,26.53,INITIAL_FILL
2026-09-07 21:11:27.489,1788815487.490,POSITION_CLOSED_STOP_LOSS,360287970300003995,360287970300003993,C,SELL,0.03,4472.15,4472.15,4472.15,+0.0,4472.15,4472.15,4468.70,0.0,0.0,0.00,0,0.00,0.21,-0.21,4726.32,26.32,STOP_LOSS
2026-09-07 21:11:27.493,1788815487.494,POSITION_CLOSED_STOP_LOSS,360287970300004003,360287970300003976,B,BUY,0.03,4472.23,4472.23,4471.91,+0.0,4471.91,4471.91,4475.36,0.0,0.0,0.00,0,-0.96,0.21,-1.17,4725.15,25.15,STOP_LOSS
2026-09-07 21:11:27.495,1788815487.496,POSITION_CLOSED_STOP_LOSS,360287970300004012,360287970300003978,C,BUY,0.03,4472.23,4472.23,4471.91,+0.0,4471.91,4471.91,4475.36,0.0,0.0,0.00,0,-0.96,0.21,-1.17,4723.98,23.98,STOP_LOSS
2026-09-07 21:11:27.544,1788815487.545,ORDER_FILLED,360287970300004018,360287970300004027,B,BUY,0.03,4473.45,4473.45,0.00,+0.0,4472.78,4472.78,4476.23,8.0,0.0,0.00,0,0.00,0.00,0.00,4723.98,23.98,INITIAL_FILL
2026-09-07 21:11:27.544,1788815487.545,ORDER_FILLED,360287970300004028,360287970300004030,C,BUY,0.03,4473.45,4473.45,0.00,+0.0,4472.78,4472.78,4476.23,8.0,0.0,0.00,0,0.00,0.00,0.00,4723.98,23.98,INITIAL_FILL
2026-09-07 21:11:27.545,1788815487.546,ORDER_FILLED,360287970300004031,360287970300004036,C,SELL,0.03,4473.37,4473.37,0.00,+0.0,4473.02,4473.02,4469.57,8.0,0.0,0.00,0,0.00,0.00,0.00,4723.98,23.98,INITIAL_FILL
2026-09-07 21:11:27.547,1788815487.548,POSITION_CLOSED_STOP_LOSS,360287970300004045,360287970300004036,C,SELL,0.03,4473.37,4473.37,4473.02,+0.0,4473.02,4473.02,4469.57,0.0,0.0,0.00,0,1.05,0.21,0.84,4724.82,24.82,STOP_LOSS
2026-09-07 21:11:27.576,1788815487.577,POSITION_CLOSED_STOP_LOSS,360287970300004052,360287970300004027,B,BUY,0.03,4473.45,4473.45,4472.78,+0.0,4472.78,4472.78,4476.23,0.0,0.0,0.00,0,-2.01,0.21,-2.22,4722.60,22.60,STOP_LOSS
2026-09-07 21:11:27.577,1788815487.578,POSITION_CLOSED_STOP_LOSS,360287970300004056,360287970300004030,C,BUY,0.03,4473.45,4473.45,4472.78,+0.0,4472.78,4472.78,4476.23,0.0,0.0,0.00,0,-2.01,0.21,-2.22,4720.38,20.38,STOP_LOSS
2026-09-07 21:11:27.609,1788815487.610,ORDER_FILLED,360287970300004057,360287970300004060,B,BUY,0.03,4473.41,4473.41,0.00,+0.0,4473.00,4473.00,4476.45,8.0,0.0,0.00,0,0.00,0.00,0.00,4720.38,20.38,INITIAL_FILL
2026-09-07 21:11:27.611,1788815487.611,ORDER_FILLED,360287970300004063,360287970300004071,C,BUY,0.03,4473.41,4473.41,0.00,+0.0,4473.00,4473.00,4476.45,8.0,0.0,0.00,0,0.00,0.00,0.00,4720.38,20.38,INITIAL_FILL
2026-09-07 21:11:27.611,1788815487.612,ORDER_FILLED,360287970300004080,360287970300004083,C,SELL,0.03,4473.33,4473.33,0.00,+0.0,4473.24,4473.24,4469.79,8.0,0.0,0.00,0,0.00,0.00,0.00,4720.38,20.38,INITIAL_FILL
2026-09-07 21:11:27.613,1788815487.613,POSITION_CLOSED_STOP_LOSS,360287970300004092,360287970300004083,C,SELL,0.03,4473.33,4473.33,4473.24,+0.0,4473.24,4473.24,4469.79,0.0,0.0,0.00,0,0.27,0.21,0.06,4720.44,20.44,STOP_LOSS
2026-09-07 21:11:27.646,1788815487.647,POSITION_CLOSED_STOP_LOSS,360287970300004093,360287970300004060,B,BUY,0.03,4473.41,4473.41,4473.00,+0.0,4473.00,4473.00,4476.45,0.0,0.0,0.00,0,-1.23,0.21,-1.44,4719.00,19.00,STOP_LOSS
2026-09-07 21:11:27.648,1788815487.649,POSITION_CLOSED_STOP_LOSS,360287970300004099,360287970300004071,C,BUY,0.03,4473.41,4473.41,4473.00,+0.0,4473.00,4473.00,4476.45,0.0,0.0,0.00,0,-1.23,0.21,-1.44,4717.56,17.56,STOP_LOSS
2026-09-07 21:11:27.693,1788815487.693,ORDER_FILLED,360287970300004107,360287970300004116,B,BUY,0.03,4476.29,4476.29,0.00,+0.0,4471.01,4471.01,4474.46,8.0,0.0,0.00,0,0.00,0.00,0.00,4717.56,17.56,INITIAL_FILL
2026-09-07 21:11:27.694,1788815487.694,ORDER_FILLED,360287970300004124,360287970300004125,C,BUY,0.03,4476.29,4476.29,0.00,+0.0,4471.01,4471.01,4474.46,8.0,0.0,0.00,0,0.00,0.00,0.00,4717.56,17.56,INITIAL_FILL
2026-09-07 21:11:27.695,1788815487.695,ORDER_FILLED,360287970300004127,360287970300004128,C,SELL,0.03,4476.21,4476.21,0.00,+0.0,4471.25,4471.25,4467.80,8.0,0.0,0.00,0,0.00,0.00,0.00,4717.56,17.56,INITIAL_FILL
2026-09-07 21:11:27.696,1788815487.696,POSITION_CLOSED_WIN_TP,360287970300004132,360287970300004116,B,BUY,0.03,4476.29,4476.29,4474.46,+0.0,4471.01,4471.01,4474.46,0.0,0.0,0.00,0,-5.49,0.21,-5.70,4711.86,11.86,WIN_TP
2026-09-07 21:11:27.698,1788815487.698,POSITION_CLOSED_WIN_TP,360287970300004135,360287970300004125,C,BUY,0.03,4476.29,4476.29,4474.46,+0.0,4471.01,4471.01,4474.46,0.0,0.0,0.00,0,-5.49,0.21,-5.70,4706.16,6.16,WIN_TP
2026-09-07 21:11:27.699,1788815487.699,POSITION_CLOSED_STOP_LOSS,360287970300004142,360287970300004128,C,SELL,0.03,4476.21,4476.21,4471.25,+0.0,4471.25,4471.25,4467.80,0.0,0.0,0.00,0,14.88,0.21,14.67,4720.83,20.83,STOP_LOSS
2026-09-07 21:11:27.780,1788815487.781,ORDER_FILLED,360287970300004150,360287970300004151,B,BUY,0.03,4476.67,4476.67,0.00,+0.0,4476.37,4476.37,4479.82,8.0,0.0,0.00,0,0.00,0.00,0.00,4720.83,20.83,INITIAL_FILL
2026-09-07 21:11:27.781,1788815487.782,ORDER_FILLED,360287970300004158,360287970300004164,C,BUY,0.03,4476.67,4476.67,0.00,+0.0,4476.37,4476.37,4479.82,8.0,0.0,0.00,0,0.00,0.00,0.00,4720.83,20.83,INITIAL_FILL
2026-09-07 21:11:27.781,1788815487.782,ORDER_FILLED,360287970300004168,360287970300004175,C,SELL,0.03,4476.59,4476.59,0.00,+0.0,4476.61,4476.61,4473.16,8.0,0.0,0.00,0,0.00,0.00,0.00,4720.83,20.83,INITIAL_FILL
2026-09-07 21:11:27.783,1788815487.784,POSITION_CLOSED_STOP_LOSS,360287970300004180,360287970300004175,C,SELL,0.03,4476.59,4476.59,4476.61,+0.0,4476.61,4476.61,4473.16,0.0,0.0,0.00,0,-0.06,0.21,-0.27,4720.56,20.56,STOP_LOSS
2026-09-07 21:11:27.796,1788815487.797,POSITION_CLOSED_STOP_LOSS,360287970300004183,360287970300004151,B,BUY,0.03,4476.67,4476.67,4476.37,+0.0,4476.37,4476.37,4479.82,0.0,0.0,0.00,0,-0.90,0.21,-1.11,4719.45,19.45,STOP_LOSS
2026-09-07 21:11:27.798,1788815487.799,POSITION_CLOSED_STOP_LOSS,360287970300004187,360287970300004164,C,BUY,0.03,4476.67,4476.67,4476.37,+0.0,4476.37,4476.37,4479.82,0.0,0.0,0.00,0,-0.90,0.21,-1.11,4718.34,18.34,STOP_LOSS
2026-09-07 21:11:27.871,1788815487.872,ORDER_FILLED,360287970300004193,360287970300004201,B,BUY,0.03,4475.34,4475.34,0.00,+0.0,4474.48,4474.48,4477.93,8.0,0.0,0.00,0,0.00,0.00,0.00,4718.34,18.34,INITIAL_FILL
2026-09-07 21:11:27.872,1788815487.872,ORDER_FILLED,360287970300004209,360287970300004211,C,BUY,0.03,4475.34,4475.34,0.00,+0.0,4474.48,4474.48,4477.93,8.0,0.0,0.00,0,0.00,0.00,0.00,4718.34,18.34,INITIAL_FILL
2026-09-07 21:11:27.872,1788815487.873,ORDER_FILLED,360287970300004220,360287970300004224,C,SELL,0.03,4475.26,4475.26,0.00,+0.0,4474.72,4474.72,4471.27,8.0,0.0,0.00,0,0.00,0.00,0.00,4718.34,18.34,INITIAL_FILL
2026-09-07 21:11:27.874,1788815487.875,POSITION_CLOSED_STOP_LOSS,360287970300004226,360287970300004224,C,SELL,0.03,4475.26,4475.26,4474.72,+0.0,4474.72,4474.72,4471.27,0.0,0.0,0.00,0,1.62,0.21,1.41,4719.75,19.75,STOP_LOSS
2026-09-07 21:11:27.917,1788815487.918,POSITION_CLOSED_WIN_TP,360287970300004231,360287970300004201,B,BUY,0.03,4475.34,4475.34,4477.93,+0.0,4477.01,4477.01,4477.93,0.0,0.0,0.00,0,7.77,0.21,7.56,4727.31,27.31,WIN_TP
2026-09-07 21:11:27.918,1788815487.919,POSITION_CLOSED_WIN_TP,360287970300004235,360287970300004211,C,BUY,0.03,4475.34,4475.34,4477.93,+0.0,4477.01,4477.01,4477.93,0.0,0.0,0.00,0,7.77,0.21,7.56,4734.87,34.87,WIN_TP
2026-09-07 21:11:27.928,1788815487.928,ORDER_FILLED,360287970300004244,360287970300004253,B,BUY,0.03,4478.41,4478.41,0.00,+0.0,4478.20,4478.20,4481.65,8.0,0.0,0.00,0,0.00,0.00,0.00,4734.87,34.87,INITIAL_FILL
2026-09-07 21:11:27.928,1788815487.928,ORDER_FILLED,360287970300004260,360287970300004269,C,BUY,0.03,4478.41,4478.41,0.00,+0.0,4478.20,4478.20,4481.65,8.0,0.0,0.00,0,0.00,0.00,0.00,4734.87,34.87,INITIAL_FILL
2026-09-07 21:11:27.929,1788815487.929,ORDER_FILLED,360287970300004272,360287970300004275,C,SELL,0.03,4478.33,4478.33,0.00,+0.0,4478.44,4478.44,4474.99,8.0,0.0,0.00,0,0.00,0.00,0.00,4734.87,34.87,INITIAL_FILL
2026-09-07 21:11:27.933,1788815487.933,POSITION_CLOSED_STOP_LOSS,360287970300004277,360287970300004253,B,BUY,0.03,4478.41,4478.41,4478.20,+0.0,4478.20,4478.20,4481.65,0.0,0.0,0.00,0,-0.63,0.21,-0.84,4734.03,34.03,STOP_LOSS
2026-09-07 21:11:27.934,1788815487.934,POSITION_CLOSED_STOP_LOSS,360287970300004279,360287970300004269,C,BUY,0.03,4478.41,4478.41,4478.20,+0.0,4478.20,4478.20,4481.65,0.0,0.0,0.00,0,-0.63,0.21,-0.84,4733.19,33.19,STOP_LOSS
2026-09-07 21:11:27.985,1788815487.985,POSITION_CLOSED_BE_PROTECTED,360287970300004282,360287970300004275,C,SELL,0.03,4478.33,4478.33,4478.28,+0.0,4478.28,4478.28,4474.99,0.0,0.0,0.10,0,0.15,0.21,-0.06,4733.13,33.13,BE_PROTECTED
2026-09-07 21:11:28.032,1788815488.032,ORDER_FILLED,360287970300004283,360287970300004285,B,BUY,0.03,4476.01,4476.01,0.00,+0.0,4475.78,4475.78,4479.23,8.0,0.0,0.00,0,0.00,0.00,0.00,4733.13,33.13,INITIAL_FILL
2026-09-07 21:11:28.033,1788815488.033,ORDER_FILLED,360287970300004294,360287970300004301,C,BUY,0.03,4476.01,4476.01,0.00,+0.0,4475.78,4475.78,4479.23,8.0,0.0,0.00,0,0.00,0.00,0.00,4733.13,33.13,INITIAL_FILL
2026-09-07 21:11:28.033,1788815488.033,ORDER_FILLED,360287970300004309,360287970300004315,C,SELL,0.03,4475.93,4475.93,0.00,+0.0,4476.02,4476.02,4472.57,8.0,0.0,0.00,0,0.00,0.00,0.00,4733.13,33.13,INITIAL_FILL
2026-09-07 21:11:28.038,1788815488.039,POSITION_CLOSED_STOP_LOSS,360287970300004319,360287970300004285,B,BUY,0.03,4476.01,4476.01,4475.78,+0.0,4475.78,4475.78,4479.23,0.0,0.0,0.00,0,-0.69,0.21,-0.90,4732.23,32.23,STOP_LOSS
2026-09-07 21:11:28.040,1788815488.040,POSITION_CLOSED_STOP_LOSS,360287970300004320,360287970300004301,C,BUY,0.03,4476.01,4476.01,4475.78,+0.0,4475.78,4475.78,4479.23,0.0,0.0,0.00,0,-0.69,0.21,-0.90,4731.33,31.33,STOP_LOSS
2026-09-07 21:11:28.043,1788815488.044,POSITION_CLOSED_STOP_LOSS,360287970300004329,360287970300004315,C,SELL,0.03,4475.93,4475.93,4476.02,+0.0,4476.02,4476.02,4472.57,0.0,0.0,0.00,0,-0.27,0.21,-0.48,4730.85,30.85,STOP_LOSS
2026-09-07 21:11:28.092,1788815488.093,ORDER_FILLED,360287970300004330,360287970300004338,B,BUY,0.03,4475.24,4475.24,0.00,+0.0,4474.95,4474.95,4478.40,8.0,0.0,0.00,0,0.00,0.00,0.00,4730.85,30.85,INITIAL_FILL
2026-09-07 21:11:28.093,1788815488.094,ORDER_FILLED,360287970300004343,360287970300004350,C,BUY,0.03,4475.24,4475.24,0.00,+0.0,4474.95,4474.95,4478.40,8.0,0.0,0.00,0,0.00,0.00,0.00,4730.85,30.85,INITIAL_FILL
2026-09-07 21:11:28.094,1788815488.095,ORDER_FILLED,360287970300004356,360287970300004357,C,SELL,0.03,4475.16,4475.16,0.00,+0.0,4475.19,4475.19,4471.74,8.0,0.0,0.00,0,0.00,0.00,0.00,4730.85,30.85,INITIAL_FILL
2026-09-07 21:11:28.096,1788815488.097,POSITION_CLOSED_STOP_LOSS,360287970300004360,360287970300004357,C,SELL,0.03,4475.16,4475.16,4475.19,+0.0,4475.19,4475.19,4471.74,0.0,0.0,0.00,0,-0.09,0.21,-0.30,4730.55,30.55,STOP_LOSS
2026-09-07 21:11:28.112,1788815488.112,POSITION_CLOSED_STOP_LOSS,360287970300004361,360287970300004338,B,BUY,0.03,4475.24,4475.24,4474.95,+0.0,4474.95,4474.95,4478.40,0.0,0.0,0.00,0,-0.87,0.21,-1.08,4729.47,29.47,STOP_LOSS
2026-09-07 21:11:28.113,1788815488.113,POSITION_CLOSED_STOP_LOSS,360287970300004365,360287970300004350,C,BUY,0.03,4475.24,4475.24,4474.95,+0.0,4474.95,4474.95,4478.40,0.0,0.0,0.00,0,-0.87,0.21,-1.08,4728.39,28.39,STOP_LOSS
2026-09-07 21:11:28.181,1788815488.181,ORDER_FILLED,360287970300004369,360287970300004377,B,BUY,0.03,4476.34,4476.34,0.00,+0.0,4474.96,4474.96,4478.41,8.0,0.0,0.00,0,0.00,0.00,0.00,4728.39,28.39,INITIAL_FILL
2026-09-07 21:11:28.181,1788815488.182,ORDER_FILLED,360287970300004378,360287970300004387,C,BUY,0.03,4476.34,4476.34,0.00,+0.0,4474.96,4474.96,4478.41,8.0,0.0,0.00,0,0.00,0.00,0.00,4728.39,28.39,INITIAL_FILL
2026-09-07 21:11:28.182,1788815488.182,ORDER_FILLED,360287970300004395,360287970300004402,C,SELL,0.03,4476.26,4476.26,0.00,+0.0,4475.20,4475.20,4471.75,8.0,0.0,0.00,0,0.00,0.00,0.00,4728.39,28.39,INITIAL_FILL
2026-09-07 21:11:28.184,1788815488.184,POSITION_CLOSED_STOP_LOSS,360287970300004411,360287970300004402,C,SELL,0.03,4476.26,4476.26,4475.20,+0.0,4475.20,4475.20,4471.75,0.0,0.0,0.00,0,3.18,0.21,2.97,4731.36,31.36,STOP_LOSS
2026-09-07 21:11:28.205,1788815488.205,POSITION_CLOSED_STOP_LOSS,360287970300004418,360287970300004377,B,BUY,0.03,4476.34,4476.34,4474.96,+0.0,4474.96,4474.96,4478.41,0.0,0.0,0.00,0,-4.14,0.21,-4.35,4727.01,27.01,STOP_LOSS
2026-09-07 21:11:28.206,1788815488.206,POSITION_CLOSED_STOP_LOSS,360287970300004423,360287970300004387,C,BUY,0.03,4476.34,4476.34,4474.96,+0.0,4474.96,4474.96,4478.41,0.0,0.0,0.00,0,-4.14,0.21,-4.35,4722.66,22.66,STOP_LOSS
2026-09-07 21:11:28.302,1788815488.303,ORDER_FILLED,360287970300004432,360287970300004433,B,BUY,0.03,4474.30,4474.30,0.00,+0.0,4473.23,4473.23,4476.68,8.0,0.0,0.00,0,0.00,0.00,0.00,4722.66,22.66,INITIAL_FILL
2026-09-07 21:11:28.303,1788815488.304,ORDER_FILLED,360287970300004435,360287970300004440,C,BUY,0.03,4474.30,4474.30,0.00,+0.0,4473.23,4473.23,4476.68,8.0,0.0,0.00,0,0.00,0.00,0.00,4722.66,22.66,INITIAL_FILL
2026-09-07 21:11:28.304,1788815488.304,ORDER_FILLED,360287970300004445,360287970300004451,C,SELL,0.03,4474.22,4474.22,0.00,+0.0,4473.47,4473.47,4470.02,8.0,0.0,0.00,0,0.00,0.00,0.00,4722.66,22.66,INITIAL_FILL
2026-09-07 21:11:28.305,1788815488.306,POSITION_CLOSED_STOP_LOSS,360287970300004453,360287970300004451,C,SELL,0.03,4474.22,4474.22,4473.47,+0.0,4473.47,4473.47,4470.02,0.0,0.0,0.00,0,2.25,0.21,2.04,4724.70,24.70,STOP_LOSS
2026-09-07 21:11:28.333,1788815488.333,POSITION_CLOSED_STOP_LOSS,360287970300004461,360287970300004433,B,BUY,0.03,4474.30,4474.30,4473.23,+0.0,4473.23,4473.23,4476.68,0.0,0.0,0.00,0,-3.21,0.21,-3.42,4721.28,21.28,STOP_LOSS
2026-09-07 21:11:28.335,1788815488.335,POSITION_CLOSED_STOP_LOSS,360287970300004464,360287970300004440,C,BUY,0.03,4474.30,4474.30,4473.23,+0.0,4473.23,4473.23,4476.68,0.0,0.0,0.00,0,-3.21,0.21,-3.42,4717.86,17.86,STOP_LOSS
2026-09-07 21:11:28.344,1788815488.344,ORDER_FILLED,360287970300004466,360287970300004471,B,BUY,0.03,4474.02,4474.02,0.00,+0.0,4472.87,4472.87,4476.32,8.0,0.0,0.00,0,0.00,0.00,0.00,4717.86,17.86,INITIAL_FILL
2026-09-07 21:11:28.345,1788815488.345,ORDER_FILLED,360287970300004477,360287970300004479,C,BUY,0.03,4474.02,4474.02,0.00,+0.0,4472.87,4472.87,4476.32,8.0,0.0,0.00,0,0.00,0.00,0.00,4717.86,17.86,INITIAL_FILL
2026-09-07 21:11:28.345,1788815488.346,ORDER_FILLED,360287970300004483,360287970300004490,C,SELL,0.03,4473.94,4473.94,0.00,+0.0,4473.11,4473.11,4469.66,8.0,0.0,0.00,0,0.00,0.00,0.00,4717.86,17.86,INITIAL_FILL
2026-09-07 21:11:28.346,1788815488.347,POSITION_CLOSED_STOP_LOSS,360287970300004493,360287970300004490,C,SELL,0.03,4473.94,4473.94,4473.11,+0.0,4473.11,4473.11,4469.66,0.0,0.0,0.00,0,2.49,0.21,2.28,4720.14,20.14,STOP_LOSS
2026-09-07 21:11:28.370,1788815488.370,POSITION_CLOSED_WIN_TP,360287970300004494,360287970300004471,B,BUY,0.03,4474.02,4474.02,4476.32,+0.0,4474.85,4474.85,4476.32,0.0,0.0,0.00,0,6.90,0.21,6.69,4726.83,26.83,WIN_TP
2026-09-07 21:11:28.371,1788815488.371,POSITION_CLOSED_WIN_TP,360287970300004502,360287970300004479,C,BUY,0.03,4474.02,4474.02,4476.32,+0.0,4474.85,4474.85,4476.32,0.0,0.0,0.00,0,6.90,0.21,6.69,4733.52,33.52,WIN_TP
2026-09-07 21:11:28.464,1788815488.464,ORDER_FILLED,360287970300004508,360287970300004513,B,BUY,0.03,4473.92,4473.92,0.00,+0.0,4473.12,4473.12,4476.57,8.0,0.0,0.00,0,0.00,0.00,0.00,4733.52,33.52,INITIAL_FILL
2026-09-07 21:11:28.464,1788815488.465,ORDER_FILLED,360287970300004515,360287970300004517,C,BUY,0.03,4473.92,4473.92,0.00,+0.0,4473.12,4473.12,4476.57,8.0,0.0,0.00,0,0.00,0.00,0.00,4733.52,33.52,INITIAL_FILL
2026-09-07 21:11:28.465,1788815488.465,ORDER_FILLED,360287970300004525,360287970300004532,C,SELL,0.03,4473.84,4473.84,0.00,+0.0,4473.36,4473.36,4469.91,8.0,0.0,0.00,0,0.00,0.00,0.00,4733.52,33.52,INITIAL_FILL
2026-09-07 21:11:28.466,1788815488.467,POSITION_CLOSED_STOP_LOSS,360287970300004537,360287970300004532,C,SELL,0.03,4473.84,4473.84,4473.36,+0.0,4473.36,4473.36,4469.91,0.0,0.0,0.00,0,1.44,0.21,1.23,4734.75,34.75,STOP_LOSS
2026-09-07 21:11:28.486,1788815488.486,POSITION_CLOSED_STOP_LOSS,360287970300004544,360287970300004513,B,BUY,0.03,4473.92,4473.92,4473.12,+0.0,4473.12,4473.12,4476.57,0.0,0.0,0.00,0,-2.40,0.21,-2.61,4732.14,32.14,STOP_LOSS
2026-09-07 21:11:28.487,1788815488.487,POSITION_CLOSED_STOP_LOSS,360287970300004545,360287970300004517,C,BUY,0.03,4473.92,4473.92,4473.12,+0.0,4473.12,4473.12,4476.57,0.0,0.0,0.00,0,-2.40,0.21,-2.61,4729.53,29.53,STOP_LOSS
2026-09-07 21:11:28.524,1788815488.524,ORDER_FILLED,360287970300004549,360287970300004551,B,BUY,0.03,4474.73,4474.73,0.00,+0.0,4474.46,4474.46,4477.91,8.0,0.0,0.00,0,0.00,0.00,0.00,4729.53,29.53,INITIAL_FILL
2026-09-07 21:11:28.524,1788815488.525,ORDER_FILLED,360287970300004557,360287970300004564,C,BUY,0.03,4474.73,4474.73,0.00,+0.0,4474.46,4474.46,4477.91,8.0,0.0,0.00,0,0.00,0.00,0.00,4729.53,29.53,INITIAL_FILL
2026-09-07 21:11:28.525,1788815488.525,ORDER_FILLED,360287970300004565,360287970300004568,C,SELL,0.03,4474.65,4474.65,0.00,+0.0,4474.70,4474.70,4471.25,8.0,0.0,0.00,0,0.00,0.00,0.00,4729.53,29.53,INITIAL_FILL
2026-09-07 21:11:28.526,1788815488.527,POSITION_CLOSED_STOP_LOSS,360287970300004575,360287970300004568,C,SELL,0.03,4474.65,4474.65,4474.70,+0.0,4474.70,4474.70,4471.25,0.0,0.0,0.00,0,-0.15,0.21,-0.36,4729.17,29.17,STOP_LOSS
2026-09-07 21:11:28.531,1788815488.532,POSITION_CLOSED_STOP_LOSS,360287970300004581,360287970300004551,B,BUY,0.03,4474.73,4474.73,4474.46,+0.0,4474.46,4474.46,4477.91,0.0,0.0,0.00,0,-0.81,0.21,-1.02,4728.15,28.15,STOP_LOSS
2026-09-07 21:11:28.533,1788815488.534,POSITION_CLOSED_STOP_LOSS,360287970300004590,360287970300004564,C,BUY,0.03,4474.73,4474.73,4474.46,+0.0,4474.46,4474.46,4477.91,0.0,0.0,0.00,0,-0.81,0.21,-1.02,4727.13,27.13,STOP_LOSS
