timestamp_utc,epoch_ts,event_type,order_id,position_id,track_id,side,qty_lots,trigger_price,fill_price,exit_price,slippage_cents,initial_sl,active_sl,tp_price,market_spread_cents,tick_vel_at_event,trade_duration_sec,ticks_during_trade,gross_pnl,broker_fee,net_pnl,balance,loss_floor_buffer,reason
2026-09-06 19:11:00.759,1788721860.759,ORDER_FILLED,360287970300000007,360287970300000010,B,BUY,0.03,4475.73,4475.73,0.00,+0.0,4475.53,4475.53,4478.98,8.0,0.0,0.00,0,0.00,0.00,0.00,4775.66,75.66,INITIAL_FILL
2026-09-06 19:11:00.759,1788721860.760,ORDER_FILLED,360287970300000015,360287970300000022,C,BUY,0.03,4475.73,4475.73,0.00,+0.0,4475.53,4475.53,4478.98,8.0,0.0,0.00,0,0.00,0.00,0.00,4775.66,75.66,INITIAL_FILL
2026-09-06 19:11:00.760,1788721860.761,ORDER_FILLED,360287970300000026,360287970300000030,C,SELL,0.03,4475.65,4475.65,0.00,+0.0,4475.77,4475.77,4472.32,8.0,0.0,0.00,0,0.00,0.00,0.00,4775.66,75.66,INITIAL_FILL
2026-09-06 19:11:00.761,1788721860.761,ORDER_FILLED,360287970300000038,360287970300000046,A,BUY,0.10,4477.73,4477.73,0.00,+0.0,4477.53,4477.53,4479.65,8.0,0.0,0.00,0,0.00,0.00,0.00,4775.66,75.66,INITIAL_FILL
2026-09-06 19:11:09.788,1788721869.789,ORDER_FILLED,360287970300000001,360287970300000006,B,BUY,0.03,4395.23,4395.23,0.00,+0.0,4395.03,4395.03,4398.48,8.0,0.0,0.00,0,0.00,0.00,0.00,4775.66,75.66,INITIAL_FILL
2026-09-06 19:11:09.789,1788721869.790,ORDER_FILLED,360287970300000014,360287970300000015,C,BUY,0.03,4395.23,4395.23,0.00,+0.0,4395.03,4395.03,4398.48,8.0,0.0,0.00,0,0.00,0.00,0.00,4775.66,75.66,INITIAL_FILL
2026-09-06 19:11:09.790,1788721869.790,ORDER_FILLED,360287970300000019,360287970300000024,C,SELL,0.03,4395.15,4395.15,0.00,+0.0,4395.27,4395.27,4391.82,8.0,0.0,0.00,0,0.00,0.00,0.00,4775.66,75.66,INITIAL_FILL
2026-09-06 19:11:09.821,1788721869.822,ORDER_FILLED,360287970300000007,360287970300000009,B,BUY,0.03,4434.23,4434.23,0.00,+0.0,4434.03,4434.03,4437.48,8.0,0.0,0.00,0,0.00,0.00,0.00,4775.66,75.66,INITIAL_FILL
2026-09-06 19:11:09.822,1788721869.822,ORDER_FILLED,360287970300000016,360287970300000022,C,BUY,0.03,4434.23,4434.23,0.00,+0.0,4434.03,4434.03,4437.48,8.0,0.0,0.00,0,0.00,0.00,0.00,4775.66,75.66,INITIAL_FILL
2026-09-06 19:11:09.823,1788721869.824,ORDER_FILLED,360287970300000027,360287970300000030,C,SELL,0.03,4434.15,4434.15,0.00,+0.0,4434.27,4434.27,4430.82,8.0,0.0,0.00,0,0.00,0.00,0.00,4775.66,75.66,INITIAL_FILL
2026-09-06 19:11:36.867,1788721896.868,ORDER_FILLED,360287970300000008,360287970300000017,B,BUY,0.03,4395.24,4395.24,0.00,+0.0,4395.03,4395.03,4398.48,9.0,0.0,0.00,0,0.00,0.00,0.00,4775.66,75.66,INITIAL_FILL
2026-09-06 19:11:36.868,1788721896.869,ORDER_FILLED,360287970300000020,360287970300000022,C,BUY,0.03,4395.24,4395.24,0.00,+0.0,4395.03,4395.03,4398.48,9.0,0.0,0.00,0,0.00,0.00,0.00,4775.66,75.66,INITIAL_FILL
2026-09-06 19:11:36.869,1788721896.870,ORDER_FILLED,360287970300000026,360287970300000029,C,SELL,0.03,4395.15,4395.15,0.00,+0.0,4395.27,4395.27,4391.82,9.0,0.0,0.00,0,0.00,0.00,0.00,4775.66,75.66,INITIAL_FILL
2026-09-06 19:12:32.364,1788721952.364,ORDER_FILLED,360287970300000005,360287970300000011,C,BUY,0.03,4429.80,4429.80,0.00,+0.0,4429.60,4429.60,4433.05,8.0,0.0,0.00,0,0.00,0.00,0.00,4775.66,75.66,INITIAL_FILL
2026-09-06 19:12:32.365,1788721952.366,ORDER_FILLED,360287970300000012,360287970300000016,C,SELL,0.03,4429.72,4429.72,0.00,+0.0,4429.84,4429.84,4426.39,8.0,0.0,0.00,0,0.00,0.00,0.00,4775.66,75.66,INITIAL_FILL
2026-09-06 19:12:32.367,1788721952.367,POSITION_CLOSED_STOP_LOSS,360287970300000020,360287970300000011,C,BUY,0.03,4429.80,4429.80,4429.60,+0.0,4429.60,4429.60,4433.05,0.0,0.0,0.00,0,-0.60,0.21,-0.81,4774.85,74.85,STOP_LOSS
2026-09-06 19:12:32.369,1788721952.369,POSITION_CLOSED_WIN_TP,360287970300000025,360287970300000016,C,SELL,0.03,4429.72,4429.72,4426.39,+0.0,4428.06,4428.06,4426.39,0.0,0.0,0.00,0,9.99,0.21,9.78,4784.63,84.63,WIN_TP
2026-09-06 19:12:33.781,1788721953.782,ORDER_FILLED,360287970300000006,360287970300000014,A,SELL,0.10,4423.57,4423.57,0.00,+0.0,4423.69,4423.69,4421.57,9.0,0.0,0.00,0,0.00,0.00,0.00,4775.66,75.66,INITIAL_FILL
2026-09-06 19:12:33.792,1788721953.793,POSITION_CLOSED_WIN_TP,360287970300000019,360287970300000014,A,SELL,0.10,4423.57,4423.57,4421.57,+0.0,4422.57,4422.57,4421.57,0.0,0.0,0.00,0,20.00,0.70,19.30,4794.96,94.96,WIN_TP
2026-09-06 19:12:34.079,1788721954.080,ORDER_FILLED,360287970300000028,360287970300000037,A,SELL,0.10,4417.98,4417.98,0.00,+0.0,4418.10,4418.10,4415.98,9.0,0.0,0.00,0,0.00,0.00,0.00,4794.96,94.96,INITIAL_FILL
2026-09-06 19:12:34.138,1788721954.139,POSITION_CLOSED_STOP_LOSS,360287970300000042,360287970300000037,A,SELL,0.10,4417.98,4417.98,4418.10,+0.0,4418.10,4418.10,4415.98,0.0,0.0,0.00,0,-1.20,0.70,-1.90,4793.06,93.06,STOP_LOSS
2026-09-06 19:12:34.232,1788721954.233,ORDER_FILLED,360287970300000044,360287970300000051,A,SELL,0.10,4420.54,4420.54,0.00,+0.0,4420.66,4420.66,4418.54,9.0,0.0,0.00,0,0.00,0.00,0.00,4793.06,93.06,INITIAL_FILL
2026-09-06 19:12:34.269,1788721954.270,POSITION_CLOSED_RATCHET_WIN,360287970300000055,360287970300000051,A,SELL,0.10,4420.54,4420.54,4420.04,+0.0,4420.04,4420.04,4418.54,0.0,0.0,0.00,0,5.00,0.70,4.30,4797.36,97.36,RATCHET_WIN
2026-09-06 19:12:34.370,1788721954.371,ORDER_FILLED,360287970300000064,360287970300000065,A,SELL,0.10,4420.86,4420.86,0.00,+0.0,4420.98,4420.98,4418.86,9.0,0.0,0.00,0,0.00,0.00,0.00,4797.36,97.36,INITIAL_FILL
2026-09-06 19:12:34.393,1788721954.394,POSITION_CLOSED_WIN_TP,360287970300000070,360287970300000065,A,SELL,0.10,4420.86,4420.86,4418.86,+0.0,4419.86,4419.86,4418.86,0.0,0.0,0.00,0,20.00,0.70,19.30,4816.66,116.66,WIN_TP
2026-09-06 19:12:34.482,1788721954.482,ORDER_FILLED,360287970300000078,360287970300000087,A,SELL,0.10,4416.03,4416.03,0.00,+0.0,4416.15,4416.15,4414.03,9.0,0.0,0.00,0,0.00,0.00,0.00,4816.66,116.66,INITIAL_FILL
2026-09-06 19:12:34.505,1788721954.505,POSITION_CLOSED_RATCHET_WIN,360287970300000095,360287970300000087,A,SELL,0.10,4416.03,4416.03,4415.53,+0.0,4415.53,4415.53,4414.03,0.0,0.0,0.00,0,5.00,0.70,4.30,4820.96,120.96,RATCHET_WIN
2026-09-06 19:12:34.582,1788721954.583,ORDER_FILLED,360287970300000103,360287970300000104,A,SELL,0.10,4411.09,4411.09,0.00,+0.0,4411.21,4411.21,4409.09,9.0,0.0,0.00,0,0.00,0.00,0.00,4820.96,120.96,INITIAL_FILL
2026-09-06 19:12:34.586,1788721954.587,POSITION_CLOSED_WIN_TP,360287970300000113,360287970300000104,A,SELL,0.10,4411.09,4411.09,4409.09,+0.0,4410.09,4410.09,4409.09,0.0,0.0,0.00,0,20.00,0.70,19.30,4840.26,140.26,WIN_TP
2026-09-06 19:12:34.883,1788721954.883,ORDER_FILLED,360287970300000118,360287970300000119,A,SELL,0.10,4397.55,4397.55,0.00,+0.0,4397.67,4397.67,4395.55,9.0,0.0,0.00,0,0.00,0.00,0.00,4840.26,140.26,INITIAL_FILL
2026-09-06 19:12:34.886,1788721954.886,POSITION_CLOSED_WIN_TP,360287970300000126,360287970300000119,A,SELL,0.10,4397.55,4397.55,4395.55,+0.0,4396.55,4396.55,4395.55,0.0,0.0,0.00,0,20.00,0.70,19.30,4859.56,159.56,WIN_TP
2026-09-06 19:12:34.984,1788721954.984,ORDER_FILLED,360287970300000135,360287970300000142,A,SELL,0.10,4396.94,4396.94,0.00,+0.0,4397.06,4397.06,4394.94,9.0,0.0,0.00,0,0.00,0.00,0.00,4859.56,159.56,INITIAL_FILL
2026-09-06 19:12:34.993,1788721954.993,POSITION_CLOSED_WIN_TP,360287970300000147,360287970300000142,A,SELL,0.10,4396.94,4396.94,4394.94,+0.0,4395.94,4395.94,4394.94,0.0,0.0,0.00,0,20.00,0.70,19.30,4878.86,178.86,WIN_TP
2026-09-06 19:12:35.041,1788721955.042,ORDER_FILLED,360287970300000155,360287970300000163,A,SELL,0.10,4385.02,4385.02,0.00,+0.0,4385.14,4385.14,4383.02,9.0,0.0,0.00,0,0.00,0.00,0.00,4878.86,178.86,INITIAL_FILL
2026-09-06 19:12:35.043,1788721955.044,POSITION_CLOSED_STOP_LOSS,360287970300000169,360287970300000163,A,SELL,0.10,4385.02,4385.02,4385.14,+0.0,4385.14,4385.14,4383.02,0.0,0.0,0.00,0,-1.20,0.70,-1.90,4876.96,176.96,STOP_LOSS
2026-09-06 19:12:35.073,1788721955.073,ORDER_FILLED,360287970300000177,360287970300000178,A,SELL,0.10,4382.95,4382.95,0.00,+0.0,4383.07,4383.07,4380.95,9.0,0.0,0.00,0,0.00,0.00,0.00,4876.96,176.96,INITIAL_FILL
2026-09-06 19:12:35.078,1788721955.078,POSITION_CLOSED_WIN_TP,360287970300000179,360287970300000178,A,SELL,0.10,4382.95,4382.95,4380.95,+0.0,4381.95,4381.95,4380.95,0.0,0.0,0.00,0,20.00,0.70,19.30,4896.26,196.26,WIN_TP
2026-09-06 19:12:35.195,1788721955.195,ORDER_FILLED,360287970300000185,360287970300000187,A,SELL,0.10,4373.81,4373.81,0.00,+0.0,4373.93,4373.93,4371.81,9.0,0.0,0.00,0,0.00,0.00,0.00,4896.26,196.26,INITIAL_FILL
2026-09-06 19:12:35.202,1788721955.202,POSITION_CLOSED_BE_PROTECTED,360287970300000188,360287970300000187,A,SELL,0.10,4373.81,4373.81,4373.76,+0.0,4373.76,4373.76,4371.81,0.0,0.0,0.00,0,0.50,0.70,-0.20,4896.06,196.06,BE_PROTECTED
2026-09-06 19:12:35.253,1788721955.253,ORDER_FILLED,360287970300000195,360287970300000202,A,SELL,0.10,4380.55,4380.55,0.00,+0.0,4380.67,4380.67,4378.55,9.0,0.0,0.00,0,0.00,0.00,0.00,4896.06,196.06,INITIAL_FILL
2026-09-06 19:12:35.255,1788721955.255,POSITION_CLOSED_WIN_TP,360287970300000208,360287970300000202,A,SELL,0.10,4380.55,4380.55,4378.55,+0.0,4379.55,4379.55,4378.55,0.0,0.0,0.00,0,20.00,0.70,19.30,4915.36,215.36,WIN_TP
2026-09-06 19:12:35.510,1788721955.510,ORDER_FILLED,360287970300000215,360287970300000218,A,SELL,0.10,4376.65,4376.65,0.00,+0.0,4376.77,4376.77,4374.65,9.0,0.0,0.00,0,0.00,0.00,0.00,4915.36,215.36,INITIAL_FILL
2026-09-06 19:12:35.514,1788721955.514,POSITION_CLOSED_BE_PROTECTED,360287970300000226,360287970300000218,A,SELL,0.10,4376.65,4376.65,4376.60,+0.0,4376.60,4376.60,4374.65,0.0,0.0,0.00,0,0.50,0.70,-0.20,4915.16,215.16,BE_PROTECTED
2026-09-06 19:12:35.578,1788721955.579,ORDER_FILLED,360287970300000230,360287970300000236,A,SELL,0.10,4370.52,4370.52,0.00,+0.0,4370.64,4370.64,4368.52,9.0,0.0,0.00,0,0.00,0.00,0.00,4915.16,215.16,INITIAL_FILL
2026-09-06 19:12:35.581,1788721955.582,POSITION_CLOSED_WIN_TP,360287970300000240,360287970300000236,A,SELL,0.10,4370.52,4370.52,4368.52,+0.0,4369.52,4369.52,4368.52,0.0,0.0,0.00,0,20.00,0.70,19.30,4934.46,234.46,WIN_TP
2026-09-06 19:12:35.628,1788721955.628,ORDER_FILLED,360287970300000244,360287970300000245,A,SELL,0.10,4373.72,4373.72,0.00,+0.0,4373.84,4373.84,4371.72,9.0,0.0,0.00,0,0.00,0.00,0.00,4934.46,234.46,INITIAL_FILL
2026-09-06 19:12:35.632,1788721955.633,POSITION_CLOSED_WIN_TP,360287970300000249,360287970300000245,A,SELL,0.10,4373.72,4373.72,4371.72,+0.0,4372.72,4372.72,4371.72,0.0,0.0,0.00,0,20.00,0.70,19.30,4953.76,253.76,WIN_TP
2026-09-06 19:12:35.921,1788721955.921,ORDER_FILLED,360287970300000255,360287970300000263,A,SELL,0.10,4376.68,4376.68,0.00,+0.0,4376.80,4376.80,4374.68,9.0,0.0,0.00,0,0.00,0.00,0.00,4953.76,253.76,INITIAL_FILL
2026-09-06 19:12:35.933,1788721955.933,POSITION_CLOSED_BE_PROTECTED,360287970300000271,360287970300000263,A,SELL,0.10,4376.68,4376.68,4376.63,+0.0,4376.63,4376.63,4374.68,0.0,0.0,0.00,0,0.50,0.70,-0.20,4953.56,253.56,BE_PROTECTED
2026-09-06 19:12:35.957,1788721955.957,ORDER_FILLED,360287970300000274,360287970300000281,A,SELL,0.10,4376.13,4376.13,0.00,+0.0,4376.25,4376.25,4374.13,9.0,0.0,0.00,0,0.00,0.00,0.00,4953.56,253.56,INITIAL_FILL
2026-09-06 19:12:35.965,1788721955.965,POSITION_CLOSED_BE_PROTECTED,360287970300000286,360287970300000281,A,SELL,0.10,4376.13,4376.13,4376.08,+0.0,4376.08,4376.08,4374.13,0.0,0.0,0.00,0,0.50,0.70,-0.20,4953.36,253.36,BE_PROTECTED
2026-09-06 19:12:35.989,1788721955.990,ORDER_FILLED,360287970300000291,360287970300000300,A,SELL,0.10,4375.19,4375.19,0.00,+0.0,4375.31,4375.31,4373.19,9.0,0.0,0.00,0,0.00,0.00,0.00,4953.36,253.36,INITIAL_FILL
2026-09-06 19:12:36.006,1788721956.007,POSITION_CLOSED_RATCHET_WIN,360287970300000309,360287970300000300,A,SELL,0.10,4375.19,4375.19,4374.69,+0.0,4374.69,4374.69,4373.19,0.0,0.0,0.00,0,5.00,0.70,4.30,4957.66,257.66,RATCHET_WIN
2026-09-06 19:12:36.040,1788721956.041,ORDER_FILLED,360287970300000314,360287970300000317,A,SELL,0.10,4372.89,4372.89,0.00,+0.0,4373.01,4373.01,4370.89,9.0,0.0,0.00,0,0.00,0.00,0.00,4957.66,257.66,INITIAL_FILL
2026-09-06 19:12:36.042,1788721956.043,POSITION_CLOSED_WIN_TP,360287970300000323,360287970300000317,A,SELL,0.10,4372.89,4372.89,4370.89,+0.0,4371.89,4371.89,4370.89,0.0,0.0,0.00,0,20.00,0.70,19.30,4976.96,276.96,WIN_TP
2026-09-06 19:12:36.083,1788721956.083,ORDER_FILLED,360287970300000330,360287970300000337,A,SELL,0.10,4370.73,4370.73,0.00,+0.0,4370.85,4370.85,4368.73,9.0,0.0,0.00,0,0.00,0.00,0.00,4976.96,276.96,INITIAL_FILL
2026-09-06 19:12:36.087,1788721956.087,POSITION_CLOSED_WIN_TP,360287970300000345,360287970300000337,A,SELL,0.10,4370.73,4370.73,4368.73,+0.0,4369.73,4369.73,4368.73,0.0,0.0,0.00,0,20.00,0.70,19.30,4996.26,296.26,WIN_TP
2026-09-06 19:12:36.576,1788721956.576,ORDER_FILLED,360287970300000349,360287970300000357,A,SELL,0.10,4372.04,4372.04,0.00,+0.0,4372.16,4372.16,4370.04,9.0,0.0,0.00,0,0.00,0.00,0.00,4996.26,296.26,INITIAL_FILL
2026-09-06 19:12:36.580,1788721956.580,POSITION_CLOSED_WIN_TP,360287970300000360,360287970300000357,A,SELL,0.10,4372.04,4372.04,4370.04,+0.0,4371.04,4371.04,4370.04,0.0,0.0,0.00,0,20.00,0.70,19.30,5015.56,315.56,WIN_TP
2026-09-06 19:12:36.945,1788721956.945,ORDER_FILLED,360287970300000362,360287970300000365,A,SELL,0.10,4368.40,4368.40,0.00,+0.0,4368.52,4368.52,4366.40,9.0,0.0,0.00,0,0.00,0.00,0.00,5015.56,315.56,INITIAL_FILL
2026-09-06 19:12:36.947,1788721956.947,POSITION_CLOSED_WIN_TP,360287970300000369,360287970300000365,A,SELL,0.10,4368.40,4368.40,4366.40,+0.0,4367.40,4367.40,4366.40,0.0,0.0,0.00,0,20.00,0.70,19.30,5034.86,334.86,WIN_TP
2026-09-06 19:12:37.088,1788721957.088,ORDER_FILLED,360287970300000375,360287970300000378,A,SELL,0.10,4370.31,4370.31,0.00,+0.0,4370.43,4370.43,4368.31,9.0,0.0,0.00,0,0.00,0.00,0.00,5034.86,334.86,INITIAL_FILL
2026-09-06 19:12:37.098,1788721957.099,POSITION_CLOSED_WIN_TP,360287970300000380,360287970300000378,A,SELL,0.10,4370.31,4370.31,4368.31,+0.0,4369.31,4369.31,4368.31,0.0,0.0,0.00,0,20.00,0.70,19.30,5054.16,354.16,WIN_TP
2026-09-06 19:12:38.507,1788721958.507,ORDER_FILLED,360287970300000385,360287970300000392,A,SELL,0.10,4378.08,4378.08,0.00,+0.0,4378.20,4378.20,4376.08,9.0,0.0,0.00,0,0.00,0.00,0.00,5054.16,354.16,INITIAL_FILL
2026-09-06 19:12:38.510,1788721958.510,POSITION_CLOSED_WIN_TP,360287970300000393,360287970300000392,A,SELL,0.10,4378.08,4378.08,4376.08,+0.0,4377.08,4377.08,4376.08,0.0,0.0,0.00,0,20.00,0.70,19.30,5073.46,373.46,WIN_TP
2026-09-06 19:12:38.846,1788721958.846,ORDER_FILLED,360287970300000395,360287970300000396,A,SELL,0.10,4380.13,4380.13,0.00,+0.0,4380.25,4380.25,4378.13,9.0,0.0,0.00,0,0.00,0.00,0.00,5073.46,373.46,INITIAL_FILL
2026-09-06 19:12:38.848,1788721958.848,POSITION_CLOSED_WIN_TP,360287970300000399,360287970300000396,A,SELL,0.10,4380.13,4380.13,4378.13,+0.0,4379.13,4379.13,4378.13,0.0,0.0,0.00,0,20.00,0.70,19.30,5092.76,392.76,WIN_TP
2026-09-06 19:12:38.971,1788721958.972,ORDER_FILLED,360287970300000407,360287970300000412,A,SELL,0.10,4380.37,4380.37,0.00,+0.0,4380.49,4380.49,4378.37,9.0,0.0,0.00,0,0.00,0.00,0.00,5092.76,392.76,INITIAL_FILL
2026-09-06 19:12:38.978,1788721958.979,POSITION_CLOSED_WIN_TP,360287970300000415,360287970300000412,A,SELL,0.10,4380.37,4380.37,4378.37,+0.0,4379.37,4379.37,4378.37,0.0,0.0,0.00,0,20.00,0.70,19.30,5112.06,412.06,WIN_TP
2026-09-06 19:12:39.575,1788721959.575,ORDER_FILLED,360287970300000424,360287970300000430,A,BUY,0.10,4379.71,4379.71,0.00,+0.0,4379.50,4379.50,4381.62,9.0,0.0,0.00,0,0.00,0.00,0.00,5112.06,412.06,INITIAL_FILL
2026-09-06 19:12:39.587,1788721959.587,POSITION_CLOSED_WIN_TP,360287970300000436,360287970300000430,A,BUY,0.10,4379.71,4379.71,4381.62,+0.0,4380.71,4380.71,4381.62,0.0,0.0,0.00,0,19.10,0.70,18.40,5130.46,430.46,WIN_TP
2026-09-06 19:12:40.270,1788721960.270,ORDER_FILLED,360287970300000443,360287970300000449,A,SELL,0.10,4374.32,4374.32,0.00,+0.0,4374.44,4374.44,4372.32,9.0,0.0,0.00,0,0.00,0.00,0.00,5130.46,430.46,INITIAL_FILL
2026-09-06 19:12:40.275,1788721960.275,POSITION_CLOSED_RATCHET_WIN,360287970300000457,360287970300000449,A,SELL,0.10,4374.32,4374.32,4373.32,+0.0,4373.32,4373.32,4372.32,0.0,0.0,0.00,0,10.00,0.70,9.30,5139.76,439.76,RATCHET_WIN
2026-09-06 19:12:40.400,1788721960.400,ORDER_FILLED,360287970300000466,360287970300000467,A,SELL,0.10,4370.83,4370.83,0.00,+0.0,4370.95,4370.95,4368.83,9.0,0.0,0.00,0,0.00,0.00,0.00,5139.76,439.76,INITIAL_FILL
2026-09-06 19:12:40.403,1788721960.403,POSITION_CLOSED_STOP_LOSS,360287970300000475,360287970300000467,A,SELL,0.10,4370.83,4370.83,4370.95,+0.0,4370.95,4370.95,4368.83,0.0,0.0,0.00,0,-1.20,0.70,-1.90,5137.86,437.86,STOP_LOSS
2026-09-06 19:12:40.425,1788721960.425,ORDER_FILLED,360287970300000482,360287970300000489,A,SELL,0.10,4370.57,4370.57,0.00,+0.0,4370.69,4370.69,4368.57,9.0,0.0,0.00,0,0.00,0.00,0.00,5137.86,437.86,INITIAL_FILL
2026-09-06 19:12:40.433,1788721960.433,POSITION_CLOSED_WIN_TP,360287970300000493,360287970300000489,A,SELL,0.10,4370.57,4370.57,4368.57,+0.0,4369.57,4369.57,4368.57,0.0,0.0,0.00,0,20.00,0.70,19.30,5157.16,457.16,WIN_TP
2026-09-06 19:12:40.549,1788721960.549,ORDER_FILLED,360287970300000494,360287970300000499,A,SELL,0.10,4372.99,4372.99,0.00,+0.0,4373.11,4373.11,4370.99,9.0,0.0,0.00,0,0.00,0.00,0.00,5157.16,457.16,INITIAL_FILL
2026-09-06 19:12:40.552,1788721960.552,POSITION_CLOSED_WIN_TP,360287970300000506,360287970300000499,A,SELL,0.10,4372.99,4372.99,4370.99,+0.0,4371.99,4371.99,4370.99,0.0,0.0,0.00,0,20.00,0.70,19.30,5176.46,476.46,WIN_TP
2026-09-06 19:12:40.792,1788721960.793,ORDER_FILLED,360287970300000511,360287970300000512,A,SELL,0.10,4372.75,4372.75,0.00,+0.0,4372.87,4372.87,4370.75,9.0,0.0,0.00,0,0.00,0.00,0.00,5176.46,476.46,INITIAL_FILL
2026-09-06 19:12:40.798,1788721960.799,POSITION_CLOSED_WIN_TP,360287970300000521,360287970300000512,A,SELL,0.10,4372.75,4372.75,4370.75,+0.0,4371.75,4371.75,4370.75,0.0,0.0,0.00,0,20.00,0.70,19.30,5195.76,495.76,WIN_TP
2026-09-06 19:12:40.841,1788721960.842,ORDER_FILLED,360287970300000529,360287970300000534,A,SELL,0.10,4367.54,4367.54,0.00,+0.0,4367.66,4367.66,4365.54,9.0,0.0,0.00,0,0.00,0.00,0.00,5195.76,495.76,INITIAL_FILL
2026-09-06 19:12:40.844,1788721960.845,POSITION_CLOSED_STOP_LOSS,360287970300000540,360287970300000534,A,SELL,0.10,4367.54,4367.54,4367.66,+0.0,4367.66,4367.66,4365.54,0.0,0.0,0.00,0,-1.20,0.70,-1.90,5193.86,493.86,STOP_LOSS
2026-09-06 19:12:40.896,1788721960.897,ORDER_FILLED,360287970300000547,360287970300000553,A,SELL,0.10,4356.94,4356.94,0.00,+0.0,4357.06,4357.06,4354.94,9.0,0.0,0.00,0,0.00,0.00,0.00,5193.86,493.86,INITIAL_FILL
2026-09-06 19:12:40.903,1788721960.904,POSITION_CLOSED_WIN_TP,360287970300000555,360287970300000553,A,SELL,0.10,4356.94,4356.94,4354.94,+0.0,4355.94,4355.94,4354.94,0.0,0.0,0.00,0,20.00,0.70,19.30,5213.16,513.16,WIN_TP
2026-09-06 19:12:41.115,1788721961.116,ORDER_FILLED,360287970300000558,360287970300000565,A,SELL,0.10,4367.24,4367.24,0.00,+0.0,4367.36,4367.36,4365.24,9.0,0.0,0.00,0,0.00,0.00,0.00,5213.16,513.16,INITIAL_FILL
2026-09-06 19:12:41.129,1788721961.130,POSITION_CLOSED_WIN_TP,360287970300000566,360287970300000565,A,SELL,0.10,4367.24,4367.24,4365.24,+0.0,4366.24,4366.24,4365.24,0.0,0.0,0.00,0,20.00,0.70,19.30,5232.46,532.46,WIN_TP
2026-09-06 19:12:41.148,1788721961.148,ORDER_FILLED,360287970300000573,360287970300000582,A,SELL,0.10,4364.42,4364.42,0.00,+0.0,4364.54,4364.54,4362.42,9.0,0.0,0.00,0,0.00,0.00,0.00,5232.46,532.46,INITIAL_FILL
2026-09-06 19:12:41.157,1788721961.157,POSITION_CLOSED_BE_PROTECTED,360287970300000583,360287970300000582,A,SELL,0.10,4364.42,4364.42,4364.37,+0.0,4364.37,4364.37,4362.42,0.0,0.0,0.00,0,0.50,0.70,-0.20,5232.26,532.26,BE_PROTECTED
2026-09-06 19:12:41.299,1788721961.299,ORDER_FILLED,360287970300000590,360287970300000597,A,SELL,0.10,4360.03,4360.03,0.00,+0.0,4360.15,4360.15,4358.03,9.0,0.0,0.00,0,0.00,0.00,0.00,5232.26,532.26,INITIAL_FILL
2026-09-06 19:12:41.302,1788721961.302,POSITION_CLOSED_WIN_TP,360287970300000602,360287970300000597,A,SELL,0.10,4360.03,4360.03,4358.03,+0.0,4359.03,4359.03,4358.03,0.0,0.0,0.00,0,20.00,0.70,19.30,5251.56,551.56,WIN_TP
2026-09-06 19:12:41.324,1788721961.325,ORDER_FILLED,360287970300000605,360287970300000612,A,SELL,0.10,4356.15,4356.15,0.00,+0.0,4356.27,4356.27,4354.15,9.0,0.0,0.00,0,0.00,0.00,0.00,5251.56,551.56,INITIAL_FILL
2026-09-06 19:12:41.327,1788721961.328,POSITION_CLOSED_WIN_TP,360287970300000617,360287970300000612,A,SELL,0.10,4356.15,4356.15,4354.15,+0.0,4355.15,4355.15,4354.15,0.0,0.0,0.00,0,20.00,0.70,19.30,5270.86,570.86,WIN_TP
2026-09-06 19:12:41.373,1788721961.373,ORDER_FILLED,360287970300000619,360287970300000622,A,SELL,0.10,4336.83,4336.83,0.00,+0.0,4336.95,4336.95,4334.83,9.0,0.0,0.00,0,0.00,0.00,0.00,5270.86,570.86,INITIAL_FILL
2026-09-06 19:12:41.376,1788721961.376,POSITION_CLOSED_STOP_LOSS,360287970300000626,360287970300000622,A,SELL,0.10,4336.83,4336.83,4336.95,+0.0,4336.95,4336.95,4334.83,0.0,0.0,0.00,0,-1.20,0.70,-1.90,5268.96,568.96,STOP_LOSS
2026-09-06 19:12:41.411,1788721961.411,ORDER_FILLED,360287970300000629,360287970300000631,A,SELL,0.10,4331.23,4331.23,0.00,+0.0,4331.35,4331.35,4329.23,9.0,0.0,0.00,0,0.00,0.00,0.00,5268.96,568.96,INITIAL_FILL
2026-09-06 19:12:41.413,1788721961.413,POSITION_CLOSED_STOP_LOSS,360287970300000634,360287970300000631,A,SELL,0.10,4331.23,4331.23,4331.35,+0.0,4331.35,4331.35,4329.23,0.0,0.0,0.00,0,-1.20,0.70,-1.90,5267.06,567.06,STOP_LOSS
2026-09-06 19:12:41.771,1788721961.771,ORDER_FILLED,360287970300000635,360287970300000641,A,SELL,0.10,4339.23,4339.23,0.00,+0.0,4339.35,4339.35,4337.23,9.0,0.0,0.00,0,0.00,0.00,0.00,5267.06,567.06,INITIAL_FILL
2026-09-06 19:12:41.785,1788721961.786,POSITION_CLOSED_RATCHET_WIN,360287970300000648,360287970300000641,A,SELL,0.10,4339.23,4339.23,4338.73,+0.0,4338.73,4338.73,4337.23,0.0,0.0,0.00,0,5.00,0.70,4.30,5271.36,571.36,RATCHET_WIN
2026-09-06 19:12:42.914,1788721962.915,ORDER_FILLED,360287970300000649,360287970300000653,A,SELL,0.10,4358.31,4358.31,0.00,+0.0,4358.43,4358.43,4356.31,9.0,0.0,0.00,0,0.00,0.00,0.00,5271.36,571.36,INITIAL_FILL
2026-09-06 19:12:42.916,1788721962.917,POSITION_CLOSED_WIN_TP,360287970300000658,360287970300000653,A,SELL,0.10,4358.31,4358.31,4356.31,+0.0,4357.31,4357.31,4356.31,0.0,0.0,0.00,0,20.00,0.70,19.30,5290.66,590.66,WIN_TP
2026-09-06 19:12:43.056,1788721963.057,ORDER_FILLED,360287970300000666,360287970300000674,A,BUY,0.10,4363.36,4363.36,0.00,+0.0,4363.15,4363.15,4365.27,9.0,0.0,0.00,0,0.00,0.00,0.00,5290.66,590.66,INITIAL_FILL
2026-09-06 19:12:43.058,1788721963.059,POSITION_CLOSED_WIN_TP,360287970300000680,360287970300000674,A,BUY,0.10,4363.36,4363.36,4365.27,+0.0,4364.36,4364.36,4365.27,0.0,0.0,0.00,0,19.10,0.70,18.40,5309.06,609.06,WIN_TP
2026-09-06 19:12:43.096,1788721963.097,ORDER_FILLED,360287970300000686,360287970300000693,A,BUY,0.10,4366.57,4366.57,0.00,+0.0,4366.36,4366.36,4368.48,9.0,0.0,0.00,0,0.00,0.00,0.00,5309.06,609.06,INITIAL_FILL
2026-09-06 19:12:43.108,1788721963.109,POSITION_CLOSED_BE_PROTECTED,360287970300000700,360287970300000693,A,BUY,0.10,4366.57,4366.57,4366.62,+0.0,4366.62,4366.62,4368.48,0.0,0.0,0.00,0,0.50,0.70,-0.20,5308.86,608.86,BE_PROTECTED
2026-09-06 19:12:43.139,1788721963.140,ORDER_FILLED,360287970300000708,360287970300000717,A,BUY,0.10,4370.49,4370.49,0.00,+0.0,4370.28,4370.28,4372.40,9.0,0.0,0.00,0,0.00,0.00,0.00,5308.86,608.86,INITIAL_FILL
2026-09-06 19:12:43.145,1788721963.146,POSITION_CLOSED_STOP_LOSS,360287970300000723,360287970300000717,A,BUY,0.10,4370.49,4370.49,4370.28,+0.0,4370.28,4370.28,4372.40,0.0,0.0,0.00,0,-2.10,0.70,-2.80,5306.06,606.06,STOP_LOSS
2026-09-06 19:12:43.169,1788721963.170,ORDER_FILLED,360287970300000730,360287970300000739,A,BUY,0.10,4371.64,4371.64,0.00,+0.0,4371.43,4371.43,4373.55,9.0,0.0,0.00,0,0.00,0.00,0.00,5306.06,606.06,INITIAL_FILL
2026-09-06 19:12:43.179,1788721963.180,POSITION_CLOSED_RATCHET_WIN,360287970300000744,360287970300000739,A,BUY,0.10,4371.64,4371.64,4372.64,+0.0,4372.64,4372.64,4373.55,0.0,0.0,0.00,0,10.00,0.70,9.30,5315.36,615.36,RATCHET_WIN
2026-09-06 19:12:43.281,1788721963.282,ORDER_FILLED,360287970300000752,360287970300000757,A,BUY,0.10,4368.90,4368.90,0.00,+0.0,4368.69,4368.69,4370.81,9.0,0.0,0.00,0,0.00,0.00,0.00,5315.36,615.36,INITIAL_FILL
2026-09-06 19:12:43.284,1788721963.285,POSITION_CLOSED_STOP_LOSS,360287970300000766,360287970300000757,A,BUY,0.10,4368.90,4368.90,4368.69,+0.0,4368.69,4368.69,4370.81,0.0,0.0,0.00,0,-2.10,0.70,-2.80,5312.56,612.56,STOP_LOSS
2026-09-06 19:12:43.369,1788721963.369,ORDER_FILLED,360287970300000772,360287970300000775,A,BUY,0.10,4368.35,4368.35,0.00,+0.0,4368.14,4368.14,4370.26,9.0,0.0,0.00,0,0.00,0.00,0.00,5312.56,612.56,INITIAL_FILL
2026-09-06 19:12:43.372,1788721963.372,POSITION_CLOSED_STOP_LOSS,360287970300000782,360287970300000775,A,BUY,0.10,4368.35,4368.35,4368.14,+0.0,4368.14,4368.14,4370.26,0.0,0.0,0.00,0,-2.10,0.70,-2.80,5309.76,609.76,STOP_LOSS
2026-09-06 19:12:43.803,1788721963.804,ORDER_FILLED,360287970300000008,360287970300000016,B,SELL,0.03,4423.57,4423.57,0.00,+0.0,4423.69,4423.69,4420.24,9.0,0.0,0.00,0,0.00,0.00,0.00,4775.66,75.66,INITIAL_FILL
2026-09-06 19:12:43.815,1788721963.816,POSITION_CLOSED_WIN_TP,360287970300000020,360287970300000016,B,SELL,0.03,4423.57,4423.57,4420.24,+0.0,4421.90,4421.90,4420.24,0.0,0.0,0.00,0,9.99,0.21,9.78,4785.44,85.44,WIN_TP
2026-09-06 19:12:44.007,1788721964.007,ORDER_FILLED,360287970300000026,360287970300000029,B,SELL,0.03,4417.98,4417.98,0.00,+0.0,4418.10,4418.10,4414.65,9.0,0.0,0.00,0,0.00,0.00,0.00,4785.44,85.44,INITIAL_FILL
2026-09-06 19:12:44.012,1788721964.013,POSITION_CLOSED_STOP_LOSS,360287970300000034,360287970300000029,B,SELL,0.03,4417.98,4417.98,4418.10,+0.0,4418.10,4418.10,4414.65,0.0,0.0,0.00,0,-0.36,0.21,-0.57,4784.87,84.87,STOP_LOSS
2026-09-06 19:12:44.102,1788721964.103,ORDER_FILLED,360287970300000038,360287970300000045,B,SELL,0.03,4420.54,4420.54,0.00,+0.0,4420.66,4420.66,4417.21,9.0,0.0,0.00,0,0.00,0.00,0.00,4784.87,84.87,INITIAL_FILL
2026-09-06 19:12:44.128,1788721964.129,POSITION_CLOSED_BE_PROTECTED,360287970300000051,360287970300000045,B,SELL,0.03,4420.54,4420.54,4420.49,+0.0,4420.49,4420.49,4417.21,0.0,0.0,0.00,0,0.15,0.21,-0.06,4784.81,84.81,BE_PROTECTED
2026-09-06 19:12:44.190,1788721964.191,ORDER_FILLED,360287970300000059,360287970300000064,B,SELL,0.03,4420.86,4420.86,0.00,+0.0,4420.98,4420.98,4417.53,9.0,0.0,0.00,0,0.00,0.00,0.00,4784.81,84.81,INITIAL_FILL
2026-09-06 19:12:44.221,1788721964.222,POSITION_CLOSED_WIN_TP,360287970300000065,360287970300000064,B,SELL,0.03,4420.86,4420.86,4417.53,+0.0,4419.19,4419.19,4417.53,0.0,0.0,0.00,0,9.99,0.21,9.78,4794.59,94.59,WIN_TP
2026-09-06 19:12:44.289,1788721964.290,ORDER_FILLED,360287970300000066,360287970300000068,B,SELL,0.03,4416.03,4416.03,0.00,+0.0,4416.15,4416.15,4412.70,9.0,0.0,0.00,0,0.00,0.00,0.00,4794.59,94.59,INITIAL_FILL
2026-09-06 19:12:44.324,1788721964.325,POSITION_CLOSED_WIN_TP,360287970300000072,360287970300000068,B,SELL,0.03,4416.03,4416.03,4412.70,+0.0,4414.36,4414.36,4412.70,0.0,0.0,0.00,0,9.99,0.21,9.78,4804.37,104.37,WIN_TP
2026-09-06 19:12:44.361,1788721964.361,ORDER_FILLED,360287970300000076,360287970300000085,B,SELL,0.03,4411.09,4411.09,0.00,+0.0,4411.21,4411.21,4407.76,9.0,0.0,0.00,0,0.00,0.00,0.00,4804.37,104.37,INITIAL_FILL
2026-09-06 19:12:44.372,1788721964.372,POSITION_CLOSED_WIN_TP,360287970300000089,360287970300000085,B,SELL,0.03,4411.09,4411.09,4407.76,+0.0,4409.43,4409.43,4407.76,0.0,0.0,0.00,0,9.99,0.21,9.78,4814.15,114.15,WIN_TP
2026-09-06 19:12:44.585,1788721964.586,ORDER_FILLED,360287970300000092,360287970300000100,B,SELL,0.03,4397.55,4397.55,0.00,+0.0,4397.67,4397.67,4394.22,9.0,0.0,0.00,0,0.00,0.00,0.00,4814.15,114.15,INITIAL_FILL
2026-09-06 19:12:44.608,1788721964.608,POSITION_CLOSED_RATCHET_WIN,360287970300000106,360287970300000100,B,SELL,0.03,4397.55,4397.55,4396.72,+0.0,4396.72,4396.72,4394.22,0.0,0.0,0.00,0,2.49,0.21,2.28,4816.43,116.43,RATCHET_WIN
2026-09-06 19:12:44.668,1788721964.668,ORDER_FILLED,360287970300000113,360287970300000116,B,SELL,0.03,4396.94,4396.94,0.00,+0.0,4397.06,4397.06,4393.61,9.0,0.0,0.00,0,0.00,0.00,0.00,4816.43,116.43,INITIAL_FILL
2026-09-06 19:12:44.683,1788721964.683,POSITION_CLOSED_WIN_TP,360287970300000124,360287970300000116,B,SELL,0.03,4396.94,4396.94,4393.61,+0.0,4395.27,4395.27,4393.61,0.0,0.0,0.00,0,9.99,0.21,9.78,4826.21,126.21,WIN_TP
2026-09-06 19:12:44.713,1788721964.714,ORDER_FILLED,360287970300000131,360287970300000134,B,SELL,0.03,4385.02,4385.02,0.00,+0.0,4385.14,4385.14,4381.69,9.0,0.0,0.00,0,0.00,0.00,0.00,4826.21,126.21,INITIAL_FILL
2026-09-06 19:12:44.715,1788721964.716,POSITION_CLOSED_STOP_LOSS,360287970300000142,360287970300000134,B,SELL,0.03,4385.02,4385.02,4385.14,+0.0,4385.14,4385.14,4381.69,0.0,0.0,0.00,0,-0.36,0.21,-0.57,4825.64,125.64,STOP_LOSS
2026-09-06 19:12:44.731,1788721964.731,ORDER_FILLED,360287970300000151,360287970300000159,B,SELL,0.03,4382.95,4382.95,0.00,+0.0,4383.07,4383.07,4379.62,9.0,0.0,0.00,0,0.00,0.00,0.00,4825.64,125.64,INITIAL_FILL
2026-09-06 19:12:44.737,1788721964.737,POSITION_CLOSED_WIN_TP,360287970300000160,360287970300000159,B,SELL,0.03,4382.95,4382.95,4379.62,+0.0,4381.28,4381.28,4379.62,0.0,0.0,0.00,0,9.99,0.21,9.78,4835.42,135.42,WIN_TP
2026-09-06 19:12:44.798,1788721964.798,ORDER_FILLED,360287970300000164,360287970300000171,B,SELL,0.03,4373.81,4373.81,0.00,+0.0,4373.93,4373.93,4370.48,9.0,0.0,0.00,0,0.00,0.00,0.00,4835.42,135.42,INITIAL_FILL
2026-09-06 19:12:44.814,1788721964.814,POSITION_CLOSED_WIN_TP,360287970300000172,360287970300000171,B,SELL,0.03,4373.81,4373.81,4370.48,+0.0,4372.15,4372.15,4370.48,0.0,0.0,0.00,0,9.99,0.21,9.78,4845.20,145.20,WIN_TP
2026-09-06 19:12:44.870,1788721964.870,ORDER_FILLED,360287970300000180,360287970300000186,B,SELL,0.03,4380.55,4380.55,0.00,+0.0,4380.67,4380.67,4377.22,9.0,0.0,0.00,0,0.00,0.00,0.00,4845.20,145.20,INITIAL_FILL
2026-09-06 19:12:44.879,1788721964.879,POSITION_CLOSED_WIN_TP,360287970300000192,360287970300000186,B,SELL,0.03,4380.55,4380.55,4377.22,+0.0,4378.89,4378.89,4377.22,0.0,0.0,0.00,0,9.99,0.21,9.78,4854.98,154.98,WIN_TP
2026-09-06 19:12:45.170,1788721965.171,ORDER_FILLED,360287970300000197,360287970300000205,B,SELL,0.03,4376.65,4376.65,0.00,+0.0,4376.77,4376.77,4373.32,9.0,0.0,0.00,0,0.00,0.00,0.00,4854.98,154.98,INITIAL_FILL
2026-09-06 19:12:45.175,1788721965.176,POSITION_CLOSED_STOP_LOSS,360287970300000206,360287970300000205,B,SELL,0.03,4376.65,4376.65,4376.77,+0.0,4376.77,4376.77,4373.32,0.0,0.0,0.00,0,-0.36,0.21,-0.57,4854.41,154.41,STOP_LOSS
2026-09-06 19:12:45.231,1788721965.231,ORDER_FILLED,360287970300000215,360287970300000217,B,SELL,0.03,4370.52,4370.52,0.00,+0.0,4370.64,4370.64,4367.19,9.0,0.0,0.00,0,0.00,0.00,0.00,4854.41,154.41,INITIAL_FILL
2026-09-06 19:12:45.247,1788721965.247,POSITION_CLOSED_WIN_TP,360287970300000226,360287970300000217,B,SELL,0.03,4370.52,4370.52,4367.19,+0.0,4368.86,4368.86,4367.19,0.0,0.0,0.00,0,9.99,0.21,9.78,4864.19,164.19,WIN_TP
2026-09-06 19:12:45.284,1788721965.284,ORDER_FILLED,360287970300000235,360287970300000237,B,SELL,0.03,4373.72,4373.72,0.00,+0.0,4373.84,4373.84,4370.39,9.0,0.0,0.00,0,0.00,0.00,0.00,4864.19,164.19,INITIAL_FILL
2026-09-06 19:12:45.286,1788721965.286,POSITION_CLOSED_WIN_TP,360287970300000244,360287970300000237,B,SELL,0.03,4373.72,4373.72,4370.39,+0.0,4372.06,4372.06,4370.39,0.0,0.0,0.00,0,9.99,0.21,9.78,4873.97,173.97,WIN_TP
2026-09-06 19:12:45.464,1788721965.465,ORDER_FILLED,360287970300000250,360287970300000251,B,SELL,0.03,4376.68,4376.68,0.00,+0.0,4376.80,4376.80,4373.35,9.0,0.0,0.00,0,0.00,0.00,0.00,4873.97,173.97,INITIAL_FILL
2026-09-06 19:12:45.489,1788721965.490,POSITION_CLOSED_STOP_LOSS,360287970300000255,360287970300000251,B,SELL,0.03,4376.68,4376.68,4376.80,+0.0,4376.80,4376.80,4373.35,0.0,0.0,0.00,0,-0.36,0.21,-0.57,4873.40,173.40,STOP_LOSS
2026-09-06 19:12:45.503,1788721965.504,ORDER_FILLED,360287970300000256,360287970300000264,B,SELL,0.03,4376.13,4376.13,0.00,+0.0,4376.25,4376.25,4372.80,9.0,0.0,0.00,0,0.00,0.00,0.00,4873.40,173.40,INITIAL_FILL
2026-09-06 19:12:45.518,1788721965.519,POSITION_CLOSED_BE_PROTECTED,360287970300000269,360287970300000264,B,SELL,0.03,4376.13,4376.13,4376.08,+0.0,4376.08,4376.08,4372.80,0.0,0.0,0.00,0,0.15,0.21,-0.06,4873.34,173.34,BE_PROTECTED
2026-09-06 19:12:45.531,1788721965.532,ORDER_FILLED,360287970300000275,360287970300000279,B,SELL,0.03,4375.19,4375.19,0.00,+0.0,4375.31,4375.31,4371.86,9.0,0.0,0.00,0,0.00,0.00,0.00,4873.34,173.34,INITIAL_FILL
2026-09-06 19:12:45.580,1788721965.580,POSITION_CLOSED_WIN_TP,360287970300000287,360287970300000279,B,SELL,0.03,4375.19,4375.19,4371.86,+0.0,4373.52,4373.52,4371.86,0.0,0.0,0.00,0,9.99,0.21,9.78,4883.12,183.12,WIN_TP
2026-09-06 19:12:45.602,1788721965.602,ORDER_FILLED,360287970300000288,360287970300000297,B,SELL,0.03,4372.89,4372.89,0.00,+0.0,4373.01,4373.01,4369.56,9.0,0.0,0.00,0,0.00,0.00,0.00,4883.12,183.12,INITIAL_FILL
2026-09-06 19:12:45.604,1788721965.605,POSITION_CLOSED_WIN_TP,360287970300000304,360287970300000297,B,SELL,0.03,4372.89,4372.89,4369.56,+0.0,4371.23,4371.23,4369.56,0.0,0.0,0.00,0,9.99,0.21,9.78,4892.90,192.90,WIN_TP
2026-09-06 19:12:45.634,1788721965.634,ORDER_FILLED,360287970300000313,360287970300000321,B,SELL,0.03,4370.73,4370.73,0.00,+0.0,4370.85,4370.85,4367.40,9.0,0.0,0.00,0,0.00,0.00,0.00,4892.90,192.90,INITIAL_FILL
2026-09-06 19:12:45.665,1788721965.666,POSITION_CLOSED_RATCHET_WIN,360287970300000326,360287970300000321,B,SELL,0.03,4370.73,4370.73,4369.06,+0.0,4369.06,4369.06,4367.40,0.0,0.0,0.00,0,5.01,0.21,4.80,4897.70,197.70,RATCHET_WIN
2026-09-06 19:12:45.905,1788721965.906,ORDER_FILLED,360287970300000330,360287970300000332,B,SELL,0.03,4372.04,4372.04,0.00,+0.0,4372.16,4372.16,4368.71,9.0,0.0,0.00,0,0.00,0.00,0.00,4897.70,197.70,INITIAL_FILL
2026-09-06 19:12:45.932,1788721965.933,POSITION_CLOSED_RATCHET_WIN,360287970300000341,360287970300000332,B,SELL,0.03,4372.04,4372.04,4370.38,+0.0,4370.38,4370.38,4368.71,0.0,0.0,0.00,0,4.98,0.21,4.77,4902.47,202.47,RATCHET_WIN
2026-09-06 19:12:46.131,1788721966.132,ORDER_FILLED,360287970300000343,360287970300000350,B,SELL,0.03,4368.40,4368.40,0.00,+0.0,4368.52,4368.52,4365.07,9.0,0.0,0.00,0,0.00,0.00,0.00,4902.47,202.47,INITIAL_FILL
2026-09-06 19:12:46.133,1788721966.134,POSITION_CLOSED_WIN_TP,360287970300000352,360287970300000350,B,SELL,0.03,4368.40,4368.40,4365.07,+0.0,4366.73,4366.73,4365.07,0.0,0.0,0.00,0,9.99,0.21,9.78,4912.25,212.25,WIN_TP
2026-09-06 19:12:46.206,1788721966.207,ORDER_FILLED,360287970300000356,360287970300000359,B,SELL,0.03,4370.31,4370.31,0.00,+0.0,4370.43,4370.43,4366.98,9.0,0.0,0.00,0,0.00,0.00,0.00,4912.25,212.25,INITIAL_FILL
2026-09-06 19:12:46.231,1788721966.232,POSITION_CLOSED_WIN_TP,360287970300000360,360287970300000359,B,SELL,0.03,4370.31,4370.31,4366.98,+0.0,4368.65,4368.65,4366.98,0.0,0.0,0.00,0,9.99,0.21,9.78,4922.03,222.03,WIN_TP
2026-09-06 19:12:47.181,1788721967.182,ORDER_FILLED,360287970300000369,360287970300000374,B,SELL,0.03,4378.08,4378.08,0.00,+0.0,4378.20,4378.20,4374.75,9.0,0.0,0.00,0,0.00,0.00,0.00,4922.03,222.03,INITIAL_FILL
2026-09-06 19:12:47.196,1788721967.196,POSITION_CLOSED_RATCHET_WIN,360287970300000376,360287970300000374,B,SELL,0.03,4378.08,4378.08,4377.25,+0.0,4377.25,4377.25,4374.75,0.0,0.0,0.00,0,2.49,0.21,2.28,4924.31,224.31,RATCHET_WIN
2026-09-06 19:12:47.541,1788721967.541,ORDER_FILLED,360287970300000382,360287970300000387,B,SELL,0.03,4380.13,4380.13,0.00,+0.0,4380.25,4380.25,4376.80,9.0,0.0,0.00,0,0.00,0.00,0.00,4924.31,224.31,INITIAL_FILL
2026-09-06 19:12:47.610,1788721967.610,POSITION_CLOSED_RATCHET_WIN,360287970300000390,360287970300000387,B,SELL,0.03,4380.13,4380.13,4380.08,+0.0,4380.08,4380.08,4376.80,0.0,0.0,0.10,0,0.15,0.21,-0.06,4924.25,224.25,RATCHET_WIN
2026-09-06 19:12:47.781,1788721967.781,ORDER_FILLED,360287970300000395,360287970300000397,B,SELL,0.03,4380.37,4380.37,0.00,+0.0,4380.49,4380.49,4377.04,9.0,0.0,0.00,0,0.00,0.00,0.00,4924.25,224.25,INITIAL_FILL
2026-09-06 19:12:47.795,1788721967.795,POSITION_CLOSED_WIN_TP,360287970300000399,360287970300000397,B,SELL,0.03,4380.37,4380.37,4377.04,+0.0,4378.70,4378.70,4377.04,0.0,0.0,0.00,0,9.99,0.21,9.78,4934.03,234.03,WIN_TP
2026-09-06 19:12:48.344,1788721968.344,ORDER_FILLED,360287970300000400,360287970300000403,B,BUY,0.03,4379.71,4379.71,0.00,+0.0,4379.50,4379.50,4382.95,9.0,0.0,0.00,0,0.00,0.00,0.00,4934.03,234.03,INITIAL_FILL
2026-09-06 19:12:48.360,1788721968.360,POSITION_CLOSED_RATCHET_WIN,360287970300000412,360287970300000403,B,BUY,0.03,4379.71,4379.71,4380.54,+0.0,4380.54,4380.54,4382.95,0.0,0.0,0.00,0,2.49,0.21,2.28,4936.31,236.31,RATCHET_WIN
2026-09-06 19:12:48.847,1788721968.848,ORDER_FILLED,360287970300000421,360287970300000427,B,SELL,0.03,4374.32,4374.32,0.00,+0.0,4374.44,4374.44,4370.99,9.0,0.0,0.00,0,0.00,0.00,0.00,4936.31,236.31,INITIAL_FILL
2026-09-06 19:12:48.881,1788721968.881,POSITION_CLOSED_WIN_TP,360287970300000434,360287970300000427,B,SELL,0.03,4374.32,4374.32,4370.99,+0.0,4372.65,4372.65,4370.99,0.0,0.0,0.00,0,9.99,0.21,9.78,4946.09,246.09,WIN_TP
2026-09-06 19:12:48.981,1788721968.981,ORDER_FILLED,360287970300000440,360287970300000447,B,SELL,0.03,4370.83,4370.83,0.00,+0.0,4370.95,4370.95,4367.50,9.0,0.0,0.00,0,0.00,0.00,0.00,4946.09,246.09,INITIAL_FILL
2026-09-06 19:12:48.982,1788721968.983,POSITION_CLOSED_STOP_LOSS,360287970300000456,360287970300000447,B,SELL,0.03,4370.83,4370.83,4370.95,+0.0,4370.95,4370.95,4367.50,0.0,0.0,0.00,0,-0.36,0.21,-0.57,4945.52,245.52,STOP_LOSS
2026-09-06 19:12:48.997,1788721968.998,ORDER_FILLED,360287970300000464,360287970300000468,B,SELL,0.03,4370.57,4370.57,0.00,+0.0,4370.69,4370.69,4367.24,9.0,0.0,0.00,0,0.00,0.00,0.00,4945.52,245.52,INITIAL_FILL
2026-09-06 19:12:49.023,1788721969.023,POSITION_CLOSED_WIN_TP,360287970300000476,360287970300000468,B,SELL,0.03,4370.57,4370.57,4367.24,+0.0,4368.90,4368.90,4367.24,0.0,0.0,0.00,0,9.99,0.21,9.78,4955.30,255.30,WIN_TP
2026-09-06 19:12:49.147,1788721969.148,ORDER_FILLED,360287970300000478,360287970300000479,B,SELL,0.03,4372.99,4372.99,0.00,+0.0,4373.11,4373.11,4369.66,9.0,0.0,0.00,0,0.00,0.00,0.00,4955.30,255.30,INITIAL_FILL
2026-09-06 19:12:49.156,1788721969.157,POSITION_CLOSED_WIN_TP,360287970300000482,360287970300000479,B,SELL,0.03,4372.99,4372.99,4369.66,+0.0,4371.32,4371.32,4369.66,0.0,0.0,0.00,0,9.99,0.21,9.78,4965.08,265.08,WIN_TP
2026-09-06 19:12:49.348,1788721969.348,ORDER_FILLED,360287970300000485,360287970300000492,B,SELL,0.03,4372.75,4372.75,0.00,+0.0,4372.87,4372.87,4369.42,9.0,0.0,0.00,0,0.00,0.00,0.00,4965.08,265.08,INITIAL_FILL
2026-09-06 19:12:49.356,1788721969.356,POSITION_CLOSED_WIN_TP,360287970300000496,360287970300000492,B,SELL,0.03,4372.75,4372.75,4369.42,+0.0,4371.09,4371.09,4369.42,0.0,0.0,0.00,0,9.99,0.21,9.78,4974.86,274.86,WIN_TP
2026-09-06 19:12:49.387,1788721969.387,ORDER_FILLED,360287970300000499,360287970300000507,B,SELL,0.03,4367.54,4367.54,0.00,+0.0,4367.66,4367.66,4364.21,9.0,0.0,0.00,0,0.00,0.00,0.00,4974.86,274.86,INITIAL_FILL
2026-09-06 19:12:49.389,1788721969.389,POSITION_CLOSED_STOP_LOSS,360287970300000515,360287970300000507,B,SELL,0.03,4367.54,4367.54,4367.66,+0.0,4367.66,4367.66,4364.21,0.0,0.0,0.00,0,-0.36,0.21,-0.57,4974.29,274.29,STOP_LOSS
2026-09-06 19:12:49.421,1788721969.421,ORDER_FILLED,360287970300000519,360287970300000528,B,SELL,0.03,4356.94,4356.94,0.00,+0.0,4357.06,4357.06,4353.61,9.0,0.0,0.00,0,0.00,0.00,0.00,4974.29,274.29,INITIAL_FILL
2026-09-06 19:12:49.439,1788721969.440,POSITION_CLOSED_WIN_TP,360287970300000534,360287970300000528,B,SELL,0.03,4356.94,4356.94,4353.61,+0.0,4355.27,4355.27,4353.61,0.0,0.0,0.00,0,9.99,0.21,9.78,4984.07,284.07,WIN_TP
2026-09-06 19:12:49.641,1788721969.641,ORDER_FILLED,360287970300000537,360287970300000545,B,SELL,0.03,4367.24,4367.24,0.00,+0.0,4367.36,4367.36,4363.91,9.0,0.0,0.00,0,0.00,0.00,0.00,4984.07,284.07,INITIAL_FILL
2026-09-06 19:12:49.644,1788721969.644,POSITION_CLOSED_RATCHET_WIN,360287970300000546,360287970300000545,B,SELL,0.03,4367.24,4367.24,4366.41,+0.0,4366.41,4366.41,4363.91,0.0,0.0,0.00,0,2.49,0.21,2.28,4986.35,286.35,RATCHET_WIN
2026-09-06 19:12:49.658,1788721969.659,ORDER_FILLED,360287970300000550,360287970300000552,B,SELL,0.03,4364.42,4364.42,0.00,+0.0,4364.54,4364.54,4361.09,9.0,0.0,0.00,0,0.00,0.00,0.00,4986.35,286.35,INITIAL_FILL
2026-09-06 19:12:49.664,1788721969.664,POSITION_CLOSED_STOP_LOSS,360287970300000555,360287970300000552,B,SELL,0.03,4364.42,4364.42,4364.54,+0.0,4364.54,4364.54,4361.09,0.0,0.0,0.00,0,-0.36,0.21,-0.57,4985.78,285.78,STOP_LOSS
2026-09-06 19:12:49.745,1788721969.746,ORDER_FILLED,360287970300000556,360287970300000560,B,SELL,0.03,4360.03,4360.03,0.00,+0.0,4360.15,4360.15,4356.70,9.0,0.0,0.00,0,0.00,0.00,0.00,4985.78,285.78,INITIAL_FILL
2026-09-06 19:12:49.747,1788721969.748,POSITION_CLOSED_WIN_TP,360287970300000567,360287970300000560,B,SELL,0.03,4360.03,4360.03,4356.70,+0.0,4358.36,4358.36,4356.70,0.0,0.0,0.00,0,9.99,0.21,9.78,4995.56,295.56,WIN_TP
2026-09-06 19:12:49.758,1788721969.759,ORDER_FILLED,360287970300000575,360287970300000576,B,SELL,0.03,4356.15,4356.15,0.00,+0.0,4356.27,4356.27,4352.82,9.0,0.0,0.00,0,0.00,0.00,0.00,4995.56,295.56,INITIAL_FILL
2026-09-06 19:12:49.761,1788721969.762,POSITION_CLOSED_WIN_TP,360287970300000580,360287970300000576,B,SELL,0.03,4356.15,4356.15,4352.82,+0.0,4354.48,4354.48,4352.82,0.0,0.0,0.00,0,9.99,0.21,9.78,5005.34,305.34,WIN_TP
2026-09-06 19:12:49.787,1788721969.787,ORDER_FILLED,360287970300000581,360287970300000584,B,SELL,0.03,4336.83,4336.83,0.00,+0.0,4336.95,4336.95,4333.50,9.0,0.0,0.00,0,0.00,0.00,0.00,5005.34,305.34,INITIAL_FILL
2026-09-06 19:12:49.788,1788721969.788,POSITION_CLOSED_STOP_LOSS,360287970300000590,360287970300000584,B,SELL,0.03,4336.83,4336.83,4336.95,+0.0,4336.95,4336.95,4333.50,0.0,0.0,0.00,0,-0.36,0.21,-0.57,5004.77,304.77,STOP_LOSS
2026-09-06 19:12:49.817,1788721969.818,ORDER_FILLED,360287970300000593,360287970300000602,B,SELL,0.03,4331.23,4331.23,0.00,+0.0,4331.35,4331.35,4327.90,9.0,0.0,0.00,0,0.00,0.00,0.00,5004.77,304.77,INITIAL_FILL
2026-09-06 19:12:49.818,1788721969.819,POSITION_CLOSED_STOP_LOSS,360287970300000603,360287970300000602,B,SELL,0.03,4331.23,4331.23,4331.35,+0.0,4331.35,4331.35,4327.90,0.0,0.0,0.00,0,-0.36,0.21,-0.57,5004.20,304.20,STOP_LOSS
2026-09-06 19:12:50.062,1788721970.062,ORDER_FILLED,360287970300000605,360287970300000608,B,SELL,0.03,4339.23,4339.23,0.00,+0.0,4339.35,4339.35,4335.90,9.0,0.0,0.00,0,0.00,0.00,0.00,5004.20,304.20,INITIAL_FILL
2026-09-06 19:12:50.069,1788721970.069,POSITION_CLOSED_BE_PROTECTED,360287970300000615,360287970300000608,B,SELL,0.03,4339.23,4339.23,4339.18,+0.0,4339.18,4339.18,4335.90,0.0,0.0,0.00,0,0.15,0.21,-0.06,5004.14,304.14,BE_PROTECTED
2026-09-06 19:12:50.858,1788721970.858,ORDER_FILLED,360287970300000619,360287970300000623,B,SELL,0.03,4358.31,4358.31,0.00,+0.0,4358.43,4358.43,4354.98,9.0,0.0,0.00,0,0.00,0.00,0.00,5004.14,304.14,INITIAL_FILL
2026-09-06 19:12:50.862,1788721970.863,POSITION_CLOSED_WIN_TP,360287970300000628,360287970300000623,B,SELL,0.03,4358.31,4358.31,4354.98,+0.0,4356.65,4356.65,4354.98,0.0,0.0,0.00,0,9.99,0.21,9.78,5013.92,313.92,WIN_TP
2026-09-06 19:12:50.967,1788721970.968,ORDER_FILLED,360287970300000636,360287970300000638,B,BUY,0.03,4363.36,4363.36,0.00,+0.0,4363.15,4363.15,4366.60,9.0,0.0,0.00,0,0.00,0.00,0.00,5013.92,313.92,INITIAL_FILL
2026-09-06 19:12:50.982,1788721970.983,POSITION_CLOSED_WIN_TP,360287970300000647,360287970300000638,B,BUY,0.03,4363.36,4363.36,4366.60,+0.0,4365.02,4365.02,4366.60,0.0,0.0,0.00,0,9.72,0.21,9.51,5023.43,323.43,WIN_TP
2026-09-06 19:12:51.014,1788721971.014,ORDER_FILLED,360287970300000648,360287970300000653,B,BUY,0.03,4366.57,4366.57,0.00,+0.0,4366.36,4366.36,4369.81,9.0,0.0,0.00,0,0.00,0.00,0.00,5023.43,323.43,INITIAL_FILL
2026-09-06 19:12:51.023,1788721971.024,POSITION_CLOSED_STOP_LOSS,360287970300000656,360287970300000653,B,BUY,0.03,4366.57,4366.57,4366.36,+0.0,4366.36,4366.36,4369.81,0.0,0.0,0.00,0,-0.63,0.21,-0.84,5022.59,322.59,STOP_LOSS
2026-09-06 19:12:51.048,1788721971.048,ORDER_FILLED,360287970300000665,360287970300000666,B,BUY,0.03,4370.49,4370.49,0.00,+0.0,4370.28,4370.28,4373.73,9.0,0.0,0.00,0,0.00,0.00,0.00,5022.59,322.59,INITIAL_FILL
2026-09-06 19:12:51.052,1788721971.052,POSITION_CLOSED_STOP_LOSS,360287970300000674,360287970300000666,B,BUY,0.03,4370.49,4370.49,4370.28,+0.0,4370.28,4370.28,4373.73,0.0,0.0,0.00,0,-0.63,0.21,-0.84,5021.75,321.75,STOP_LOSS
2026-09-06 19:12:51.070,1788721971.071,ORDER_FILLED,360287970300000682,360287970300000689,B,BUY,0.03,4371.64,4371.64,0.00,+0.0,4371.43,4371.43,4374.88,9.0,0.0,0.00,0,0.00,0.00,0.00,5021.75,321.75,INITIAL_FILL
2026-09-06 19:12:51.090,1788721971.090,POSITION_CLOSED_RATCHET_WIN,360287970300000694,360287970300000689,B,BUY,0.03,4371.64,4371.64,4373.31,+0.0,4373.31,4373.31,4374.88,0.0,0.0,0.00,0,5.01,0.21,4.80,5026.55,326.55,RATCHET_WIN
2026-09-06 19:12:51.143,1788721971.144,ORDER_FILLED,360287970300000697,360287970300000701,B,BUY,0.03,4368.90,4368.90,0.00,+0.0,4368.69,4368.69,4372.14,9.0,0.0,0.00,0,0.00,0.00,0.00,5026.55,326.55,INITIAL_FILL
2026-09-06 19:12:51.145,1788721971.146,POSITION_CLOSED_STOP_LOSS,360287970300000707,360287970300000701,B,BUY,0.03,4368.90,4368.90,4368.69,+0.0,4368.69,4368.69,4372.14,0.0,0.0,0.00,0,-0.63,0.21,-0.84,5025.71,325.71,STOP_LOSS
2026-09-06 19:12:51.220,1788721971.221,ORDER_FILLED,360287970300000710,360287970300000711,B,BUY,0.03,4368.35,4368.35,0.00,+0.0,4368.14,4368.14,4371.59,9.0,0.0,0.00,0,0.00,0.00,0.00,5025.71,325.71,INITIAL_FILL
2026-09-06 19:12:51.223,1788721971.223,POSITION_CLOSED_STOP_LOSS,360287970300000714,360287970300000711,B,BUY,0.03,4368.35,4368.35,4368.14,+0.0,4368.14,4368.14,4371.59,0.0,0.0,0.00,0,-0.63,0.21,-0.84,5024.87,324.87,STOP_LOSS
2026-09-06 19:12:51.503,1788721971.504,ORDER_FILLED,360287970300000007,360287970300000014,C,BUY,0.03,4423.66,4423.66,0.00,+0.0,4423.45,4423.45,4426.90,9.0,0.0,0.00,0,0.00,0.00,0.00,4775.66,75.66,INITIAL_FILL
2026-09-06 19:12:51.504,1788721971.505,ORDER_FILLED,360287970300000023,360287970300000031,C,SELL,0.03,4423.57,4423.57,0.00,+0.0,4423.69,4423.69,4420.24,9.0,0.0,0.00,0,0.00,0.00,0.00,4775.66,75.66,INITIAL_FILL
2026-09-06 19:12:51.506,1788721971.507,POSITION_CLOSED_STOP_LOSS,360287970300000035,360287970300000014,C,BUY,0.03,4423.66,4423.66,4423.45,+0.0,4423.45,4423.45,4426.90,0.0,0.0,0.00,0,-0.63,0.21,-0.84,4774.82,74.82,STOP_LOSS
2026-09-06 19:12:51.512,1788721971.512,POSITION_CLOSED_WIN_TP,360287970300000044,360287970300000031,C,SELL,0.03,4423.57,4423.57,4420.24,+0.0,4421.90,4421.90,4420.24,0.0,0.0,0.00,0,9.99,0.21,9.78,4784.60,84.60,WIN_TP
2026-09-06 19:12:51.622,1788721971.622,ORDER_FILLED,360287970300000051,360287970300000052,C,BUY,0.03,4418.07,4418.07,0.00,+0.0,4417.86,4417.86,4421.31,9.0,0.0,0.00,0,0.00,0.00,0.00,4784.60,84.60,INITIAL_FILL
2026-09-06 19:12:51.622,1788721971.622,ORDER_FILLED,360287970300000056,360287970300000063,C,SELL,0.03,4417.98,4417.98,0.00,+0.0,4418.10,4418.10,4414.65,9.0,0.0,0.00,0,0.00,0.00,0.00,4784.60,84.60,INITIAL_FILL
2026-09-06 19:12:51.624,1788721971.624,POSITION_CLOSED_STOP_LOSS,360287970300000071,360287970300000052,C,BUY,0.03,4418.07,4418.07,4417.86,+0.0,4417.86,4417.86,4421.31,0.0,0.0,0.00,0,-0.63,0.21,-0.84,4783.76,83.76,STOP_LOSS
2026-09-06 19:12:51.629,1788721971.630,POSITION_CLOSED_STOP_LOSS,360287970300000072,360287970300000063,C,SELL,0.03,4417.98,4417.98,4418.10,+0.0,4418.10,4418.10,4414.65,0.0,0.0,0.00,0,-0.36,0.21,-0.57,4783.19,83.19,STOP_LOSS
2026-09-06 19:12:51.701,1788721971.702,ORDER_FILLED,360287970300000080,360287970300000086,C,BUY,0.03,4420.63,4420.63,0.00,+0.0,4420.42,4420.42,4423.87,9.0,0.0,0.00,0,0.00,0.00,0.00,4783.19,83.19,INITIAL_FILL
2026-09-06 19:12:51.702,1788721971.703,ORDER_FILLED,360287970300000093,360287970300000097,C,SELL,0.03,4420.54,4420.54,0.00,+0.0,4420.66,4420.66,4417.21,9.0,0.0,0.00,0,0.00,0.00,0.00,4783.19,83.19,INITIAL_FILL
2026-09-06 19:12:51.703,1788721971.704,POSITION_CLOSED_STOP_LOSS,360287970300000106,360287970300000086,C,BUY,0.03,4420.63,4420.63,4420.42,+0.0,4420.42,4420.42,4423.87,0.0,0.0,0.00,0,-0.63,0.21,-0.84,4782.35,82.35,STOP_LOSS
2026-09-06 19:12:51.730,1788721971.731,POSITION_CLOSED_BE_PROTECTED,360287970300000113,360287970300000097,C,SELL,0.03,4420.54,4420.54,4420.49,+0.0,4420.49,4420.49,4417.21,0.0,0.0,0.00,0,0.15,0.21,-0.06,4782.29,82.29,BE_PROTECTED
2026-09-06 19:12:51.786,1788721971.787,ORDER_FILLED,360287970300000120,360287970300000122,C,BUY,0.03,4420.95,4420.95,0.00,+0.0,4420.74,4420.74,4424.19,9.0,0.0,0.00,0,0.00,0.00,0.00,4782.29,82.29,INITIAL_FILL
2026-09-06 19:12:51.787,1788721971.787,ORDER_FILLED,360287970300000130,360287970300000131,C,SELL,0.03,4420.86,4420.86,0.00,+0.0,4420.98,4420.98,4417.53,9.0,0.0,0.00,0,0.00,0.00,0.00,4782.29,82.29,INITIAL_FILL
2026-09-06 19:12:51.788,1788721971.789,POSITION_CLOSED_STOP_LOSS,360287970300000134,360287970300000122,C,BUY,0.03,4420.95,4420.95,4420.74,+0.0,4420.74,4420.74,4424.19,0.0,0.0,0.00,0,-0.63,0.21,-0.84,4781.45,81.45,STOP_LOSS
2026-09-06 19:12:51.818,1788721971.818,POSITION_CLOSED_WIN_TP,360287970300000136,360287970300000131,C,SELL,0.03,4420.86,4420.86,4417.53,+0.0,4419.19,4419.19,4417.53,0.0,0.0,0.00,0,9.99,0.21,9.78,4791.23,91.23,WIN_TP
2026-09-06 19:12:51.883,1788721971.883,ORDER_FILLED,360287970300000145,360287970300000154,C,BUY,0.03,4416.12,4416.12,0.00,+0.0,4415.91,4415.91,4419.36,9.0,0.0,0.00,0,0.00,0.00,0.00,4791.23,91.23,INITIAL_FILL
2026-09-06 19:12:51.884,1788721971.884,ORDER_FILLED,360287970300000156,360287970300000158,C,SELL,0.03,4416.03,4416.03,0.00,+0.0,4416.15,4416.15,4412.70,9.0,0.0,0.00,0,0.00,0.00,0.00,4791.23,91.23,INITIAL_FILL
2026-09-06 19:12:51.887,1788721971.887,POSITION_CLOSED_STOP_LOSS,360287970300000165,360287970300000154,C,BUY,0.03,4416.12,4416.12,4415.91,+0.0,4415.91,4415.91,4419.36,0.0,0.0,0.00,0,-0.63,0.21,-0.84,4790.39,90.39,STOP_LOSS
2026-09-06 19:12:51.909,1788721971.909,POSITION_CLOSED_WIN_TP,360287970300000166,360287970300000158,C,SELL,0.03,4416.03,4416.03,4412.70,+0.0,4414.36,4414.36,4412.70,0.0,0.0,0.00,0,9.99,0.21,9.78,4800.17,100.17,WIN_TP
2026-09-06 19:12:51.935,1788721971.935,ORDER_FILLED,360287970300000170,360287970300000171,C,BUY,0.03,4411.18,4411.18,0.00,+0.0,4410.97,4410.97,4414.42,9.0,0.0,0.00,0,0.00,0.00,0.00,4800.17,100.17,INITIAL_FILL
2026-09-06 19:12:51.936,1788721971.936,ORDER_FILLED,360287970300000176,360287970300000178,C,SELL,0.03,4411.09,4411.09,0.00,+0.0,4411.21,4411.21,4407.76,9.0,0.0,0.00,0,0.00,0.00,0.00,4800.17,100.17,INITIAL_FILL
2026-09-06 19:12:51.938,1788721971.938,POSITION_CLOSED_STOP_LOSS,360287970300000179,360287970300000171,C,BUY,0.03,4411.18,4411.18,4410.97,+0.0,4410.97,4410.97,4414.42,0.0,0.0,0.00,0,-0.63,0.21,-0.84,4799.33,99.33,STOP_LOSS
2026-09-06 19:12:51.946,1788721971.946,POSITION_CLOSED_WIN_TP,360287970300000188,360287970300000178,C,SELL,0.03,4411.09,4411.09,4407.76,+0.0,4409.43,4409.43,4407.76,0.0,0.0,0.00,0,9.99,0.21,9.78,4809.11,109.11,WIN_TP
2026-09-06 19:12:52.117,1788721972.117,ORDER_FILLED,360287970300000195,360287970300000199,C,BUY,0.03,4397.64,4397.64,0.00,+0.0,4397.43,4397.43,4400.88,9.0,0.0,0.00,0,0.00,0.00,0.00,4809.11,109.11,INITIAL_FILL
2026-09-06 19:12:52.117,1788721972.117,ORDER_FILLED,360287970300000206,360287970300000213,C,SELL,0.03,4397.55,4397.55,0.00,+0.0,4397.67,4397.67,4394.22,9.0,0.0,0.00,0,0.00,0.00,0.00,4809.11,109.11,INITIAL_FILL
2026-09-06 19:12:52.119,1788721972.119,POSITION_CLOSED_STOP_LOSS,360287970300000216,360287970300000199,C,BUY,0.03,4397.64,4397.64,4397.43,+0.0,4397.43,4397.43,4400.88,0.0,0.0,0.00,0,-0.63,0.21,-0.84,4808.27,108.27,STOP_LOSS
2026-09-06 19:12:52.149,1788721972.149,POSITION_CLOSED_RATCHET_WIN,360287970300000218,360287970300000213,C,SELL,0.03,4397.55,4397.55,4396.72,+0.0,4396.72,4396.72,4394.22,0.0,0.0,0.00,0,2.49,0.21,2.28,4810.55,110.55,RATCHET_WIN
2026-09-06 19:12:52.211,1788721972.212,ORDER_FILLED,360287970300000225,360287970300000227,C,BUY,0.03,4397.03,4397.03,0.00,+0.0,4396.82,4396.82,4400.27,9.0,0.0,0.00,0,0.00,0.00,0.00,4810.55,110.55,INITIAL_FILL
2026-09-06 19:12:52.212,1788721972.212,ORDER_FILLED,360287970300000229,360287970300000231,C,SELL,0.03,4396.94,4396.94,0.00,+0.0,4397.06,4397.06,4393.61,9.0,0.0,0.00,0,0.00,0.00,0.00,4810.55,110.55,INITIAL_FILL
2026-09-06 19:12:52.213,1788721972.214,POSITION_CLOSED_STOP_LOSS,360287970300000238,360287970300000227,C,BUY,0.03,4397.03,4397.03,4396.82,+0.0,4396.82,4396.82,4400.27,0.0,0.0,0.00,0,-0.63,0.21,-0.84,4809.71,109.71,STOP_LOSS
2026-09-06 19:12:52.232,1788721972.232,POSITION_CLOSED_WIN_TP,360287970300000247,360287970300000231,C,SELL,0.03,4396.94,4396.94,4393.61,+0.0,4395.27,4395.27,4393.61,0.0,0.0,0.00,0,9.99,0.21,9.78,4819.49,119.49,WIN_TP
2026-09-06 19:12:52.260,1788721972.260,ORDER_FILLED,360287970300000256,360287970300000259,C,BUY,0.03,4385.11,4385.11,0.00,+0.0,4384.90,4384.90,4388.35,9.0,0.0,0.00,0,0.00,0.00,0.00,4819.49,119.49,INITIAL_FILL
2026-09-06 19:12:52.262,1788721972.262,ORDER_FILLED,360287970300000262,360287970300000265,C,SELL,0.03,4385.02,4385.02,0.00,+0.0,4385.14,4385.14,4381.69,9.0,0.0,0.00,0,0.00,0.00,0.00,4819.49,119.49,INITIAL_FILL
2026-09-06 19:12:52.264,1788721972.264,POSITION_CLOSED_STOP_LOSS,360287970300000273,360287970300000265,C,SELL,0.03,4385.02,4385.02,4385.14,+0.0,4385.14,4385.14,4381.69,0.0,0.0,0.00,0,-0.36,0.21,-0.57,4818.92,118.92,STOP_LOSS
2026-09-06 19:12:52.271,1788721972.271,POSITION_CLOSED_STOP_LOSS,360287970300000282,360287970300000259,C,BUY,0.03,4385.11,4385.11,4384.90,+0.0,4384.90,4384.90,4388.35,0.0,0.0,0.00,0,-0.63,0.21,-0.84,4818.08,118.08,STOP_LOSS
2026-09-06 19:12:52.290,1788721972.291,ORDER_FILLED,360287970300000287,360287970300000295,C,BUY,0.03,4383.04,4383.04,0.00,+0.0,4382.83,4382.83,4386.28,9.0,0.0,0.00,0,0.00,0.00,0.00,4818.08,118.08,INITIAL_FILL
2026-09-06 19:12:52.291,1788721972.292,ORDER_FILLED,360287970300000300,360287970300000309,C,SELL,0.03,4382.95,4382.95,0.00,+0.0,4383.07,4383.07,4379.62,9.0,0.0,0.00,0,0.00,0.00,0.00,4818.08,118.08,INITIAL_FILL
2026-09-06 19:12:52.293,1788721972.294,POSITION_CLOSED_STOP_LOSS,360287970300000311,360287970300000295,C,BUY,0.03,4383.04,4383.04,4382.83,+0.0,4382.83,4382.83,4386.28,0.0,0.0,0.00,0,-0.63,0.21,-0.84,4817.24,117.24,STOP_LOSS
2026-09-06 19:12:52.301,1788721972.302,POSITION_CLOSED_WIN_TP,360287970300000318,360287970300000309,C,SELL,0.03,4382.95,4382.95,4379.62,+0.0,4381.28,4381.28,4379.62,0.0,0.0,0.00,0,9.99,0.21,9.78,4827.02,127.02,WIN_TP
2026-09-06 19:12:52.363,1788721972.364,ORDER_FILLED,360287970300000326,360287970300000335,C,BUY,0.03,4373.90,4373.90,0.00,+0.0,4373.69,4373.69,4377.14,9.0,0.0,0.00,0,0.00,0.00,0.00,4827.02,127.02,INITIAL_FILL
2026-09-06 19:12:52.364,1788721972.365,ORDER_FILLED,360287970300000344,360287970300000347,C,SELL,0.03,4373.81,4373.81,0.00,+0.0,4373.93,4373.93,4370.48,9.0,0.0,0.00,0,0.00,0.00,0.00,4827.02,127.02,INITIAL_FILL
2026-09-06 19:12:52.366,1788721972.367,POSITION_CLOSED_STOP_LOSS,360287970300000352,360287970300000335,C,BUY,0.03,4373.90,4373.90,4373.69,+0.0,4373.69,4373.69,4377.14,0.0,0.0,0.00,0,-0.63,0.21,-0.84,4826.18,126.18,STOP_LOSS
2026-09-06 19:12:52.383,1788721972.383,POSITION_CLOSED_WIN_TP,360287970300000359,360287970300000347,C,SELL,0.03,4373.81,4373.81,4370.48,+0.0,4372.15,4372.15,4370.48,0.0,0.0,0.00,0,9.99,0.21,9.78,4835.96,135.96,WIN_TP
2026-09-06 19:12:52.450,1788721972.450,ORDER_FILLED,360287970300000362,360287970300000366,C,BUY,0.03,4380.64,4380.64,0.00,+0.0,4380.43,4380.43,4383.88,9.0,0.0,0.00,0,0.00,0.00,0.00,4835.96,135.96,INITIAL_FILL
2026-09-06 19:12:52.451,1788721972.451,ORDER_FILLED,360287970300000369,360287970300000372,C,SELL,0.03,4380.55,4380.55,0.00,+0.0,4380.67,4380.67,4377.22,9.0,0.0,0.00,0,0.00,0.00,0.00,4835.96,135.96,INITIAL_FILL
2026-09-06 19:12:52.453,1788721972.453,POSITION_CLOSED_STOP_LOSS,360287970300000380,360287970300000366,C,BUY,0.03,4380.64,4380.64,4380.43,+0.0,4380.43,4380.43,4383.88,0.0,0.0,0.00,0,-0.63,0.21,-0.84,4835.12,135.12,STOP_LOSS
2026-09-06 19:12:52.460,1788721972.461,POSITION_CLOSED_WIN_TP,360287970300000385,360287970300000372,C,SELL,0.03,4380.55,4380.55,4377.22,+0.0,4378.89,4378.89,4377.22,0.0,0.0,0.00,0,9.99,0.21,9.78,4844.90,144.90,WIN_TP
2026-09-06 19:12:52.726,1788721972.726,ORDER_FILLED,360287970300000388,360287970300000391,C,BUY,0.03,4376.74,4376.74,0.00,+0.0,4376.53,4376.53,4379.98,9.0,0.0,0.00,0,0.00,0.00,0.00,4844.90,144.90,INITIAL_FILL
2026-09-06 19:12:52.727,1788721972.727,ORDER_FILLED,360287970300000399,360287970300000408,C,SELL,0.03,4376.65,4376.65,0.00,+0.0,4376.77,4376.77,4373.32,9.0,0.0,0.00,0,0.00,0.00,0.00,4844.90,144.90,INITIAL_FILL
2026-09-06 19:12:52.728,1788721972.729,POSITION_CLOSED_STOP_LOSS,360287970300000411,360287970300000391,C,BUY,0.03,4376.74,4376.74,4376.53,+0.0,4376.53,4376.53,4379.98,0.0,0.0,0.00,0,-0.63,0.21,-0.84,4844.06,144.06,STOP_LOSS
2026-09-06 19:12:52.732,1788721972.733,POSITION_CLOSED_STOP_LOSS,360287970300000413,360287970300000408,C,SELL,0.03,4376.65,4376.65,4376.77,+0.0,4376.77,4376.77,4373.32,0.0,0.0,0.00,0,-0.36,0.21,-0.57,4843.49,143.49,STOP_LOSS
2026-09-06 19:12:52.796,1788721972.797,ORDER_FILLED,360287970300000420,360287970300000424,C,BUY,0.03,4370.61,4370.61,0.00,+0.0,4370.40,4370.40,4373.85,9.0,0.0,0.00,0,0.00,0.00,0.00,4843.49,143.49,INITIAL_FILL
2026-09-06 19:12:52.797,1788721972.798,ORDER_FILLED,360287970300000431,360287970300000437,C,SELL,0.03,4370.52,4370.52,0.00,+0.0,4370.64,4370.64,4367.19,9.0,0.0,0.00,0,0.00,0.00,0.00,4843.49,143.49,INITIAL_FILL
2026-09-06 19:12:52.799,1788721972.800,POSITION_CLOSED_STOP_LOSS,360287970300000445,360287970300000424,C,BUY,0.03,4370.61,4370.61,4370.40,+0.0,4370.40,4370.40,4373.85,0.0,0.0,0.00,0,-0.63,0.21,-0.84,4842.65,142.65,STOP_LOSS
2026-09-06 19:12:52.816,1788721972.817,POSITION_CLOSED_WIN_TP,360287970300000449,360287970300000437,C,SELL,0.03,4370.52,4370.52,4367.19,+0.0,4368.86,4368.86,4367.19,0.0,0.0,0.00,0,9.99,0.21,9.78,4852.43,152.43,WIN_TP
2026-09-06 19:12:52.856,1788721972.857,ORDER_FILLED,360287970300000455,360287970300000459,C,BUY,0.03,4373.81,4373.81,0.00,+0.0,4373.60,4373.60,4377.05,9.0,0.0,0.00,0,0.00,0.00,0.00,4852.43,152.43,INITIAL_FILL
2026-09-06 19:12:52.857,1788721972.858,ORDER_FILLED,360287970300000461,360287970300000465,C,SELL,0.03,4373.72,4373.72,0.00,+0.0,4373.84,4373.84,4370.39,9.0,0.0,0.00,0,0.00,0.00,0.00,4852.43,152.43,INITIAL_FILL
2026-09-06 19:12:52.858,1788721972.859,POSITION_CLOSED_STOP_LOSS,360287970300000468,360287970300000459,C,BUY,0.03,4373.81,4373.81,4373.60,+0.0,4373.60,4373.60,4377.05,0.0,0.0,0.00,0,-0.63,0.21,-0.84,4851.59,151.59,STOP_LOSS
2026-09-06 19:12:52.860,1788721972.861,POSITION_CLOSED_WIN_TP,360287970300000470,360287970300000465,C,SELL,0.03,4373.72,4373.72,4370.39,+0.0,4372.06,4372.06,4370.39,0.0,0.0,0.00,0,9.99,0.21,9.78,4861.37,161.37,WIN_TP
2026-09-06 19:12:53.066,1788721973.066,ORDER_FILLED,360287970300000478,360287970300000483,C,BUY,0.03,4376.77,4376.77,0.00,+0.0,4376.56,4376.56,4380.01,9.0,0.0,0.00,0,0.00,0.00,0.00,4861.37,161.37,INITIAL_FILL
2026-09-06 19:12:53.067,1788721973.068,ORDER_FILLED,360287970300000488,360287970300000493,C,SELL,0.03,4376.68,4376.68,0.00,+0.0,4376.80,4376.80,4373.35,9.0,0.0,0.00,0,0.00,0.00,0.00,4861.37,161.37,INITIAL_FILL
2026-09-06 19:12:53.069,1788721973.070,POSITION_CLOSED_STOP_LOSS,360287970300000497,360287970300000483,C,BUY,0.03,4376.77,4376.77,4376.56,+0.0,4376.56,4376.56,4380.01,0.0,0.0,0.00,0,-0.63,0.21,-0.84,4860.53,160.53,STOP_LOSS
2026-09-06 19:12:53.097,1788721973.097,POSITION_CLOSED_STOP_LOSS,360287970300000505,360287970300000493,C,SELL,0.03,4376.68,4376.68,4376.80,+0.0,4376.80,4376.80,4373.35,0.0,0.0,0.00,0,-0.36,0.21,-0.57,4859.96,159.96,STOP_LOSS
2026-09-06 19:12:53.116,1788721973.116,ORDER_FILLED,360287970300000510,360287970300000519,C,BUY,0.03,4376.22,4376.22,0.00,+0.0,4376.01,4376.01,4379.46,9.0,0.0,0.00,0,0.00,0.00,0.00,4859.96,159.96,INITIAL_FILL
2026-09-06 19:12:53.117,1788721973.117,ORDER_FILLED,360287970300000524,360287970300000529,C,SELL,0.03,4376.13,4376.13,0.00,+0.0,4376.25,4376.25,4372.80,9.0,0.0,0.00,0,0.00,0.00,0.00,4859.96,159.96,INITIAL_FILL
2026-09-06 19:12:53.118,1788721973.118,POSITION_CLOSED_STOP_LOSS,360287970300000532,360287970300000519,C,BUY,0.03,4376.22,4376.22,4376.01,+0.0,4376.01,4376.01,4379.46,0.0,0.0,0.00,0,-0.63,0.21,-0.84,4859.12,159.12,STOP_LOSS
2026-09-06 19:12:53.134,1788721973.135,POSITION_CLOSED_BE_PROTECTED,360287970300000539,360287970300000529,C,SELL,0.03,4376.13,4376.13,4376.08,+0.0,4376.08,4376.08,4372.80,0.0,0.0,0.00,0,0.15,0.21,-0.06,4859.06,159.06,BE_PROTECTED
2026-09-06 19:12:53.147,1788721973.147,ORDER_FILLED,360287970300000547,360287970300000554,C,BUY,0.03,4375.28,4375.28,0.00,+0.0,4375.07,4375.07,4378.52,9.0,0.0,0.00,0,0.00,0.00,0.00,4859.06,159.06,INITIAL_FILL
2026-09-06 19:12:53.148,1788721973.148,ORDER_FILLED,360287970300000557,360287970300000565,C,SELL,0.03,4375.19,4375.19,0.00,+0.0,4375.31,4375.31,4371.86,9.0,0.0,0.00,0,0.00,0.00,0.00,4859.06,159.06,INITIAL_FILL
2026-09-06 19:12:53.149,1788721973.150,POSITION_CLOSED_STOP_LOSS,360287970300000566,360287970300000554,C,BUY,0.03,4375.28,4375.28,4375.07,+0.0,4375.07,4375.07,4378.52,0.0,0.0,0.00,0,-0.63,0.21,-0.84,4858.22,158.22,STOP_LOSS
2026-09-06 19:12:53.194,1788721973.194,POSITION_CLOSED_WIN_TP,360287970300000572,360287970300000565,C,SELL,0.03,4375.19,4375.19,4371.86,+0.0,4373.52,4373.52,4371.86,0.0,0.0,0.00,0,9.99,0.21,9.78,4868.00,168.00,WIN_TP
2026-09-06 19:12:53.212,1788721973.212,ORDER_FILLED,360287970300000575,360287970300000579,C,BUY,0.03,4372.98,4372.98,0.00,+0.0,4372.77,4372.77,4376.22,9.0,0.0,0.00,0,0.00,0.00,0.00,4868.00,168.00,INITIAL_FILL
2026-09-06 19:12:53.213,1788721973.213,ORDER_FILLED,360287970300000583,360287970300000592,C,SELL,0.03,4372.89,4372.89,0.00,+0.0,4373.01,4373.01,4369.56,9.0,0.0,0.00,0,0.00,0.00,0.00,4868.00,168.00,INITIAL_FILL
2026-09-06 19:12:53.217,1788721973.217,POSITION_CLOSED_STOP_LOSS,360287970300000597,360287970300000579,C,BUY,0.03,4372.98,4372.98,4372.77,+0.0,4372.77,4372.77,4376.22,0.0,0.0,0.00,0,-0.63,0.21,-0.84,4867.16,167.16,STOP_LOSS
2026-09-06 19:12:53.221,1788721973.221,POSITION_CLOSED_WIN_TP,360287970300000600,360287970300000592,C,SELL,0.03,4372.89,4372.89,4369.56,+0.0,4371.23,4371.23,4369.56,0.0,0.0,0.00,0,9.99,0.21,9.78,4876.94,176.94,WIN_TP
2026-09-06 19:12:53.251,1788721973.252,ORDER_FILLED,360287970300000602,360287970300000605,C,BUY,0.03,4370.82,4370.82,0.00,+0.0,4370.61,4370.61,4374.06,9.0,0.0,0.00,0,0.00,0.00,0.00,4876.94,176.94,INITIAL_FILL
2026-09-06 19:12:53.252,1788721973.253,ORDER_FILLED,360287970300000608,360287970300000613,C,SELL,0.03,4370.73,4370.73,0.00,+0.0,4370.85,4370.85,4367.40,9.0,0.0,0.00,0,0.00,0.00,0.00,4876.94,176.94,INITIAL_FILL
2026-09-06 19:12:53.254,1788721973.254,POSITION_CLOSED_STOP_LOSS,360287970300000616,360287970300000605,C,BUY,0.03,4370.82,4370.82,4370.61,+0.0,4370.61,4370.61,4374.06,0.0,0.0,0.00,0,-0.63,0.21,-0.84,4876.10,176.10,STOP_LOSS
2026-09-06 19:12:53.284,1788721973.284,POSITION_CLOSED_RATCHET_WIN,360287970300000624,360287970300000613,C,SELL,0.03,4370.73,4370.73,4369.06,+0.0,4369.06,4369.06,4367.40,0.0,0.0,0.00,0,5.01,0.21,4.80,4880.90,180.90,RATCHET_WIN
2026-09-06 19:12:53.490,1788721973.490,ORDER_FILLED,360287970300000631,360287970300000639,C,BUY,0.03,4372.13,4372.13,0.00,+0.0,4371.92,4371.92,4375.37,9.0,0.0,0.00,0,0.00,0.00,0.00,4880.90,180.90,INITIAL_FILL
2026-09-06 19:12:53.491,1788721973.492,ORDER_FILLED,360287970300000640,360287970300000648,C,SELL,0.03,4372.04,4372.04,0.00,+0.0,4372.16,4372.16,4368.71,9.0,0.0,0.00,0,0.00,0.00,0.00,4880.90,180.90,INITIAL_FILL
2026-09-06 19:12:53.493,1788721973.493,POSITION_CLOSED_STOP_LOSS,360287970300000651,360287970300000639,C,BUY,0.03,4372.13,4372.13,4371.92,+0.0,4371.92,4371.92,4375.37,0.0,0.0,0.00,0,-0.63,0.21,-0.84,4880.06,180.06,STOP_LOSS
2026-09-06 19:12:53.507,1788721973.507,POSITION_CLOSED_RATCHET_WIN,360287970300000659,360287970300000648,C,SELL,0.03,4372.04,4372.04,4370.38,+0.0,4370.38,4370.38,4368.71,0.0,0.0,0.00,0,4.98,0.21,4.77,4884.83,184.83,RATCHET_WIN
2026-09-06 19:12:53.735,1788721973.735,ORDER_FILLED,360287970300000667,360287970300000669,C,BUY,0.03,4368.49,4368.49,0.00,+0.0,4368.28,4368.28,4371.73,9.0,0.0,0.00,0,0.00,0.00,0.00,4884.83,184.83,INITIAL_FILL
2026-09-06 19:12:53.736,1788721973.736,ORDER_FILLED,360287970300000670,360287970300000679,C,SELL,0.03,4368.40,4368.40,0.00,+0.0,4368.52,4368.52,4365.07,9.0,0.0,0.00,0,0.00,0.00,0.00,4884.83,184.83,INITIAL_FILL
2026-09-06 19:12:53.738,1788721973.738,POSITION_CLOSED_STOP_LOSS,360287970300000681,360287970300000669,C,BUY,0.03,4368.49,4368.49,4368.28,+0.0,4368.28,4368.28,4371.73,0.0,0.0,0.00,0,-0.63,0.21,-0.84,4883.99,183.99,STOP_LOSS
2026-09-06 19:12:53.739,1788721973.739,POSITION_CLOSED_WIN_TP,360287970300000687,360287970300000679,C,SELL,0.03,4368.40,4368.40,4365.07,+0.0,4366.73,4366.73,4365.07,0.0,0.0,0.00,0,9.99,0.21,9.78,4893.77,193.77,WIN_TP
2026-09-06 19:12:53.814,1788721973.814,ORDER_FILLED,360287970300000688,360287970300000697,C,BUY,0.03,4370.40,4370.40,0.00,+0.0,4370.19,4370.19,4373.64,9.0,0.0,0.00,0,0.00,0.00,0.00,4893.77,193.77,INITIAL_FILL
2026-09-06 19:12:53.814,1788721973.815,ORDER_FILLED,360287970300000698,360287970300000699,C,SELL,0.03,4370.31,4370.31,0.00,+0.0,4370.43,4370.43,4366.98,9.0,0.0,0.00,0,0.00,0.00,0.00,4893.77,193.77,INITIAL_FILL
2026-09-06 19:12:53.817,1788721973.817,POSITION_CLOSED_STOP_LOSS,360287970300000707,360287970300000697,C,BUY,0.03,4370.40,4370.40,4370.19,+0.0,4370.19,4370.19,4373.64,0.0,0.0,0.00,0,-0.63,0.21,-0.84,4892.93,192.93,STOP_LOSS
2026-09-06 19:12:53.848,1788721973.849,POSITION_CLOSED_WIN_TP,360287970300000715,360287970300000699,C,SELL,0.03,4370.31,4370.31,4366.98,+0.0,4368.65,4368.65,4366.98,0.0,0.0,0.00,0,9.99,0.21,9.78,4902.71,202.71,WIN_TP
2026-09-06 19:12:54.958,1788721974.959,ORDER_FILLED,360287970300000719,360287970300000721,C,BUY,0.03,4378.17,4378.17,0.00,+0.0,4377.96,4377.96,4381.41,9.0,0.0,0.00,0,0.00,0.00,0.00,4902.71,202.71,INITIAL_FILL
2026-09-06 19:12:54.959,1788721974.960,ORDER_FILLED,360287970300000727,360287970300000728,C,SELL,0.03,4378.08,4378.08,0.00,+0.0,4378.20,4378.20,4374.75,9.0,0.0,0.00,0,0.00,0.00,0.00,4902.71,202.71,INITIAL_FILL
2026-09-06 19:12:54.961,1788721974.962,POSITION_CLOSED_STOP_LOSS,360287970300000732,360287970300000721,C,BUY,0.03,4378.17,4378.17,4377.96,+0.0,4377.96,4377.96,4381.41,0.0,0.0,0.00,0,-0.63,0.21,-0.84,4901.87,201.87,STOP_LOSS
2026-09-06 19:12:54.983,1788721974.984,POSITION_CLOSED_RATCHET_WIN,360287970300000734,360287970300000728,C,SELL,0.03,4378.08,4378.08,4377.25,+0.0,4377.25,4377.25,4374.75,0.0,0.0,0.00,0,2.49,0.21,2.28,4904.15,204.15,RATCHET_WIN
2026-09-06 19:12:55.284,1788721975.285,ORDER_FILLED,360287970300000743,360287970300000746,C,BUY,0.03,4380.22,4380.22,0.00,+0.0,4380.01,4380.01,4383.46,9.0,0.0,0.00,0,0.00,0.00,0.00,4904.15,204.15,INITIAL_FILL
2026-09-06 19:12:55.285,1788721975.286,ORDER_FILLED,360287970300000748,360287970300000752,C,SELL,0.03,4380.13,4380.13,0.00,+0.0,4380.25,4380.25,4376.80,9.0,0.0,0.00,0,0.00,0.00,0.00,4904.15,204.15,INITIAL_FILL
2026-09-06 19:12:55.287,1788721975.288,POSITION_CLOSED_STOP_LOSS,360287970300000756,360287970300000746,C,BUY,0.03,4380.22,4380.22,4380.01,+0.0,4380.01,4380.01,4383.46,0.0,0.0,0.00,0,-0.63,0.21,-0.84,4903.31,203.31,STOP_LOSS
2026-09-06 19:12:55.360,1788721975.360,POSITION_CLOSED_RATCHET_WIN,360287970300000757,360287970300000752,C,SELL,0.03,4380.13,4380.13,4380.08,+0.0,4380.08,4380.08,4376.80,0.0,0.0,0.10,0,0.15,0.21,-0.06,4903.25,203.25,RATCHET_WIN
2026-09-06 19:12:55.532,1788721975.533,ORDER_FILLED,360287970300000759,360287970300000768,C,BUY,0.03,4380.46,4380.46,0.00,+0.0,4380.25,4380.25,4383.70,9.0,0.0,0.00,0,0.00,0.00,0.00,4903.25,203.25,INITIAL_FILL
2026-09-06 19:12:55.533,1788721975.534,ORDER_FILLED,360287970300000773,360287970300000776,C,SELL,0.03,4380.37,4380.37,0.00,+0.0,4380.49,4380.49,4377.04,9.0,0.0,0.00,0,0.00,0.00,0.00,4903.25,203.25,INITIAL_FILL
2026-09-06 19:12:55.539,1788721975.540,POSITION_CLOSED_STOP_LOSS,360287970300000780,360287970300000768,C,BUY,0.03,4380.46,4380.46,4380.25,+0.0,4380.25,4380.25,4383.70,0.0,0.0,0.00,0,-0.63,0.21,-0.84,4902.41,202.41,STOP_LOSS
2026-09-06 19:12:55.547,1788721975.548,POSITION_CLOSED_WIN_TP,360287970300000785,360287970300000776,C,SELL,0.03,4380.37,4380.37,4377.04,+0.0,4378.70,4378.70,4377.04,0.0,0.0,0.00,0,9.99,0.21,9.78,4912.19,212.19,WIN_TP
2026-09-06 19:12:56.138,1788721976.139,ORDER_FILLED,360287970300000790,360287970300000798,C,BUY,0.03,4379.71,4379.71,0.00,+0.0,4379.50,4379.50,4382.95,9.0,0.0,0.00,0,0.00,0.00,0.00,4912.19,212.19,INITIAL_FILL
2026-09-06 19:12:56.139,1788721976.140,ORDER_FILLED,360287970300000807,360287970300000813,C,SELL,0.03,4379.62,4379.62,0.00,+0.0,4379.74,4379.74,4376.29,9.0,0.0,0.00,0,0.00,0.00,0.00,4912.19,212.19,INITIAL_FILL
2026-09-06 19:12:56.140,1788721976.141,POSITION_CLOSED_STOP_LOSS,360287970300000816,360287970300000813,C,SELL,0.03,4379.62,4379.62,4379.74,+0.0,4379.74,4379.74,4376.29,0.0,0.0,0.00,0,-0.36,0.21,-0.57,4911.62,211.62,STOP_LOSS
2026-09-06 19:12:56.160,1788721976.161,POSITION_CLOSED_RATCHET_WIN,360287970300000823,360287970300000798,C,BUY,0.03,4379.71,4379.71,4380.54,+0.0,4380.54,4380.54,4382.95,0.0,0.0,0.00,0,2.49,0.21,2.28,4913.90,213.90,RATCHET_WIN
2026-09-06 19:12:56.783,1788721976.784,ORDER_FILLED,360287970300000827,360287970300000835,C,BUY,0.03,4374.41,4374.41,0.00,+0.0,4374.20,4374.20,4377.65,9.0,0.0,0.00,0,0.00,0.00,0.00,4913.90,213.90,INITIAL_FILL
2026-09-06 19:12:56.784,1788721976.785,ORDER_FILLED,360287970300000837,360287970300000845,C,SELL,0.03,4374.32,4374.32,0.00,+0.0,4374.44,4374.44,4370.99,9.0,0.0,0.00,0,0.00,0.00,0.00,4913.90,213.90,INITIAL_FILL
2026-09-06 19:12:56.786,1788721976.787,POSITION_CLOSED_STOP_LOSS,360287970300000846,360287970300000835,C,BUY,0.03,4374.41,4374.41,4374.20,+0.0,4374.20,4374.20,4377.65,0.0,0.0,0.00,0,-0.63,0.21,-0.84,4913.06,213.06,STOP_LOSS
2026-09-06 19:12:56.845,1788721976.845,POSITION_CLOSED_WIN_TP,360287970300000851,360287970300000845,C,SELL,0.03,4374.32,4374.32,4370.99,+0.0,4372.65,4372.65,4370.99,0.0,0.0,0.10,0,9.99,0.21,9.78,4922.84,222.84,WIN_TP
2026-09-06 19:12:57.007,1788721977.008,ORDER_FILLED,360287970300000857,360287970300000859,C,BUY,0.03,4370.92,4370.92,0.00,+0.0,4370.71,4370.71,4374.16,9.0,0.0,0.00,0,0.00,0.00,0.00,4922.84,222.84,INITIAL_FILL
2026-09-06 19:12:57.008,1788721977.009,ORDER_FILLED,360287970300000867,360287970300000869,C,SELL,0.03,4370.83,4370.83,0.00,+0.0,4370.95,4370.95,4367.50,9.0,0.0,0.00,0,0.00,0.00,0.00,4922.84,222.84,INITIAL_FILL
2026-09-06 19:12:57.011,1788721977.012,POSITION_CLOSED_STOP_LOSS,360287970300000875,360287970300000869,C,SELL,0.03,4370.83,4370.83,4370.95,+0.0,4370.95,4370.95,4367.50,0.0,0.0,0.00,0,-0.36,0.21,-0.57,4922.27,222.27,STOP_LOSS
2026-09-06 19:12:57.026,1788721977.027,POSITION_CLOSED_STOP_LOSS,360287970300000884,360287970300000859,C,BUY,0.03,4370.92,4370.92,4370.71,+0.0,4370.71,4370.71,4374.16,0.0,0.0,0.00,0,-0.63,0.21,-0.84,4921.43,221.43,STOP_LOSS
2026-09-06 19:12:57.049,1788721977.050,ORDER_FILLED,360287970300000889,360287970300000890,C,BUY,0.03,4370.66,4370.66,0.00,+0.0,4370.45,4370.45,4373.90,9.0,0.0,0.00,0,0.00,0.00,0.00,4921.43,221.43,INITIAL_FILL
2026-09-06 19:12:57.050,1788721977.051,ORDER_FILLED,360287970300000893,360287970300000896,C,SELL,0.03,4370.57,4370.57,0.00,+0.0,4370.69,4370.69,4367.24,9.0,0.0,0.00,0,0.00,0.00,0.00,4921.43,221.43,INITIAL_FILL
2026-09-06 19:12:57.051,1788721977.052,POSITION_CLOSED_STOP_LOSS,360287970300000900,360287970300000890,C,BUY,0.03,4370.66,4370.66,4370.45,+0.0,4370.45,4370.45,4373.90,0.0,0.0,0.00,0,-0.63,0.21,-0.84,4920.59,220.59,STOP_LOSS
2026-09-06 19:12:57.072,1788721977.072,POSITION_CLOSED_WIN_TP,360287970300000902,360287970300000896,C,SELL,0.03,4370.57,4370.57,4367.24,+0.0,4368.90,4368.90,4367.24,0.0,0.0,0.00,0,9.99,0.21,9.78,4930.37,230.37,WIN_TP
2026-09-06 19:12:57.209,1788721977.209,ORDER_FILLED,360287970300000904,360287970300000912,C,BUY,0.03,4373.08,4373.08,0.00,+0.0,4372.87,4372.87,4376.32,9.0,0.0,0.00,0,0.00,0.00,0.00,4930.37,230.37,INITIAL_FILL
2026-09-06 19:12:57.210,1788721977.210,ORDER_FILLED,360287970300000913,360287970300000915,C,SELL,0.03,4372.99,4372.99,0.00,+0.0,4373.11,4373.11,4369.66,9.0,0.0,0.00,0,0.00,0.00,0.00,4930.37,230.37,INITIAL_FILL
2026-09-06 19:12:57.211,1788721977.211,POSITION_CLOSED_STOP_LOSS,360287970300000917,360287970300000912,C,BUY,0.03,4373.08,4373.08,4372.87,+0.0,4372.87,4372.87,4376.32,0.0,0.0,0.00,0,-0.63,0.21,-0.84,4929.53,229.53,STOP_LOSS
2026-09-06 19:12:57.222,1788721977.223,POSITION_CLOSED_WIN_TP,360287970300000919,360287970300000915,C,SELL,0.03,4372.99,4372.99,4369.66,+0.0,4371.32,4371.32,4369.66,0.0,0.0,0.00,0,9.99,0.21,9.78,4939.31,239.31,WIN_TP
2026-09-06 19:12:57.480,1788721977.481,ORDER_FILLED,360287970300000922,360287970300000924,C,BUY,0.03,4372.84,4372.84,0.00,+0.0,4372.63,4372.63,4376.08,9.0,0.0,0.00,0,0.00,0.00,0.00,4939.31,239.31,INITIAL_FILL
2026-09-06 19:12:57.480,1788721977.481,ORDER_FILLED,360287970300000933,360287970300000939,C,SELL,0.03,4372.75,4372.75,0.00,+0.0,4372.87,4372.87,4369.42,9.0,0.0,0.00,0,0.00,0.00,0.00,4939.31,239.31,INITIAL_FILL
2026-09-06 19:12:57.482,1788721977.483,POSITION_CLOSED_STOP_LOSS,360287970300000945,360287970300000924,C,BUY,0.03,4372.84,4372.84,4372.63,+0.0,4372.63,4372.63,4376.08,0.0,0.0,0.00,0,-0.63,0.21,-0.84,4938.47,238.47,STOP_LOSS
2026-09-06 19:12:57.489,1788721977.490,POSITION_CLOSED_WIN_TP,360287970300000951,360287970300000939,C,SELL,0.03,4372.75,4372.75,4369.42,+0.0,4371.09,4371.09,4369.42,0.0,0.0,0.00,0,9.99,0.21,9.78,4948.25,248.25,WIN_TP
2026-09-06 19:12:57.527,1788721977.528,ORDER_FILLED,360287970300000958,360287970300000963,C,BUY,0.03,4367.63,4367.63,0.00,+0.0,4367.42,4367.42,4370.87,9.0,0.0,0.00,0,0.00,0.00,0.00,4948.25,248.25,INITIAL_FILL
2026-09-06 19:12:57.528,1788721977.529,ORDER_FILLED,360287970300000972,360287970300000978,C,SELL,0.03,4367.54,4367.54,0.00,+0.0,4367.66,4367.66,4364.21,9.0,0.0,0.00,0,0.00,0.00,0.00,4948.25,248.25,INITIAL_FILL
2026-09-06 19:12:57.530,1788721977.531,POSITION_CLOSED_STOP_LOSS,360287970300000987,360287970300000978,C,SELL,0.03,4367.54,4367.54,4367.66,+0.0,4367.66,4367.66,4364.21,0.0,0.0,0.00,0,-0.36,0.21,-0.57,4947.68,247.68,STOP_LOSS
2026-09-06 19:12:57.540,1788721977.541,POSITION_CLOSED_STOP_LOSS,360287970300000992,360287970300000963,C,BUY,0.03,4367.63,4367.63,4367.42,+0.0,4367.42,4367.42,4370.87,0.0,0.0,0.00,0,-0.63,0.21,-0.84,4946.84,246.84,STOP_LOSS
2026-09-06 19:12:57.590,1788721977.590,ORDER_FILLED,360287970300000993,360287970300001002,C,BUY,0.03,4357.03,4357.03,0.00,+0.0,4356.82,4356.82,4360.27,9.0,0.0,0.00,0,0.00,0.00,0.00,4946.84,246.84,INITIAL_FILL
2026-09-06 19:12:57.592,1788721977.592,ORDER_FILLED,360287970300001011,360287970300001014,C,SELL,0.03,4356.94,4356.94,0.00,+0.0,4357.06,4357.06,4353.61,9.0,0.0,0.00,0,0.00,0.00,0.00,4946.84,246.84,INITIAL_FILL
2026-09-06 19:12:57.595,1788721977.596,POSITION_CLOSED_STOP_LOSS,360287970300001021,360287970300001002,C,BUY,0.03,4357.03,4357.03,4356.82,+0.0,4356.82,4356.82,4360.27,0.0,0.0,0.00,0,-0.63,0.21,-0.84,4946.00,246.00,STOP_LOSS
2026-09-06 19:12:57.610,1788721977.611,POSITION_CLOSED_WIN_TP,360287970300001030,360287970300001014,C,SELL,0.03,4356.94,4356.94,4353.61,+0.0,4355.27,4355.27,4353.61,0.0,0.0,0.00,0,9.99,0.21,9.78,4955.78,255.78,WIN_TP
2026-09-06 19:12:57.818,1788721977.819,ORDER_FILLED,360287970300001031,360287970300001034,C,BUY,0.03,4367.33,4367.33,0.00,+0.0,4367.12,4367.12,4370.57,9.0,0.0,0.00,0,0.00,0.00,0.00,4955.78,255.78,INITIAL_FILL
2026-09-06 19:12:57.819,1788721977.819,ORDER_FILLED,360287970300001043,360287970300001044,C,SELL,0.03,4367.24,4367.24,0.00,+0.0,4367.36,4367.36,4363.91,9.0,0.0,0.00,0,0.00,0.00,0.00,4955.78,255.78,INITIAL_FILL
2026-09-06 19:12:57.820,1788721977.821,POSITION_CLOSED_STOP_LOSS,360287970300001048,360287970300001034,C,BUY,0.03,4367.33,4367.33,4367.12,+0.0,4367.12,4367.12,4370.57,0.0,0.0,0.00,0,-0.63,0.21,-0.84,4954.94,254.94,STOP_LOSS
2026-09-06 19:12:57.824,1788721977.824,POSITION_CLOSED_RATCHET_WIN,360287970300001053,360287970300001044,C,SELL,0.03,4367.24,4367.24,4366.41,+0.0,4366.41,4366.41,4363.91,0.0,0.0,0.00,0,2.49,0.21,2.28,4957.22,257.22,RATCHET_WIN
2026-09-06 19:12:57.844,1788721977.844,ORDER_FILLED,360287970300001057,360287970300001059,C,BUY,0.03,4364.51,4364.51,0.00,+0.0,4364.30,4364.30,4367.75,9.0,0.0,0.00,0,0.00,0.00,0.00,4957.22,257.22,INITIAL_FILL
2026-09-06 19:12:57.845,1788721977.845,ORDER_FILLED,360287970300001068,360287970300001069,C,SELL,0.03,4364.42,4364.42,0.00,+0.0,4364.54,4364.54,4361.09,9.0,0.0,0.00,0,0.00,0.00,0.00,4957.22,257.22,INITIAL_FILL
2026-09-06 19:12:57.847,1788721977.847,POSITION_CLOSED_STOP_LOSS,360287970300001078,360287970300001059,C,BUY,0.03,4364.51,4364.51,4364.30,+0.0,4364.30,4364.30,4367.75,0.0,0.0,0.00,0,-0.63,0.21,-0.84,4956.38,256.38,STOP_LOSS
2026-09-06 19:12:57.856,1788721977.856,POSITION_CLOSED_STOP_LOSS,360287970300001080,360287970300001069,C,SELL,0.03,4364.42,4364.42,4364.54,+0.0,4364.54,4364.54,4361.09,0.0,0.0,0.00,0,-0.36,0.21,-0.57,4955.81,255.81,STOP_LOSS
2026-09-06 19:12:57.979,1788721977.979,ORDER_FILLED,360287970300001083,360287970300001084,C,BUY,0.03,4360.12,4360.12,0.00,+0.0,4359.91,4359.91,4363.36,9.0,0.0,0.00,0,0.00,0.00,0.00,4955.81,255.81,INITIAL_FILL
2026-09-06 19:12:57.979,1788721977.980,ORDER_FILLED,360287970300001086,360287970300001089,C,SELL,0.03,4360.03,4360.03,0.00,+0.0,4360.15,4360.15,4356.70,9.0,0.0,0.00,0,0.00,0.00,0.00,4955.81,255.81,INITIAL_FILL
2026-09-06 19:12:57.981,1788721977.981,POSITION_CLOSED_STOP_LOSS,360287970300001098,360287970300001084,C,BUY,0.03,4360.12,4360.12,4359.91,+0.0,4359.91,4359.91,4363.36,0.0,0.0,0.00,0,-0.63,0.21,-0.84,4954.97,254.97,STOP_LOSS
2026-09-06 19:12:57.984,1788721977.985,POSITION_CLOSED_WIN_TP,360287970300001101,360287970300001089,C,SELL,0.03,4360.03,4360.03,4356.70,+0.0,4358.36,4358.36,4356.70,0.0,0.0,0.00,0,9.99,0.21,9.78,4964.75,264.75,WIN_TP
2026-09-06 19:12:58.002,1788721978.002,ORDER_FILLED,360287970300001105,360287970300001110,C,BUY,0.03,4356.24,4356.24,0.00,+0.0,4356.03,4356.03,4359.48,9.0,0.0,0.00,0,0.00,0.00,0.00,4964.75,264.75,INITIAL_FILL
2026-09-06 19:12:58.003,1788721978.004,ORDER_FILLED,360287970300001119,360287970300001124,C,SELL,0.03,4356.15,4356.15,0.00,+0.0,4356.27,4356.27,4352.82,9.0,0.0,0.00,0,0.00,0.00,0.00,4964.75,264.75,INITIAL_FILL
2026-09-06 19:12:58.004,1788721978.005,POSITION_CLOSED_STOP_LOSS,360287970300001133,360287970300001110,C,BUY,0.03,4356.24,4356.24,4356.03,+0.0,4356.03,4356.03,4359.48,0.0,0.0,0.00,0,-0.63,0.21,-0.84,4963.91,263.91,STOP_LOSS
2026-09-06 19:12:58.007,1788721978.007,POSITION_CLOSED_WIN_TP,360287970300001136,360287970300001124,C,SELL,0.03,4356.15,4356.15,4352.82,+0.0,4354.48,4354.48,4352.82,0.0,0.0,0.00,0,9.99,0.21,9.78,4973.69,273.69,WIN_TP
2026-09-06 19:12:58.053,1788721978.053,ORDER_FILLED,360287970300001138,360287970300001140,C,BUY,0.03,4336.92,4336.92,0.00,+0.0,4336.71,4336.71,4340.16,9.0,0.0,0.00,0,0.00,0.00,0.00,4973.69,273.69,INITIAL_FILL
2026-09-06 19:12:58.053,1788721978.053,ORDER_FILLED,360287970300001147,360287970300001150,C,SELL,0.03,4336.83,4336.83,0.00,+0.0,4336.95,4336.95,4333.50,9.0,0.0,0.00,0,0.00,0.00,0.00,4973.69,273.69,INITIAL_FILL
2026-09-06 19:12:58.055,1788721978.055,POSITION_CLOSED_STOP_LOSS,360287970300001155,360287970300001150,C,SELL,0.03,4336.83,4336.83,4336.95,+0.0,4336.95,4336.95,4333.50,0.0,0.0,0.00,0,-0.36,0.21,-0.57,4973.12,273.12,STOP_LOSS
2026-09-06 19:12:58.058,1788721978.058,POSITION_CLOSED_STOP_LOSS,360287970300001158,360287970300001140,C,BUY,0.03,4336.92,4336.92,4336.71,+0.0,4336.71,4336.71,4340.16,0.0,0.0,0.00,0,-0.63,0.21,-0.84,4972.28,272.28,STOP_LOSS
2026-09-06 19:12:58.108,1788721978.108,ORDER_FILLED,360287970300001162,360287970300001168,C,BUY,0.03,4331.32,4331.32,0.00,+0.0,4331.11,4331.11,4334.56,9.0,0.0,0.00,0,0.00,0.00,0.00,4972.28,272.28,INITIAL_FILL
2026-09-06 19:12:58.109,1788721978.109,ORDER_FILLED,360287970300001169,360287970300001170,C,SELL,0.03,4331.23,4331.23,0.00,+0.0,4331.35,4331.35,4327.90,9.0,0.0,0.00,0,0.00,0.00,0.00,4972.28,272.28,INITIAL_FILL
2026-09-06 19:12:58.111,1788721978.111,POSITION_CLOSED_STOP_LOSS,360287970300001176,360287970300001170,C,SELL,0.03,4331.23,4331.23,4331.35,+0.0,4331.35,4331.35,4327.90,0.0,0.0,0.00,0,-0.36,0.21,-0.57,4971.71,271.71,STOP_LOSS
2026-09-06 19:12:58.114,1788721978.114,POSITION_CLOSED_STOP_LOSS,360287970300001181,360287970300001168,C,BUY,0.03,4331.32,4331.32,4331.11,+0.0,4331.11,4331.11,4334.56,0.0,0.0,0.00,0,-0.63,0.21,-0.84,4970.87,270.87,STOP_LOSS
2026-09-06 19:12:58.453,1788721978.453,ORDER_FILLED,360287970300001186,360287970300001187,C,BUY,0.03,4339.32,4339.32,0.00,+0.0,4339.11,4339.11,4342.56,9.0,0.0,0.00,0,0.00,0.00,0.00,4970.87,270.87,INITIAL_FILL
2026-09-06 19:12:58.453,1788721978.454,ORDER_FILLED,360287970300001189,360287970300001191,C,SELL,0.03,4339.23,4339.23,0.00,+0.0,4339.35,4339.35,4335.90,9.0,0.0,0.00,0,0.00,0.00,0.00,4970.87,270.87,INITIAL_FILL
2026-09-06 19:12:58.455,1788721978.456,POSITION_CLOSED_STOP_LOSS,360287970300001197,360287970300001187,C,BUY,0.03,4339.32,4339.32,4339.11,+0.0,4339.11,4339.11,4342.56,0.0,0.0,0.00,0,-0.63,0.21,-0.84,4970.03,270.03,STOP_LOSS
2026-09-06 19:12:58.462,1788721978.463,POSITION_CLOSED_BE_PROTECTED,360287970300001201,360287970300001191,C,SELL,0.03,4339.23,4339.23,4339.18,+0.0,4339.18,4339.18,4335.90,0.0,0.0,0.00,0,0.15,0.21,-0.06,4969.97,269.97,BE_PROTECTED
2026-09-06 19:12:59.578,1788721979.578,ORDER_FILLED,360287970300001210,360287970300001215,C,BUY,0.03,4358.40,4358.40,0.00,+0.0,4358.19,4358.19,4361.64,9.0,0.0,0.00,0,0.00,0.00,0.00,4969.97,269.97,INITIAL_FILL
2026-09-06 19:12:59.578,1788721979.578,ORDER_FILLED,360287970300001221,360287970300001229,C,SELL,0.03,4358.31,4358.31,0.00,+0.0,4358.43,4358.43,4354.98,9.0,0.0,0.00,0,0.00,0.00,0.00,4969.97,269.97,INITIAL_FILL
2026-09-06 19:12:59.580,1788721979.580,POSITION_CLOSED_STOP_LOSS,360287970300001232,360287970300001215,C,BUY,0.03,4358.40,4358.40,4358.19,+0.0,4358.19,4358.19,4361.64,0.0,0.0,0.00,0,-0.63,0.21,-0.84,4969.13,269.13,STOP_LOSS
2026-09-06 19:12:59.583,1788721979.583,POSITION_CLOSED_WIN_TP,360287970300001238,360287970300001229,C,SELL,0.03,4358.31,4358.31,4354.98,+0.0,4356.65,4356.65,4354.98,0.0,0.0,0.00,0,9.99,0.21,9.78,4978.91,278.91,WIN_TP
2026-09-06 19:12:59.716,1788721979.717,ORDER_FILLED,360287970300001239,360287970300001243,C,BUY,0.03,4363.36,4363.36,0.00,+0.0,4363.15,4363.15,4366.60,9.0,0.0,0.00,0,0.00,0.00,0.00,4978.91,278.91,INITIAL_FILL
2026-09-06 19:12:59.718,1788721979.719,ORDER_FILLED,360287970300001246,360287970300001250,C,SELL,0.03,4363.27,4363.27,0.00,+0.0,4363.39,4363.39,4359.94,9.0,0.0,0.00,0,0.00,0.00,0.00,4978.91,278.91,INITIAL_FILL
2026-09-06 19:12:59.720,1788721979.721,POSITION_CLOSED_STOP_LOSS,360287970300001258,360287970300001250,C,SELL,0.03,4363.27,4363.27,4363.39,+0.0,4363.39,4363.39,4359.94,0.0,0.0,0.00,0,-0.36,0.21,-0.57,4978.34,278.34,STOP_LOSS
2026-09-06 19:12:59.736,1788721979.736,POSITION_CLOSED_WIN_TP,360287970300001267,360287970300001243,C,BUY,0.03,4363.36,4363.36,4366.60,+0.0,4365.02,4365.02,4366.60,0.0,0.0,0.00,0,9.72,0.21,9.51,4987.85,287.85,WIN_TP
2026-09-06 19:12:59.769,1788721979.770,ORDER_FILLED,360287970300001276,360287970300001278,C,BUY,0.03,4366.57,4366.57,0.00,+0.0,4366.36,4366.36,4369.81,9.0,0.0,0.00,0,0.00,0.00,0.00,4987.85,287.85,INITIAL_FILL
2026-09-06 19:12:59.770,1788721979.771,ORDER_FILLED,360287970300001283,360287970300001288,C,SELL,0.03,4366.48,4366.48,0.00,+0.0,4366.60,4366.60,4363.15,9.0,0.0,0.00,0,0.00,0.00,0.00,4987.85,287.85,INITIAL_FILL
2026-09-06 19:12:59.773,1788721979.774,POSITION_CLOSED_STOP_LOSS,360287970300001297,360287970300001288,C,SELL,0.03,4366.48,4366.48,4366.60,+0.0,4366.60,4366.60,4363.15,0.0,0.0,0.00,0,-0.36,0.21,-0.57,4987.28,287.28,STOP_LOSS
2026-09-06 19:12:59.803,1788721979.803,POSITION_CLOSED_STOP_LOSS,360287970300001305,360287970300001278,C,BUY,0.03,4366.57,4366.57,4366.36,+0.0,4366.36,4366.36,4369.81,0.0,0.0,0.00,0,-0.63,0.21,-0.84,4986.44,286.44,STOP_LOSS
2026-09-06 19:12:59.835,1788721979.836,ORDER_FILLED,360287970300001307,360287970300001316,C,BUY,0.03,4370.49,4370.49,0.00,+0.0,4370.28,4370.28,4373.73,9.0,0.0,0.00,0,0.00,0.00,0.00,4986.44,286.44,INITIAL_FILL
2026-09-06 19:12:59.836,1788721979.837,ORDER_FILLED,360287970300001322,360287970300001330,C,SELL,0.03,4370.40,4370.40,0.00,+0.0,4370.52,4370.52,4367.07,9.0,0.0,0.00,0,0.00,0.00,0.00,4986.44,286.44,INITIAL_FILL
2026-09-06 19:12:59.838,1788721979.839,POSITION_CLOSED_STOP_LOSS,360287970300001332,360287970300001330,C,SELL,0.03,4370.40,4370.40,4370.52,+0.0,4370.52,4370.52,4367.07,0.0,0.0,0.00,0,-0.36,0.21,-0.57,4985.87,285.87,STOP_LOSS
2026-09-06 19:12:59.848,1788721979.848,POSITION_CLOSED_STOP_LOSS,360287970300001335,360287970300001316,C,BUY,0.03,4370.49,4370.49,4370.28,+0.0,4370.28,4370.28,4373.73,0.0,0.0,0.00,0,-0.63,0.21,-0.84,4985.03,285.03,STOP_LOSS
2026-09-06 19:12:59.871,1788721979.872,ORDER_FILLED,360287970300001339,360287970300001343,C,BUY,0.03,4371.64,4371.64,0.00,+0.0,4371.43,4371.43,4374.88,9.0,0.0,0.00,0,0.00,0.00,0.00,4985.03,285.03,INITIAL_FILL
2026-09-06 19:12:59.873,1788721979.874,ORDER_FILLED,360287970300001349,360287970300001356,C,SELL,0.03,4371.55,4371.55,0.00,+0.0,4371.67,4371.67,4368.22,9.0,0.0,0.00,0,0.00,0.00,0.00,4985.03,285.03,INITIAL_FILL
2026-09-06 19:12:59.876,1788721979.877,POSITION_CLOSED_STOP_LOSS,360287970300001363,360287970300001356,C,SELL,0.03,4371.55,4371.55,4371.67,+0.0,4371.67,4371.67,4368.22,0.0,0.0,0.00,0,-0.36,0.21,-0.57,4984.46,284.46,STOP_LOSS
2026-09-06 19:12:59.907,1788721979.907,POSITION_CLOSED_RATCHET_WIN,360287970300001364,360287970300001343,C,BUY,0.03,4371.64,4371.64,4373.31,+0.0,4373.31,4373.31,4374.88,0.0,0.0,0.00,0,5.01,0.21,4.80,4989.26,289.26,RATCHET_WIN
2026-09-06 19:13:00.001,1788721980.002,ORDER_FILLED,360287970300001367,360287970300001370,C,BUY,0.03,4368.90,4368.90,0.00,+0.0,4368.69,4368.69,4372.14,9.0,0.0,0.00,0,0.00,0.00,0.00,4989.26,289.26,INITIAL_FILL
2026-09-06 19:13:00.002,1788721980.003,ORDER_FILLED,360287970300001371,360287970300001372,C,SELL,0.03,4368.81,4368.81,0.00,+0.0,4368.93,4368.93,4365.48,9.0,0.0,0.00,0,0.00,0.00,0.00,4989.26,289.26,INITIAL_FILL
2026-09-06 19:13:00.003,1788721980.004,POSITION_CLOSED_STOP_LOSS,360287970300001377,360287970300001370,C,BUY,0.03,4368.90,4368.90,4368.69,+0.0,4368.69,4368.69,4372.14,0.0,0.0,0.00,0,-0.63,0.21,-0.84,4988.42,288.42,STOP_LOSS
2026-09-06 19:13:00.017,1788721980.018,POSITION_CLOSED_BE_PROTECTED,360287970300001378,360287970300001372,C,SELL,0.03,4368.81,4368.81,4368.76,+0.0,4368.76,4368.76,4365.48,0.0,0.0,0.00,0,0.15,0.21,-0.06,4988.36,288.36,BE_PROTECTED
2026-09-06 19:13:00.135,1788721980.135,ORDER_FILLED,360287970300001386,360287970300001387,C,BUY,0.03,4368.35,4368.35,0.00,+0.0,4368.14,4368.14,4371.59,9.0,0.0,0.00,0,0.00,0.00,0.00,4988.36,288.36,INITIAL_FILL
2026-09-06 19:13:00.137,1788721980.137,ORDER_FILLED,360287970300001392,360287970300001399,C,SELL,0.03,4368.26,4368.26,0.00,+0.0,4368.38,4368.38,4364.93,9.0,0.0,0.00,0,0.00,0.00,0.00,4988.36,288.36,INITIAL_FILL
2026-09-06 19:13:00.139,1788721980.139,POSITION_CLOSED_STOP_LOSS,360287970300001403,360287970300001399,C,SELL,0.03,4368.26,4368.26,4368.38,+0.0,4368.38,4368.38,4364.93,0.0,0.0,0.00,0,-0.36,0.21,-0.57,4987.79,287.79,STOP_LOSS
2026-09-06 19:13:00.142,1788721980.142,POSITION_CLOSED_STOP_LOSS,360287970300001404,360287970300001387,C,BUY,0.03,4368.35,4368.35,4368.14,+0.0,4368.14,4368.14,4371.59,0.0,0.0,0.00,0,-0.63,0.21,-0.84,4986.95,286.95,STOP_LOSS
2026-09-06 19:13:01.580,1788721981.581,ORDER_FILLED,360287970300000004,360287970300000013,A,SELL,0.10,4423.57,4423.57,0.00,+0.0,4423.69,4423.69,4421.57,9.0,0.0,0.00,0,0.00,0.00,0.00,4775.66,75.66,INITIAL_FILL
2026-09-06 19:13:01.583,1788721981.583,POSITION_CLOSED_WIN_TP,360287970300000022,360287970300000013,A,SELL,0.10,4423.57,4423.57,4421.57,+0.0,4422.57,4422.57,4421.57,0.0,0.0,0.00,0,20.00,0.70,19.30,4794.96,94.96,WIN_TP
2026-09-06 19:13:01.789,1788721981.789,ORDER_FILLED,360287970300000025,360287970300000028,A,SELL,0.10,4417.98,4417.98,0.00,+0.0,4418.10,4418.10,4415.98,9.0,0.0,0.00,0,0.00,0.00,0.00,4794.96,94.96,INITIAL_FILL
2026-09-06 19:13:01.797,1788721981.797,POSITION_CLOSED_STOP_LOSS,360287970300000031,360287970300000028,A,SELL,0.10,4417.98,4417.98,4418.10,+0.0,4418.10,4418.10,4415.98,0.0,0.0,0.00,0,-1.20,0.70,-1.90,4793.06,93.06,STOP_LOSS
2026-09-06 19:13:01.901,1788721981.901,ORDER_FILLED,360287970300000038,360287970300000043,A,SELL,0.10,4420.54,4420.54,0.00,+0.0,4420.66,4420.66,4418.54,9.0,0.0,0.00,0,0.00,0.00,0.00,4793.06,93.06,INITIAL_FILL
2026-09-06 19:13:02.262,1788721982.263,POSITION_CLOSED_RATCHET_WIN,360287970300000046,360287970300000043,A,SELL,0.10,4420.54,4420.54,4420.04,+0.0,4420.04,4420.04,4418.54,0.0,0.0,0.40,0,5.00,0.70,4.30,4797.36,97.36,RATCHET_WIN
2026-09-06 19:13:02.367,1788721982.368,ORDER_FILLED,360287970300000052,360287970300000061,A,SELL,0.10,4420.86,4420.86,0.00,+0.0,4420.98,4420.98,4418.86,9.0,0.0,0.00,0,0.00,0.00,0.00,4797.36,97.36,INITIAL_FILL
2026-09-06 19:13:02.370,1788721982.371,POSITION_CLOSED_RATCHET_WIN,360287970300000068,360287970300000061,A,SELL,0.10,4420.86,4420.86,4420.36,+0.0,4420.36,4420.36,4418.86,0.0,0.0,0.00,0,5.00,0.70,4.30,4801.66,101.66,RATCHET_WIN
2026-09-06 19:13:02.531,1788721982.532,ORDER_FILLED,360287970300000070,360287970300000073,A,SELL,0.10,4416.03,4416.03,0.00,+0.0,4416.15,4416.15,4414.03,9.0,0.0,0.00,0,0.00,0.00,0.00,4801.66,101.66,INITIAL_FILL
2026-09-06 19:13:02.547,1788721982.547,POSITION_CLOSED_RATCHET_WIN,360287970300000082,360287970300000073,A,SELL,0.10,4416.03,4416.03,4415.03,+0.0,4415.03,4415.03,4414.03,0.0,0.0,0.00,0,10.00,0.70,9.30,4810.96,110.96,RATCHET_WIN
2026-09-06 19:13:02.593,1788721982.594,ORDER_FILLED,360287970300000090,360287970300000096,A,SELL,0.10,4411.09,4411.09,0.00,+0.0,4411.21,4411.21,4409.09,9.0,0.0,0.00,0,0.00,0.00,0.00,4810.96,110.96,INITIAL_FILL
2026-09-06 19:13:02.597,1788721982.597,POSITION_CLOSED_RATCHET_WIN,360287970300000105,360287970300000096,A,SELL,0.10,4411.09,4411.09,4410.59,+0.0,4410.59,4410.59,4409.09,0.0,0.0,0.00,0,5.00,0.70,4.30,4815.26,115.26,RATCHET_WIN
2026-09-06 19:13:02.819,1788721982.819,ORDER_FILLED,360287970300000109,360287970300000112,A,SELL,0.10,4397.55,4397.55,0.00,+0.0,4397.67,4397.67,4395.55,9.0,0.0,0.00,0,0.00,0.00,0.00,4815.26,115.26,INITIAL_FILL
2026-09-06 19:13:02.821,1788721982.821,POSITION_CLOSED_WIN_TP,360287970300000118,360287970300000112,A,SELL,0.10,4397.55,4397.55,4395.55,+0.0,4396.55,4396.55,4395.55,0.0,0.0,0.00,0,20.00,0.70,19.30,4834.56,134.56,WIN_TP
2026-09-06 19:13:02.883,1788721982.883,ORDER_FILLED,360287970300000122,360287970300000131,A,SELL,0.10,4396.94,4396.94,0.00,+0.0,4397.06,4397.06,4394.94,9.0,0.0,0.00,0,0.00,0.00,0.00,4834.56,134.56,INITIAL_FILL
2026-09-06 19:13:02.898,1788721982.898,POSITION_CLOSED_WIN_TP,360287970300000133,360287970300000131,A,SELL,0.10,4396.94,4396.94,4394.94,+0.0,4395.94,4395.94,4394.94,0.0,0.0,0.00,0,20.00,0.70,19.30,4853.86,153.86,WIN_TP
2026-09-06 19:13:02.929,1788721982.930,ORDER_FILLED,360287970300000140,360287970300000141,A,SELL,0.10,4385.02,4385.02,0.00,+0.0,4385.14,4385.14,4383.02,9.0,0.0,0.00,0,0.00,0.00,0.00,4853.86,153.86,INITIAL_FILL
2026-09-06 19:13:02.932,1788721982.932,POSITION_CLOSED_STOP_LOSS,360287970300000143,360287970300000141,A,SELL,0.10,4385.02,4385.02,4385.14,+0.0,4385.14,4385.14,4383.02,0.0,0.0,0.00,0,-1.20,0.70,-1.90,4851.96,151.96,STOP_LOSS
2026-09-06 19:13:02.944,1788721982.945,ORDER_FILLED,360287970300000151,360287970300000159,A,SELL,0.10,4382.95,4382.95,0.00,+0.0,4383.07,4383.07,4380.95,9.0,0.0,0.00,0,0.00,0.00,0.00,4851.96,151.96,INITIAL_FILL
2026-09-06 19:13:02.946,1788721982.947,POSITION_CLOSED_WIN_TP,360287970300000160,360287970300000159,A,SELL,0.10,4382.95,4382.95,4380.95,+0.0,4381.95,4381.95,4380.95,0.0,0.0,0.00,0,20.00,0.70,19.30,4871.26,171.26,WIN_TP
2026-09-06 19:13:03.000,1788721983.000,ORDER_FILLED,360287970300000166,360287970300000172,A,SELL,0.10,4373.81,4373.81,0.00,+0.0,4373.93,4373.93,4371.81,9.0,0.0,0.00,0,0.00,0.00,0.00,4871.26,171.26,INITIAL_FILL
2026-09-06 19:13:03.013,1788721983.013,POSITION_CLOSED_RATCHET_WIN,360287970300000175,360287970300000172,A,SELL,0.10,4373.81,4373.81,4373.31,+0.0,4373.31,4373.31,4371.81,0.0,0.0,0.00,0,5.00,0.70,4.30,4875.56,175.56,RATCHET_WIN
2026-09-06 19:13:03.067,1788721983.068,ORDER_FILLED,360287970300000183,360287970300000186,A,SELL,0.10,4380.55,4380.55,0.00,+0.0,4380.67,4380.67,4378.55,9.0,0.0,0.00,0,0.00,0.00,0.00,4875.56,175.56,INITIAL_FILL
2026-09-06 19:13:03.069,1788721983.069,POSITION_CLOSED_WIN_TP,360287970300000194,360287970300000186,A,SELL,0.10,4380.55,4380.55,4378.55,+0.0,4379.55,4379.55,4378.55,0.0,0.0,0.00,0,20.00,0.70,19.30,4894.86,194.86,WIN_TP
2026-09-06 19:13:03.415,1788721983.415,ORDER_FILLED,360287970300000200,360287970300000202,A,SELL,0.10,4376.65,4376.65,0.00,+0.0,4376.77,4376.77,4374.65,9.0,0.0,0.00,0,0.00,0.00,0.00,4894.86,194.86,INITIAL_FILL
2026-09-06 19:13:03.418,1788721983.419,POSITION_CLOSED_BE_PROTECTED,360287970300000208,360287970300000202,A,SELL,0.10,4376.65,4376.65,4376.60,+0.0,4376.60,4376.60,4374.65,0.0,0.0,0.00,0,0.50,0.70,-0.20,4894.66,194.66,BE_PROTECTED
2026-09-06 19:13:03.499,1788721983.499,ORDER_FILLED,360287970300000214,360287970300000218,A,SELL,0.10,4370.52,4370.52,0.00,+0.0,4370.64,4370.64,4368.52,9.0,0.0,0.00,0,0.00,0.00,0.00,4894.66,194.66,INITIAL_FILL
2026-09-06 19:13:03.501,1788721983.502,POSITION_CLOSED_WIN_TP,360287970300000223,360287970300000218,A,SELL,0.10,4370.52,4370.52,4368.52,+0.0,4369.52,4369.52,4368.52,0.0,0.0,0.00,0,20.00,0.70,19.30,4913.96,213.96,WIN_TP
2026-09-06 19:13:03.571,1788721983.571,ORDER_FILLED,360287970300000224,360287970300000232,A,SELL,0.10,4373.72,4373.72,0.00,+0.0,4373.84,4373.84,4371.72,9.0,0.0,0.00,0,0.00,0.00,0.00,4913.96,213.96,INITIAL_FILL
2026-09-06 19:13:03.574,1788721983.574,POSITION_CLOSED_WIN_TP,360287970300000235,360287970300000232,A,SELL,0.10,4373.72,4373.72,4371.72,+0.0,4372.72,4372.72,4371.72,0.0,0.0,0.00,0,20.00,0.70,19.30,4933.26,233.26,WIN_TP
2026-09-06 19:13:03.963,1788721983.963,ORDER_FILLED,360287970300000241,360287970300000250,A,SELL,0.10,4376.68,4376.68,0.00,+0.0,4376.80,4376.80,4374.68,9.0,0.0,0.00,0,0.00,0.00,0.00,4933.26,233.26,INITIAL_FILL
2026-09-06 19:13:03.976,1788721983.977,POSITION_CLOSED_BE_PROTECTED,360287970300000251,360287970300000250,A,SELL,0.10,4376.68,4376.68,4376.63,+0.0,4376.63,4376.63,4374.68,0.0,0.0,0.00,0,0.50,0.70,-0.20,4933.06,233.06,BE_PROTECTED
2026-09-06 19:13:04.001,1788721984.001,ORDER_FILLED,360287970300000259,360287970300000265,A,SELL,0.10,4376.13,4376.13,0.00,+0.0,4376.25,4376.25,4374.13,9.0,0.0,0.00,0,0.00,0.00,0.00,4933.06,233.06,INITIAL_FILL
2026-09-06 19:13:04.004,1788721984.004,POSITION_CLOSED_STOP_LOSS,360287970300000269,360287970300000265,A,SELL,0.10,4376.13,4376.13,4376.25,+0.0,4376.25,4376.25,4374.13,0.0,0.0,0.00,0,-1.20,0.70,-1.90,4931.16,231.16,STOP_LOSS
2026-09-06 19:13:04.056,1788721984.057,ORDER_FILLED,360287970300000277,360287970300000278,A,SELL,0.10,4375.19,4375.19,0.00,+0.0,4375.31,4375.31,4373.19,9.0,0.0,0.00,0,0.00,0.00,0.00,4931.16,231.16,INITIAL_FILL
2026-09-06 19:13:04.069,1788721984.069,POSITION_CLOSED_RATCHET_WIN,360287970300000279,360287970300000278,A,SELL,0.10,4375.19,4375.19,4374.19,+0.0,4374.19,4374.19,4373.19,0.0,0.0,0.00,0,10.00,0.70,9.30,4940.46,240.46,RATCHET_WIN
2026-09-06 19:13:04.093,1788721984.094,ORDER_FILLED,360287970300000280,360287970300000286,A,SELL,0.10,4372.89,4372.89,0.00,+0.0,4373.01,4373.01,4370.89,9.0,0.0,0.00,0,0.00,0.00,0.00,4940.46,240.46,INITIAL_FILL
2026-09-06 19:13:04.095,1788721984.096,POSITION_CLOSED_WIN_TP,360287970300000287,360287970300000286,A,SELL,0.10,4372.89,4372.89,4370.89,+0.0,4371.89,4371.89,4370.89,0.0,0.0,0.00,0,20.00,0.70,19.30,4959.76,259.76,WIN_TP
2026-09-06 19:13:04.154,1788721984.155,ORDER_FILLED,360287970300000290,360287970300000297,A,SELL,0.10,4370.73,4370.73,0.00,+0.0,4370.85,4370.85,4368.73,9.0,0.0,0.00,0,0.00,0.00,0.00,4959.76,259.76,INITIAL_FILL
2026-09-06 19:13:04.162,1788721984.162,POSITION_CLOSED_WIN_TP,360287970300000298,360287970300000297,A,SELL,0.10,4370.73,4370.73,4368.73,+0.0,4369.73,4369.73,4368.73,0.0,0.0,0.00,0,20.00,0.70,19.30,4979.06,279.06,WIN_TP
2026-09-06 19:13:04.554,1788721984.555,ORDER_FILLED,360287970300000299,360287970300000308,A,SELL,0.10,4372.04,4372.04,0.00,+0.0,4372.16,4372.16,4370.04,9.0,0.0,0.00,0,0.00,0.00,0.00,4979.06,279.06,INITIAL_FILL
2026-09-06 19:13:04.557,1788721984.557,POSITION_CLOSED_WIN_TP,360287970300000309,360287970300000308,A,SELL,0.10,4372.04,4372.04,4370.04,+0.0,4371.04,4371.04,4370.04,0.0,0.0,0.00,0,20.00,0.70,19.30,4998.36,298.36,WIN_TP
2026-09-06 19:13:04.902,1788721984.902,ORDER_FILLED,360287970300000318,360287970300000324,A,SELL,0.10,4368.40,4368.40,0.00,+0.0,4368.52,4368.52,4366.40,9.0,0.0,0.00,0,0.00,0.00,0.00,4998.36,298.36,INITIAL_FILL
2026-09-06 19:13:04.905,1788721984.906,POSITION_CLOSED_WIN_TP,360287970300000333,360287970300000324,A,SELL,0.10,4368.40,4368.40,4366.40,+0.0,4367.40,4367.40,4366.40,0.0,0.0,0.00,0,20.00,0.70,19.30,5017.66,317.66,WIN_TP
2026-09-06 19:13:05.043,1788721985.043,ORDER_FILLED,360287970300000338,360287970300000340,A,SELL,0.10,4370.31,4370.31,0.00,+0.0,4370.43,4370.43,4368.31,9.0,0.0,0.00,0,0.00,0.00,0.00,5017.66,317.66,INITIAL_FILL
2026-09-06 19:13:05.045,1788721985.045,POSITION_CLOSED_RATCHET_WIN,360287970300000347,360287970300000340,A,SELL,0.10,4370.31,4370.31,4369.81,+0.0,4369.81,4369.81,4368.31,0.0,0.0,0.00,0,5.00,0.70,4.30,5021.96,321.96,RATCHET_WIN
2026-09-06 19:13:06.662,1788721986.662,ORDER_FILLED,360287970300000349,360287970300000350,A,SELL,0.10,4378.08,4378.08,0.00,+0.0,4378.20,4378.20,4376.08,9.0,0.0,0.00,0,0.00,0.00,0.00,5021.96,321.96,INITIAL_FILL
2026-09-06 19:13:06.668,1788721986.668,POSITION_CLOSED_WIN_TP,360287970300000354,360287970300000350,A,SELL,0.10,4378.08,4378.08,4376.08,+0.0,4377.08,4377.08,4376.08,0.0,0.0,0.00,0,20.00,0.70,19.30,5041.26,341.26,WIN_TP
2026-09-06 19:13:06.969,1788721986.969,ORDER_FILLED,360287970300000361,360287970300000370,A,SELL,0.10,4380.13,4380.13,0.00,+0.0,4380.25,4380.25,4378.13,9.0,0.0,0.00,0,0.00,0.00,0.00,5041.26,341.26,INITIAL_FILL
2026-09-06 19:13:06.971,1788721986.971,POSITION_CLOSED_WIN_TP,360287970300000374,360287970300000370,A,SELL,0.10,4380.13,4380.13,4378.13,+0.0,4379.13,4379.13,4378.13,0.0,0.0,0.00,0,20.00,0.70,19.30,5060.56,360.56,WIN_TP
2026-09-06 19:13:07.106,1788721987.106,ORDER_FILLED,360287970300000375,360287970300000379,A,SELL,0.10,4380.37,4380.37,0.00,+0.0,4380.49,4380.49,4378.37,9.0,0.0,0.00,0,0.00,0.00,0.00,5060.56,360.56,INITIAL_FILL
2026-09-06 19:13:07.115,1788721987.115,POSITION_CLOSED_WIN_TP,360287970300000380,360287970300000379,A,SELL,0.10,4380.37,4380.37,4378.37,+0.0,4379.37,4379.37,4378.37,0.0,0.0,0.00,0,20.00,0.70,19.30,5079.86,379.86,WIN_TP
2026-09-06 19:13:07.593,1788721987.593,ORDER_FILLED,360287970300000387,360287970300000392,A,BUY,0.10,4379.71,4379.71,0.00,+0.0,4379.50,4379.50,4381.62,9.0,0.0,0.00,0,0.00,0.00,0.00,5079.86,379.86,INITIAL_FILL
2026-09-06 19:13:07.612,1788721987.612,POSITION_CLOSED_WIN_TP,360287970300000396,360287970300000392,A,BUY,0.10,4379.71,4379.71,4381.62,+0.0,4380.71,4380.71,4381.62,0.0,0.0,0.00,0,19.10,0.70,18.40,5098.26,398.26,WIN_TP
2026-09-06 19:13:08.015,1788721988.016,ORDER_FILLED,360287970300000402,360287970300000408,A,SELL,0.10,4374.32,4374.32,0.00,+0.0,4374.44,4374.44,4372.32,9.0,0.0,0.00,0,0.00,0.00,0.00,5098.26,398.26,INITIAL_FILL
2026-09-06 19:13:08.021,1788721988.022,POSITION_CLOSED_WIN_TP,360287970300000412,360287970300000408,A,SELL,0.10,4374.32,4374.32,4372.32,+0.0,4373.32,4373.32,4372.32,0.0,0.0,0.00,0,20.00,0.70,19.30,5117.56,417.56,WIN_TP
2026-09-06 19:13:08.137,1788721988.137,ORDER_FILLED,360287970300000416,360287970300000421,A,SELL,0.10,4370.83,4370.83,0.00,+0.0,4370.95,4370.95,4368.83,9.0,0.0,0.00,0,0.00,0.00,0.00,5117.56,417.56,INITIAL_FILL
2026-09-06 19:13:08.141,1788721988.141,POSITION_CLOSED_STOP_LOSS,360287970300000430,360287970300000421,A,SELL,0.10,4370.83,4370.83,4370.95,+0.0,4370.95,4370.95,4368.83,0.0,0.0,0.00,0,-1.20,0.70,-1.90,5115.66,415.66,STOP_LOSS
2026-09-06 19:13:08.163,1788721988.163,ORDER_FILLED,360287970300000437,360287970300000445,A,SELL,0.10,4370.57,4370.57,0.00,+0.0,4370.69,4370.69,4368.57,9.0,0.0,0.00,0,0.00,0.00,0.00,5115.66,415.66,INITIAL_FILL
2026-09-06 19:13:08.167,1788721988.167,POSITION_CLOSED_RATCHET_WIN,360287970300000448,360287970300000445,A,SELL,0.10,4370.57,4370.57,4370.07,+0.0,4370.07,4370.07,4368.57,0.0,0.0,0.00,0,5.00,0.70,4.30,5119.96,419.96,RATCHET_WIN
2026-09-06 19:13:08.274,1788721988.274,ORDER_FILLED,360287970300000456,360287970300000463,A,SELL,0.10,4372.99,4372.99,0.00,+0.0,4373.11,4373.11,4370.99,9.0,0.0,0.00,0,0.00,0.00,0.00,5119.96,419.96,INITIAL_FILL
2026-09-06 19:13:08.277,1788721988.277,POSITION_CLOSED_WIN_TP,360287970300000465,360287970300000463,A,SELL,0.10,4372.99,4372.99,4370.99,+0.0,4371.99,4371.99,4370.99,0.0,0.0,0.00,0,20.00,0.70,19.30,5139.26,439.26,WIN_TP
2026-09-06 19:13:08.505,1788721988.505,ORDER_FILLED,360287970300000471,360287970300000479,A,SELL,0.10,4372.75,4372.75,0.00,+0.0,4372.87,4372.87,4370.75,9.0,0.0,0.00,0,0.00,0.00,0.00,5139.26,439.26,INITIAL_FILL
2026-09-06 19:13:08.507,1788721988.507,POSITION_CLOSED_RATCHET_WIN,360287970300000482,360287970300000479,A,SELL,0.10,4372.75,4372.75,4372.25,+0.0,4372.25,4372.25,4370.75,0.0,0.0,0.00,0,5.00,0.70,4.30,5143.56,443.56,RATCHET_WIN
2026-09-06 19:13:08.539,1788721988.540,ORDER_FILLED,360287970300000488,360287970300000491,A,SELL,0.10,4367.54,4367.54,0.00,+0.0,4367.66,4367.66,4365.54,9.0,0.0,0.00,0,0.00,0.00,0.00,5143.56,443.56,INITIAL_FILL
2026-09-06 19:13:08.544,1788721988.544,POSITION_CLOSED_STOP_LOSS,360287970300000493,360287970300000491,A,SELL,0.10,4367.54,4367.54,4367.66,+0.0,4367.66,4367.66,4365.54,0.0,0.0,0.00,0,-1.20,0.70,-1.90,5141.66,441.66,STOP_LOSS
2026-09-06 19:13:08.593,1788721988.594,ORDER_FILLED,360287970300000497,360287970300000504,A,SELL,0.10,4356.94,4356.94,0.00,+0.0,4357.06,4357.06,4354.94,9.0,0.0,0.00,0,0.00,0.00,0.00,5141.66,441.66,INITIAL_FILL
2026-09-06 19:13:08.597,1788721988.598,POSITION_CLOSED_STOP_LOSS,360287970300000505,360287970300000504,A,SELL,0.10,4356.94,4356.94,4357.06,+0.0,4357.06,4357.06,4354.94,0.0,0.0,0.00,0,-1.20,0.70,-1.90,5139.76,439.76,STOP_LOSS
2026-09-06 19:13:08.776,1788721988.776,ORDER_FILLED,360287970300000507,360287970300000516,A,SELL,0.10,4367.24,4367.24,0.00,+0.0,4367.36,4367.36,4365.24,9.0,0.0,0.00,0,0.00,0.00,0.00,5139.76,439.76,INITIAL_FILL
2026-09-06 19:13:08.786,1788721988.786,POSITION_CLOSED_RATCHET_WIN,360287970300000521,360287970300000516,A,SELL,0.10,4367.24,4367.24,4366.74,+0.0,4366.74,4366.74,4365.24,0.0,0.0,0.00,0,5.00,0.70,4.30,5144.06,444.06,RATCHET_WIN
2026-09-06 19:13:08.798,1788721988.799,ORDER_FILLED,360287970300000529,360287970300000530,A,SELL,0.10,4364.42,4364.42,0.00,+0.0,4364.54,4364.54,4362.42,9.0,0.0,0.00,0,0.00,0.00,0.00,5144.06,444.06,INITIAL_FILL
2026-09-06 19:13:08.800,1788721988.801,POSITION_CLOSED_STOP_LOSS,360287970300000531,360287970300000530,A,SELL,0.10,4364.42,4364.42,4364.54,+0.0,4364.54,4364.54,4362.42,0.0,0.0,0.00,0,-1.20,0.70,-1.90,5142.16,442.16,STOP_LOSS
2026-09-06 19:13:08.902,1788721988.902,ORDER_FILLED,360287970300000536,360287970300000542,A,SELL,0.10,4360.03,4360.03,0.00,+0.0,4360.15,4360.15,4358.03,9.0,0.0,0.00,0,0.00,0.00,0.00,5142.16,442.16,INITIAL_FILL
2026-09-06 19:13:08.905,1788721988.905,POSITION_CLOSED_WIN_TP,360287970300000543,360287970300000542,A,SELL,0.10,4360.03,4360.03,4358.03,+0.0,4359.03,4359.03,4358.03,0.0,0.0,0.00,0,20.00,0.70,19.30,5161.46,461.46,WIN_TP
2026-09-06 19:13:08.919,1788721988.919,ORDER_FILLED,360287970300000547,360287970300000549,A,SELL,0.10,4356.15,4356.15,0.00,+0.0,4356.27,4356.27,4354.15,9.0,0.0,0.00,0,0.00,0.00,0.00,5161.46,461.46,INITIAL_FILL
2026-09-06 19:13:08.921,1788721988.921,POSITION_CLOSED_WIN_TP,360287970300000553,360287970300000549,A,SELL,0.10,4356.15,4356.15,4354.15,+0.0,4355.15,4355.15,4354.15,0.0,0.0,0.00,0,20.00,0.70,19.30,5180.76,480.76,WIN_TP
2026-09-06 19:13:08.955,1788721988.956,ORDER_FILLED,360287970300000558,360287970300000561,A,SELL,0.10,4336.83,4336.83,0.00,+0.0,4336.95,4336.95,4334.83,9.0,0.0,0.00,0,0.00,0.00,0.00,5180.76,480.76,INITIAL_FILL
2026-09-06 19:13:08.960,1788721988.960,POSITION_CLOSED_STOP_LOSS,360287970300000568,360287970300000561,A,SELL,0.10,4336.83,4336.83,4336.95,+0.0,4336.95,4336.95,4334.83,0.0,0.0,0.00,0,-1.20,0.70,-1.90,5178.86,478.86,STOP_LOSS
2026-09-06 19:13:08.995,1788721988.995,ORDER_FILLED,360287970300000577,360287970300000584,A,SELL,0.10,4331.23,4331.23,0.00,+0.0,4331.35,4331.35,4329.23,9.0,0.0,0.00,0,0.00,0.00,0.00,5178.86,478.86,INITIAL_FILL
2026-09-06 19:13:08.997,1788721988.997,POSITION_CLOSED_STOP_LOSS,360287970300000587,360287970300000584,A,SELL,0.10,4331.23,4331.23,4331.35,+0.0,4331.35,4331.35,4329.23,0.0,0.0,0.00,0,-1.20,0.70,-1.90,5176.96,476.96,STOP_LOSS
2026-09-06 19:13:09.341,1788721989.342,ORDER_FILLED,360287970300000588,360287970300000595,A,SELL,0.10,4339.23,4339.23,0.00,+0.0,4339.35,4339.35,4337.23,9.0,0.0,0.00,0,0.00,0.00,0.00,5176.96,476.96,INITIAL_FILL
2026-09-06 19:13:09.347,1788721989.347,POSITION_CLOSED_STOP_LOSS,360287970300000601,360287970300000595,A,SELL,0.10,4339.23,4339.23,4339.35,+0.0,4339.35,4339.35,4337.23,0.0,0.0,0.00,0,-1.20,0.70,-1.90,5175.06,475.06,STOP_LOSS
2026-09-06 19:13:10.164,1788721990.164,ORDER_FILLED,360287970300000605,360287970300000614,A,SELL,0.10,4358.31,4358.31,0.00,+0.0,4358.43,4358.43,4356.31,9.0,0.0,0.00,0,0.00,0.00,0.00,5175.06,475.06,INITIAL_FILL
2026-09-06 19:13:10.166,1788721990.167,POSITION_CLOSED_WIN_TP,360287970300000616,360287970300000614,A,SELL,0.10,4358.31,4358.31,4356.31,+0.0,4357.31,4357.31,4356.31,0.0,0.0,0.00,0,20.00,0.70,19.30,5194.36,494.36,WIN_TP
2026-09-06 19:13:10.254,1788721990.254,ORDER_FILLED,360287970300000620,360287970300000621,A,BUY,0.10,4363.36,4363.36,0.00,+0.0,4363.15,4363.15,4365.27,9.0,0.0,0.00,0,0.00,0.00,0.00,5194.36,494.36,INITIAL_FILL
2026-09-06 19:13:10.258,1788721990.258,POSITION_CLOSED_WIN_TP,360287970300000623,360287970300000621,A,BUY,0.10,4363.36,4363.36,4365.27,+0.0,4364.36,4364.36,4365.27,0.0,0.0,0.00,0,19.10,0.70,18.40,5212.76,512.76,WIN_TP
2026-09-06 19:13:10.284,1788721990.284,ORDER_FILLED,360287970300000628,360287970300000632,A,BUY,0.10,4366.57,4366.57,0.00,+0.0,4366.36,4366.36,4368.48,9.0,0.0,0.00,0,0.00,0.00,0.00,5212.76,512.76,INITIAL_FILL
2026-09-06 19:13:10.300,1788721990.300,POSITION_CLOSED_BE_PROTECTED,360287970300000633,360287970300000632,A,BUY,0.10,4366.57,4366.57,4366.62,+0.0,4366.62,4366.62,4368.48,0.0,0.0,0.00,0,0.50,0.70,-0.20,5212.56,512.56,BE_PROTECTED
2026-09-06 19:13:10.327,1788721990.327,ORDER_FILLED,360287970300000634,360287970300000641,A,BUY,0.10,4370.49,4370.49,0.00,+0.0,4370.28,4370.28,4372.40,9.0,0.0,0.00,0,0.00,0.00,0.00,5212.56,512.56,INITIAL_FILL
2026-09-06 19:13:10.330,1788721990.331,POSITION_CLOSED_STOP_LOSS,360287970300000643,360287970300000641,A,BUY,0.10,4370.49,4370.49,4370.28,+0.0,4370.28,4370.28,4372.40,0.0,0.0,0.00,0,-2.10,0.70,-2.80,5209.76,509.76,STOP_LOSS
2026-09-06 19:13:10.348,1788721990.349,ORDER_FILLED,360287970300000648,360287970300000652,A,BUY,0.10,4371.64,4371.64,0.00,+0.0,4371.43,4371.43,4373.55,9.0,0.0,0.00,0,0.00,0.00,0.00,5209.76,509.76,INITIAL_FILL
2026-09-06 19:13:10.356,1788721990.356,POSITION_CLOSED_RATCHET_WIN,360287970300000661,360287970300000652,A,BUY,0.10,4371.64,4371.64,4372.14,+0.0,4372.14,4372.14,4373.55,0.0,0.0,0.00,0,5.00,0.70,4.30,5214.06,514.06,RATCHET_WIN
2026-09-06 19:13:10.419,1788721990.420,ORDER_FILLED,360287970300000662,360287970300000663,A,BUY,0.10,4368.90,4368.90,0.00,+0.0,4368.69,4368.69,4370.81,9.0,0.0,0.00,0,0.00,0.00,0.00,5214.06,514.06,INITIAL_FILL
2026-09-06 19:13:10.423,1788721990.423,POSITION_CLOSED_STOP_LOSS,360287970300000670,360287970300000663,A,BUY,0.10,4368.90,4368.90,4368.69,+0.0,4368.69,4368.69,4370.81,0.0,0.0,0.00,0,-2.10,0.70,-2.80,5211.26,511.26,STOP_LOSS
2026-09-06 19:13:10.519,1788721990.520,ORDER_FILLED,360287970300000678,360287970300000687,A,BUY,0.10,4368.35,4368.35,0.00,+0.0,4368.14,4368.14,4370.26,9.0,0.0,0.00,0,0.00,0.00,0.00,5211.26,511.26,INITIAL_FILL
2026-09-06 19:13:10.524,1788721990.525,POSITION_CLOSED_BE_PROTECTED,360287970300000696,360287970300000687,A,BUY,0.10,4368.35,4368.35,4368.40,+0.0,4368.40,4368.40,4370.26,0.0,0.0,0.00,0,0.50,0.70,-0.20,5211.06,511.06,BE_PROTECTED
2026-09-06 19:13:10.861,1788721990.861,ORDER_FILLED,360287970300000003,360287970300000006,B,SELL,0.03,4423.57,4423.57,0.00,+0.0,4423.69,4423.69,4420.24,9.0,0.0,0.00,0,0.00,0.00,0.00,4775.66,75.66,INITIAL_FILL
2026-09-06 19:13:10.876,1788721990.876,POSITION_CLOSED_WIN_TP,360287970300000015,360287970300000006,B,SELL,0.03,4423.57,4423.57,4420.24,+0.0,4421.90,4421.90,4420.24,0.0,0.0,0.00,0,9.99,0.21,9.78,4785.44,85.44,WIN_TP
2026-09-06 19:13:10.983,1788721990.983,ORDER_FILLED,360287970300000016,360287970300000022,B,SELL,0.03,4417.98,4417.98,0.00,+0.0,4418.10,4418.10,4414.65,9.0,0.0,0.00,0,0.00,0.00,0.00,4785.44,85.44,INITIAL_FILL
2026-09-06 19:13:10.985,1788721990.986,POSITION_CLOSED_STOP_LOSS,360287970300000025,360287970300000022,B,SELL,0.03,4417.98,4417.98,4418.10,+0.0,4418.10,4418.10,4414.65,0.0,0.0,0.00,0,-0.36,0.21,-0.57,4784.87,84.87,STOP_LOSS
2026-09-06 19:13:11.054,1788721991.054,ORDER_FILLED,360287970300000026,360287970300000029,B,SELL,0.03,4420.54,4420.54,0.00,+0.0,4420.66,4420.66,4417.21,9.0,0.0,0.00,0,0.00,0.00,0.00,4784.87,84.87,INITIAL_FILL
2026-09-06 19:13:11.093,1788721991.094,POSITION_CLOSED_BE_PROTECTED,360287970300000030,360287970300000029,B,SELL,0.03,4420.54,4420.54,4420.49,+0.0,4420.49,4420.49,4417.21,0.0,0.0,0.00,0,0.15,0.21,-0.06,4784.81,84.81,BE_PROTECTED
2026-09-06 19:13:11.146,1788721991.146,ORDER_FILLED,360287970300000037,360287970300000038,B,SELL,0.03,4420.86,4420.86,0.00,+0.0,4420.98,4420.98,4417.53,9.0,0.0,0.00,0,0.00,0.00,0.00,4784.81,84.81,INITIAL_FILL
2026-09-06 19:13:11.225,1788721991.225,POSITION_CLOSED_WIN_TP,360287970300000045,360287970300000038,B,SELL,0.03,4420.86,4420.86,4417.53,+0.0,4419.19,4419.19,4417.53,0.0,0.0,0.10,0,9.99,0.21,9.78,4794.59,94.59,WIN_TP
2026-09-06 19:13:11.300,1788721991.301,ORDER_FILLED,360287970300000049,360287970300000057,B,SELL,0.03,4416.03,4416.03,0.00,+0.0,4416.15,4416.15,4412.70,9.0,0.0,0.00,0,0.00,0.00,0.00,4794.59,94.59,INITIAL_FILL
2026-09-06 19:13:11.353,1788721991.354,POSITION_CLOSED_WIN_TP,360287970300000064,360287970300000057,B,SELL,0.03,4416.03,4416.03,4412.70,+0.0,4414.36,4414.36,4412.70,0.0,0.0,0.10,0,9.99,0.21,9.78,4804.37,104.37,WIN_TP
2026-09-06 19:13:11.380,1788721991.380,ORDER_FILLED,360287970300000069,360287970300000072,B,SELL,0.03,4411.09,4411.09,0.00,+0.0,4411.21,4411.21,4407.76,9.0,0.0,0.00,0,0.00,0.00,0.00,4804.37,104.37,INITIAL_FILL
2026-09-06 19:13:11.382,1788721991.382,POSITION_CLOSED_BE_PROTECTED,360287970300000079,360287970300000072,B,SELL,0.03,4411.09,4411.09,4411.04,+0.0,4411.04,4411.04,4407.76,0.0,0.0,0.00,0,0.15,0.21,-0.06,4804.31,104.31,BE_PROTECTED
2026-09-06 19:13:11.542,1788721991.543,ORDER_FILLED,360287970300000083,360287970300000092,B,SELL,0.03,4397.55,4397.55,0.00,+0.0,4397.67,4397.67,4394.22,9.0,0.0,0.00,0,0.00,0.00,0.00,4804.31,104.31,INITIAL_FILL
2026-09-06 19:13:11.551,1788721991.551,POSITION_CLOSED_RATCHET_WIN,360287970300000098,360287970300000092,B,SELL,0.03,4397.55,4397.55,4396.72,+0.0,4396.72,4396.72,4394.22,0.0,0.0,0.00,0,2.49,0.21,2.28,4806.59,106.59,RATCHET_WIN
2026-09-06 19:13:11.606,1788721991.607,ORDER_FILLED,360287970300000106,360287970300000112,B,SELL,0.03,4396.94,4396.94,0.00,+0.0,4397.06,4397.06,4393.61,9.0,0.0,0.00,0,0.00,0.00,0.00,4806.59,106.59,INITIAL_FILL
2026-09-06 19:13:11.610,1788721991.611,POSITION_CLOSED_RATCHET_WIN,360287970300000121,360287970300000112,B,SELL,0.03,4396.94,4396.94,4396.11,+0.0,4396.11,4396.11,4393.61,0.0,0.0,0.00,0,2.49,0.21,2.28,4808.87,108.87,RATCHET_WIN
2026-09-06 19:13:11.633,1788721991.634,ORDER_FILLED,360287970300000128,360287970300000129,B,SELL,0.03,4385.02,4385.02,0.00,+0.0,4385.14,4385.14,4381.69,9.0,0.0,0.00,0,0.00,0.00,0.00,4808.87,108.87,INITIAL_FILL
2026-09-06 19:13:11.636,1788721991.637,POSITION_CLOSED_STOP_LOSS,360287970300000137,360287970300000129,B,SELL,0.03,4385.02,4385.02,4385.14,+0.0,4385.14,4385.14,4381.69,0.0,0.0,0.00,0,-0.36,0.21,-0.57,4808.30,108.30,STOP_LOSS
2026-09-06 19:13:11.650,1788721991.651,ORDER_FILLED,360287970300000138,360287970300000143,B,SELL,0.03,4382.95,4382.95,0.00,+0.0,4383.07,4383.07,4379.62,9.0,0.0,0.00,0,0.00,0.00,0.00,4808.30,108.30,INITIAL_FILL
2026-09-06 19:13:11.653,1788721991.654,POSITION_CLOSED_RATCHET_WIN,360287970300000148,360287970300000143,B,SELL,0.03,4382.95,4382.95,4381.28,+0.0,4381.28,4381.28,4379.62,0.0,0.0,0.00,0,5.01,0.21,4.80,4813.10,113.10,RATCHET_WIN
2026-09-06 19:13:11.721,1788721991.722,ORDER_FILLED,360287970300000150,360287970300000152,B,SELL,0.03,4373.81,4373.81,0.00,+0.0,4373.93,4373.93,4370.48,9.0,0.0,0.00,0,0.00,0.00,0.00,4813.10,113.10,INITIAL_FILL
2026-09-06 19:13:11.737,1788721991.737,POSITION_CLOSED_BE_PROTECTED,360287970300000153,360287970300000152,B,SELL,0.03,4373.81,4373.81,4373.76,+0.0,4373.76,4373.76,4370.48,0.0,0.0,0.00,0,0.15,0.21,-0.06,4813.04,113.04,BE_PROTECTED
2026-09-06 19:13:11.794,1788721991.795,ORDER_FILLED,360287970300000162,360287970300000168,B,SELL,0.03,4380.55,4380.55,0.00,+0.0,4380.67,4380.67,4377.22,9.0,0.0,0.00,0,0.00,0.00,0.00,4813.04,113.04,INITIAL_FILL
2026-09-06 19:13:11.811,1788721991.811,POSITION_CLOSED_WIN_TP,360287970300000173,360287970300000168,B,SELL,0.03,4380.55,4380.55,4377.22,+0.0,4378.89,4378.89,4377.22,0.0,0.0,0.00,0,9.99,0.21,9.78,4822.82,122.82,WIN_TP
2026-09-06 19:13:12.107,1788721992.108,ORDER_FILLED,360287970300000174,360287970300000183,B,SELL,0.03,4376.65,4376.65,0.00,+0.0,4376.77,4376.77,4373.32,9.0,0.0,0.00,0,0.00,0.00,0.00,4822.82,122.82,INITIAL_FILL
2026-09-06 19:13:12.110,1788721992.111,POSITION_CLOSED_STOP_LOSS,360287970300000191,360287970300000183,B,SELL,0.03,4376.65,4376.65,4376.77,+0.0,4376.77,4376.77,4373.32,0.0,0.0,0.00,0,-0.36,0.21,-0.57,4822.25,122.25,STOP_LOSS
2026-09-06 19:13:12.160,1788721992.161,ORDER_FILLED,360287970300000200,360287970300000209,B,SELL,0.03,4370.52,4370.52,0.00,+0.0,4370.64,4370.64,4367.19,9.0,0.0,0.00,0,0.00,0.00,0.00,4822.25,122.25,INITIAL_FILL
2026-09-06 19:13:12.182,1788721992.183,POSITION_CLOSED_WIN_TP,360287970300000217,360287970300000209,B,SELL,0.03,4370.52,4370.52,4367.19,+0.0,4368.86,4368.86,4367.19,0.0,0.0,0.00,0,9.99,0.21,9.78,4832.03,132.03,WIN_TP
2026-09-06 19:13:12.210,1788721992.211,ORDER_FILLED,360287970300000223,360287970300000225,B,SELL,0.03,4373.72,4373.72,0.00,+0.0,4373.84,4373.84,4370.39,9.0,0.0,0.00,0,0.00,0.00,0.00,4832.03,132.03,INITIAL_FILL
2026-09-06 19:13:12.212,1788721992.213,POSITION_CLOSED_WIN_TP,360287970300000233,360287970300000225,B,SELL,0.03,4373.72,4373.72,4370.39,+0.0,4372.06,4372.06,4370.39,0.0,0.0,0.00,0,9.99,0.21,9.78,4841.81,141.81,WIN_TP
2026-09-06 19:13:12.372,1788721992.372,ORDER_FILLED,360287970300000239,360287970300000240,B,SELL,0.03,4376.68,4376.68,0.00,+0.0,4376.80,4376.80,4373.35,9.0,0.0,0.00,0,0.00,0.00,0.00,4841.81,141.81,INITIAL_FILL
2026-09-06 19:13:12.388,1788721992.389,POSITION_CLOSED_BE_PROTECTED,360287970300000243,360287970300000240,B,SELL,0.03,4376.68,4376.68,4376.63,+0.0,4376.63,4376.63,4373.35,0.0,0.0,0.00,0,0.15,0.21,-0.06,4841.75,141.75,BE_PROTECTED
2026-09-06 19:13:12.399,1788721992.400,ORDER_FILLED,360287970300000245,360287970300000251,B,SELL,0.03,4376.13,4376.13,0.00,+0.0,4376.25,4376.25,4372.80,9.0,0.0,0.00,0,0.00,0.00,0.00,4841.75,141.75,INITIAL_FILL
2026-09-06 19:13:12.400,1788721992.401,POSITION_CLOSED_STOP_LOSS,360287970300000260,360287970300000251,B,SELL,0.03,4376.13,4376.13,4376.25,+0.0,4376.25,4376.25,4372.80,0.0,0.0,0.00,0,-0.36,0.21,-0.57,4841.18,141.18,STOP_LOSS
2026-09-06 19:13:12.413,1788721992.414,ORDER_FILLED,360287970300000261,360287970300000264,B,SELL,0.03,4375.19,4375.19,0.00,+0.0,4375.31,4375.31,4371.86,9.0,0.0,0.00,0,0.00,0.00,0.00,4841.18,141.18,INITIAL_FILL
2026-09-06 19:13:12.415,1788721992.416,POSITION_CLOSED_RATCHET_WIN,360287970300000269,360287970300000264,B,SELL,0.03,4375.19,4375.19,4374.36,+0.0,4374.36,4374.36,4371.86,0.0,0.0,0.00,0,2.49,0.21,2.28,4843.46,143.46,RATCHET_WIN
2026-09-06 19:13:12.432,1788721992.433,ORDER_FILLED,360287970300000270,360287970300000274,B,SELL,0.03,4372.89,4372.89,0.00,+0.0,4373.01,4373.01,4369.56,9.0,0.0,0.00,0,0.00,0.00,0.00,4843.46,143.46,INITIAL_FILL
2026-09-06 19:13:12.434,1788721992.435,POSITION_CLOSED_WIN_TP,360287970300000275,360287970300000274,B,SELL,0.03,4372.89,4372.89,4369.56,+0.0,4371.23,4371.23,4369.56,0.0,0.0,0.00,0,9.99,0.21,9.78,4853.24,153.24,WIN_TP
2026-09-06 19:13:12.456,1788721992.456,ORDER_FILLED,360287970300000279,360287970300000286,B,SELL,0.03,4370.73,4370.73,0.00,+0.0,4370.85,4370.85,4367.40,9.0,0.0,0.00,0,0.00,0.00,0.00,4853.24,153.24,INITIAL_FILL
2026-09-06 19:13:12.458,1788721992.458,POSITION_CLOSED_RATCHET_WIN,360287970300000295,360287970300000286,B,SELL,0.03,4370.73,4370.73,4369.90,+0.0,4369.90,4369.90,4367.40,0.0,0.0,0.00,0,2.49,0.21,2.28,4855.52,155.52,RATCHET_WIN
2026-09-06 19:13:12.644,1788721992.644,ORDER_FILLED,360287970300000304,360287970300000311,B,SELL,0.03,4372.04,4372.04,0.00,+0.0,4372.16,4372.16,4368.71,9.0,0.0,0.00,0,0.00,0.00,0.00,4855.52,155.52,INITIAL_FILL
2026-09-06 19:13:12.670,1788721992.671,POSITION_CLOSED_RATCHET_WIN,360287970300000318,360287970300000311,B,SELL,0.03,4372.04,4372.04,4370.38,+0.0,4370.38,4370.38,4368.71,0.0,0.0,0.00,0,4.98,0.21,4.77,4860.29,160.29,RATCHET_WIN
2026-09-06 19:13:12.848,1788721992.849,ORDER_FILLED,360287970300000319,360287970300000328,B,SELL,0.03,4368.40,4368.40,0.00,+0.0,4368.52,4368.52,4365.07,9.0,0.0,0.00,0,0.00,0.00,0.00,4860.29,160.29,INITIAL_FILL
2026-09-06 19:13:12.850,1788721992.850,POSITION_CLOSED_WIN_TP,360287970300000329,360287970300000328,B,SELL,0.03,4368.40,4368.40,4365.07,+0.0,4366.73,4366.73,4365.07,0.0,0.0,0.00,0,9.99,0.21,9.78,4870.07,170.07,WIN_TP
2026-09-06 19:13:12.924,1788721992.924,ORDER_FILLED,360287970300000335,360287970300000344,B,SELL,0.03,4370.31,4370.31,0.00,+0.0,4370.43,4370.43,4366.98,9.0,0.0,0.00,0,0.00,0.00,0.00,4870.07,170.07,INITIAL_FILL
2026-09-06 19:13:12.966,1788721992.966,POSITION_CLOSED_WIN_TP,360287970300000353,360287970300000344,B,SELL,0.03,4370.31,4370.31,4366.98,+0.0,4368.65,4368.65,4366.98,0.0,0.0,0.00,0,9.99,0.21,9.78,4879.85,179.85,WIN_TP
2026-09-06 19:13:13.892,1788721993.892,ORDER_FILLED,360287970300000359,360287970300000362,B,SELL,0.03,4378.08,4378.08,0.00,+0.0,4378.20,4378.20,4374.75,9.0,0.0,0.00,0,0.00,0.00,0.00,4879.85,179.85,INITIAL_FILL
2026-09-06 19:13:13.919,1788721993.920,POSITION_CLOSED_RATCHET_WIN,360287970300000368,360287970300000362,B,SELL,0.03,4378.08,4378.08,4377.25,+0.0,4377.25,4377.25,4374.75,0.0,0.0,0.00,0,2.49,0.21,2.28,4882.13,182.13,RATCHET_WIN
2026-09-06 19:13:14.134,1788721994.134,ORDER_FILLED,360287970300000375,360287970300000377,B,SELL,0.03,4380.13,4380.13,0.00,+0.0,4380.25,4380.25,4376.80,9.0,0.0,0.00,0,0.00,0.00,0.00,4882.13,182.13,INITIAL_FILL
2026-09-06 19:13:14.215,1788721994.215,POSITION_CLOSED_RATCHET_WIN,360287970300000384,360287970300000377,B,SELL,0.03,4380.13,4380.13,4380.08,+0.0,4380.08,4380.08,4376.80,0.0,0.0,0.10,0,0.15,0.21,-0.06,4882.07,182.07,RATCHET_WIN
2026-09-06 19:13:14.293,1788721994.293,ORDER_FILLED,360287970300000387,360287970300000394,B,SELL,0.03,4380.37,4380.37,0.00,+0.0,4380.49,4380.49,4377.04,9.0,0.0,0.00,0,0.00,0.00,0.00,4882.07,182.07,INITIAL_FILL
2026-09-06 19:13:14.303,1788721994.304,POSITION_CLOSED_WIN_TP,360287970300000401,360287970300000394,B,SELL,0.03,4380.37,4380.37,4377.04,+0.0,4378.70,4378.70,4377.04,0.0,0.0,0.00,0,9.99,0.21,9.78,4891.85,191.85,WIN_TP
2026-09-06 19:13:14.760,1788721994.761,ORDER_FILLED,360287970300000402,360287970300000407,B,BUY,0.03,4379.71,4379.71,0.00,+0.0,4379.50,4379.50,4382.95,9.0,0.0,0.00,0,0.00,0.00,0.00,4891.85,191.85,INITIAL_FILL
2026-09-06 19:13:14.779,1788721994.779,POSITION_CLOSED_RATCHET_WIN,360287970300000409,360287970300000407,B,BUY,0.03,4379.71,4379.71,4380.54,+0.0,4380.54,4380.54,4382.95,0.0,0.0,0.00,0,2.49,0.21,2.28,4894.13,194.13,RATCHET_WIN
2026-09-06 19:13:15.138,1788721995.139,ORDER_FILLED,360287970300000414,360287970300000421,B,SELL,0.03,4374.32,4374.32,0.00,+0.0,4374.44,4374.44,4370.99,9.0,0.0,0.00,0,0.00,0.00,0.00,4894.13,194.13,INITIAL_FILL
2026-09-06 19:13:15.143,1788721995.144,POSITION_CLOSED_RATCHET_WIN,360287970300000430,360287970300000421,B,SELL,0.03,4374.32,4374.32,4373.49,+0.0,4373.49,4373.49,4370.99,0.0,0.0,0.00,0,2.49,0.21,2.28,4896.41,196.41,RATCHET_WIN
2026-09-06 19:13:15.223,1788721995.224,ORDER_FILLED,360287970300000433,360287970300000438,B,SELL,0.03,4370.83,4370.83,0.00,+0.0,4370.95,4370.95,4367.50,9.0,0.0,0.00,0,0.00,0.00,0.00,4896.41,196.41,INITIAL_FILL
2026-09-06 19:13:15.225,1788721995.226,POSITION_CLOSED_STOP_LOSS,360287970300000444,360287970300000438,B,SELL,0.03,4370.83,4370.83,4370.95,+0.0,4370.95,4370.95,4367.50,0.0,0.0,0.00,0,-0.36,0.21,-0.57,4895.84,195.84,STOP_LOSS
2026-09-06 19:13:15.241,1788721995.242,ORDER_FILLED,360287970300000450,360287970300000459,B,SELL,0.03,4370.57,4370.57,0.00,+0.0,4370.69,4370.69,4367.24,9.0,0.0,0.00,0,0.00,0.00,0.00,4895.84,195.84,INITIAL_FILL
2026-09-06 19:13:15.271,1788721995.272,POSITION_CLOSED_WIN_TP,360287970300000465,360287970300000459,B,SELL,0.03,4370.57,4370.57,4367.24,+0.0,4368.90,4368.90,4367.24,0.0,0.0,0.00,0,9.99,0.21,9.78,4905.62,205.62,WIN_TP
2026-09-06 19:13:15.359,1788721995.359,ORDER_FILLED,360287970300000474,360287970300000481,B,SELL,0.03,4372.99,4372.99,0.00,+0.0,4373.11,4373.11,4369.66,9.0,0.0,0.00,0,0.00,0.00,0.00,4905.62,205.62,INITIAL_FILL
2026-09-06 19:13:15.361,1788721995.361,POSITION_CLOSED_RATCHET_WIN,360287970300000488,360287970300000481,B,SELL,0.03,4372.99,4372.99,4372.16,+0.0,4372.16,4372.16,4369.66,0.0,0.0,0.00,0,2.49,0.21,2.28,4907.90,207.90,RATCHET_WIN
2026-09-06 19:13:15.519,1788721995.520,ORDER_FILLED,360287970300000493,360287970300000502,B,SELL,0.03,4372.75,4372.75,0.00,+0.0,4372.87,4372.87,4369.42,9.0,0.0,0.00,0,0.00,0.00,0.00,4907.90,207.90,INITIAL_FILL
2026-09-06 19:13:15.531,1788721995.532,POSITION_CLOSED_WIN_TP,360287970300000505,360287970300000502,B,SELL,0.03,4372.75,4372.75,4369.42,+0.0,4371.09,4371.09,4369.42,0.0,0.0,0.00,0,9.99,0.21,9.78,4917.68,217.68,WIN_TP
2026-09-06 19:13:15.564,1788721995.565,ORDER_FILLED,360287970300000509,360287970300000512,B,SELL,0.03,4367.54,4367.54,0.00,+0.0,4367.66,4367.66,4364.21,9.0,0.0,0.00,0,0.00,0.00,0.00,4917.68,217.68,INITIAL_FILL
2026-09-06 19:13:15.566,1788721995.567,POSITION_CLOSED_STOP_LOSS,360287970300000518,360287970300000512,B,SELL,0.03,4367.54,4367.54,4367.66,+0.0,4367.66,4367.66,4364.21,0.0,0.0,0.00,0,-0.36,0.21,-0.57,4917.11,217.11,STOP_LOSS
2026-09-06 19:13:15.600,1788721995.601,ORDER_FILLED,360287970300000525,360287970300000526,B,SELL,0.03,4356.94,4356.94,0.00,+0.0,4357.06,4357.06,4353.61,9.0,0.0,0.00,0,0.00,0.00,0.00,4917.11,217.11,INITIAL_FILL
2026-09-06 19:13:15.602,1788721995.603,POSITION_CLOSED_STOP_LOSS,360287970300000528,360287970300000526,B,SELL,0.03,4356.94,4356.94,4357.06,+0.0,4357.06,4357.06,4353.61,0.0,0.0,0.00,0,-0.36,0.21,-0.57,4916.54,216.54,STOP_LOSS
2026-09-06 19:13:15.836,1788721995.837,ORDER_FILLED,360287970300000536,360287970300000541,B,SELL,0.03,4367.24,4367.24,0.00,+0.0,4367.36,4367.36,4363.91,9.0,0.0,0.00,0,0.00,0.00,0.00,4916.54,216.54,INITIAL_FILL
2026-09-06 19:13:15.844,1788721995.845,POSITION_CLOSED_RATCHET_WIN,360287970300000542,360287970300000541,B,SELL,0.03,4367.24,4367.24,4366.41,+0.0,4366.41,4366.41,4363.91,0.0,0.0,0.00,0,2.49,0.21,2.28,4918.82,218.82,RATCHET_WIN
2026-09-06 19:13:15.865,1788721995.866,ORDER_FILLED,360287970300000549,360287970300000556,B,SELL,0.03,4364.42,4364.42,0.00,+0.0,4364.54,4364.54,4361.09,9.0,0.0,0.00,0,0.00,0.00,0.00,4918.82,218.82,INITIAL_FILL
2026-09-06 19:13:15.867,1788721995.868,POSITION_CLOSED_STOP_LOSS,360287970300000565,360287970300000556,B,SELL,0.03,4364.42,4364.42,4364.54,+0.0,4364.54,4364.54,4361.09,0.0,0.0,0.00,0,-0.36,0.21,-0.57,4918.25,218.25,STOP_LOSS
2026-09-06 19:13:15.955,1788721995.955,ORDER_FILLED,360287970300000573,360287970300000580,B,SELL,0.03,4360.03,4360.03,0.00,+0.0,4360.15,4360.15,4356.70,9.0,0.0,0.00,0,0.00,0.00,0.00,4918.25,218.25,INITIAL_FILL
2026-09-06 19:13:15.957,1788721995.957,POSITION_CLOSED_WIN_TP,360287970300000583,360287970300000580,B,SELL,0.03,4360.03,4360.03,4356.70,+0.0,4358.36,4358.36,4356.70,0.0,0.0,0.00,0,9.99,0.21,9.78,4928.03,228.03,WIN_TP
2026-09-06 19:13:15.969,1788721995.969,ORDER_FILLED,360287970300000586,360287970300000589,B,SELL,0.03,4356.15,4356.15,0.00,+0.0,4356.27,4356.27,4352.82,9.0,0.0,0.00,0,0.00,0.00,0.00,4928.03,228.03,INITIAL_FILL
2026-09-06 19:13:15.973,1788721995.973,POSITION_CLOSED_WIN_TP,360287970300000598,360287970300000589,B,SELL,0.03,4356.15,4356.15,4352.82,+0.0,4354.48,4354.48,4352.82,0.0,0.0,0.00,0,9.99,0.21,9.78,4937.81,237.81,WIN_TP
2026-09-06 19:13:15.999,1788721995.999,ORDER_FILLED,360287970300000603,360287970300000612,B,SELL,0.03,4336.83,4336.83,0.00,+0.0,4336.95,4336.95,4333.50,9.0,0.0,0.00,0,0.00,0.00,0.00,4937.81,237.81,INITIAL_FILL
2026-09-06 19:13:16.002,1788721996.002,POSITION_CLOSED_STOP_LOSS,360287970300000614,360287970300000612,B,SELL,0.03,4336.83,4336.83,4336.95,+0.0,4336.95,4336.95,4333.50,0.0,0.0,0.00,0,-0.36,0.21,-0.57,4937.24,237.24,STOP_LOSS
2026-09-06 19:13:16.034,1788721996.034,ORDER_FILLED,360287970300000616,360287970300000620,B,SELL,0.03,4331.23,4331.23,0.00,+0.0,4331.35,4331.35,4327.90,9.0,0.0,0.00,0,0.00,0.00,0.00,4937.24,237.24,INITIAL_FILL
2026-09-06 19:13:16.036,1788721996.037,POSITION_CLOSED_STOP_LOSS,360287970300000622,360287970300000620,B,SELL,0.03,4331.23,4331.23,4331.35,+0.0,4331.35,4331.35,4327.90,0.0,0.0,0.00,0,-0.36,0.21,-0.57,4936.67,236.67,STOP_LOSS
2026-09-06 19:13:16.273,1788721996.274,ORDER_FILLED,360287970300000631,360287970300000639,B,SELL,0.03,4339.23,4339.23,0.00,+0.0,4339.35,4339.35,4335.90,9.0,0.0,0.00,0,0.00,0.00,0.00,4936.67,236.67,INITIAL_FILL
2026-09-06 19:13:16.275,1788721996.276,POSITION_CLOSED_STOP_LOSS,360287970300000642,360287970300000639,B,SELL,0.03,4339.23,4339.23,4339.35,+0.0,4339.35,4339.35,4335.90,0.0,0.0,0.00,0,-0.36,0.21,-0.57,4936.10,236.10,STOP_LOSS
2026-09-06 19:13:16.906,1788721996.907,ORDER_FILLED,360287970300000651,360287970300000660,B,SELL,0.03,4358.31,4358.31,0.00,+0.0,4358.43,4358.43,4354.98,9.0,0.0,0.00,0,0.00,0.00,0.00,4936.10,236.10,INITIAL_FILL
2026-09-06 19:13:16.908,1788721996.909,POSITION_CLOSED_WIN_TP,360287970300000668,360287970300000660,B,SELL,0.03,4358.31,4358.31,4354.98,+0.0,4356.65,4356.65,4354.98,0.0,0.0,0.00,0,9.99,0.21,9.78,4945.88,245.88,WIN_TP
2026-09-06 19:13:16.985,1788721996.985,ORDER_FILLED,360287970300000671,360287970300000680,B,BUY,0.03,4363.36,4363.36,0.00,+0.0,4363.15,4363.15,4366.60,9.0,0.0,0.00,0,0.00,0.00,0.00,4945.88,245.88,INITIAL_FILL
2026-09-06 19:13:16.987,1788721996.988,POSITION_CLOSED_RATCHET_WIN,360287970300000685,360287970300000680,B,BUY,0.03,4363.36,4363.36,4364.19,+0.0,4364.19,4364.19,4366.60,0.0,0.0,0.00,0,2.49,0.21,2.28,4948.16,248.16,RATCHET_WIN
2026-09-06 19:13:17.008,1788721997.008,ORDER_FILLED,360287970300000694,360287970300000703,B,BUY,0.03,4366.57,4366.57,0.00,+0.0,4366.36,4366.36,4369.81,9.0,0.0,0.00,0,0.00,0.00,0.00,4948.16,248.16,INITIAL_FILL
2026-09-06 19:13:17.024,1788721997.025,POSITION_CLOSED_STOP_LOSS,360287970300000710,360287970300000703,B,BUY,0.03,4366.57,4366.57,4366.36,+0.0,4366.36,4366.36,4369.81,0.0,0.0,0.00,0,-0.63,0.21,-0.84,4947.32,247.32,STOP_LOSS
2026-09-06 19:13:17.042,1788721997.042,ORDER_FILLED,360287970300000718,360287970300000726,B,BUY,0.03,4370.49,4370.49,0.00,+0.0,4370.28,4370.28,4373.73,9.0,0.0,0.00,0,0.00,0.00,0.00,4947.32,247.32,INITIAL_FILL
2026-09-06 19:13:17.044,1788721997.044,POSITION_CLOSED_STOP_LOSS,360287970300000735,360287970300000726,B,BUY,0.03,4370.49,4370.49,4370.28,+0.0,4370.28,4370.28,4373.73,0.0,0.0,0.00,0,-0.63,0.21,-0.84,4946.48,246.48,STOP_LOSS
2026-09-06 19:13:17.058,1788721997.058,ORDER_FILLED,360287970300000741,360287970300000750,B,BUY,0.03,4371.64,4371.64,0.00,+0.0,4371.43,4371.43,4374.88,9.0,0.0,0.00,0,0.00,0.00,0.00,4946.48,246.48,INITIAL_FILL
2026-09-06 19:13:17.077,1788721997.077,POSITION_CLOSED_RATCHET_WIN,360287970300000758,360287970300000750,B,BUY,0.03,4371.64,4371.64,4372.47,+0.0,4372.47,4372.47,4374.88,0.0,0.0,0.00,0,2.49,0.21,2.28,4948.76,248.76,RATCHET_WIN
2026-09-06 19:13:17.144,1788721997.144,ORDER_FILLED,360287970300000765,360287970300000768,B,BUY,0.03,4368.90,4368.90,0.00,+0.0,4368.69,4368.69,4372.14,9.0,0.0,0.00,0,0.00,0.00,0.00,4948.76,248.76,INITIAL_FILL
2026-09-06 19:13:17.146,1788721997.146,POSITION_CLOSED_STOP_LOSS,360287970300000771,360287970300000768,B,BUY,0.03,4368.90,4368.90,4368.69,+0.0,4368.69,4368.69,4372.14,0.0,0.0,0.00,0,-0.63,0.21,-0.84,4947.92,247.92,STOP_LOSS
2026-09-06 19:13:17.203,1788721997.203,ORDER_FILLED,360287970300000773,360287970300000775,B,BUY,0.03,4368.35,4368.35,0.00,+0.0,4368.14,4368.14,4371.59,9.0,0.0,0.00,0,0.00,0.00,0.00,4947.92,247.92,INITIAL_FILL
2026-09-06 19:13:17.206,1788721997.207,POSITION_CLOSED_STOP_LOSS,360287970300000784,360287970300000775,B,BUY,0.03,4368.35,4368.35,4368.14,+0.0,4368.14,4368.14,4371.59,0.0,0.0,0.00,0,-0.63,0.21,-0.84,4947.08,247.08,STOP_LOSS
2026-09-06 19:13:17.559,1788721997.560,ORDER_FILLED,360287970300000002,360287970300000010,C,BUY,0.03,4423.66,4423.66,0.00,+0.0,4423.45,4423.45,4426.90,9.0,0.0,0.00,0,0.00,0.00,0.00,4775.66,75.66,INITIAL_FILL
2026-09-06 19:13:17.560,1788721997.561,ORDER_FILLED,360287970300000013,360287970300000018,C,SELL,0.03,4423.57,4423.57,0.00,+0.0,4423.69,4423.69,4420.24,9.0,0.0,0.00,0,0.00,0.00,0.00,4775.66,75.66,INITIAL_FILL
2026-09-06 19:13:17.564,1788721997.565,POSITION_CLOSED_STOP_LOSS,360287970300000024,360287970300000010,C,BUY,0.03,4423.66,4423.66,4423.45,+0.0,4423.45,4423.45,4426.90,0.0,0.0,0.00,0,-0.63,0.21,-0.84,4774.82,74.82,STOP_LOSS
2026-09-06 19:13:17.579,1788721997.579,POSITION_CLOSED_WIN_TP,360287970300000032,360287970300000018,C,SELL,0.03,4423.57,4423.57,4420.24,+0.0,4421.90,4421.90,4420.24,0.0,0.0,0.00,0,9.99,0.21,9.78,4784.60,84.60,WIN_TP
2026-09-06 19:13:17.764,1788721997.765,ORDER_FILLED,360287970300000034,360287970300000040,C,BUY,0.03,4418.07,4418.07,0.00,+0.0,4417.86,4417.86,4421.31,9.0,0.0,0.00,0,0.00,0.00,0.00,4784.60,84.60,INITIAL_FILL
2026-09-06 19:13:17.766,1788721997.766,ORDER_FILLED,360287970300000045,360287970300000046,C,SELL,0.03,4417.98,4417.98,0.00,+0.0,4418.10,4418.10,4414.65,9.0,0.0,0.00,0,0.00,0.00,0.00,4784.60,84.60,INITIAL_FILL
2026-09-06 19:13:17.767,1788721997.768,POSITION_CLOSED_STOP_LOSS,360287970300000051,360287970300000046,C,SELL,0.03,4417.98,4417.98,4418.10,+0.0,4418.10,4418.10,4414.65,0.0,0.0,0.00,0,-0.36,0.21,-0.57,4784.03,84.03,STOP_LOSS
2026-09-06 19:13:17.769,1788721997.770,POSITION_CLOSED_STOP_LOSS,360287970300000059,360287970300000040,C,BUY,0.03,4418.07,4418.07,4417.86,+0.0,4417.86,4417.86,4421.31,0.0,0.0,0.00,0,-0.63,0.21,-0.84,4783.19,83.19,STOP_LOSS
2026-09-06 19:13:17.874,1788721997.875,ORDER_FILLED,360287970300000067,360287970300000076,C,BUY,0.03,4420.63,4420.63,0.00,+0.0,4420.42,4420.42,4423.87,9.0,0.0,0.00,0,0.00,0.00,0.00,4783.19,83.19,INITIAL_FILL
2026-09-06 19:13:17.877,1788721997.878,ORDER_FILLED,360287970300000080,360287970300000082,C,SELL,0.03,4420.54,4420.54,0.00,+0.0,4420.66,4420.66,4417.21,9.0,0.0,0.00,0,0.00,0.00,0.00,4783.19,83.19,INITIAL_FILL
2026-09-06 19:13:17.881,1788721997.881,POSITION_CLOSED_STOP_LOSS,360287970300000084,360287970300000076,C,BUY,0.03,4420.63,4420.63,4420.42,+0.0,4420.42,4420.42,4423.87,0.0,0.0,0.00,0,-0.63,0.21,-0.84,4782.35,82.35,STOP_LOSS
2026-09-06 19:13:17.934,1788721997.935,POSITION_CLOSED_BE_PROTECTED,360287970300000088,360287970300000082,C,SELL,0.03,4420.54,4420.54,4420.49,+0.0,4420.49,4420.49,4417.21,0.0,0.0,0.10,0,0.15,0.21,-0.06,4782.29,82.29,BE_PROTECTED
2026-09-06 19:13:18.003,1788721998.003,ORDER_FILLED,360287970300000092,360287970300000101,C,BUY,0.03,4420.95,4420.95,0.00,+0.0,4420.74,4420.74,4424.19,9.0,0.0,0.00,0,0.00,0.00,0.00,4782.29,82.29,INITIAL_FILL
2026-09-06 19:13:18.004,1788721998.004,ORDER_FILLED,360287970300000105,360287970300000114,C,SELL,0.03,4420.86,4420.86,0.00,+0.0,4420.98,4420.98,4417.53,9.0,0.0,0.00,0,0.00,0.00,0.00,4782.29,82.29,INITIAL_FILL
2026-09-06 19:13:18.007,1788721998.007,POSITION_CLOSED_STOP_LOSS,360287970300000117,360287970300000101,C,BUY,0.03,4420.95,4420.95,4420.74,+0.0,4420.74,4420.74,4424.19,0.0,0.0,0.00,0,-0.63,0.21,-0.84,4781.45,81.45,STOP_LOSS
2026-09-06 19:13:18.105,1788721998.105,POSITION_CLOSED_WIN_TP,360287970300000123,360287970300000114,C,SELL,0.03,4420.86,4420.86,4417.53,+0.0,4419.19,4419.19,4417.53,0.0,0.0,0.10,0,9.99,0.21,9.78,4791.23,91.23,WIN_TP
2026-09-06 19:13:18.169,1788721998.170,ORDER_FILLED,360287970300000128,360287970300000133,C,BUY,0.03,4416.12,4416.12,0.00,+0.0,4415.91,4415.91,4419.36,9.0,0.0,0.00,0,0.00,0.00,0.00,4791.23,91.23,INITIAL_FILL
2026-09-06 19:13:18.170,1788721998.171,ORDER_FILLED,360287970300000136,360287970300000138,C,SELL,0.03,4416.03,4416.03,0.00,+0.0,4416.15,4416.15,4412.70,9.0,0.0,0.00,0,0.00,0.00,0.00,4791.23,91.23,INITIAL_FILL
2026-09-06 19:13:18.171,1788721998.172,POSITION_CLOSED_STOP_LOSS,360287970300000139,360287970300000133,C,BUY,0.03,4416.12,4416.12,4415.91,+0.0,4415.91,4415.91,4419.36,0.0,0.0,0.00,0,-0.63,0.21,-0.84,4790.39,90.39,STOP_LOSS
2026-09-06 19:13:18.174,1788721998.175,POSITION_CLOSED_RATCHET_WIN,360287970300000142,360287970300000138,C,SELL,0.03,4416.03,4416.03,4415.20,+0.0,4415.20,4415.20,4412.70,0.0,0.0,0.00,0,2.49,0.21,2.28,4792.67,92.67,RATCHET_WIN
2026-09-06 19:13:18.203,1788721998.203,ORDER_FILLED,360287970300000144,360287970300000147,C,BUY,0.03,4411.18,4411.18,0.00,+0.0,4410.97,4410.97,4414.42,9.0,0.0,0.00,0,0.00,0.00,0.00,4792.67,92.67,INITIAL_FILL
2026-09-06 19:13:18.204,1788721998.204,ORDER_FILLED,360287970300000148,360287970300000154,C,SELL,0.03,4411.09,4411.09,0.00,+0.0,4411.21,4411.21,4407.76,9.0,0.0,0.00,0,0.00,0.00,0.00,4792.67,92.67,INITIAL_FILL
2026-09-06 19:13:18.205,1788721998.205,POSITION_CLOSED_STOP_LOSS,360287970300000157,360287970300000147,C,BUY,0.03,4411.18,4411.18,4410.97,+0.0,4410.97,4410.97,4414.42,0.0,0.0,0.00,0,-0.63,0.21,-0.84,4791.83,91.83,STOP_LOSS
2026-09-06 19:13:18.208,1788721998.208,POSITION_CLOSED_RATCHET_WIN,360287970300000160,360287970300000154,C,SELL,0.03,4411.09,4411.09,4410.26,+0.0,4410.26,4410.26,4407.76,0.0,0.0,0.00,0,2.49,0.21,2.28,4794.11,94.11,RATCHET_WIN
2026-09-06 19:13:18.362,1788721998.362,ORDER_FILLED,360287970300000164,360287970300000169,C,BUY,0.03,4397.64,4397.64,0.00,+0.0,4397.43,4397.43,4400.88,9.0,0.0,0.00,0,0.00,0.00,0.00,4794.11,94.11,INITIAL_FILL
2026-09-06 19:13:18.363,1788721998.363,ORDER_FILLED,360287970300000173,360287970300000175,C,SELL,0.03,4397.55,4397.55,0.00,+0.0,4397.67,4397.67,4394.22,9.0,0.0,0.00,0,0.00,0.00,0.00,4794.11,94.11,INITIAL_FILL
2026-09-06 19:13:18.364,1788721998.364,POSITION_CLOSED_STOP_LOSS,360287970300000181,360287970300000169,C,BUY,0.03,4397.64,4397.64,4397.43,+0.0,4397.43,4397.43,4400.88,0.0,0.0,0.00,0,-0.63,0.21,-0.84,4793.27,93.27,STOP_LOSS
2026-09-06 19:13:18.373,1788721998.373,POSITION_CLOSED_RATCHET_WIN,360287970300000188,360287970300000175,C,SELL,0.03,4397.55,4397.55,4396.72,+0.0,4396.72,4396.72,4394.22,0.0,0.0,0.00,0,2.49,0.21,2.28,4795.55,95.55,RATCHET_WIN
2026-09-06 19:13:18.442,1788721998.443,ORDER_FILLED,360287970300000197,360287970300000198,C,BUY,0.03,4397.03,4397.03,0.00,+0.0,4396.82,4396.82,4400.27,9.0,0.0,0.00,0,0.00,0.00,0.00,4795.55,95.55,INITIAL_FILL
2026-09-06 19:13:18.443,1788721998.444,ORDER_FILLED,360287970300000201,360287970300000205,C,SELL,0.03,4396.94,4396.94,0.00,+0.0,4397.06,4397.06,4393.61,9.0,0.0,0.00,0,0.00,0.00,0.00,4795.55,95.55,INITIAL_FILL
2026-09-06 19:13:18.445,1788721998.446,POSITION_CLOSED_STOP_LOSS,360287970300000214,360287970300000198,C,BUY,0.03,4397.03,4397.03,4396.82,+0.0,4396.82,4396.82,4400.27,0.0,0.0,0.00,0,-0.63,0.21,-0.84,4794.71,94.71,STOP_LOSS
2026-09-06 19:13:18.476,1788721998.477,POSITION_CLOSED_WIN_TP,360287970300000220,360287970300000205,C,SELL,0.03,4396.94,4396.94,4393.61,+0.0,4395.27,4395.27,4393.61,0.0,0.0,0.00,0,9.99,0.21,9.78,4804.49,104.49,WIN_TP
2026-09-06 19:13:18.499,1788721998.500,ORDER_FILLED,360287970300000223,360287970300000231,C,BUY,0.03,4385.11,4385.11,0.00,+0.0,4384.90,4384.90,4388.35,9.0,0.0,0.00,0,0.00,0.00,0.00,4804.49,104.49,INITIAL_FILL
2026-09-06 19:13:18.501,1788721998.502,ORDER_FILLED,360287970300000237,360287970300000240,C,SELL,0.03,4385.02,4385.02,0.00,+0.0,4385.14,4385.14,4381.69,9.0,0.0,0.00,0,0.00,0.00,0.00,4804.49,104.49,INITIAL_FILL
2026-09-06 19:13:18.502,1788721998.503,POSITION_CLOSED_STOP_LOSS,360287970300000247,360287970300000240,C,SELL,0.03,4385.02,4385.02,4385.14,+0.0,4385.14,4385.14,4381.69,0.0,0.0,0.00,0,-0.36,0.21,-0.57,4803.92,103.92,STOP_LOSS
2026-09-06 19:13:18.507,1788721998.507,POSITION_CLOSED_STOP_LOSS,360287970300000249,360287970300000231,C,BUY,0.03,4385.11,4385.11,4384.90,+0.0,4384.90,4384.90,4388.35,0.0,0.0,0.00,0,-0.63,0.21,-0.84,4803.08,103.08,STOP_LOSS
2026-09-06 19:13:18.516,1788721998.517,ORDER_FILLED,360287970300000250,360287970300000254,C,BUY,0.03,4383.04,4383.04,0.00,+0.0,4382.83,4382.83,4386.28,9.0,0.0,0.00,0,0.00,0.00,0.00,4803.08,103.08,INITIAL_FILL
2026-09-06 19:13:18.517,1788721998.518,ORDER_FILLED,360287970300000261,360287970300000266,C,SELL,0.03,4382.95,4382.95,0.00,+0.0,4383.07,4383.07,4379.62,9.0,0.0,0.00,0,0.00,0.00,0.00,4803.08,103.08,INITIAL_FILL
2026-09-06 19:13:18.518,1788721998.519,POSITION_CLOSED_STOP_LOSS,360287970300000272,360287970300000254,C,BUY,0.03,4383.04,4383.04,4382.83,+0.0,4382.83,4382.83,4386.28,0.0,0.0,0.00,0,-0.63,0.21,-0.84,4802.24,102.24,STOP_LOSS
2026-09-06 19:13:18.526,1788721998.527,POSITION_CLOSED_WIN_TP,360287970300000280,360287970300000266,C,SELL,0.03,4382.95,4382.95,4379.62,+0.0,4381.28,4381.28,4379.62,0.0,0.0,0.00,0,9.99,0.21,9.78,4812.02,112.02,WIN_TP
2026-09-06 19:13:18.567,1788721998.568,ORDER_FILLED,360287970300000287,360287970300000289,C,BUY,0.03,4373.90,4373.90,0.00,+0.0,4373.69,4373.69,4377.14,9.0,0.0,0.00,0,0.00,0.00,0.00,4812.02,112.02,INITIAL_FILL
2026-09-06 19:13:18.567,1788721998.568,ORDER_FILLED,360287970300000294,360287970300000298,C,SELL,0.03,4373.81,4373.81,0.00,+0.0,4373.93,4373.93,4370.48,9.0,0.0,0.00,0,0.00,0.00,0.00,4812.02,112.02,INITIAL_FILL
2026-09-06 19:13:18.569,1788721998.570,POSITION_CLOSED_STOP_LOSS,360287970300000304,360287970300000289,C,BUY,0.03,4373.90,4373.90,4373.69,+0.0,4373.69,4373.69,4377.14,0.0,0.0,0.00,0,-0.63,0.21,-0.84,4811.18,111.18,STOP_LOSS
2026-09-06 19:13:18.577,1788721998.578,POSITION_CLOSED_BE_PROTECTED,360287970300000309,360287970300000298,C,SELL,0.03,4373.81,4373.81,4373.76,+0.0,4373.76,4373.76,4370.48,0.0,0.0,0.00,0,0.15,0.21,-0.06,4811.12,111.12,BE_PROTECTED
2026-09-06 19:13:18.606,1788721998.607,ORDER_FILLED,360287970300000316,360287970300000323,C,BUY,0.03,4380.64,4380.64,0.00,+0.0,4380.43,4380.43,4383.88,9.0,0.0,0.00,0,0.00,0.00,0.00,4811.12,111.12,INITIAL_FILL
2026-09-06 19:13:18.607,1788721998.607,ORDER_FILLED,360287970300000326,360287970300000333,C,SELL,0.03,4380.55,4380.55,0.00,+0.0,4380.67,4380.67,4377.22,9.0,0.0,0.00,0,0.00,0.00,0.00,4811.12,111.12,INITIAL_FILL
2026-09-06 19:13:18.608,1788721998.609,POSITION_CLOSED_STOP_LOSS,360287970300000337,360287970300000323,C,BUY,0.03,4380.64,4380.64,4380.43,+0.0,4380.43,4380.43,4383.88,0.0,0.0,0.00,0,-0.63,0.21,-0.84,4810.28,110.28,STOP_LOSS
2026-09-06 19:13:18.617,1788721998.617,POSITION_CLOSED_WIN_TP,360287970300000338,360287970300000333,C,SELL,0.03,4380.55,4380.55,4377.22,+0.0,4378.89,4378.89,4377.22,0.0,0.0,0.00,0,9.99,0.21,9.78,4820.06,120.06,WIN_TP
2026-09-06 19:13:18.837,1788721998.837,ORDER_FILLED,360287970300000344,360287970300000346,C,BUY,0.03,4376.74,4376.74,0.00,+0.0,4376.53,4376.53,4379.98,9.0,0.0,0.00,0,0.00,0.00,0.00,4820.06,120.06,INITIAL_FILL
2026-09-06 19:13:18.838,1788721998.838,ORDER_FILLED,360287970300000347,360287970300000352,C,SELL,0.03,4376.65,4376.65,0.00,+0.0,4376.77,4376.77,4373.32,9.0,0.0,0.00,0,0.00,0.00,0.00,4820.06,120.06,INITIAL_FILL
2026-09-06 19:13:18.840,1788721998.840,POSITION_CLOSED_STOP_LOSS,360287970300000361,360287970300000352,C,SELL,0.03,4376.65,4376.65,4376.77,+0.0,4376.77,4376.77,4373.32,0.0,0.0,0.00,0,-0.36,0.21,-0.57,4819.49,119.49,STOP_LOSS
2026-09-06 19:13:18.842,1788721998.842,POSITION_CLOSED_STOP_LOSS,360287970300000367,360287970300000346,C,BUY,0.03,4376.74,4376.74,4376.53,+0.0,4376.53,4376.53,4379.98,0.0,0.0,0.00,0,-0.63,0.21,-0.84,4818.65,118.65,STOP_LOSS
2026-09-06 19:13:18.891,1788721998.892,ORDER_FILLED,360287970300000369,360287970300000377,C,BUY,0.03,4370.61,4370.61,0.00,+0.0,4370.40,4370.40,4373.85,9.0,0.0,0.00,0,0.00,0.00,0.00,4818.65,118.65,INITIAL_FILL
2026-09-06 19:13:18.892,1788721998.893,ORDER_FILLED,360287970300000380,360287970300000384,C,SELL,0.03,4370.52,4370.52,0.00,+0.0,4370.64,4370.64,4367.19,9.0,0.0,0.00,0,0.00,0.00,0.00,4818.65,118.65,INITIAL_FILL
2026-09-06 19:13:18.893,1788721998.894,POSITION_CLOSED_STOP_LOSS,360287970300000386,360287970300000377,C,BUY,0.03,4370.61,4370.61,4370.40,+0.0,4370.40,4370.40,4373.85,0.0,0.0,0.00,0,-0.63,0.21,-0.84,4817.81,117.81,STOP_LOSS
2026-09-06 19:13:18.913,1788721998.914,POSITION_CLOSED_WIN_TP,360287970300000388,360287970300000384,C,SELL,0.03,4370.52,4370.52,4367.19,+0.0,4368.86,4368.86,4367.19,0.0,0.0,0.00,0,9.99,0.21,9.78,4827.59,127.59,WIN_TP
2026-09-06 19:13:18.941,1788721998.942,ORDER_FILLED,360287970300000393,360287970300000398,C,BUY,0.03,4373.81,4373.81,0.00,+0.0,4373.60,4373.60,4377.05,9.0,0.0,0.00,0,0.00,0.00,0.00,4827.59,127.59,INITIAL_FILL
2026-09-06 19:13:18.943,1788721998.943,ORDER_FILLED,360287970300000403,360287970300000405,C,SELL,0.03,4373.72,4373.72,0.00,+0.0,4373.84,4373.84,4370.39,9.0,0.0,0.00,0,0.00,0.00,0.00,4827.59,127.59,INITIAL_FILL
2026-09-06 19:13:18.945,1788721998.945,POSITION_CLOSED_STOP_LOSS,360287970300000409,360287970300000398,C,BUY,0.03,4373.81,4373.81,4373.60,+0.0,4373.60,4373.60,4377.05,0.0,0.0,0.00,0,-0.63,0.21,-0.84,4826.75,126.75,STOP_LOSS
2026-09-06 19:13:18.946,1788721998.946,POSITION_CLOSED_WIN_TP,360287970300000415,360287970300000405,C,SELL,0.03,4373.72,4373.72,4370.39,+0.0,4372.06,4372.06,4370.39,0.0,0.0,0.00,0,9.99,0.21,9.78,4836.53,136.53,WIN_TP
2026-09-06 19:13:19.163,1788721999.164,ORDER_FILLED,360287970300000416,360287970300000418,C,BUY,0.03,4376.77,4376.77,0.00,+0.0,4376.56,4376.56,4380.01,9.0,0.0,0.00,0,0.00,0.00,0.00,4836.53,136.53,INITIAL_FILL
2026-09-06 19:13:19.164,1788721999.165,ORDER_FILLED,360287970300000424,360287970300000433,C,SELL,0.03,4376.68,4376.68,0.00,+0.0,4376.80,4376.80,4373.35,9.0,0.0,0.00,0,0.00,0.00,0.00,4836.53,136.53,INITIAL_FILL
2026-09-06 19:13:19.166,1788721999.166,POSITION_CLOSED_STOP_LOSS,360287970300000434,360287970300000418,C,BUY,0.03,4376.77,4376.77,4376.56,+0.0,4376.56,4376.56,4380.01,0.0,0.0,0.00,0,-0.63,0.21,-0.84,4835.69,135.69,STOP_LOSS
2026-09-06 19:13:19.185,1788721999.185,POSITION_CLOSED_BE_PROTECTED,360287970300000438,360287970300000433,C,SELL,0.03,4376.68,4376.68,4376.63,+0.0,4376.63,4376.63,4373.35,0.0,0.0,0.00,0,0.15,0.21,-0.06,4835.63,135.63,BE_PROTECTED
2026-09-06 19:13:19.200,1788721999.200,ORDER_FILLED,360287970300000439,360287970300000447,C,BUY,0.03,4376.22,4376.22,0.00,+0.0,4376.01,4376.01,4379.46,9.0,0.0,0.00,0,0.00,0.00,0.00,4835.63,135.63,INITIAL_FILL
2026-09-06 19:13:19.201,1788721999.201,ORDER_FILLED,360287970300000451,360287970300000460,C,SELL,0.03,4376.13,4376.13,0.00,+0.0,4376.25,4376.25,4372.80,9.0,0.0,0.00,0,0.00,0.00,0.00,4835.63,135.63,INITIAL_FILL
2026-09-06 19:13:19.202,1788721999.202,POSITION_CLOSED_STOP_LOSS,360287970300000469,360287970300000460,C,SELL,0.03,4376.13,4376.13,4376.25,+0.0,4376.25,4376.25,4372.80,0.0,0.0,0.00,0,-0.36,0.21,-0.57,4835.06,135.06,STOP_LOSS
2026-09-06 19:13:19.205,1788721999.205,POSITION_CLOSED_STOP_LOSS,360287970300000470,360287970300000447,C,BUY,0.03,4376.22,4376.22,4376.01,+0.0,4376.01,4376.01,4379.46,0.0,0.0,0.00,0,-0.63,0.21,-0.84,4834.22,134.22,STOP_LOSS
2026-09-06 19:13:19.221,1788721999.222,ORDER_FILLED,360287970300000477,360287970300000482,C,BUY,0.03,4375.28,4375.28,0.00,+0.0,4375.07,4375.07,4378.52,9.0,0.0,0.00,0,0.00,0.00,0.00,4834.22,134.22,INITIAL_FILL
2026-09-06 19:13:19.222,1788721999.223,ORDER_FILLED,360287970300000487,360287970300000489,C,SELL,0.03,4375.19,4375.19,0.00,+0.0,4375.31,4375.31,4371.86,9.0,0.0,0.00,0,0.00,0.00,0.00,4834.22,134.22,INITIAL_FILL
2026-09-06 19:13:19.225,1788721999.225,POSITION_CLOSED_STOP_LOSS,360287970300000491,360287970300000482,C,BUY,0.03,4375.28,4375.28,4375.07,+0.0,4375.07,4375.07,4378.52,0.0,0.0,0.00,0,-0.63,0.21,-0.84,4833.38,133.38,STOP_LOSS
2026-09-06 19:13:19.253,1788721999.253,POSITION_CLOSED_RATCHET_WIN,360287970300000500,360287970300000489,C,SELL,0.03,4375.19,4375.19,4374.36,+0.0,4374.36,4374.36,4371.86,0.0,0.0,0.00,0,2.49,0.21,2.28,4835.66,135.66,RATCHET_WIN
2026-09-06 19:13:19.269,1788721999.269,ORDER_FILLED,360287970300000505,360287970300000514,C,BUY,0.03,4372.98,4372.98,0.00,+0.0,4372.77,4372.77,4376.22,9.0,0.0,0.00,0,0.00,0.00,0.00,4835.66,135.66,INITIAL_FILL
2026-09-06 19:13:19.269,1788721999.270,ORDER_FILLED,360287970300000516,360287970300000520,C,SELL,0.03,4372.89,4372.89,0.00,+0.0,4373.01,4373.01,4369.56,9.0,0.0,0.00,0,0.00,0.00,0.00,4835.66,135.66,INITIAL_FILL
2026-09-06 19:13:19.271,1788721999.271,POSITION_CLOSED_STOP_LOSS,360287970300000521,360287970300000514,C,BUY,0.03,4372.98,4372.98,4372.77,+0.0,4372.77,4372.77,4376.22,0.0,0.0,0.00,0,-0.63,0.21,-0.84,4834.82,134.82,STOP_LOSS
2026-09-06 19:13:19.273,1788721999.273,POSITION_CLOSED_WIN_TP,360287970300000525,360287970300000520,C,SELL,0.03,4372.89,4372.89,4369.56,+0.0,4371.23,4371.23,4369.56,0.0,0.0,0.00,0,9.99,0.21,9.78,4844.60,144.60,WIN_TP
2026-09-06 19:13:19.297,1788721999.297,ORDER_FILLED,360287970300000529,360287970300000531,C,BUY,0.03,4370.82,4370.82,0.00,+0.0,4370.61,4370.61,4374.06,9.0,0.0,0.00,0,0.00,0.00,0.00,4844.60,144.60,INITIAL_FILL
2026-09-06 19:13:19.297,1788721999.297,ORDER_FILLED,360287970300000540,360287970300000548,C,SELL,0.03,4370.73,4370.73,0.00,+0.0,4370.85,4370.85,4367.40,9.0,0.0,0.00,0,0.00,0.00,0.00,4844.60,144.60,INITIAL_FILL
2026-09-06 19:13:19.299,1788721999.299,POSITION_CLOSED_STOP_LOSS,360287970300000552,360287970300000531,C,BUY,0.03,4370.82,4370.82,4370.61,+0.0,4370.61,4370.61,4374.06,0.0,0.0,0.00,0,-0.63,0.21,-0.84,4843.76,143.76,STOP_LOSS
2026-09-06 19:13:19.346,1788721999.347,POSITION_CLOSED_RATCHET_WIN,360287970300000559,360287970300000548,C,SELL,0.03,4370.73,4370.73,4369.06,+0.0,4369.06,4369.06,4367.40,0.0,0.0,0.00,0,5.01,0.21,4.80,4848.56,148.56,RATCHET_WIN
2026-09-06 19:13:19.598,1788721999.599,ORDER_FILLED,360287970300000563,360287970300000569,C,BUY,0.03,4372.13,4372.13,0.00,+0.0,4371.92,4371.92,4375.37,9.0,0.0,0.00,0,0.00,0.00,0.00,4848.56,148.56,INITIAL_FILL
2026-09-06 19:13:19.599,1788721999.600,ORDER_FILLED,360287970300000572,360287970300000575,C,SELL,0.03,4372.04,4372.04,0.00,+0.0,4372.16,4372.16,4368.71,9.0,0.0,0.00,0,0.00,0.00,0.00,4848.56,148.56,INITIAL_FILL
2026-09-06 19:13:19.601,1788721999.601,POSITION_CLOSED_STOP_LOSS,360287970300000582,360287970300000569,C,BUY,0.03,4372.13,4372.13,4371.92,+0.0,4371.92,4371.92,4375.37,0.0,0.0,0.00,0,-0.63,0.21,-0.84,4847.72,147.72,STOP_LOSS
2026-09-06 19:13:19.633,1788721999.634,POSITION_CLOSED_RATCHET_WIN,360287970300000583,360287970300000575,C,SELL,0.03,4372.04,4372.04,4370.38,+0.0,4370.38,4370.38,4368.71,0.0,0.0,0.00,0,4.98,0.21,4.77,4852.49,152.49,RATCHET_WIN
2026-09-06 19:13:20.025,1788722000.026,ORDER_FILLED,360287970300000591,360287970300000599,C,BUY,0.03,4368.49,4368.49,0.00,+0.0,4368.28,4368.28,4371.73,9.0,0.0,0.00,0,0.00,0.00,0.00,4852.49,152.49,INITIAL_FILL
2026-09-06 19:13:20.027,1788722000.027,ORDER_FILLED,360287970300000606,360287970300000613,C,SELL,0.03,4368.40,4368.40,0.00,+0.0,4368.52,4368.52,4365.07,9.0,0.0,0.00,0,0.00,0.00,0.00,4852.49,152.49,INITIAL_FILL
2026-09-06 19:13:20.030,1788722000.031,POSITION_CLOSED_STOP_LOSS,360287970300000622,360287970300000599,C,BUY,0.03,4368.49,4368.49,4368.28,+0.0,4368.28,4368.28,4371.73,0.0,0.0,0.00,0,-0.63,0.21,-0.84,4851.65,151.65,STOP_LOSS
2026-09-06 19:13:20.033,1788722000.034,POSITION_CLOSED_WIN_TP,360287970300000625,360287970300000613,C,SELL,0.03,4368.40,4368.40,4365.07,+0.0,4366.73,4366.73,4365.07,0.0,0.0,0.00,0,9.99,0.21,9.78,4861.43,161.43,WIN_TP
2026-09-06 19:13:20.127,1788722000.128,ORDER_FILLED,360287970300000627,360287970300000631,C,BUY,0.03,4370.40,4370.40,0.00,+0.0,4370.19,4370.19,4373.64,9.0,0.0,0.00,0,0.00,0.00,0.00,4861.43,161.43,INITIAL_FILL
2026-09-06 19:13:20.127,1788722000.128,ORDER_FILLED,360287970300000639,360287970300000645,C,SELL,0.03,4370.31,4370.31,0.00,+0.0,4370.43,4370.43,4366.98,9.0,0.0,0.00,0,0.00,0.00,0.00,4861.43,161.43,INITIAL_FILL
2026-09-06 19:13:20.129,1788722000.130,POSITION_CLOSED_STOP_LOSS,360287970300000653,360287970300000631,C,BUY,0.03,4370.40,4370.40,4370.19,+0.0,4370.19,4370.19,4373.64,0.0,0.0,0.00,0,-0.63,0.21,-0.84,4860.59,160.59,STOP_LOSS
2026-09-06 19:13:20.192,1788722000.192,POSITION_CLOSED_WIN_TP,360287970300000656,360287970300000645,C,SELL,0.03,4370.31,4370.31,4366.98,+0.0,4368.65,4368.65,4366.98,0.0,0.0,0.10,0,9.99,0.21,9.78,4870.37,170.37,WIN_TP
2026-09-06 19:13:21.234,1788722001.235,ORDER_FILLED,360287970300000660,360287970300000669,C,BUY,0.03,4378.17,4378.17,0.00,+0.0,4377.96,4377.96,4381.41,9.0,0.0,0.00,0,0.00,0.00,0.00,4870.37,170.37,INITIAL_FILL
2026-09-06 19:13:21.235,1788722001.236,ORDER_FILLED,360287970300000674,360287970300000680,C,SELL,0.03,4378.08,4378.08,0.00,+0.0,4378.20,4378.20,4374.75,9.0,0.0,0.00,0,0.00,0.00,0.00,4870.37,170.37,INITIAL_FILL
2026-09-06 19:13:21.237,1788722001.238,POSITION_CLOSED_STOP_LOSS,360287970300000682,360287970300000669,C,BUY,0.03,4378.17,4378.17,4377.96,+0.0,4377.96,4377.96,4381.41,0.0,0.0,0.00,0,-0.63,0.21,-0.84,4869.53,169.53,STOP_LOSS
2026-09-06 19:13:21.264,1788722001.264,POSITION_CLOSED_RATCHET_WIN,360287970300000690,360287970300000680,C,SELL,0.03,4378.08,4378.08,4377.25,+0.0,4377.25,4377.25,4374.75,0.0,0.0,0.00,0,2.49,0.21,2.28,4871.81,171.81,RATCHET_WIN
2026-09-06 19:13:21.472,1788722001.473,ORDER_FILLED,360287970300000699,360287970300000708,C,BUY,0.03,4380.22,4380.22,0.00,+0.0,4380.01,4380.01,4383.46,9.0,0.0,0.00,0,0.00,0.00,0.00,4871.81,171.81,INITIAL_FILL
2026-09-06 19:13:21.473,1788722001.473,ORDER_FILLED,360287970300000715,360287970300000719,C,SELL,0.03,4380.13,4380.13,0.00,+0.0,4380.25,4380.25,4376.80,9.0,0.0,0.00,0,0.00,0.00,0.00,4871.81,171.81,INITIAL_FILL
2026-09-06 19:13:21.474,1788722001.475,POSITION_CLOSED_STOP_LOSS,360287970300000721,360287970300000708,C,BUY,0.03,4380.22,4380.22,4380.01,+0.0,4380.01,4380.01,4383.46,0.0,0.0,0.00,0,-0.63,0.21,-0.84,4870.97,170.97,STOP_LOSS
2026-09-06 19:13:21.579,1788722001.579,POSITION_CLOSED_RATCHET_WIN,360287970300000730,360287970300000719,C,SELL,0.03,4380.13,4380.13,4380.08,+0.0,4380.08,4380.08,4376.80,0.0,0.0,0.10,0,0.15,0.21,-0.06,4870.91,170.91,RATCHET_WIN
2026-09-06 19:13:21.660,1788722001.660,ORDER_FILLED,360287970300000735,360287970300000738,C,BUY,0.03,4380.46,4380.46,0.00,+0.0,4380.25,4380.25,4383.70,9.0,0.0,0.00,0,0.00,0.00,0.00,4870.91,170.91,INITIAL_FILL
2026-09-06 19:13:21.660,1788722001.661,ORDER_FILLED,360287970300000747,360287970300000750,C,SELL,0.03,4380.37,4380.37,0.00,+0.0,4380.49,4380.49,4377.04,9.0,0.0,0.00,0,0.00,0.00,0.00,4870.91,170.91,INITIAL_FILL
2026-09-06 19:13:21.661,1788722001.662,POSITION_CLOSED_STOP_LOSS,360287970300000753,360287970300000738,C,BUY,0.03,4380.46,4380.46,4380.25,+0.0,4380.25,4380.25,4383.70,0.0,0.0,0.00,0,-0.63,0.21,-0.84,4870.07,170.07,STOP_LOSS
2026-09-06 19:13:21.671,1788722001.671,POSITION_CLOSED_WIN_TP,360287970300000757,360287970300000750,C,SELL,0.03,4380.37,4380.37,4377.04,+0.0,4378.70,4378.70,4377.04,0.0,0.0,0.00,0,9.99,0.21,9.78,4879.85,179.85,WIN_TP
2026-09-06 19:13:22.150,1788722002.151,ORDER_FILLED,360287970300000765,360287970300000772,C,BUY,0.03,4379.71,4379.71,0.00,+0.0,4379.50,4379.50,4382.95,9.0,0.0,0.00,0,0.00,0.00,0.00,4879.85,179.85,INITIAL_FILL
2026-09-06 19:13:22.151,1788722002.152,ORDER_FILLED,360287970300000781,360287970300000783,C,SELL,0.03,4379.62,4379.62,0.00,+0.0,4379.74,4379.74,4376.29,9.0,0.0,0.00,0,0.00,0.00,0.00,4879.85,179.85,INITIAL_FILL
2026-09-06 19:13:22.153,1788722002.154,POSITION_CLOSED_STOP_LOSS,360287970300000789,360287970300000783,C,SELL,0.03,4379.62,4379.62,4379.74,+0.0,4379.74,4379.74,4376.29,0.0,0.0,0.00,0,-0.36,0.21,-0.57,4879.28,179.28,STOP_LOSS
2026-09-06 19:13:22.179,1788722002.180,POSITION_CLOSED_RATCHET_WIN,360287970300000792,360287970300000772,C,BUY,0.03,4379.71,4379.71,4380.54,+0.0,4380.54,4380.54,4382.95,0.0,0.0,0.00,0,2.49,0.21,2.28,4881.56,181.56,RATCHET_WIN
2026-09-06 19:13:22.594,1788722002.594,ORDER_FILLED,360287970300000801,360287970300000806,C,BUY,0.03,4374.41,4374.41,0.00,+0.0,4374.20,4374.20,4377.65,9.0,0.0,0.00,0,0.00,0.00,0.00,4881.56,181.56,INITIAL_FILL
2026-09-06 19:13:22.595,1788722002.595,ORDER_FILLED,360287970300000812,360287970300000818,C,SELL,0.03,4374.32,4374.32,0.00,+0.0,4374.44,4374.44,4370.99,9.0,0.0,0.00,0,0.00,0.00,0.00,4881.56,181.56,INITIAL_FILL
2026-09-06 19:13:22.596,1788722002.597,POSITION_CLOSED_STOP_LOSS,360287970300000823,360287970300000806,C,BUY,0.03,4374.41,4374.41,4374.20,+0.0,4374.20,4374.20,4377.65,0.0,0.0,0.00,0,-0.63,0.21,-0.84,4880.72,180.72,STOP_LOSS
2026-09-06 19:13:22.602,1788722002.602,POSITION_CLOSED_RATCHET_WIN,360287970300000828,360287970300000818,C,SELL,0.03,4374.32,4374.32,4373.49,+0.0,4373.49,4373.49,4370.99,0.0,0.0,0.00,0,2.49,0.21,2.28,4883.00,183.00,RATCHET_WIN
2026-09-06 19:13:22.698,1788722002.698,ORDER_FILLED,360287970300000830,360287970300000837,C,BUY,0.03,4370.92,4370.92,0.00,+0.0,4370.71,4370.71,4374.16,9.0,0.0,0.00,0,0.00,0.00,0.00,4883.00,183.00,INITIAL_FILL
2026-09-06 19:13:22.699,1788722002.699,ORDER_FILLED,360287970300000845,360287970300000848,C,SELL,0.03,4370.83,4370.83,0.00,+0.0,4370.95,4370.95,4367.50,9.0,0.0,0.00,0,0.00,0.00,0.00,4883.00,183.00,INITIAL_FILL
2026-09-06 19:13:22.700,1788722002.701,POSITION_CLOSED_STOP_LOSS,360287970300000851,360287970300000848,C,SELL,0.03,4370.83,4370.83,4370.95,+0.0,4370.95,4370.95,4367.50,0.0,0.0,0.00,0,-0.36,0.21,-0.57,4882.43,182.43,STOP_LOSS
2026-09-06 19:13:22.703,1788722002.704,POSITION_CLOSED_STOP_LOSS,360287970300000857,360287970300000837,C,BUY,0.03,4370.92,4370.92,4370.71,+0.0,4370.71,4370.71,4374.16,0.0,0.0,0.00,0,-0.63,0.21,-0.84,4881.59,181.59,STOP_LOSS
2026-09-06 19:13:22.722,1788722002.723,ORDER_FILLED,360287970300000861,360287970300000863,C,BUY,0.03,4370.66,4370.66,0.00,+0.0,4370.45,4370.45,4373.90,9.0,0.0,0.00,0,0.00,0.00,0.00,4881.59,181.59,INITIAL_FILL
2026-09-06 19:13:22.723,1788722002.724,ORDER_FILLED,360287970300000870,360287970300000874,C,SELL,0.03,4370.57,4370.57,0.00,+0.0,4370.69,4370.69,4367.24,9.0,0.0,0.00,0,0.00,0.00,0.00,4881.59,181.59,INITIAL_FILL
2026-09-06 19:13:22.726,1788722002.727,POSITION_CLOSED_STOP_LOSS,360287970300000876,360287970300000863,C,BUY,0.03,4370.66,4370.66,4370.45,+0.0,4370.45,4370.45,4373.90,0.0,0.0,0.00,0,-0.63,0.21,-0.84,4880.75,180.75,STOP_LOSS
2026-09-06 19:13:22.790,1788722002.790,POSITION_CLOSED_WIN_TP,360287970300000877,360287970300000874,C,SELL,0.03,4370.57,4370.57,4367.24,+0.0,4368.90,4368.90,4367.24,0.0,0.0,0.10,0,9.99,0.21,9.78,4890.53,190.53,WIN_TP
2026-09-06 19:13:22.947,1788722002.948,ORDER_FILLED,360287970300000883,360287970300000891,C,BUY,0.03,4373.08,4373.08,0.00,+0.0,4372.87,4372.87,4376.32,9.0,0.0,0.00,0,0.00,0.00,0.00,4890.53,190.53,INITIAL_FILL
2026-09-06 19:13:22.948,1788722002.949,ORDER_FILLED,360287970300000894,360287970300000903,C,SELL,0.03,4372.99,4372.99,0.00,+0.0,4373.11,4373.11,4369.66,9.0,0.0,0.00,0,0.00,0.00,0.00,4890.53,190.53,INITIAL_FILL
2026-09-06 19:13:22.952,1788722002.953,POSITION_CLOSED_STOP_LOSS,360287970300000910,360287970300000891,C,BUY,0.03,4373.08,4373.08,4372.87,+0.0,4372.87,4372.87,4376.32,0.0,0.0,0.00,0,-0.63,0.21,-0.84,4889.69,189.69,STOP_LOSS
2026-09-06 19:13:22.968,1788722002.969,POSITION_CLOSED_RATCHET_WIN,360287970300000914,360287970300000903,C,SELL,0.03,4372.99,4372.99,4371.32,+0.0,4371.32,4371.32,4369.66,0.0,0.0,0.00,0,5.01,0.21,4.80,4894.49,194.49,RATCHET_WIN
2026-09-06 19:13:23.230,1788722003.230,ORDER_FILLED,360287970300000923,360287970300000927,C,BUY,0.03,4372.84,4372.84,0.00,+0.0,4372.63,4372.63,4376.08,9.0,0.0,0.00,0,0.00,0.00,0.00,4894.49,194.49,INITIAL_FILL
2026-09-06 19:13:23.230,1788722003.231,ORDER_FILLED,360287970300000930,360287970300000932,C,SELL,0.03,4372.75,4372.75,0.00,+0.0,4372.87,4372.87,4369.42,9.0,0.0,0.00,0,0.00,0.00,0.00,4894.49,194.49,INITIAL_FILL
2026-09-06 19:13:23.232,1788722003.232,POSITION_CLOSED_STOP_LOSS,360287970300000934,360287970300000927,C,BUY,0.03,4372.84,4372.84,4372.63,+0.0,4372.63,4372.63,4376.08,0.0,0.0,0.00,0,-0.63,0.21,-0.84,4893.65,193.65,STOP_LOSS
2026-09-06 19:13:23.246,1788722003.246,POSITION_CLOSED_WIN_TP,360287970300000937,360287970300000932,C,SELL,0.03,4372.75,4372.75,4369.42,+0.0,4371.09,4371.09,4369.42,0.0,0.0,0.00,0,9.99,0.21,9.78,4903.43,203.43,WIN_TP
2026-09-06 19:13:23.292,1788722003.292,ORDER_FILLED,360287970300000941,360287970300000950,C,BUY,0.03,4367.63,4367.63,0.00,+0.0,4367.42,4367.42,4370.87,9.0,0.0,0.00,0,0.00,0.00,0.00,4903.43,203.43,INITIAL_FILL
2026-09-06 19:13:23.292,1788722003.293,ORDER_FILLED,360287970300000957,360287970300000961,C,SELL,0.03,4367.54,4367.54,0.00,+0.0,4367.66,4367.66,4364.21,9.0,0.0,0.00,0,0.00,0.00,0.00,4903.43,203.43,INITIAL_FILL
2026-09-06 19:13:23.294,1788722003.295,POSITION_CLOSED_STOP_LOSS,360287970300000962,360287970300000961,C,SELL,0.03,4367.54,4367.54,4367.66,+0.0,4367.66,4367.66,4364.21,0.0,0.0,0.00,0,-0.36,0.21,-0.57,4902.86,202.86,STOP_LOSS
2026-09-06 19:13:23.305,1788722003.305,POSITION_CLOSED_STOP_LOSS,360287970300000970,360287970300000950,C,BUY,0.03,4367.63,4367.63,4367.42,+0.0,4367.42,4367.42,4370.87,0.0,0.0,0.00,0,-0.63,0.21,-0.84,4902.02,202.02,STOP_LOSS
2026-09-06 19:13:23.345,1788722003.346,ORDER_FILLED,360287970300000972,360287970300000979,C,BUY,0.03,4357.03,4357.03,0.00,+0.0,4356.82,4356.82,4360.27,9.0,0.0,0.00,0,0.00,0.00,0.00,4902.02,202.02,INITIAL_FILL
2026-09-06 19:13:23.346,1788722003.347,ORDER_FILLED,360287970300000985,360287970300000992,C,SELL,0.03,4356.94,4356.94,0.00,+0.0,4357.06,4357.06,4353.61,9.0,0.0,0.00,0,0.00,0.00,0.00,4902.02,202.02,INITIAL_FILL
2026-09-06 19:13:23.348,1788722003.348,POSITION_CLOSED_STOP_LOSS,360287970300001000,360287970300000992,C,SELL,0.03,4356.94,4356.94,4357.06,+0.0,4357.06,4357.06,4353.61,0.0,0.0,0.00,0,-0.36,0.21,-0.57,4901.45,201.45,STOP_LOSS
2026-09-06 19:13:23.354,1788722003.354,POSITION_CLOSED_STOP_LOSS,360287970300001007,360287970300000979,C,BUY,0.03,4357.03,4357.03,4356.82,+0.0,4356.82,4356.82,4360.27,0.0,0.0,0.00,0,-0.63,0.21,-0.84,4900.61,200.61,STOP_LOSS
2026-09-06 19:13:23.580,1788722003.581,ORDER_FILLED,360287970300001010,360287970300001013,C,BUY,0.03,4367.33,4367.33,0.00,+0.0,4367.12,4367.12,4370.57,9.0,0.0,0.00,0,0.00,0.00,0.00,4900.61,200.61,INITIAL_FILL
2026-09-06 19:13:23.581,1788722003.582,ORDER_FILLED,360287970300001022,360287970300001031,C,SELL,0.03,4367.24,4367.24,0.00,+0.0,4367.36,4367.36,4363.91,9.0,0.0,0.00,0,0.00,0.00,0.00,4900.61,200.61,INITIAL_FILL
2026-09-06 19:13:23.582,1788722003.583,POSITION_CLOSED_STOP_LOSS,360287970300001034,360287970300001013,C,BUY,0.03,4367.33,4367.33,4367.12,+0.0,4367.12,4367.12,4370.57,0.0,0.0,0.00,0,-0.63,0.21,-0.84,4899.77,199.77,STOP_LOSS
2026-09-06 19:13:23.587,1788722003.588,POSITION_CLOSED_RATCHET_WIN,360287970300001042,360287970300001031,C,SELL,0.03,4367.24,4367.24,4366.41,+0.0,4366.41,4366.41,4363.91,0.0,0.0,0.00,0,2.49,0.21,2.28,4902.05,202.05,RATCHET_WIN
2026-09-06 19:13:23.608,1788722003.609,ORDER_FILLED,360287970300001043,360287970300001045,C,BUY,0.03,4364.51,4364.51,0.00,+0.0,4364.30,4364.30,4367.75,9.0,0.0,0.00,0,0.00,0.00,0.00,4902.05,202.05,INITIAL_FILL
2026-09-06 19:13:23.609,1788722003.610,ORDER_FILLED,360287970300001048,360287970300001049,C,SELL,0.03,4364.42,4364.42,0.00,+0.0,4364.54,4364.54,4361.09,9.0,0.0,0.00,0,0.00,0.00,0.00,4902.05,202.05,INITIAL_FILL
2026-09-06 19:13:23.610,1788722003.611,POSITION_CLOSED_STOP_LOSS,360287970300001056,360287970300001049,C,SELL,0.03,4364.42,4364.42,4364.54,+0.0,4364.54,4364.54,4361.09,0.0,0.0,0.00,0,-0.36,0.21,-0.57,4901.48,201.48,STOP_LOSS
2026-09-06 19:13:23.612,1788722003.613,POSITION_CLOSED_STOP_LOSS,360287970300001061,360287970300001045,C,BUY,0.03,4364.51,4364.51,4364.30,+0.0,4364.30,4364.30,4367.75,0.0,0.0,0.00,0,-0.63,0.21,-0.84,4900.64,200.64,STOP_LOSS
2026-09-06 19:13:23.711,1788722003.712,ORDER_FILLED,360287970300001070,360287970300001071,C,BUY,0.03,4360.12,4360.12,0.00,+0.0,4359.91,4359.91,4363.36,9.0,0.0,0.00,0,0.00,0.00,0.00,4900.64,200.64,INITIAL_FILL
2026-09-06 19:13:23.711,1788722003.712,ORDER_FILLED,360287970300001072,360287970300001074,C,SELL,0.03,4360.03,4360.03,0.00,+0.0,4360.15,4360.15,4356.70,9.0,0.0,0.00,0,0.00,0.00,0.00,4900.64,200.64,INITIAL_FILL
2026-09-06 19:13:23.713,1788722003.714,POSITION_CLOSED_STOP_LOSS,360287970300001081,360287970300001071,C,BUY,0.03,4360.12,4360.12,4359.91,+0.0,4359.91,4359.91,4363.36,0.0,0.0,0.00,0,-0.63,0.21,-0.84,4899.80,199.80,STOP_LOSS
2026-09-06 19:13:23.715,1788722003.716,POSITION_CLOSED_WIN_TP,360287970300001087,360287970300001074,C,SELL,0.03,4360.03,4360.03,4356.70,+0.0,4358.36,4358.36,4356.70,0.0,0.0,0.00,0,9.99,0.21,9.78,4909.58,209.58,WIN_TP
2026-09-06 19:13:23.730,1788722003.731,ORDER_FILLED,360287970300001088,360287970300001090,C,BUY,0.03,4356.24,4356.24,0.00,+0.0,4356.03,4356.03,4359.48,9.0,0.0,0.00,0,0.00,0.00,0.00,4909.58,209.58,INITIAL_FILL
2026-09-06 19:13:23.731,1788722003.732,ORDER_FILLED,360287970300001097,360287970300001099,C,SELL,0.03,4356.15,4356.15,0.00,+0.0,4356.27,4356.27,4352.82,9.0,0.0,0.00,0,0.00,0.00,0.00,4909.58,209.58,INITIAL_FILL
2026-09-06 19:13:23.732,1788722003.733,POSITION_CLOSED_STOP_LOSS,360287970300001104,360287970300001090,C,BUY,0.03,4356.24,4356.24,4356.03,+0.0,4356.03,4356.03,4359.48,0.0,0.0,0.00,0,-0.63,0.21,-0.84,4908.74,208.74,STOP_LOSS
2026-09-06 19:13:23.736,1788722003.736,POSITION_CLOSED_WIN_TP,360287970300001108,360287970300001099,C,SELL,0.03,4356.15,4356.15,4352.82,+0.0,4354.48,4354.48,4352.82,0.0,0.0,0.00,0,9.99,0.21,9.78,4918.52,218.52,WIN_TP
2026-09-06 19:13:23.770,1788722003.770,ORDER_FILLED,360287970300001115,360287970300001121,C,BUY,0.03,4336.92,4336.92,0.00,+0.0,4336.71,4336.71,4340.16,9.0,0.0,0.00,0,0.00,0.00,0.00,4918.52,218.52,INITIAL_FILL
2026-09-06 19:13:23.771,1788722003.771,ORDER_FILLED,360287970300001127,360287970300001132,C,SELL,0.03,4336.83,4336.83,0.00,+0.0,4336.95,4336.95,4333.50,9.0,0.0,0.00,0,0.00,0.00,0.00,4918.52,218.52,INITIAL_FILL
2026-09-06 19:13:23.772,1788722003.772,POSITION_CLOSED_STOP_LOSS,360287970300001138,360287970300001132,C,SELL,0.03,4336.83,4336.83,4336.95,+0.0,4336.95,4336.95,4333.50,0.0,0.0,0.00,0,-0.36,0.21,-0.57,4917.95,217.95,STOP_LOSS
2026-09-06 19:13:23.774,1788722003.774,POSITION_CLOSED_STOP_LOSS,360287970300001142,360287970300001121,C,BUY,0.03,4336.92,4336.92,4336.71,+0.0,4336.71,4336.71,4340.16,0.0,0.0,0.00,0,-0.63,0.21,-0.84,4917.11,217.11,STOP_LOSS
2026-09-06 19:13:23.815,1788722003.816,ORDER_FILLED,360287970300001146,360287970300001154,C,BUY,0.03,4331.32,4331.32,0.00,+0.0,4331.11,4331.11,4334.56,9.0,0.0,0.00,0,0.00,0.00,0.00,4917.11,217.11,INITIAL_FILL
2026-09-06 19:13:23.816,1788722003.817,ORDER_FILLED,360287970300001159,360287970300001162,C,SELL,0.03,4331.23,4331.23,0.00,+0.0,4331.35,4331.35,4327.90,9.0,0.0,0.00,0,0.00,0.00,0.00,4917.11,217.11,INITIAL_FILL
2026-09-06 19:13:23.818,1788722003.818,POSITION_CLOSED_STOP_LOSS,360287970300001164,360287970300001162,C,SELL,0.03,4331.23,4331.23,4331.35,+0.0,4331.35,4331.35,4327.90,0.0,0.0,0.00,0,-0.36,0.21,-0.57,4916.54,216.54,STOP_LOSS
2026-09-06 19:13:23.821,1788722003.821,POSITION_CLOSED_STOP_LOSS,360287970300001173,360287970300001154,C,BUY,0.03,4331.32,4331.32,4331.11,+0.0,4331.11,4331.11,4334.56,0.0,0.0,0.00,0,-0.63,0.21,-0.84,4915.70,215.70,STOP_LOSS
2026-09-06 19:13:24.070,1788722004.070,ORDER_FILLED,360287970300001181,360287970300001188,C,BUY,0.03,4339.32,4339.32,0.00,+0.0,4339.11,4339.11,4342.56,9.0,0.0,0.00,0,0.00,0.00,0.00,4915.70,215.70,INITIAL_FILL
2026-09-06 19:13:24.071,1788722004.071,ORDER_FILLED,360287970300001193,360287970300001199,C,SELL,0.03,4339.23,4339.23,0.00,+0.0,4339.35,4339.35,4335.90,9.0,0.0,0.00,0,0.00,0.00,0.00,4915.70,215.70,INITIAL_FILL
2026-09-06 19:13:24.072,1788722004.072,POSITION_CLOSED_STOP_LOSS,360287970300001204,360287970300001199,C,SELL,0.03,4339.23,4339.23,4339.35,+0.0,4339.35,4339.35,4335.90,0.0,0.0,0.00,0,-0.36,0.21,-0.57,4915.13,215.13,STOP_LOSS
2026-09-06 19:13:24.074,1788722004.075,POSITION_CLOSED_STOP_LOSS,360287970300001213,360287970300001188,C,BUY,0.03,4339.32,4339.32,4339.11,+0.0,4339.11,4339.11,4342.56,0.0,0.0,0.00,0,-0.63,0.21,-0.84,4914.29,214.29,STOP_LOSS
2026-09-06 19:13:24.823,1788722004.823,ORDER_FILLED,360287970300001219,360287970300001226,C,BUY,0.03,4358.40,4358.40,0.00,+0.0,4358.19,4358.19,4361.64,9.0,0.0,0.00,0,0.00,0.00,0.00,4914.29,214.29,INITIAL_FILL
2026-09-06 19:13:24.823,1788722004.824,ORDER_FILLED,360287970300001228,360287970300001229,C,SELL,0.03,4358.31,4358.31,0.00,+0.0,4358.43,4358.43,4354.98,9.0,0.0,0.00,0,0.00,0.00,0.00,4914.29,214.29,INITIAL_FILL
2026-09-06 19:13:24.825,1788722004.825,POSITION_CLOSED_STOP_LOSS,360287970300001231,360287970300001226,C,BUY,0.03,4358.40,4358.40,4358.19,+0.0,4358.19,4358.19,4361.64,0.0,0.0,0.00,0,-0.63,0.21,-0.84,4913.45,213.45,STOP_LOSS
2026-09-06 19:13:24.826,1788722004.827,POSITION_CLOSED_WIN_TP,360287970300001238,360287970300001229,C,SELL,0.03,4358.31,4358.31,4354.98,+0.0,4356.65,4356.65,4354.98,0.0,0.0,0.00,0,9.99,0.21,9.78,4923.23,223.23,WIN_TP
2026-09-06 19:13:24.929,1788722004.929,ORDER_FILLED,360287970300001241,360287970300001248,C,BUY,0.03,4363.36,4363.36,0.00,+0.0,4363.15,4363.15,4366.60,9.0,0.0,0.00,0,0.00,0.00,0.00,4923.23,223.23,INITIAL_FILL
2026-09-06 19:13:24.930,1788722004.930,ORDER_FILLED,360287970300001250,360287970300001252,C,SELL,0.03,4363.27,4363.27,0.00,+0.0,4363.39,4363.39,4359.94,9.0,0.0,0.00,0,0.00,0.00,0.00,4923.23,223.23,INITIAL_FILL
2026-09-06 19:13:24.932,1788722004.932,POSITION_CLOSED_STOP_LOSS,360287970300001258,360287970300001252,C,SELL,0.03,4363.27,4363.27,4363.39,+0.0,4363.39,4363.39,4359.94,0.0,0.0,0.00,0,-0.36,0.21,-0.57,4922.66,222.66,STOP_LOSS
2026-09-06 19:13:24.934,1788722004.934,POSITION_CLOSED_RATCHET_WIN,360287970300001262,360287970300001248,C,BUY,0.03,4363.36,4363.36,4364.19,+0.0,4364.19,4364.19,4366.60,0.0,0.0,0.00,0,2.49,0.21,2.28,4924.94,224.94,RATCHET_WIN
2026-09-06 19:13:24.962,1788722004.962,ORDER_FILLED,360287970300001264,360287970300001270,C,BUY,0.03,4366.57,4366.57,0.00,+0.0,4366.36,4366.36,4369.81,9.0,0.0,0.00,0,0.00,0.00,0.00,4924.94,224.94,INITIAL_FILL
2026-09-06 19:13:24.963,1788722004.963,ORDER_FILLED,360287970300001276,360287970300001278,C,SELL,0.03,4366.48,4366.48,0.00,+0.0,4366.60,4366.60,4363.15,9.0,0.0,0.00,0,0.00,0.00,0.00,4924.94,224.94,INITIAL_FILL
2026-09-06 19:13:24.965,1788722004.965,POSITION_CLOSED_STOP_LOSS,360287970300001287,360287970300001278,C,SELL,0.03,4366.48,4366.48,4366.60,+0.0,4366.60,4366.60,4363.15,0.0,0.0,0.00,0,-0.36,0.21,-0.57,4924.37,224.37,STOP_LOSS
2026-09-06 19:13:24.987,1788722004.988,POSITION_CLOSED_STOP_LOSS,360287970300001293,360287970300001270,C,BUY,0.03,4366.57,4366.57,4366.36,+0.0,4366.36,4366.36,4369.81,0.0,0.0,0.00,0,-0.63,0.21,-0.84,4923.53,223.53,STOP_LOSS
2026-09-06 19:13:25.006,1788722005.006,ORDER_FILLED,360287970300001300,360287970300001302,C,BUY,0.03,4370.49,4370.49,0.00,+0.0,4370.28,4370.28,4373.73,9.0,0.0,0.00,0,0.00,0.00,0.00,4923.53,223.53,INITIAL_FILL
2026-09-06 19:13:25.006,1788722005.007,ORDER_FILLED,360287970300001304,360287970300001312,C,SELL,0.03,4370.40,4370.40,0.00,+0.0,4370.52,4370.52,4367.07,9.0,0.0,0.00,0,0.00,0.00,0.00,4923.53,223.53,INITIAL_FILL
2026-09-06 19:13:25.008,1788722005.008,POSITION_CLOSED_STOP_LOSS,360287970300001318,360287970300001312,C,SELL,0.03,4370.40,4370.40,4370.52,+0.0,4370.52,4370.52,4367.07,0.0,0.0,0.00,0,-0.36,0.21,-0.57,4922.96,222.96,STOP_LOSS
2026-09-06 19:13:25.009,1788722005.010,POSITION_CLOSED_STOP_LOSS,360287970300001320,360287970300001302,C,BUY,0.03,4370.49,4370.49,4370.28,+0.0,4370.28,4370.28,4373.73,0.0,0.0,0.00,0,-0.63,0.21,-0.84,4922.12,222.12,STOP_LOSS
2026-09-06 19:13:25.024,1788722005.025,ORDER_FILLED,360287970300001324,360287970300001331,C,BUY,0.03,4371.64,4371.64,0.00,+0.0,4371.43,4371.43,4374.88,9.0,0.0,0.00,0,0.00,0.00,0.00,4922.12,222.12,INITIAL_FILL
2026-09-06 19:13:25.025,1788722005.026,ORDER_FILLED,360287970300001334,360287970300001335,C,SELL,0.03,4371.55,4371.55,0.00,+0.0,4371.67,4371.67,4368.22,9.0,0.0,0.00,0,0.00,0.00,0.00,4922.12,222.12,INITIAL_FILL
2026-09-06 19:13:25.026,1788722005.027,POSITION_CLOSED_STOP_LOSS,360287970300001341,360287970300001335,C,SELL,0.03,4371.55,4371.55,4371.67,+0.0,4371.67,4371.67,4368.22,0.0,0.0,0.00,0,-0.36,0.21,-0.57,4921.55,221.55,STOP_LOSS
2026-09-06 19:13:25.048,1788722005.049,POSITION_CLOSED_RATCHET_WIN,360287970300001345,360287970300001331,C,BUY,0.03,4371.64,4371.64,4372.47,+0.0,4372.47,4372.47,4374.88,0.0,0.0,0.00,0,2.49,0.21,2.28,4923.83,223.83,RATCHET_WIN
2026-09-06 19:13:25.111,1788722005.111,ORDER_FILLED,360287970300001352,360287970300001359,C,BUY,0.03,4368.90,4368.90,0.00,+0.0,4368.69,4368.69,4372.14,9.0,0.0,0.00,0,0.00,0.00,0.00,4923.83,223.83,INITIAL_FILL
2026-09-06 19:13:25.112,1788722005.113,ORDER_FILLED,360287970300001366,360287970300001373,C,SELL,0.03,4368.81,4368.81,0.00,+0.0,4368.93,4368.93,4365.48,9.0,0.0,0.00,0,0.00,0.00,0.00,4923.83,223.83,INITIAL_FILL
2026-09-06 19:13:25.113,1788722005.113,POSITION_CLOSED_STOP_LOSS,360287970300001379,360287970300001373,C,SELL,0.03,4368.81,4368.81,4368.93,+0.0,4368.93,4368.93,4365.48,0.0,0.0,0.00,0,-0.36,0.21,-0.57,4923.26,223.26,STOP_LOSS
2026-09-06 19:13:25.115,1788722005.115,POSITION_CLOSED_STOP_LOSS,360287970300001388,360287970300001359,C,BUY,0.03,4368.90,4368.90,4368.69,+0.0,4368.69,4368.69,4372.14,0.0,0.0,0.00,0,-0.63,0.21,-0.84,4922.42,222.42,STOP_LOSS
2026-09-06 19:13:25.176,1788722005.176,ORDER_FILLED,360287970300001396,360287970300001404,C,BUY,0.03,4368.35,4368.35,0.00,+0.0,4368.14,4368.14,4371.59,9.0,0.0,0.00,0,0.00,0.00,0.00,4922.42,222.42,INITIAL_FILL
2026-09-06 19:13:25.177,1788722005.177,ORDER_FILLED,360287970300001411,360287970300001420,C,SELL,0.03,4368.26,4368.26,0.00,+0.0,4368.38,4368.38,4364.93,9.0,0.0,0.00,0,0.00,0.00,0.00,4922.42,222.42,INITIAL_FILL
2026-09-06 19:13:25.178,1788722005.178,POSITION_CLOSED_STOP_LOSS,360287970300001423,360287970300001420,C,SELL,0.03,4368.26,4368.26,4368.38,+0.0,4368.38,4368.38,4364.93,0.0,0.0,0.00,0,-0.36,0.21,-0.57,4921.85,221.85,STOP_LOSS
2026-09-06 19:13:25.182,1788722005.182,POSITION_CLOSED_STOP_LOSS,360287970300001431,360287970300001404,C,BUY,0.03,4368.35,4368.35,4368.14,+0.0,4368.14,4368.14,4371.59,0.0,0.0,0.00,0,-0.63,0.21,-0.84,4921.01,221.01,STOP_LOSS
2026-09-06 19:14:31.136,1788722071.137,ORDER_FILLED,360287970300000002,360287970300000011,B,BUY,0.03,4434.23,4434.23,0.00,+0.0,4434.03,4434.03,4437.48,8.0,0.0,0.00,0,0.00,0.00,0.00,4775.66,75.66,INITIAL_FILL
2026-09-06 19:14:31.136,1788722071.137,ORDER_FILLED,360287970300000015,360287970300000022,C,BUY,0.03,4434.23,4434.23,0.00,+0.0,4434.03,4434.03,4437.48,8.0,0.0,0.00,0,0.00,0.00,0.00,4775.66,75.66,INITIAL_FILL
2026-09-06 19:14:31.138,1788722071.139,ORDER_FILLED,360287970300000026,360287970300000032,C,SELL,0.03,4434.15,4434.15,0.00,+0.0,4434.27,4434.27,4430.82,8.0,0.0,0.00,0,0.00,0.00,0.00,4775.66,75.66,INITIAL_FILL
2026-09-06 19:14:31.139,1788722071.140,POSITION_CLOSED_WIN_TP,360287970300000040,360287970300000011,B,BUY,0.03,4434.23,4434.23,4437.48,+0.0,4435.89,4435.89,4437.48,0.0,0.0,0.00,0,9.75,0.21,9.54,4785.20,85.20,WIN_TP
2026-09-06 19:14:31.141,1788722071.142,POSITION_CLOSED_WIN_TP,360287970300000045,360287970300000022,C,BUY,0.03,4434.23,4434.23,4437.48,+0.0,4435.89,4435.89,4437.48,0.0,0.0,0.00,0,9.75,0.21,9.54,4794.74,94.74,WIN_TP
2026-09-06 19:14:31.144,1788722071.145,POSITION_CLOSED_STOP_LOSS,360287970300000054,360287970300000032,C,SELL,0.03,4434.15,4434.15,4434.27,+0.0,4434.27,4434.27,4430.82,0.0,0.0,0.00,0,-0.36,0.21,-0.57,4794.17,94.17,STOP_LOSS
2026-09-06 19:14:42.756,1788722082.756,ORDER_FILLED,360287970300000007,360287970300000011,A,BUY,0.10,4488.23,4488.23,0.00,+0.0,4488.03,4488.03,4490.15,8.0,0.0,0.00,0,0.00,0.00,0.00,4775.66,75.66,INITIAL_FILL
2026-09-06 19:14:42.757,1788722082.757,ORDER_FILLED,360287970300000014,360287970300000015,B,BUY,0.03,4490.23,4490.23,0.00,+0.0,4490.03,4490.03,4493.48,8.0,0.0,0.00,0,0.00,0.00,0.00,4775.66,75.66,INITIAL_FILL
2026-09-06 19:14:42.758,1788722082.758,ORDER_FILLED,360287970300000024,360287970300000026,C,BUY,0.03,4490.23,4490.23,0.00,+0.0,4490.03,4490.03,4493.48,8.0,0.0,0.00,0,0.00,0.00,0.00,4775.66,75.66,INITIAL_FILL
2026-09-06 19:14:42.759,1788722082.759,ORDER_FILLED,360287970300000034,360287970300000039,C,SELL,0.03,4490.15,4490.15,0.00,+0.0,4490.27,4490.27,4486.82,8.0,0.0,0.00,0,0.00,0.00,0.00,4775.66,75.66,INITIAL_FILL
2026-09-06 19:16:30.721,1788722190.721,ORDER_FILLED,360287970300000002,360287970300000011,A,BUY,0.10,4432.23,4432.23,0.00,+0.0,4432.03,4432.03,4434.15,8.0,0.0,0.00,0,0.00,0.00,0.00,4775.66,75.66,INITIAL_FILL
2026-09-06 19:16:30.725,1788722190.725,POSITION_CLOSED_WIN_TP,360287970300000020,360287970300000011,A,BUY,0.10,4432.23,4432.23,4434.15,+0.0,4433.23,4433.23,4434.15,0.0,0.0,0.00,0,19.20,0.70,18.50,4794.16,94.16,WIN_TP
2026-09-06 19:16:40.495,1788722200.495,ORDER_FILLED,360287970300000002,360287970300000006,B,SELL,0.03,4335.63,4335.63,0.00,+0.0,4335.75,4335.75,4332.30,8.0,0.0,0.00,0,0.00,0.00,0.00,4775.66,75.66,INITIAL_FILL
2026-09-06 19:16:40.496,1788722200.496,ORDER_FILLED,360287970300000014,360287970300000023,C,BUY,0.03,4335.71,4335.71,0.00,+0.0,4335.51,4335.51,4338.96,8.0,0.0,0.00,0,0.00,0.00,0.00,4775.66,75.66,INITIAL_FILL
2026-09-06 19:16:40.497,1788722200.497,ORDER_FILLED,360287970300000030,360287970300000035,C,SELL,0.03,4335.63,4335.63,0.00,+0.0,4335.75,4335.75,4332.30,8.0,0.0,0.00,0,0.00,0.00,0.00,4775.66,75.66,INITIAL_FILL
2026-09-06 19:16:40.499,1788722200.499,POSITION_CLOSED_STOP_LOSS,360287970300000040,360287970300000023,C,BUY,0.03,4335.71,4335.71,4335.51,+0.0,4335.51,4335.51,4338.96,0.0,0.0,0.00,0,-0.60,0.21,-0.81,4774.85,74.85,STOP_LOSS
2026-09-06 19:16:40.502,1788722200.502,POSITION_CLOSED_STOP_LOSS,360287970300000048,360287970300000006,B,SELL,0.03,4335.63,4335.63,4335.75,+0.0,4335.75,4335.75,4332.30,0.0,0.0,0.00,0,-0.36,0.21,-0.57,4774.28,74.28,STOP_LOSS
2026-09-06 19:16:40.504,1788722200.504,POSITION_CLOSED_STOP_LOSS,360287970300000049,360287970300000035,C,SELL,0.03,4335.63,4335.63,4335.75,+0.0,4335.75,4335.75,4332.30,0.0,0.0,0.00,0,-0.36,0.21,-0.57,4773.71,73.71,STOP_LOSS
2026-09-06 19:16:40.918,1788722200.918,ORDER_FILLED,360287970300000053,360287970300000057,B,SELL,0.03,4339.98,4339.98,0.00,+0.0,4340.10,4340.10,4336.65,8.0,0.0,0.00,0,0.00,0.00,0.00,4773.71,73.71,INITIAL_FILL
2026-09-06 19:16:40.919,1788722200.919,ORDER_FILLED,360287970300000059,360287970300000062,C,BUY,0.03,4340.06,4340.06,0.00,+0.0,4339.86,4339.86,4343.31,8.0,0.0,0.00,0,0.00,0.00,0.00,4773.71,73.71,INITIAL_FILL
2026-09-06 19:16:40.919,1788722200.919,ORDER_FILLED,360287970300000069,360287970300000074,C,SELL,0.03,4339.98,4339.98,0.00,+0.0,4340.10,4340.10,4336.65,8.0,0.0,0.00,0,0.00,0.00,0.00,4773.71,73.71,INITIAL_FILL
2026-09-06 19:16:40.922,1788722200.922,POSITION_CLOSED_STOP_LOSS,360287970300000077,360287970300000057,B,SELL,0.03,4339.98,4339.98,4340.10,+0.0,4340.10,4340.10,4336.65,0.0,0.0,0.00,0,-0.36,0.21,-0.57,4773.14,73.14,STOP_LOSS
2026-09-06 19:16:40.924,1788722200.924,POSITION_CLOSED_STOP_LOSS,360287970300000081,360287970300000074,C,SELL,0.03,4339.98,4339.98,4340.10,+0.0,4340.10,4340.10,4336.65,0.0,0.0,0.00,0,-0.36,0.21,-0.57,4772.57,72.57,STOP_LOSS
2026-09-06 19:16:40.946,1788722200.946,POSITION_CLOSED_STOP_LOSS,360287970300000089,360287970300000062,C,BUY,0.03,4340.06,4340.06,4339.86,+0.0,4339.86,4339.86,4343.31,0.0,0.0,0.00,0,-0.60,0.21,-0.81,4771.76,71.76,STOP_LOSS
2026-09-06 19:16:41.574,1788722201.575,ORDER_FILLED,360287970300000091,360287970300000092,B,SELL,0.03,4342.32,4342.32,0.00,+0.0,4342.44,4342.44,4338.99,8.0,0.0,0.00,0,0.00,0.00,0.00,4771.76,71.76,INITIAL_FILL
2026-09-06 19:16:41.576,1788722201.577,ORDER_FILLED,360287970300000099,360287970300000106,C,BUY,0.03,4342.40,4342.40,0.00,+0.0,4342.20,4342.20,4345.65,8.0,0.0,0.00,0,0.00,0.00,0.00,4771.76,71.76,INITIAL_FILL
2026-09-06 19:16:41.577,1788722201.578,ORDER_FILLED,360287970300000108,360287970300000111,C,SELL,0.03,4342.32,4342.32,0.00,+0.0,4342.44,4342.44,4338.99,8.0,0.0,0.00,0,0.00,0.00,0.00,4771.76,71.76,INITIAL_FILL
2026-09-06 19:16:41.580,1788722201.581,POSITION_CLOSED_STOP_LOSS,360287970300000116,360287970300000092,B,SELL,0.03,4342.32,4342.32,4342.44,+0.0,4342.44,4342.44,4338.99,0.0,0.0,0.00,0,-0.36,0.21,-0.57,4771.19,71.19,STOP_LOSS
2026-09-06 19:16:41.582,1788722201.583,POSITION_CLOSED_STOP_LOSS,360287970300000122,360287970300000111,C,SELL,0.03,4342.32,4342.32,4342.44,+0.0,4342.44,4342.44,4338.99,0.0,0.0,0.00,0,-0.36,0.21,-0.57,4770.62,70.62,STOP_LOSS
2026-09-06 19:16:41.587,1788722201.588,POSITION_CLOSED_STOP_LOSS,360287970300000127,360287970300000106,C,BUY,0.03,4342.40,4342.40,4342.20,+0.0,4342.20,4342.20,4345.65,0.0,0.0,0.00,0,-0.60,0.21,-0.81,4769.81,69.81,STOP_LOSS
2026-09-06 19:16:42.136,1788722202.136,ORDER_FILLED,360287970300000135,360287970300000138,B,SELL,0.03,4339.61,4339.61,0.00,+0.0,4339.73,4339.73,4336.28,8.0,0.0,0.00,0,0.00,0.00,0.00,4769.81,69.81,INITIAL_FILL
2026-09-06 19:16:42.137,1788722202.137,ORDER_FILLED,360287970300000144,360287970300000146,C,BUY,0.03,4339.69,4339.69,0.00,+0.0,4339.49,4339.49,4342.94,8.0,0.0,0.00,0,0.00,0.00,0.00,4769.81,69.81,INITIAL_FILL
2026-09-06 19:16:42.138,1788722202.138,ORDER_FILLED,360287970300000154,360287970300000155,C,SELL,0.03,4339.61,4339.61,0.00,+0.0,4339.73,4339.73,4336.28,8.0,0.0,0.00,0,0.00,0.00,0.00,4769.81,69.81,INITIAL_FILL
2026-09-06 19:16:42.141,1788722202.141,POSITION_CLOSED_STOP_LOSS,360287970300000164,360287970300000146,C,BUY,0.03,4339.69,4339.69,4339.49,+0.0,4339.49,4339.49,4342.94,0.0,0.0,0.00,0,-0.60,0.21,-0.81,4769.00,69.00,STOP_LOSS
2026-09-06 19:16:42.145,1788722202.145,POSITION_CLOSED_STOP_LOSS,360287970300000171,360287970300000138,B,SELL,0.03,4339.61,4339.61,4339.73,+0.0,4339.73,4339.73,4336.28,0.0,0.0,0.00,0,-0.36,0.21,-0.57,4768.43,68.43,STOP_LOSS
2026-09-06 19:16:42.156,1788722202.156,POSITION_CLOSED_STOP_LOSS,360287970300000172,360287970300000155,C,SELL,0.03,4339.61,4339.61,4339.73,+0.0,4339.73,4339.73,4336.28,0.0,0.0,0.00,0,-0.36,0.21,-0.57,4767.86,67.86,STOP_LOSS
2026-09-06 19:16:42.418,1788722202.418,ORDER_FILLED,360287970300000175,360287970300000182,B,SELL,0.03,4342.44,4342.44,0.00,+0.0,4342.56,4342.56,4339.11,8.0,0.0,0.00,0,0.00,0.00,0.00,4767.86,67.86,INITIAL_FILL
2026-09-06 19:16:42.420,1788722202.420,ORDER_FILLED,360287970300000183,360287970300000186,C,BUY,0.03,4342.52,4342.52,0.00,+0.0,4342.32,4342.32,4345.77,8.0,0.0,0.00,0,0.00,0.00,0.00,4767.86,67.86,INITIAL_FILL
2026-09-06 19:16:42.421,1788722202.421,ORDER_FILLED,360287970300000194,360287970300000196,C,SELL,0.03,4342.44,4342.44,0.00,+0.0,4342.56,4342.56,4339.11,8.0,0.0,0.00,0,0.00,0.00,0.00,4767.86,67.86,INITIAL_FILL
2026-09-06 19:16:42.429,1788722202.429,POSITION_CLOSED_STOP_LOSS,360287970300000200,360287970300000182,B,SELL,0.03,4342.44,4342.44,4342.56,+0.0,4342.56,4342.56,4339.11,0.0,0.0,0.00,0,-0.36,0.21,-0.57,4767.29,67.29,STOP_LOSS
2026-09-06 19:16:42.431,1788722202.431,POSITION_CLOSED_STOP_LOSS,360287970300000207,360287970300000196,C,SELL,0.03,4342.44,4342.44,4342.56,+0.0,4342.56,4342.56,4339.11,0.0,0.0,0.00,0,-0.36,0.21,-0.57,4766.72,66.72,STOP_LOSS
2026-09-06 19:16:42.459,1788722202.459,POSITION_CLOSED_STOP_LOSS,360287970300000216,360287970300000186,C,BUY,0.03,4342.52,4342.52,4342.32,+0.0,4342.32,4342.32,4345.77,0.0,0.0,0.00,0,-0.60,0.21,-0.81,4765.91,65.91,STOP_LOSS
2026-09-06 19:16:42.770,1788722202.771,ORDER_FILLED,360287970300000225,360287970300000230,B,SELL,0.03,4356.61,4356.61,0.00,+0.0,4356.73,4356.73,4353.28,8.0,0.0,0.00,0,0.00,0.00,0.00,4765.91,65.91,INITIAL_FILL
2026-09-06 19:16:42.771,1788722202.772,ORDER_FILLED,360287970300000238,360287970300000241,C,BUY,0.03,4356.69,4356.69,0.00,+0.0,4356.49,4356.49,4359.94,8.0,0.0,0.00,0,0.00,0.00,0.00,4765.91,65.91,INITIAL_FILL
2026-09-06 19:16:42.773,1788722202.774,ORDER_FILLED,360287970300000250,360287970300000252,C,SELL,0.03,4356.61,4356.61,0.00,+0.0,4356.73,4356.73,4353.28,8.0,0.0,0.00,0,0.00,0.00,0.00,4765.91,65.91,INITIAL_FILL
2026-09-06 19:16:42.776,1788722202.776,POSITION_CLOSED_STOP_LOSS,360287970300000259,360287970300000241,C,BUY,0.03,4356.69,4356.69,4356.49,+0.0,4356.49,4356.49,4359.94,0.0,0.0,0.00,0,-0.60,0.21,-0.81,4765.10,65.10,STOP_LOSS
2026-09-06 19:16:42.791,1788722202.791,POSITION_CLOSED_RATCHET_WIN,360287970300000262,360287970300000230,B,SELL,0.03,4356.61,4356.61,4355.78,+0.0,4355.78,4355.78,4353.28,0.0,0.0,0.00,0,2.49,0.21,2.28,4767.38,67.38,RATCHET_WIN
2026-09-06 19:16:42.793,1788722202.793,POSITION_CLOSED_RATCHET_WIN,360287970300000266,360287970300000252,C,SELL,0.03,4356.61,4356.61,4355.78,+0.0,4355.78,4355.78,4353.28,0.0,0.0,0.00,0,2.49,0.21,2.28,4769.66,69.66,RATCHET_WIN
2026-09-06 19:16:42.978,1788722202.979,ORDER_FILLED,360287970300000271,360287970300000278,B,SELL,0.03,4363.84,4363.84,0.00,+0.0,4363.96,4363.96,4360.51,8.0,0.0,0.00,0,0.00,0.00,0.00,4769.66,69.66,INITIAL_FILL
2026-09-06 19:16:42.979,1788722202.980,ORDER_FILLED,360287970300000287,360287970300000289,C,BUY,0.03,4363.92,4363.92,0.00,+0.0,4363.72,4363.72,4367.17,8.0,0.0,0.00,0,0.00,0.00,0.00,4769.66,69.66,INITIAL_FILL
2026-09-06 19:16:42.980,1788722202.981,ORDER_FILLED,360287970300000293,360287970300000301,C,SELL,0.03,4363.84,4363.84,0.00,+0.0,4363.96,4363.96,4360.51,8.0,0.0,0.00,0,0.00,0.00,0.00,4769.66,69.66,INITIAL_FILL
2026-09-06 19:16:42.982,1788722202.983,POSITION_CLOSED_STOP_LOSS,360287970300000305,360287970300000289,C,BUY,0.03,4363.92,4363.92,4363.72,+0.0,4363.72,4363.72,4367.17,0.0,0.0,0.00,0,-0.60,0.21,-0.81,4768.85,68.85,STOP_LOSS
2026-09-06 19:16:43.006,1788722203.007,POSITION_CLOSED_RATCHET_WIN,360287970300000314,360287970300000278,B,SELL,0.03,4363.84,4363.84,4362.18,+0.0,4362.18,4362.18,4360.51,0.0,0.0,0.00,0,4.98,0.21,4.77,4773.62,73.62,RATCHET_WIN
2026-09-06 19:16:43.008,1788722203.009,POSITION_CLOSED_RATCHET_WIN,360287970300000321,360287970300000301,C,SELL,0.03,4363.84,4363.84,4362.18,+0.0,4362.18,4362.18,4360.51,0.0,0.0,0.00,0,4.98,0.21,4.77,4778.39,78.39,RATCHET_WIN
2026-09-06 19:16:44.183,1788722204.184,ORDER_FILLED,360287970300000328,360287970300000335,B,SELL,0.03,4365.30,4365.30,0.00,+0.0,4365.42,4365.42,4361.97,8.0,0.0,0.00,0,0.00,0.00,0.00,4778.39,78.39,INITIAL_FILL
2026-09-06 19:16:44.184,1788722204.185,ORDER_FILLED,360287970300000339,360287970300000340,C,BUY,0.03,4365.38,4365.38,0.00,+0.0,4365.18,4365.18,4368.63,8.0,0.0,0.00,0,0.00,0.00,0.00,4778.39,78.39,INITIAL_FILL
2026-09-06 19:16:44.184,1788722204.185,ORDER_FILLED,360287970300000346,360287970300000351,C,SELL,0.03,4365.30,4365.30,0.00,+0.0,4365.42,4365.42,4361.97,8.0,0.0,0.00,0,0.00,0.00,0.00,4778.39,78.39,INITIAL_FILL
2026-09-06 19:16:44.187,1788722204.188,POSITION_CLOSED_STOP_LOSS,360287970300000353,360287970300000340,C,BUY,0.03,4365.38,4365.38,4365.18,+0.0,4365.18,4365.18,4368.63,0.0,0.0,0.00,0,-0.60,0.21,-0.81,4777.58,77.58,STOP_LOSS
2026-09-06 19:16:44.192,1788722204.193,POSITION_CLOSED_RATCHET_WIN,360287970300000360,360287970300000335,B,SELL,0.03,4365.30,4365.30,4364.47,+0.0,4364.47,4364.47,4361.97,0.0,0.0,0.00,0,2.49,0.21,2.28,4779.86,79.86,RATCHET_WIN
2026-09-06 19:16:44.200,1788722204.201,POSITION_CLOSED_RATCHET_WIN,360287970300000366,360287970300000351,C,SELL,0.03,4365.30,4365.30,4364.47,+0.0,4364.47,4364.47,4361.97,0.0,0.0,0.00,0,2.49,0.21,2.28,4782.14,82.14,RATCHET_WIN
2026-09-06 19:16:44.379,1788722204.380,ORDER_FILLED,360287970300000374,360287970300000377,B,BUY,0.03,4370.34,4370.34,0.00,+0.0,4370.14,4370.14,4373.59,8.0,0.0,0.00,0,0.00,0.00,0.00,4782.14,82.14,INITIAL_FILL
2026-09-06 19:16:44.380,1788722204.381,ORDER_FILLED,360287970300000380,360287970300000385,C,BUY,0.03,4370.34,4370.34,0.00,+0.0,4370.14,4370.14,4373.59,8.0,0.0,0.00,0,0.00,0.00,0.00,4782.14,82.14,INITIAL_FILL
2026-09-06 19:16:44.382,1788722204.383,ORDER_FILLED,360287970300000394,360287970300000402,C,SELL,0.03,4370.26,4370.26,0.00,+0.0,4370.38,4370.38,4366.93,8.0,0.0,0.00,0,0.00,0.00,0.00,4782.14,82.14,INITIAL_FILL
2026-09-06 19:16:44.391,1788722204.392,POSITION_CLOSED_WIN_TP,360287970300000403,360287970300000377,B,BUY,0.03,4370.34,4370.34,4373.59,+0.0,4372.01,4372.01,4373.59,0.0,0.0,0.00,0,9.75,0.21,9.54,4791.68,91.68,WIN_TP
2026-09-06 19:16:44.394,1788722204.395,POSITION_CLOSED_WIN_TP,360287970300000405,360287970300000385,C,BUY,0.03,4370.34,4370.34,4373.59,+0.0,4372.01,4372.01,4373.59,0.0,0.0,0.00,0,9.75,0.21,9.54,4801.22,101.22,WIN_TP
2026-09-06 19:16:44.396,1788722204.397,POSITION_CLOSED_STOP_LOSS,360287970300000407,360287970300000402,C,SELL,0.03,4370.26,4370.26,4370.38,+0.0,4370.38,4370.38,4366.93,0.0,0.0,0.00,0,-0.36,0.21,-0.57,4800.65,100.65,STOP_LOSS
2026-09-06 19:16:44.498,1788722204.499,ORDER_FILLED,360287970300000411,360287970300000418,B,BUY,0.03,4374.50,4374.50,0.00,+0.0,4374.30,4374.30,4377.75,8.0,0.0,0.00,0,0.00,0.00,0.00,4800.65,100.65,INITIAL_FILL
2026-09-06 19:16:44.513,1788722204.514,ORDER_FILLED,360287970300000424,360287970300000430,C,BUY,0.03,4374.50,4374.50,0.00,+0.0,4374.30,4374.30,4377.75,8.0,0.0,0.00,0,0.00,0.00,0.00,4800.65,100.65,INITIAL_FILL
2026-09-06 19:16:44.515,1788722204.516,ORDER_FILLED,360287970300000436,360287970300000438,C,SELL,0.03,4374.42,4374.42,0.00,+0.0,4374.54,4374.54,4371.09,8.0,0.0,0.00,0,0.00,0.00,0.00,4800.65,100.65,INITIAL_FILL
2026-09-06 19:16:44.521,1788722204.522,POSITION_CLOSED_STOP_LOSS,360287970300000441,360287970300000438,C,SELL,0.03,4374.42,4374.42,4374.54,+0.0,4374.54,4374.54,4371.09,0.0,0.0,0.00,0,-0.36,0.21,-0.57,4800.08,100.08,STOP_LOSS
2026-09-06 19:16:44.576,1788722204.577,POSITION_CLOSED_WIN_TP,360287970300000449,360287970300000418,B,BUY,0.03,4374.50,4374.50,4377.75,+0.0,4376.16,4376.16,4377.75,0.0,0.0,0.10,0,9.75,0.21,9.54,4809.62,109.62,WIN_TP
2026-09-06 19:16:44.579,1788722204.580,POSITION_CLOSED_WIN_TP,360287970300000457,360287970300000430,C,BUY,0.03,4374.50,4374.50,4377.75,+0.0,4376.16,4376.16,4377.75,0.0,0.0,0.10,0,9.75,0.21,9.54,4819.16,119.16,WIN_TP
2026-09-06 19:16:45.146,1788722205.147,ORDER_FILLED,360287970300000463,360287970300000472,B,BUY,0.03,4373.33,4373.33,0.00,+0.0,4373.13,4373.13,4376.58,8.0,0.0,0.00,0,0.00,0.00,0.00,4819.16,119.16,INITIAL_FILL
2026-09-06 19:16:45.147,1788722205.148,ORDER_FILLED,360287970300000473,360287970300000476,C,BUY,0.03,4373.33,4373.33,0.00,+0.0,4373.13,4373.13,4376.58,8.0,0.0,0.00,0,0.00,0.00,0.00,4819.16,119.16,INITIAL_FILL
2026-09-06 19:16:45.148,1788722205.149,ORDER_FILLED,360287970300000485,360287970300000494,C,SELL,0.03,4373.25,4373.25,0.00,+0.0,4373.37,4373.37,4369.92,8.0,0.0,0.00,0,0.00,0.00,0.00,4819.16,119.16,INITIAL_FILL
2026-09-06 19:16:45.152,1788722205.153,POSITION_CLOSED_STOP_LOSS,360287970300000500,360287970300000494,C,SELL,0.03,4373.25,4373.25,4373.37,+0.0,4373.37,4373.37,4369.92,0.0,0.0,0.00,0,-0.36,0.21,-0.57,4818.59,118.59,STOP_LOSS
2026-09-06 19:16:45.166,1788722205.166,POSITION_CLOSED_WIN_TP,360287970300000502,360287970300000472,B,BUY,0.03,4373.33,4373.33,4376.58,+0.0,4374.99,4374.99,4376.58,0.0,0.0,0.00,0,9.75,0.21,9.54,4828.13,128.13,WIN_TP
2026-09-06 19:16:45.168,1788722205.168,POSITION_CLOSED_WIN_TP,360287970300000507,360287970300000476,C,BUY,0.03,4373.33,4373.33,4376.58,+0.0,4374.99,4374.99,4376.58,0.0,0.0,0.00,0,9.75,0.21,9.54,4837.67,137.67,WIN_TP
2026-09-06 19:16:45.501,1788722205.501,ORDER_FILLED,360287970300000508,360287970300000510,B,BUY,0.03,4375.50,4375.50,0.00,+0.0,4375.30,4375.30,4378.75,8.0,0.0,0.00,0,0.00,0.00,0.00,4837.67,137.67,INITIAL_FILL
2026-09-06 19:16:45.523,1788722205.523,ORDER_FILLED,360287970300000518,360287970300000527,C,BUY,0.03,4375.50,4375.50,0.00,+0.0,4375.30,4375.30,4378.75,8.0,0.0,0.00,0,0.00,0.00,0.00,4837.67,137.67,INITIAL_FILL
2026-09-06 19:16:45.524,1788722205.524,ORDER_FILLED,360287970300000533,360287970300000541,C,SELL,0.03,4375.42,4375.42,0.00,+0.0,4375.54,4375.54,4372.09,8.0,0.0,0.00,0,0.00,0.00,0.00,4837.67,137.67,INITIAL_FILL
2026-09-06 19:16:45.527,1788722205.527,POSITION_CLOSED_STOP_LOSS,360287970300000548,360287970300000541,C,SELL,0.03,4375.42,4375.42,4375.54,+0.0,4375.54,4375.54,4372.09,0.0,0.0,0.00,0,-0.36,0.21,-0.57,4837.10,137.10,STOP_LOSS
2026-09-06 19:16:45.532,1788722205.532,POSITION_CLOSED_STOP_LOSS,360287970300000551,360287970300000510,B,BUY,0.03,4375.50,4375.50,4375.30,+0.0,4375.30,4375.30,4378.75,0.0,0.0,0.00,0,-0.60,0.21,-0.81,4836.29,136.29,STOP_LOSS
2026-09-06 19:16:45.535,1788722205.535,POSITION_CLOSED_STOP_LOSS,360287970300000552,360287970300000527,C,BUY,0.03,4375.50,4375.50,4375.30,+0.0,4375.30,4375.30,4378.75,0.0,0.0,0.00,0,-0.60,0.21,-0.81,4835.48,135.48,STOP_LOSS
2026-09-06 19:16:46.035,1788722206.036,ORDER_FILLED,360287970300000557,360287970300000563,B,BUY,0.03,4383.47,4383.47,0.00,+0.0,4383.27,4383.27,4386.72,8.0,0.0,0.00,0,0.00,0.00,0.00,4835.48,135.48,INITIAL_FILL
2026-09-06 19:16:46.037,1788722206.038,ORDER_FILLED,360287970300000564,360287970300000566,C,BUY,0.03,4383.47,4383.47,0.00,+0.0,4383.27,4383.27,4386.72,8.0,0.0,0.00,0,0.00,0.00,0.00,4835.48,135.48,INITIAL_FILL
2026-09-06 19:16:46.038,1788722206.039,ORDER_FILLED,360287970300000570,360287970300000573,C,SELL,0.03,4383.39,4383.39,0.00,+0.0,4383.51,4383.51,4380.06,8.0,0.0,0.00,0,0.00,0.00,0.00,4835.48,135.48,INITIAL_FILL
2026-09-06 19:16:46.041,1788722206.041,POSITION_CLOSED_STOP_LOSS,360287970300000579,360287970300000573,C,SELL,0.03,4383.39,4383.39,4383.51,+0.0,4383.51,4383.51,4380.06,0.0,0.0,0.00,0,-0.36,0.21,-0.57,4834.91,134.91,STOP_LOSS
2026-09-06 19:16:46.045,1788722206.045,POSITION_CLOSED_STOP_LOSS,360287970300000580,360287970300000563,B,BUY,0.03,4383.47,4383.47,4383.27,+0.0,4383.27,4383.27,4386.72,0.0,0.0,0.00,0,-0.60,0.21,-0.81,4834.10,134.10,STOP_LOSS
2026-09-06 19:16:46.046,1788722206.046,POSITION_CLOSED_STOP_LOSS,360287970300000581,360287970300000566,C,BUY,0.03,4383.47,4383.47,4383.27,+0.0,4383.27,4383.27,4386.72,0.0,0.0,0.00,0,-0.60,0.21,-0.81,4833.29,133.29,STOP_LOSS
2026-09-06 19:16:46.240,1788722206.241,ORDER_FILLED,360287970300000586,360287970300000593,B,BUY,0.03,4389.26,4389.26,0.00,+0.0,4389.06,4389.06,4392.51,8.0,0.0,0.00,0,0.00,0.00,0.00,4833.29,133.29,INITIAL_FILL
2026-09-06 19:16:46.243,1788722206.244,ORDER_FILLED,360287970300000599,360287970300000600,C,BUY,0.03,4389.26,4389.26,0.00,+0.0,4389.06,4389.06,4392.51,8.0,0.0,0.00,0,0.00,0.00,0.00,4833.29,133.29,INITIAL_FILL
2026-09-06 19:16:46.244,1788722206.245,ORDER_FILLED,360287970300000602,360287970300000608,C,SELL,0.03,4389.18,4389.18,0.00,+0.0,4389.30,4389.30,4385.85,8.0,0.0,0.00,0,0.00,0.00,0.00,4833.29,133.29,INITIAL_FILL
2026-09-06 19:16:46.247,1788722206.248,POSITION_CLOSED_STOP_LOSS,360287970300000616,360287970300000608,C,SELL,0.03,4389.18,4389.18,4389.30,+0.0,4389.30,4389.30,4385.85,0.0,0.0,0.00,0,-0.36,0.21,-0.57,4832.72,132.72,STOP_LOSS
2026-09-06 19:16:46.250,1788722206.251,POSITION_CLOSED_STOP_LOSS,360287970300000620,360287970300000593,B,BUY,0.03,4389.26,4389.26,4389.06,+0.0,4389.06,4389.06,4392.51,0.0,0.0,0.00,0,-0.60,0.21,-0.81,4831.91,131.91,STOP_LOSS
2026-09-06 19:16:46.252,1788722206.253,POSITION_CLOSED_STOP_LOSS,360287970300000628,360287970300000600,C,BUY,0.03,4389.26,4389.26,4389.06,+0.0,4389.06,4389.06,4392.51,0.0,0.0,0.00,0,-0.60,0.21,-0.81,4831.10,131.10,STOP_LOSS
2026-09-06 19:16:46.576,1788722206.576,ORDER_FILLED,360287970300000632,360287970300000634,B,BUY,0.03,4393.12,4393.12,0.00,+0.0,4392.92,4392.92,4396.37,8.0,0.0,0.00,0,0.00,0.00,0.00,4831.10,131.10,INITIAL_FILL
2026-09-06 19:16:46.577,1788722206.578,ORDER_FILLED,360287970300000641,360287970300000649,C,BUY,0.03,4393.12,4393.12,0.00,+0.0,4392.92,4392.92,4396.37,8.0,0.0,0.00,0,0.00,0.00,0.00,4831.10,131.10,INITIAL_FILL
2026-09-06 19:16:46.578,1788722206.578,ORDER_FILLED,360287970300000658,360287970300000663,C,SELL,0.03,4393.04,4393.04,0.00,+0.0,4393.16,4393.16,4389.71,8.0,0.0,0.00,0,0.00,0.00,0.00,4831.10,131.10,INITIAL_FILL
2026-09-06 19:16:46.581,1788722206.581,POSITION_CLOSED_STOP_LOSS,360287970300000664,360287970300000663,C,SELL,0.03,4393.04,4393.04,4393.16,+0.0,4393.16,4393.16,4389.71,0.0,0.0,0.00,0,-0.36,0.21,-0.57,4830.53,130.53,STOP_LOSS
2026-09-06 19:16:46.587,1788722206.587,POSITION_CLOSED_WIN_TP,360287970300000671,360287970300000634,B,BUY,0.03,4393.12,4393.12,4396.37,+0.0,4394.78,4394.78,4396.37,0.0,0.0,0.00,0,9.75,0.21,9.54,4840.07,140.07,WIN_TP
2026-09-06 19:16:46.588,1788722206.588,POSITION_CLOSED_WIN_TP,360287970300000676,360287970300000649,C,BUY,0.03,4393.12,4393.12,4396.37,+0.0,4394.78,4394.78,4396.37,0.0,0.0,0.00,0,9.75,0.21,9.54,4849.61,149.61,WIN_TP
2026-09-06 19:16:46.913,1788722206.913,ORDER_FILLED,360287970300000684,360287970300000693,B,BUY,0.03,4387.29,4387.29,0.00,+0.0,4387.09,4387.09,4390.54,8.0,0.0,0.00,0,0.00,0.00,0.00,4849.61,149.61,INITIAL_FILL
2026-09-06 19:16:46.914,1788722206.914,ORDER_FILLED,360287970300000698,360287970300000706,C,BUY,0.03,4387.29,4387.29,0.00,+0.0,4387.09,4387.09,4390.54,8.0,0.0,0.00,0,0.00,0.00,0.00,4849.61,149.61,INITIAL_FILL
2026-09-06 19:16:46.915,1788722206.915,ORDER_FILLED,360287970300000710,360287970300000712,C,SELL,0.03,4387.21,4387.21,0.00,+0.0,4387.33,4387.33,4383.88,8.0,0.0,0.00,0,0.00,0.00,0.00,4849.61,149.61,INITIAL_FILL
2026-09-06 19:16:46.918,1788722206.918,POSITION_CLOSED_STOP_LOSS,360287970300000713,360287970300000712,C,SELL,0.03,4387.21,4387.21,4387.33,+0.0,4387.33,4387.33,4383.88,0.0,0.0,0.00,0,-0.36,0.21,-0.57,4849.04,149.04,STOP_LOSS
2026-09-06 19:16:46.955,1788722206.956,POSITION_CLOSED_RATCHET_WIN,360287970300000720,360287970300000693,B,BUY,0.03,4387.29,4387.29,4388.12,+0.0,4388.12,4388.12,4390.54,0.0,0.0,0.00,0,2.49,0.21,2.28,4851.32,151.32,RATCHET_WIN
2026-09-06 19:16:46.957,1788722206.958,POSITION_CLOSED_RATCHET_WIN,360287970300000728,360287970300000706,C,BUY,0.03,4387.29,4387.29,4388.12,+0.0,4388.12,4388.12,4390.54,0.0,0.0,0.00,0,2.49,0.21,2.28,4853.60,153.60,RATCHET_WIN
2026-09-06 19:16:47.162,1788722207.162,ORDER_FILLED,360287970300000736,360287970300000743,B,BUY,0.03,4392.55,4392.55,0.00,+0.0,4392.35,4392.35,4395.80,8.0,0.0,0.00,0,0.00,0.00,0.00,4853.60,153.60,INITIAL_FILL
2026-09-06 19:16:47.163,1788722207.163,ORDER_FILLED,360287970300000752,360287970300000754,C,BUY,0.03,4392.55,4392.55,0.00,+0.0,4392.35,4392.35,4395.80,8.0,0.0,0.00,0,0.00,0.00,0.00,4853.60,153.60,INITIAL_FILL
2026-09-06 19:16:47.164,1788722207.164,ORDER_FILLED,360287970300000759,360287970300000767,C,SELL,0.03,4392.47,4392.47,0.00,+0.0,4392.59,4392.59,4389.14,8.0,0.0,0.00,0,0.00,0.00,0.00,4853.60,153.60,INITIAL_FILL
2026-09-06 19:16:47.166,1788722207.166,POSITION_CLOSED_STOP_LOSS,360287970300000768,360287970300000767,C,SELL,0.03,4392.47,4392.47,4392.59,+0.0,4392.59,4392.59,4389.14,0.0,0.0,0.00,0,-0.36,0.21,-0.57,4853.03,153.03,STOP_LOSS
2026-09-06 19:16:47.287,1788722207.287,POSITION_CLOSED_RATCHET_WIN,360287970300000771,360287970300000743,B,BUY,0.03,4392.55,4392.55,4394.22,+0.0,4394.22,4394.22,4395.80,0.0,0.0,0.00,0,5.01,0.21,4.80,4857.83,157.83,RATCHET_WIN
2026-09-06 19:16:47.305,1788722207.305,POSITION_CLOSED_RATCHET_WIN,360287970300000778,360287970300000754,C,BUY,0.03,4392.55,4392.55,4394.22,+0.0,4394.22,4394.22,4395.80,0.0,0.0,0.10,0,5.01,0.21,4.80,4862.63,162.63,RATCHET_WIN
2026-09-06 19:16:47.728,1788722207.729,ORDER_FILLED,360287970300000781,360287970300000784,B,BUY,0.03,4385.86,4385.86,0.00,+0.0,4385.66,4385.66,4389.11,8.0,0.0,0.00,0,0.00,0.00,0.00,4862.63,162.63,INITIAL_FILL
2026-09-06 19:16:47.729,1788722207.730,ORDER_FILLED,360287970300000792,360287970300000798,C,BUY,0.03,4385.86,4385.86,0.00,+0.0,4385.66,4385.66,4389.11,8.0,0.0,0.00,0,0.00,0.00,0.00,4862.63,162.63,INITIAL_FILL
2026-09-06 19:16:47.730,1788722207.731,ORDER_FILLED,360287970300000802,360287970300000804,C,SELL,0.03,4385.78,4385.78,0.00,+0.0,4385.90,4385.90,4382.45,8.0,0.0,0.00,0,0.00,0.00,0.00,4862.63,162.63,INITIAL_FILL
2026-09-06 19:16:47.747,1788722207.748,POSITION_CLOSED_STOP_LOSS,360287970300000810,360287970300000804,C,SELL,0.03,4385.78,4385.78,4385.90,+0.0,4385.90,4385.90,4382.45,0.0,0.0,0.00,0,-0.36,0.21,-0.57,4862.06,162.06,STOP_LOSS
2026-09-06 19:16:47.863,1788722207.863,POSITION_CLOSED_RATCHET_WIN,360287970300000817,360287970300000784,B,BUY,0.03,4385.86,4385.86,4386.69,+0.0,4386.69,4386.69,4389.11,0.0,0.0,0.10,0,2.49,0.21,2.28,4864.34,164.34,RATCHET_WIN
2026-09-06 19:16:47.865,1788722207.865,POSITION_CLOSED_RATCHET_WIN,360287970300000820,360287970300000798,C,BUY,0.03,4385.86,4385.86,4386.69,+0.0,4386.69,4386.69,4389.11,0.0,0.0,0.10,0,2.49,0.21,2.28,4866.62,166.62,RATCHET_WIN
2026-09-06 19:16:48.291,1788722208.291,ORDER_FILLED,360287970300000828,360287970300000835,B,BUY,0.03,4384.49,4384.49,0.00,+0.0,4384.29,4384.29,4387.74,8.0,0.0,0.00,0,0.00,0.00,0.00,4866.62,166.62,INITIAL_FILL
2026-09-06 19:16:48.292,1788722208.292,ORDER_FILLED,360287970300000838,360287970300000843,C,BUY,0.03,4384.49,4384.49,0.00,+0.0,4384.29,4384.29,4387.74,8.0,0.0,0.00,0,0.00,0.00,0.00,4866.62,166.62,INITIAL_FILL
2026-09-06 19:16:48.293,1788722208.293,ORDER_FILLED,360287970300000850,360287970300000858,C,SELL,0.03,4384.41,4384.41,0.00,+0.0,4384.53,4384.53,4381.08,8.0,0.0,0.00,0,0.00,0.00,0.00,4866.62,166.62,INITIAL_FILL
2026-09-06 19:16:48.296,1788722208.296,POSITION_CLOSED_STOP_LOSS,360287970300000867,360287970300000858,C,SELL,0.03,4384.41,4384.41,4384.53,+0.0,4384.53,4384.53,4381.08,0.0,0.0,0.00,0,-0.36,0.21,-0.57,4866.05,166.05,STOP_LOSS
2026-09-06 19:16:48.367,1788722208.367,POSITION_CLOSED_RATCHET_WIN,360287970300000872,360287970300000835,B,BUY,0.03,4384.49,4384.49,4385.32,+0.0,4385.32,4385.32,4387.74,0.0,0.0,0.10,0,2.49,0.21,2.28,4868.33,168.33,RATCHET_WIN
2026-09-06 19:16:48.370,1788722208.370,POSITION_CLOSED_RATCHET_WIN,360287970300000881,360287970300000843,C,BUY,0.03,4384.49,4384.49,4385.32,+0.0,4385.32,4385.32,4387.74,0.0,0.0,0.10,0,2.49,0.21,2.28,4870.61,170.61,RATCHET_WIN
2026-09-06 19:16:48.702,1788722208.703,ORDER_FILLED,360287970300000882,360287970300000889,B,BUY,0.03,4383.60,4383.60,0.00,+0.0,4383.40,4383.40,4386.85,8.0,0.0,0.00,0,0.00,0.00,0.00,4870.61,170.61,INITIAL_FILL
2026-09-06 19:16:48.704,1788722208.705,ORDER_FILLED,360287970300000892,360287970300000893,C,BUY,0.03,4383.60,4383.60,0.00,+0.0,4383.40,4383.40,4386.85,8.0,0.0,0.00,0,0.00,0.00,0.00,4870.61,170.61,INITIAL_FILL
2026-09-06 19:16:48.711,1788722208.712,ORDER_FILLED,360287970300000901,360287970300000902,C,SELL,0.03,4383.52,4383.52,0.00,+0.0,4383.64,4383.64,4380.19,8.0,0.0,0.00,0,0.00,0.00,0.00,4870.61,170.61,INITIAL_FILL
2026-09-06 19:16:48.714,1788722208.715,POSITION_CLOSED_STOP_LOSS,360287970300000911,360287970300000902,C,SELL,0.03,4383.52,4383.52,4383.64,+0.0,4383.64,4383.64,4380.19,0.0,0.0,0.00,0,-0.36,0.21,-0.57,4870.04,170.04,STOP_LOSS
2026-09-06 19:16:48.763,1788722208.763,POSITION_CLOSED_BE_PROTECTED,360287970300000917,360287970300000889,B,BUY,0.03,4383.60,4383.60,4383.65,+0.0,4383.65,4383.65,4386.85,0.0,0.0,0.10,0,0.15,0.21,-0.06,4869.98,169.98,BE_PROTECTED
2026-09-06 19:16:48.765,1788722208.765,POSITION_CLOSED_BE_PROTECTED,360287970300000918,360287970300000893,C,BUY,0.03,4383.60,4383.60,4383.65,+0.0,4383.65,4383.65,4386.85,0.0,0.0,0.10,0,0.15,0.21,-0.06,4869.92,169.92,BE_PROTECTED
2026-09-06 19:16:48.951,1788722208.952,ORDER_FILLED,360287970300000919,360287970300000921,B,BUY,0.03,4383.20,4383.20,0.00,+0.0,4383.00,4383.00,4386.45,8.0,0.0,0.00,0,0.00,0.00,0.00,4869.92,169.92,INITIAL_FILL
2026-09-06 19:16:48.952,1788722208.953,ORDER_FILLED,360287970300000927,360287970300000935,C,BUY,0.03,4383.20,4383.20,0.00,+0.0,4383.00,4383.00,4386.45,8.0,0.0,0.00,0,0.00,0.00,0.00,4869.92,169.92,INITIAL_FILL
2026-09-06 19:16:48.954,1788722208.955,ORDER_FILLED,360287970300000939,360287970300000945,C,SELL,0.03,4383.12,4383.12,0.00,+0.0,4383.24,4383.24,4379.79,8.0,0.0,0.00,0,0.00,0.00,0.00,4869.92,169.92,INITIAL_FILL
2026-09-06 19:16:48.965,1788722208.966,POSITION_CLOSED_STOP_LOSS,360287970300000953,360287970300000945,C,SELL,0.03,4383.12,4383.12,4383.24,+0.0,4383.24,4383.24,4379.79,0.0,0.0,0.00,0,-0.36,0.21,-0.57,4869.35,169.35,STOP_LOSS
2026-09-06 19:16:48.974,1788722208.975,POSITION_CLOSED_STOP_LOSS,360287970300000956,360287970300000921,B,BUY,0.03,4383.20,4383.20,4383.00,+0.0,4383.00,4383.00,4386.45,0.0,0.0,0.00,0,-0.60,0.21,-0.81,4868.54,168.54,STOP_LOSS
2026-09-06 19:16:48.980,1788722208.981,POSITION_CLOSED_STOP_LOSS,360287970300000957,360287970300000935,C,BUY,0.03,4383.20,4383.20,4383.00,+0.0,4383.00,4383.00,4386.45,0.0,0.0,0.00,0,-0.60,0.21,-0.81,4867.73,167.73,STOP_LOSS
2026-09-06 19:16:49.395,1788722209.396,ORDER_FILLED,360287970300000966,360287970300000970,B,BUY,0.03,4381.74,4381.74,0.00,+0.0,4381.54,4381.54,4384.99,8.0,0.0,0.00,0,0.00,0.00,0.00,4867.73,167.73,INITIAL_FILL
2026-09-06 19:16:49.396,1788722209.397,ORDER_FILLED,360287970300000974,360287970300000978,C,BUY,0.03,4381.74,4381.74,0.00,+0.0,4381.54,4381.54,4384.99,8.0,0.0,0.00,0,0.00,0.00,0.00,4867.73,167.73,INITIAL_FILL
2026-09-06 19:16:49.397,1788722209.398,ORDER_FILLED,360287970300000987,360287970300000996,C,SELL,0.03,4381.66,4381.66,0.00,+0.0,4381.78,4381.78,4378.33,8.0,0.0,0.00,0,0.00,0.00,0.00,4867.73,167.73,INITIAL_FILL
2026-09-06 19:16:49.400,1788722209.401,POSITION_CLOSED_STOP_LOSS,360287970300001004,360287970300000996,C,SELL,0.03,4381.66,4381.66,4381.78,+0.0,4381.78,4381.78,4378.33,0.0,0.0,0.00,0,-0.36,0.21,-0.57,4867.16,167.16,STOP_LOSS
2026-09-06 19:16:49.414,1788722209.415,POSITION_CLOSED_STOP_LOSS,360287970300001006,360287970300000970,B,BUY,0.03,4381.74,4381.74,4381.54,+0.0,4381.54,4381.54,4384.99,0.0,0.0,0.00,0,-0.60,0.21,-0.81,4866.35,166.35,STOP_LOSS
2026-09-06 19:16:49.417,1788722209.418,POSITION_CLOSED_STOP_LOSS,360287970300001010,360287970300000978,C,BUY,0.03,4381.74,4381.74,4381.54,+0.0,4381.54,4381.54,4384.99,0.0,0.0,0.00,0,-0.60,0.21,-0.81,4865.54,165.54,STOP_LOSS
2026-09-06 19:16:49.641,1788722209.641,ORDER_FILLED,360287970300001015,360287970300001022,B,BUY,0.03,4381.06,4381.06,0.00,+0.0,4380.86,4380.86,4384.31,8.0,0.0,0.00,0,0.00,0.00,0.00,4865.54,165.54,INITIAL_FILL
2026-09-06 19:16:49.642,1788722209.642,ORDER_FILLED,360287970300001030,360287970300001038,C,BUY,0.03,4381.06,4381.06,0.00,+0.0,4380.86,4380.86,4384.31,8.0,0.0,0.00,0,0.00,0.00,0.00,4865.54,165.54,INITIAL_FILL
2026-09-06 19:16:49.643,1788722209.643,ORDER_FILLED,360287970300001042,360287970300001043,C,SELL,0.03,4380.98,4380.98,0.00,+0.0,4381.10,4381.10,4377.65,8.0,0.0,0.00,0,0.00,0.00,0.00,4865.54,165.54,INITIAL_FILL
2026-09-06 19:16:49.646,1788722209.647,POSITION_CLOSED_STOP_LOSS,360287970300001052,360287970300001043,C,SELL,0.03,4380.98,4380.98,4381.10,+0.0,4381.10,4381.10,4377.65,0.0,0.0,0.00,0,-0.36,0.21,-0.57,4864.97,164.97,STOP_LOSS
2026-09-06 19:16:49.649,1788722209.650,POSITION_CLOSED_STOP_LOSS,360287970300001057,360287970300001022,B,BUY,0.03,4381.06,4381.06,4380.86,+0.0,4380.86,4380.86,4384.31,0.0,0.0,0.00,0,-0.60,0.21,-0.81,4864.16,164.16,STOP_LOSS
2026-09-06 19:16:49.650,1788722209.651,POSITION_CLOSED_STOP_LOSS,360287970300001062,360287970300001038,C,BUY,0.03,4381.06,4381.06,4380.86,+0.0,4380.86,4380.86,4384.31,0.0,0.0,0.00,0,-0.60,0.21,-0.81,4863.35,163.35,STOP_LOSS
2026-09-06 19:16:49.942,1788722209.942,ORDER_FILLED,360287970300001068,360287970300001073,B,BUY,0.03,4376.89,4376.89,0.00,+0.0,4376.69,4376.69,4380.14,8.0,0.0,0.00,0,0.00,0.00,0.00,4863.35,163.35,INITIAL_FILL
2026-09-06 19:16:49.943,1788722209.943,ORDER_FILLED,360287970300001080,360287970300001081,C,BUY,0.03,4376.89,4376.89,0.00,+0.0,4376.69,4376.69,4380.14,8.0,0.0,0.00,0,0.00,0.00,0.00,4863.35,163.35,INITIAL_FILL
2026-09-06 19:16:49.946,1788722209.946,ORDER_FILLED,360287970300001083,360287970300001086,C,SELL,0.03,4376.81,4376.81,0.00,+0.0,4376.93,4376.93,4373.48,8.0,0.0,0.00,0,0.00,0.00,0.00,4863.35,163.35,INITIAL_FILL
2026-09-06 19:16:49.951,1788722209.951,POSITION_CLOSED_STOP_LOSS,360287970300001094,360287970300001086,C,SELL,0.03,4376.81,4376.81,4376.93,+0.0,4376.93,4376.93,4373.48,0.0,0.0,0.00,0,-0.36,0.21,-0.57,4862.78,162.78,STOP_LOSS
2026-09-06 19:16:50.058,1788722210.058,POSITION_CLOSED_BE_PROTECTED,360287970300001102,360287970300001073,B,BUY,0.03,4376.89,4376.89,4376.94,+0.0,4376.94,4376.94,4380.14,0.0,0.0,0.10,0,0.15,0.21,-0.06,4862.72,162.72,BE_PROTECTED
2026-09-06 19:16:50.060,1788722210.060,POSITION_CLOSED_BE_PROTECTED,360287970300001107,360287970300001081,C,BUY,0.03,4376.89,4376.89,4376.94,+0.0,4376.94,4376.94,4380.14,0.0,0.0,0.10,0,0.15,0.21,-0.06,4862.66,162.66,BE_PROTECTED
2026-09-06 19:16:50.345,1788722210.345,ORDER_FILLED,360287970300001111,360287970300001118,B,BUY,0.03,4374.77,4374.77,0.00,+0.0,4374.57,4374.57,4378.02,8.0,0.0,0.00,0,0.00,0.00,0.00,4862.66,162.66,INITIAL_FILL
2026-09-06 19:16:50.346,1788722210.346,ORDER_FILLED,360287970300001124,360287970300001128,C,BUY,0.03,4374.77,4374.77,0.00,+0.0,4374.57,4374.57,4378.02,8.0,0.0,0.00,0,0.00,0.00,0.00,4862.66,162.66,INITIAL_FILL
2026-09-06 19:16:50.348,1788722210.348,ORDER_FILLED,360287970300001131,360287970300001140,C,SELL,0.03,4374.69,4374.69,0.00,+0.0,4374.81,4374.81,4371.36,8.0,0.0,0.00,0,0.00,0.00,0.00,4862.66,162.66,INITIAL_FILL
2026-09-06 19:16:50.351,1788722210.351,POSITION_CLOSED_STOP_LOSS,360287970300001144,360287970300001118,B,BUY,0.03,4374.77,4374.77,4374.57,+0.0,4374.57,4374.57,4378.02,0.0,0.0,0.00,0,-0.60,0.21,-0.81,4861.85,161.85,STOP_LOSS
2026-09-06 19:16:50.352,1788722210.352,POSITION_CLOSED_STOP_LOSS,360287970300001150,360287970300001128,C,BUY,0.03,4374.77,4374.77,4374.57,+0.0,4374.57,4374.57,4378.02,0.0,0.0,0.00,0,-0.60,0.21,-0.81,4861.04,161.04,STOP_LOSS
2026-09-06 19:16:50.364,1788722210.364,POSITION_CLOSED_STOP_LOSS,360287970300001154,360287970300001140,C,SELL,0.03,4374.69,4374.69,4374.81,+0.0,4374.81,4374.81,4371.36,0.0,0.0,0.00,0,-0.36,0.21,-0.57,4860.47,160.47,STOP_LOSS
2026-09-06 19:16:50.655,1788722210.655,ORDER_FILLED,360287970300001157,360287970300001159,B,BUY,0.03,4377.80,4377.80,0.00,+0.0,4377.60,4377.60,4381.05,8.0,0.0,0.00,0,0.00,0.00,0.00,4860.47,160.47,INITIAL_FILL
2026-09-06 19:16:50.657,1788722210.657,ORDER_FILLED,360287970300001167,360287970300001175,C,BUY,0.03,4377.80,4377.80,0.00,+0.0,4377.60,4377.60,4381.05,8.0,0.0,0.00,0,0.00,0.00,0.00,4860.47,160.47,INITIAL_FILL
2026-09-06 19:16:50.659,1788722210.659,ORDER_FILLED,360287970300001184,360287970300001185,C,SELL,0.03,4377.72,4377.72,0.00,+0.0,4377.84,4377.84,4374.39,8.0,0.0,0.00,0,0.00,0.00,0.00,4860.47,160.47,INITIAL_FILL
2026-09-06 19:16:50.663,1788722210.663,POSITION_CLOSED_STOP_LOSS,360287970300001193,360287970300001185,C,SELL,0.03,4377.72,4377.72,4377.84,+0.0,4377.84,4377.84,4374.39,0.0,0.0,0.00,0,-0.36,0.21,-0.57,4859.90,159.90,STOP_LOSS
2026-09-06 19:16:50.807,1788722210.808,POSITION_CLOSED_RATCHET_WIN,360287970300001197,360287970300001159,B,BUY,0.03,4377.80,4377.80,4379.47,+0.0,4379.47,4379.47,4381.05,0.0,0.0,0.10,0,5.01,0.21,4.80,4864.70,164.70,RATCHET_WIN
2026-09-06 19:16:50.809,1788722210.810,POSITION_CLOSED_RATCHET_WIN,360287970300001199,360287970300001175,C,BUY,0.03,4377.80,4377.80,4379.47,+0.0,4379.47,4379.47,4381.05,0.0,0.0,0.20,0,5.01,0.21,4.80,4869.50,169.50,RATCHET_WIN
2026-09-06 19:16:51.129,1788722211.129,ORDER_FILLED,360287970300001201,360287970300001203,B,BUY,0.03,4375.12,4375.12,0.00,+0.0,4374.92,4374.92,4378.37,8.0,0.0,0.00,0,0.00,0.00,0.00,4869.50,169.50,INITIAL_FILL
2026-09-06 19:16:51.130,1788722211.130,ORDER_FILLED,360287970300001206,360287970300001214,C,BUY,0.03,4375.12,4375.12,0.00,+0.0,4374.92,4374.92,4378.37,8.0,0.0,0.00,0,0.00,0.00,0.00,4869.50,169.50,INITIAL_FILL
2026-09-06 19:16:51.131,1788722211.131,ORDER_FILLED,360287970300001222,360287970300001224,C,SELL,0.03,4375.04,4375.04,0.00,+0.0,4375.16,4375.16,4371.71,8.0,0.0,0.00,0,0.00,0.00,0.00,4869.50,169.50,INITIAL_FILL
2026-09-06 19:16:51.133,1788722211.133,POSITION_CLOSED_STOP_LOSS,360287970300001226,360287970300001203,B,BUY,0.03,4375.12,4375.12,4374.92,+0.0,4374.92,4374.92,4378.37,0.0,0.0,0.00,0,-0.60,0.21,-0.81,4868.69,168.69,STOP_LOSS
2026-09-06 19:16:51.135,1788722211.135,POSITION_CLOSED_STOP_LOSS,360287970300001233,360287970300001214,C,BUY,0.03,4375.12,4375.12,4374.92,+0.0,4374.92,4374.92,4378.37,0.0,0.0,0.00,0,-0.60,0.21,-0.81,4867.88,167.88,STOP_LOSS
2026-09-06 19:16:51.140,1788722211.141,POSITION_CLOSED_STOP_LOSS,360287970300001234,360287970300001224,C,SELL,0.03,4375.04,4375.04,4375.16,+0.0,4375.16,4375.16,4371.71,0.0,0.0,0.00,0,-0.36,0.21,-0.57,4867.31,167.31,STOP_LOSS
2026-09-06 19:16:52.973,1788722212.974,ORDER_FILLED,360287970300001243,360287970300001244,B,BUY,0.03,4371.69,4371.69,0.00,+0.0,4371.49,4371.49,4374.94,8.0,0.0,0.00,0,0.00,0.00,0.00,4867.31,167.31,INITIAL_FILL
2026-09-06 19:16:52.975,1788722212.976,ORDER_FILLED,360287970300001251,360287970300001258,C,BUY,0.03,4371.69,4371.69,0.00,+0.0,4371.49,4371.49,4374.94,8.0,0.0,0.00,0,0.00,0.00,0.00,4867.31,167.31,INITIAL_FILL
2026-09-06 19:16:52.976,1788722212.977,ORDER_FILLED,360287970300001261,360287970300001264,C,SELL,0.03,4371.61,4371.61,0.00,+0.0,4371.73,4371.73,4368.28,8.0,0.0,0.00,0,0.00,0.00,0.00,4867.31,167.31,INITIAL_FILL
2026-09-06 19:16:52.979,1788722212.980,POSITION_CLOSED_STOP_LOSS,360287970300001272,360287970300001264,C,SELL,0.03,4371.61,4371.61,4371.73,+0.0,4371.73,4371.73,4368.28,0.0,0.0,0.00,0,-0.36,0.21,-0.57,4866.74,166.74,STOP_LOSS
2026-09-06 19:16:53.036,1788722213.037,POSITION_CLOSED_RATCHET_WIN,360287970300001279,360287970300001244,B,BUY,0.03,4371.69,4371.69,4372.52,+0.0,4372.52,4372.52,4374.94,0.0,0.0,0.10,0,2.49,0.21,2.28,4869.02,169.02,RATCHET_WIN
2026-09-06 19:16:53.038,1788722213.039,POSITION_CLOSED_RATCHET_WIN,360287970300001287,360287970300001258,C,BUY,0.03,4371.69,4371.69,4372.52,+0.0,4372.52,4372.52,4374.94,0.0,0.0,0.10,0,2.49,0.21,2.28,4871.30,171.30,RATCHET_WIN
2026-09-06 19:16:55.198,1788722215.199,ORDER_FILLED,360287970300001295,360287970300001297,B,BUY,0.03,4372.98,4372.98,0.00,+0.0,4372.78,4372.78,4376.23,8.0,0.0,0.00,0,0.00,0.00,0.00,4871.30,171.30,INITIAL_FILL
2026-09-06 19:16:55.199,1788722215.200,ORDER_FILLED,360287970300001301,360287970300001302,C,BUY,0.03,4372.98,4372.98,0.00,+0.0,4372.78,4372.78,4376.23,8.0,0.0,0.00,0,0.00,0.00,0.00,4871.30,171.30,INITIAL_FILL
2026-09-06 19:16:55.205,1788722215.206,ORDER_FILLED,360287970300001307,360287970300001314,C,SELL,0.03,4372.90,4372.90,0.00,+0.0,4373.02,4373.02,4369.57,8.0,0.0,0.00,0,0.00,0.00,0.00,4871.30,171.30,INITIAL_FILL
2026-09-06 19:16:55.208,1788722215.209,POSITION_CLOSED_STOP_LOSS,360287970300001321,360287970300001314,C,SELL,0.03,4372.90,4372.90,4373.02,+0.0,4373.02,4373.02,4369.57,0.0,0.0,0.00,0,-0.36,0.21,-0.57,4870.73,170.73,STOP_LOSS
2026-09-06 19:16:55.249,1788722215.250,POSITION_CLOSED_RATCHET_WIN,360287970300001327,360287970300001297,B,BUY,0.03,4372.98,4372.98,4373.81,+0.0,4373.81,4373.81,4376.23,0.0,0.0,0.00,0,2.49,0.21,2.28,4873.01,173.01,RATCHET_WIN
2026-09-06 19:16:55.259,1788722215.260,POSITION_CLOSED_RATCHET_WIN,360287970300001333,360287970300001302,C,BUY,0.03,4372.98,4372.98,4373.81,+0.0,4373.81,4373.81,4376.23,0.0,0.0,0.10,0,2.49,0.21,2.28,4875.29,175.29,RATCHET_WIN
2026-09-06 19:17:06.485,1788722226.485,ORDER_FILLED,360287970300001341,360287970300001347,B,BUY,0.03,4372.27,4372.27,0.00,+0.0,4372.07,4372.07,4375.52,8.0,0.0,0.00,0,0.00,0.00,0.00,4875.29,175.29,INITIAL_FILL
2026-09-06 19:17:06.486,1788722226.486,ORDER_FILLED,360287970300001349,360287970300001355,C,BUY,0.03,4372.27,4372.27,0.00,+0.0,4372.07,4372.07,4375.52,8.0,0.0,0.00,0,0.00,0.00,0.00,4875.29,175.29,INITIAL_FILL
2026-09-06 19:17:06.499,1788722226.499,ORDER_FILLED,360287970300001359,360287970300001368,C,SELL,0.03,4372.19,4372.19,0.00,+0.0,4372.31,4372.31,4368.86,8.0,0.0,0.00,0,0.00,0.00,0.00,4875.29,175.29,INITIAL_FILL
2026-09-06 19:17:06.502,1788722226.502,POSITION_CLOSED_STOP_LOSS,360287970300001372,360287970300001368,C,SELL,0.03,4372.19,4372.19,4372.31,+0.0,4372.31,4372.31,4368.86,0.0,0.0,0.00,0,-0.36,0.21,-0.57,4874.72,174.72,STOP_LOSS
2026-09-06 19:17:06.517,1788722226.517,POSITION_CLOSED_WIN_TP,360287970300001381,360287970300001347,B,BUY,0.03,4372.27,4372.27,4375.52,+0.0,4373.94,4373.94,4375.52,0.0,0.0,0.00,0,9.75,0.21,9.54,4884.26,184.26,WIN_TP
2026-09-06 19:17:06.519,1788722226.519,POSITION_CLOSED_WIN_TP,360287970300001387,360287970300001355,C,BUY,0.03,4372.27,4372.27,4375.52,+0.0,4373.94,4373.94,4375.52,0.0,0.0,0.00,0,9.75,0.21,9.54,4893.80,193.80,WIN_TP
2026-09-06 19:17:06.639,1788722226.640,ORDER_FILLED,360287970300001389,360287970300001392,B,BUY,0.03,4376.70,4376.70,0.00,+0.0,4376.50,4376.50,4379.95,8.0,0.0,0.00,0,0.00,0.00,0.00,4893.80,193.80,INITIAL_FILL
2026-09-06 19:17:06.640,1788722226.641,ORDER_FILLED,360287970300001393,360287970300001401,C,BUY,0.03,4376.70,4376.70,0.00,+0.0,4376.50,4376.50,4379.95,8.0,0.0,0.00,0,0.00,0.00,0.00,4893.80,193.80,INITIAL_FILL
2026-09-06 19:17:06.642,1788722226.643,ORDER_FILLED,360287970300001406,360287970300001409,C,SELL,0.03,4376.62,4376.62,0.00,+0.0,4376.74,4376.74,4373.29,8.0,0.0,0.00,0,0.00,0.00,0.00,4893.80,193.80,INITIAL_FILL
2026-09-06 19:17:06.645,1788722226.646,POSITION_CLOSED_STOP_LOSS,360287970300001413,360287970300001409,C,SELL,0.03,4376.62,4376.62,4376.74,+0.0,4376.74,4376.74,4373.29,0.0,0.0,0.00,0,-0.36,0.21,-0.57,4893.23,193.23,STOP_LOSS
2026-09-06 19:17:06.672,1788722226.673,POSITION_CLOSED_WIN_TP,360287970300001414,360287970300001392,B,BUY,0.03,4376.70,4376.70,4379.95,+0.0,4378.36,4378.36,4379.95,0.0,0.0,0.00,0,9.75,0.21,9.54,4902.77,202.77,WIN_TP
2026-09-06 19:17:06.676,1788722226.677,POSITION_CLOSED_WIN_TP,360287970300001416,360287970300001401,C,BUY,0.03,4376.70,4376.70,4379.95,+0.0,4378.36,4378.36,4379.95,0.0,0.0,0.00,0,9.75,0.21,9.54,4912.31,212.31,WIN_TP
2026-09-06 19:17:07.058,1788722227.058,ORDER_FILLED,360287970300001423,360287970300001431,B,BUY,0.03,4376.28,4376.28,0.00,+0.0,4376.08,4376.08,4379.53,8.0,0.0,0.00,0,0.00,0.00,0.00,4912.31,212.31,INITIAL_FILL
2026-09-06 19:17:07.059,1788722227.059,ORDER_FILLED,360287970300001437,360287970300001446,C,BUY,0.03,4376.28,4376.28,0.00,+0.0,4376.08,4376.08,4379.53,8.0,0.0,0.00,0,0.00,0.00,0.00,4912.31,212.31,INITIAL_FILL
2026-09-06 19:17:07.060,1788722227.060,ORDER_FILLED,360287970300001447,360287970300001453,C,SELL,0.03,4376.20,4376.20,0.00,+0.0,4376.32,4376.32,4372.87,8.0,0.0,0.00,0,0.00,0.00,0.00,4912.31,212.31,INITIAL_FILL
2026-09-06 19:17:07.062,1788722227.063,POSITION_CLOSED_STOP_LOSS,360287970300001454,360287970300001453,C,SELL,0.03,4376.20,4376.20,4376.32,+0.0,4376.32,4376.32,4372.87,0.0,0.0,0.00,0,-0.36,0.21,-0.57,4911.74,211.74,STOP_LOSS
2026-09-06 19:17:07.068,1788722227.068,POSITION_CLOSED_STOP_LOSS,360287970300001463,360287970300001431,B,BUY,0.03,4376.28,4376.28,4376.08,+0.0,4376.08,4376.08,4379.53,0.0,0.0,0.00,0,-0.60,0.21,-0.81,4910.93,210.93,STOP_LOSS
2026-09-06 19:17:07.069,1788722227.070,POSITION_CLOSED_STOP_LOSS,360287970300001467,360287970300001446,C,BUY,0.03,4376.28,4376.28,4376.08,+0.0,4376.08,4376.08,4379.53,0.0,0.0,0.00,0,-0.60,0.21,-0.81,4910.12,210.12,STOP_LOSS
2026-09-06 19:17:07.301,1788722227.301,ORDER_FILLED,360287970300001476,360287970300001480,B,BUY,0.03,4376.40,4376.40,0.00,+0.0,4376.20,4376.20,4379.65,8.0,0.0,0.00,0,0.00,0.00,0.00,4910.12,210.12,INITIAL_FILL
2026-09-06 19:17:07.302,1788722227.302,ORDER_FILLED,360287970300001483,360287970300001492,C,BUY,0.03,4376.40,4376.40,0.00,+0.0,4376.20,4376.20,4379.65,8.0,0.0,0.00,0,0.00,0.00,0.00,4910.12,210.12,INITIAL_FILL
2026-09-06 19:17:07.303,1788722227.303,ORDER_FILLED,360287970300001498,360287970300001503,C,SELL,0.03,4376.32,4376.32,0.00,+0.0,4376.44,4376.44,4372.99,8.0,0.0,0.00,0,0.00,0.00,0.00,4910.12,210.12,INITIAL_FILL
2026-09-06 19:17:07.305,1788722227.305,POSITION_CLOSED_STOP_LOSS,360287970300001508,360287970300001503,C,SELL,0.03,4376.32,4376.32,4376.44,+0.0,4376.44,4376.44,4372.99,0.0,0.0,0.00,0,-0.36,0.21,-0.57,4909.55,209.55,STOP_LOSS
2026-09-06 19:17:07.317,1788722227.317,POSITION_CLOSED_STOP_LOSS,360287970300001513,360287970300001480,B,BUY,0.03,4376.40,4376.40,4376.20,+0.0,4376.20,4376.20,4379.65,0.0,0.0,0.00,0,-0.60,0.21,-0.81,4908.74,208.74,STOP_LOSS
2026-09-06 19:17:07.319,1788722227.319,POSITION_CLOSED_STOP_LOSS,360287970300001519,360287970300001492,C,BUY,0.03,4376.40,4376.40,4376.20,+0.0,4376.20,4376.20,4379.65,0.0,0.0,0.00,0,-0.60,0.21,-0.81,4907.93,207.93,STOP_LOSS
2026-09-06 19:17:07.616,1788722227.616,ORDER_FILLED,360287970300001523,360287970300001532,B,BUY,0.03,4372.73,4372.73,0.00,+0.0,4372.53,4372.53,4375.98,8.0,0.0,0.00,0,0.00,0.00,0.00,4907.93,207.93,INITIAL_FILL
2026-09-06 19:17:07.617,1788722227.617,ORDER_FILLED,360287970300001534,360287970300001543,C,BUY,0.03,4372.73,4372.73,0.00,+0.0,4372.53,4372.53,4375.98,8.0,0.0,0.00,0,0.00,0.00,0.00,4907.93,207.93,INITIAL_FILL
2026-09-06 19:17:07.618,1788722227.618,ORDER_FILLED,360287970300001550,360287970300001552,C,SELL,0.03,4372.65,4372.65,0.00,+0.0,4372.77,4372.77,4369.32,8.0,0.0,0.00,0,0.00,0.00,0.00,4907.93,207.93,INITIAL_FILL
2026-09-06 19:17:07.621,1788722227.621,POSITION_CLOSED_STOP_LOSS,360287970300001554,360287970300001552,C,SELL,0.03,4372.65,4372.65,4372.77,+0.0,4372.77,4372.77,4369.32,0.0,0.0,0.00,0,-0.36,0.21,-0.57,4907.36,207.36,STOP_LOSS
2026-09-06 19:17:07.674,1788722227.674,POSITION_CLOSED_WIN_TP,360287970300001556,360287970300001532,B,BUY,0.03,4372.73,4372.73,4375.98,+0.0,4374.39,4374.39,4375.98,0.0,0.0,0.00,0,9.75,0.21,9.54,4916.90,216.90,WIN_TP
2026-09-06 19:17:07.676,1788722227.676,POSITION_CLOSED_WIN_TP,360287970300001561,360287970300001543,C,BUY,0.03,4372.73,4372.73,4375.98,+0.0,4374.39,4374.39,4375.98,0.0,0.0,0.10,0,9.75,0.21,9.54,4926.44,226.44,WIN_TP
2026-09-06 19:17:07.892,1788722227.893,ORDER_FILLED,360287970300001569,360287970300001571,B,BUY,0.03,4375.16,4375.16,0.00,+0.0,4374.96,4374.96,4378.41,8.0,0.0,0.00,0,0.00,0.00,0.00,4926.44,226.44,INITIAL_FILL
2026-09-06 19:17:07.902,1788722227.902,ORDER_FILLED,360287970300001580,360287970300001586,C,BUY,0.03,4375.16,4375.16,0.00,+0.0,4374.96,4374.96,4378.41,8.0,0.0,0.00,0,0.00,0.00,0.00,4926.44,226.44,INITIAL_FILL
2026-09-06 19:17:07.903,1788722227.903,ORDER_FILLED,360287970300001592,360287970300001594,C,SELL,0.03,4375.08,4375.08,0.00,+0.0,4375.20,4375.20,4371.75,8.0,0.0,0.00,0,0.00,0.00,0.00,4926.44,226.44,INITIAL_FILL
2026-09-06 19:17:07.911,1788722227.911,POSITION_CLOSED_STOP_LOSS,360287970300001600,360287970300001594,C,SELL,0.03,4375.08,4375.08,4375.20,+0.0,4375.20,4375.20,4371.75,0.0,0.0,0.00,0,-0.36,0.21,-0.57,4925.87,225.87,STOP_LOSS
2026-09-06 19:17:08.044,1788722228.045,POSITION_CLOSED_STOP_LOSS,360287970300001609,360287970300001571,B,BUY,0.03,4375.16,4375.16,4374.96,+0.0,4374.96,4374.96,4378.41,0.0,0.0,0.20,0,-0.60,0.21,-0.81,4925.06,225.06,STOP_LOSS
2026-09-06 19:17:08.046,1788722228.047,POSITION_CLOSED_STOP_LOSS,360287970300001614,360287970300001586,C,BUY,0.03,4375.16,4375.16,4374.96,+0.0,4374.96,4374.96,4378.41,0.0,0.0,0.20,0,-0.60,0.21,-0.81,4924.25,224.25,STOP_LOSS
2026-09-06 19:17:08.648,1788722228.649,ORDER_FILLED,360287970300001623,360287970300001626,B,BUY,0.03,4371.35,4371.35,0.00,+0.0,4371.15,4371.15,4374.60,8.0,0.0,0.00,0,0.00,0.00,0.00,4924.25,224.25,INITIAL_FILL
2026-09-06 19:17:08.654,1788722228.655,ORDER_FILLED,360287970300001631,360287970300001634,C,BUY,0.03,4371.35,4371.35,0.00,+0.0,4371.15,4371.15,4374.60,8.0,0.0,0.00,0,0.00,0.00,0.00,4924.25,224.25,INITIAL_FILL
2026-09-06 19:17:08.655,1788722228.656,ORDER_FILLED,360287970300001640,360287970300001647,C,SELL,0.03,4371.27,4371.27,0.00,+0.0,4371.39,4371.39,4367.94,8.0,0.0,0.00,0,0.00,0.00,0.00,4924.25,224.25,INITIAL_FILL
2026-09-06 19:17:08.660,1788722228.661,POSITION_CLOSED_WIN_TP,360287970300001653,360287970300001626,B,BUY,0.03,4371.35,4371.35,4374.60,+0.0,4373.02,4373.02,4374.60,0.0,0.0,0.00,0,9.75,0.21,9.54,4933.79,233.79,WIN_TP
2026-09-06 19:17:08.664,1788722228.665,POSITION_CLOSED_WIN_TP,360287970300001658,360287970300001634,C,BUY,0.03,4371.35,4371.35,4374.60,+0.0,4373.02,4373.02,4374.60,0.0,0.0,0.00,0,9.75,0.21,9.54,4943.33,243.33,WIN_TP
2026-09-06 19:17:08.667,1788722228.668,POSITION_CLOSED_STOP_LOSS,360287970300001663,360287970300001647,C,SELL,0.03,4371.27,4371.27,4371.39,+0.0,4371.39,4371.39,4367.94,0.0,0.0,0.00,0,-0.36,0.21,-0.57,4942.76,242.76,STOP_LOSS
2026-09-06 19:17:08.748,1788722228.748,ORDER_FILLED,360287970300001671,360287970300001673,B,BUY,0.03,4376.86,4376.86,0.00,+0.0,4376.66,4376.66,4380.11,8.0,0.0,0.00,0,0.00,0.00,0.00,4942.76,242.76,INITIAL_FILL
2026-09-06 19:17:08.749,1788722228.749,ORDER_FILLED,360287970300001677,360287970300001683,C,BUY,0.03,4376.86,4376.86,0.00,+0.0,4376.66,4376.66,4380.11,8.0,0.0,0.00,0,0.00,0.00,0.00,4942.76,242.76,INITIAL_FILL
2026-09-06 19:17:08.749,1788722228.749,ORDER_FILLED,360287970300001689,360287970300001695,C,SELL,0.03,4376.78,4376.78,0.00,+0.0,4376.90,4376.90,4373.45,8.0,0.0,0.00,0,0.00,0.00,0.00,4942.76,242.76,INITIAL_FILL
2026-09-06 19:17:08.752,1788722228.752,POSITION_CLOSED_STOP_LOSS,360287970300001704,360287970300001695,C,SELL,0.03,4376.78,4376.78,4376.90,+0.0,4376.90,4376.90,4373.45,0.0,0.0,0.00,0,-0.36,0.21,-0.57,4942.19,242.19,STOP_LOSS
2026-09-06 19:17:08.788,1788722228.789,POSITION_CLOSED_RATCHET_WIN,360287970300001706,360287970300001673,B,BUY,0.03,4376.86,4376.86,4378.52,+0.0,4378.52,4378.52,4380.11,0.0,0.0,0.00,0,4.98,0.21,4.77,4946.96,246.96,RATCHET_WIN
2026-09-06 19:17:08.790,1788722228.791,POSITION_CLOSED_RATCHET_WIN,360287970300001711,360287970300001683,C,BUY,0.03,4376.86,4376.86,4378.52,+0.0,4378.52,4378.52,4380.11,0.0,0.0,0.00,0,4.98,0.21,4.77,4951.73,251.73,RATCHET_WIN
2026-09-06 19:17:09.533,1788722229.533,ORDER_FILLED,360287970300001719,360287970300001720,B,BUY,0.03,4373.23,4373.23,0.00,+0.0,4373.03,4373.03,4376.48,8.0,0.0,0.00,0,0.00,0.00,0.00,4951.73,251.73,INITIAL_FILL
2026-09-06 19:17:09.533,1788722229.534,ORDER_FILLED,360287970300001721,360287970300001724,C,BUY,0.03,4373.23,4373.23,0.00,+0.0,4373.03,4373.03,4376.48,8.0,0.0,0.00,0,0.00,0.00,0.00,4951.73,251.73,INITIAL_FILL
2026-09-06 19:17:09.536,1788722229.536,ORDER_FILLED,360287970300001731,360287970300001740,C,SELL,0.03,4373.15,4373.15,0.00,+0.0,4373.27,4373.27,4369.82,8.0,0.0,0.00,0,0.00,0.00,0.00,4951.73,251.73,INITIAL_FILL
2026-09-06 19:17:09.539,1788722229.539,POSITION_CLOSED_STOP_LOSS,360287970300001744,360287970300001740,C,SELL,0.03,4373.15,4373.15,4373.27,+0.0,4373.27,4373.27,4369.82,0.0,0.0,0.00,0,-0.36,0.21,-0.57,4951.16,251.16,STOP_LOSS
2026-09-06 19:17:09.801,1788722229.801,POSITION_CLOSED_WIN_TP,360287970300001752,360287970300001720,B,BUY,0.03,4373.23,4373.23,4376.48,+0.0,4374.89,4374.89,4376.48,0.0,0.0,0.30,0,9.75,0.21,9.54,4960.70,260.70,WIN_TP
2026-09-06 19:17:09.803,1788722229.803,POSITION_CLOSED_WIN_TP,360287970300001757,360287970300001724,C,BUY,0.03,4373.23,4373.23,4376.48,+0.0,4374.89,4374.89,4376.48,0.0,0.0,0.30,0,9.75,0.21,9.54,4970.24,270.24,WIN_TP
2026-09-06 19:17:09.994,1788722229.994,ORDER_FILLED,360287970300001764,360287970300001769,B,BUY,0.03,4376.87,4376.87,0.00,+0.0,4376.67,4376.67,4380.12,8.0,0.0,0.00,0,0.00,0.00,0.00,4970.24,270.24,INITIAL_FILL
2026-09-06 19:17:09.997,1788722229.997,ORDER_FILLED,360287970300001776,360287970300001779,C,BUY,0.03,4376.87,4376.87,0.00,+0.0,4376.67,4376.67,4380.12,8.0,0.0,0.00,0,0.00,0.00,0.00,4970.24,270.24,INITIAL_FILL
2026-09-06 19:17:09.998,1788722229.998,ORDER_FILLED,360287970300001783,360287970300001785,C,SELL,0.03,4376.79,4376.79,0.00,+0.0,4376.91,4376.91,4373.46,8.0,0.0,0.00,0,0.00,0.00,0.00,4970.24,270.24,INITIAL_FILL
2026-09-06 19:17:10.000,1788722230.001,POSITION_CLOSED_STOP_LOSS,360287970300001787,360287970300001785,C,SELL,0.03,4376.79,4376.79,4376.91,+0.0,4376.91,4376.91,4373.46,0.0,0.0,0.00,0,-0.36,0.21,-0.57,4969.67,269.67,STOP_LOSS
2026-09-06 19:18:15.028,1788722295.028,ORDER_FILLED,360287970300000006,360287970300000008,A,SELL,0.10,4335.63,4335.63,0.00,+0.0,4335.75,4335.75,4333.63,8.0,0.0,0.00,0,0.00,0.00,0.00,4775.66,75.66,INITIAL_FILL
2026-09-06 19:18:15.031,1788722295.031,POSITION_CLOSED_STOP_LOSS,360287970300000010,360287970300000008,A,SELL,0.10,4335.63,4335.63,4335.75,+0.0,4335.75,4335.75,4333.63,0.0,0.0,0.00,0,-1.20,0.70,-1.90,4773.76,73.76,STOP_LOSS
2026-09-06 19:18:15.198,1788722295.198,ORDER_FILLED,360287970300000012,360287970300000020,A,SELL,0.10,4339.98,4339.98,0.00,+0.0,4340.10,4340.10,4337.98,8.0,0.0,0.00,0,0.00,0.00,0.00,4773.76,73.76,INITIAL_FILL
2026-09-06 19:18:15.201,1788722295.201,POSITION_CLOSED_STOP_LOSS,360287970300000029,360287970300000020,A,SELL,0.10,4339.98,4339.98,4340.10,+0.0,4340.10,4340.10,4337.98,0.0,0.0,0.00,0,-1.20,0.70,-1.90,4771.86,71.86,STOP_LOSS
2026-09-06 19:18:15.436,1788722295.436,ORDER_FILLED,360287970300000030,360287970300000033,A,SELL,0.10,4342.32,4342.32,0.00,+0.0,4342.44,4342.44,4340.32,8.0,0.0,0.00,0,0.00,0.00,0.00,4771.86,71.86,INITIAL_FILL
2026-09-06 19:18:15.439,1788722295.440,POSITION_CLOSED_STOP_LOSS,360287970300000040,360287970300000033,A,SELL,0.10,4342.32,4342.32,4342.44,+0.0,4342.44,4342.44,4340.32,0.0,0.0,0.00,0,-1.20,0.70,-1.90,4769.96,69.96,STOP_LOSS
2026-09-06 19:18:15.574,1788722295.575,ORDER_FILLED,360287970300000048,360287970300000053,A,SELL,0.10,4339.61,4339.61,0.00,+0.0,4339.73,4339.73,4337.61,8.0,0.0,0.00,0,0.00,0.00,0.00,4769.96,69.96,INITIAL_FILL
2026-09-06 19:18:15.581,1788722295.582,POSITION_CLOSED_STOP_LOSS,360287970300000055,360287970300000053,A,SELL,0.10,4339.61,4339.61,4339.73,+0.0,4339.73,4339.73,4337.61,0.0,0.0,0.00,0,-1.20,0.70,-1.90,4768.06,68.06,STOP_LOSS
2026-09-06 19:18:15.772,1788722295.772,ORDER_FILLED,360287970300000060,360287970300000067,A,SELL,0.10,4342.44,4342.44,0.00,+0.0,4342.56,4342.56,4340.44,8.0,0.0,0.00,0,0.00,0.00,0.00,4768.06,68.06,INITIAL_FILL
2026-09-06 19:18:15.777,1788722295.777,POSITION_CLOSED_STOP_LOSS,360287970300000075,360287970300000067,A,SELL,0.10,4342.44,4342.44,4342.56,+0.0,4342.56,4342.56,4340.44,0.0,0.0,0.00,0,-1.20,0.70,-1.90,4766.16,66.16,STOP_LOSS
2026-09-06 19:18:16.015,1788722296.015,ORDER_FILLED,360287970300000077,360287970300000082,A,SELL,0.10,4356.61,4356.61,0.00,+0.0,4356.73,4356.73,4354.61,8.0,0.0,0.00,0,0.00,0.00,0.00,4766.16,66.16,INITIAL_FILL
2026-09-06 19:18:16.021,1788722296.022,POSITION_CLOSED_WIN_TP,360287970300000084,360287970300000082,A,SELL,0.10,4356.61,4356.61,4354.61,+0.0,4355.61,4355.61,4354.61,0.0,0.0,0.00,0,20.00,0.70,19.30,4785.46,85.46,WIN_TP
2026-09-06 19:18:16.139,1788722296.139,ORDER_FILLED,360287970300000087,360287970300000095,A,SELL,0.10,4357.97,4357.97,0.00,+0.0,4358.09,4358.09,4355.97,8.0,0.0,0.00,0,0.00,0.00,0.00,4785.46,85.46,INITIAL_FILL
2026-09-06 19:18:16.146,1788722296.146,POSITION_CLOSED_STOP_LOSS,360287970300000096,360287970300000095,A,SELL,0.10,4357.97,4357.97,4358.09,+0.0,4358.09,4358.09,4355.97,0.0,0.0,0.00,0,-1.20,0.70,-1.90,4783.56,83.56,STOP_LOSS
2026-09-06 19:18:16.343,1788722296.343,ORDER_FILLED,360287970300000101,360287970300000107,A,SELL,0.10,4366.75,4366.75,0.00,+0.0,4366.87,4366.87,4364.75,8.0,0.0,0.00,0,0.00,0.00,0.00,4783.56,83.56,INITIAL_FILL
2026-09-06 19:18:16.353,1788722296.353,POSITION_CLOSED_RATCHET_WIN,360287970300000111,360287970300000107,A,SELL,0.10,4366.75,4366.75,4365.75,+0.0,4365.75,4365.75,4364.75,0.0,0.0,0.00,0,10.00,0.70,9.30,4792.86,92.86,RATCHET_WIN
2026-09-06 19:18:16.568,1788722296.568,ORDER_FILLED,360287970300000116,360287970300000119,A,SELL,0.10,4369.88,4369.88,0.00,+0.0,4370.00,4370.00,4367.88,8.0,0.0,0.00,0,0.00,0.00,0.00,4792.86,92.86,INITIAL_FILL
2026-09-06 19:18:16.583,1788722296.583,POSITION_CLOSED_RATCHET_WIN,360287970300000121,360287970300000119,A,SELL,0.10,4369.88,4369.88,4369.83,+0.0,4369.83,4369.83,4367.88,0.0,0.0,0.00,0,0.50,0.70,-0.20,4792.66,92.66,RATCHET_WIN
2026-09-06 19:18:16.753,1788722296.754,ORDER_FILLED,360287970300000125,360287970300000129,A,SELL,0.10,4376.80,4376.80,0.00,+0.0,4376.92,4376.92,4374.80,8.0,0.0,0.00,0,0.00,0.00,0.00,4792.66,92.66,INITIAL_FILL
2026-09-06 19:18:16.756,1788722296.757,POSITION_CLOSED_STOP_LOSS,360287970300000137,360287970300000129,A,SELL,0.10,4376.80,4376.80,4376.92,+0.0,4376.92,4376.92,4374.80,0.0,0.0,0.00,0,-1.20,0.70,-1.90,4790.76,90.76,STOP_LOSS
2026-09-06 19:18:16.982,1788722296.983,ORDER_FILLED,360287970300000145,360287970300000154,A,SELL,0.10,4372.00,4372.00,0.00,+0.0,4372.12,4372.12,4370.00,8.0,0.0,0.00,0,0.00,0.00,0.00,4790.76,90.76,INITIAL_FILL
2026-09-06 19:18:16.988,1788722296.988,POSITION_CLOSED_STOP_LOSS,360287970300000162,360287970300000154,A,SELL,0.10,4372.00,4372.00,4372.12,+0.0,4372.12,4372.12,4370.00,0.0,0.0,0.00,0,-1.20,0.70,-1.90,4788.86,88.86,STOP_LOSS
2026-09-06 19:18:17.161,1788722297.162,ORDER_FILLED,360287970300000170,360287970300000177,A,SELL,0.10,4376.36,4376.36,0.00,+0.0,4376.48,4376.48,4374.36,8.0,0.0,0.00,0,0.00,0.00,0.00,4788.86,88.86,INITIAL_FILL
2026-09-06 19:18:17.173,1788722297.174,POSITION_CLOSED_RATCHET_WIN,360287970300000182,360287970300000177,A,SELL,0.10,4376.36,4376.36,4375.36,+0.0,4375.36,4375.36,4374.36,0.0,0.0,0.00,0,10.00,0.70,9.30,4798.16,98.16,RATCHET_WIN
2026-09-06 19:18:17.388,1788722297.389,ORDER_FILLED,360287970300000184,360287970300000191,A,SELL,0.10,4384.72,4384.72,0.00,+0.0,4384.84,4384.84,4382.72,8.0,0.0,0.00,0,0.00,0.00,0.00,4798.16,98.16,INITIAL_FILL
2026-09-06 19:18:17.401,1788722297.402,POSITION_CLOSED_RATCHET_WIN,360287970300000194,360287970300000191,A,SELL,0.10,4384.72,4384.72,4383.72,+0.0,4383.72,4383.72,4382.72,0.0,0.0,0.00,0,10.00,0.70,9.30,4807.46,107.46,RATCHET_WIN
2026-09-06 19:18:17.568,1788722297.568,ORDER_FILLED,360287970300000200,360287970300000205,A,BUY,0.10,4389.26,4389.26,0.00,+0.0,4389.06,4389.06,4391.18,8.0,0.0,0.00,0,0.00,0.00,0.00,4807.46,107.46,INITIAL_FILL
2026-09-06 19:18:17.571,1788722297.572,POSITION_CLOSED_STOP_LOSS,360287970300000214,360287970300000205,A,BUY,0.10,4389.26,4389.26,4389.06,+0.0,4389.06,4389.06,4391.18,0.0,0.0,0.00,0,-2.00,0.70,-2.70,4804.76,104.76,STOP_LOSS
2026-09-06 19:18:17.736,1788722297.736,ORDER_FILLED,360287970300000218,360287970300000224,A,BUY,0.10,4393.12,4393.12,0.00,+0.0,4392.92,4392.92,4395.04,8.0,0.0,0.00,0,0.00,0.00,0.00,4804.76,104.76,INITIAL_FILL
2026-09-06 19:18:17.740,1788722297.740,POSITION_CLOSED_WIN_TP,360287970300000229,360287970300000224,A,BUY,0.10,4393.12,4393.12,4395.04,+0.0,4394.12,4394.12,4395.04,0.0,0.0,0.00,0,19.20,0.70,18.50,4823.26,123.26,WIN_TP
2026-09-06 19:18:17.971,1788722297.972,ORDER_FILLED,360287970300000235,360287970300000240,A,SELL,0.10,4388.20,4388.20,0.00,+0.0,4388.32,4388.32,4386.20,8.0,0.0,0.00,0,0.00,0.00,0.00,4823.26,123.26,INITIAL_FILL
2026-09-06 19:18:18.070,1788722298.071,POSITION_CLOSED_RATCHET_WIN,360287970300000248,360287970300000240,A,SELL,0.10,4388.20,4388.20,4387.70,+0.0,4387.70,4387.70,4386.20,0.0,0.0,0.10,0,5.00,0.70,4.30,4827.56,127.56,RATCHET_WIN
2026-09-06 19:18:18.389,1788722298.390,ORDER_FILLED,360287970300000256,360287970300000260,A,BUY,0.10,4392.55,4392.55,0.00,+0.0,4392.35,4392.35,4394.47,8.0,0.0,0.00,0,0.00,0.00,0.00,4827.56,127.56,INITIAL_FILL
2026-09-06 19:18:18.393,1788722298.394,POSITION_CLOSED_WIN_TP,360287970300000264,360287970300000260,A,BUY,0.10,4392.55,4392.55,4394.47,+0.0,4393.55,4393.55,4394.47,0.0,0.0,0.00,0,19.20,0.70,18.50,4846.06,146.06,WIN_TP
2026-09-06 19:18:18.719,1788722298.719,ORDER_FILLED,360287970300000270,360287970300000273,A,SELL,0.10,4387.80,4387.80,0.00,+0.0,4387.92,4387.92,4385.80,8.0,0.0,0.00,0,0.00,0.00,0.00,4846.06,146.06,INITIAL_FILL
2026-09-06 19:18:18.732,1788722298.732,POSITION_CLOSED_WIN_TP,360287970300000278,360287970300000273,A,SELL,0.10,4387.80,4387.80,4385.80,+0.0,4386.80,4386.80,4385.80,0.0,0.0,0.00,0,20.00,0.70,19.30,4865.36,165.36,WIN_TP
2026-09-06 19:18:19.065,1788722299.065,ORDER_FILLED,360287970300000282,360287970300000286,A,SELL,0.10,4386.69,4386.69,0.00,+0.0,4386.81,4386.81,4384.69,8.0,0.0,0.00,0,0.00,0.00,0.00,4865.36,165.36,INITIAL_FILL
2026-09-06 19:18:19.075,1788722299.075,POSITION_CLOSED_WIN_TP,360287970300000293,360287970300000286,A,SELL,0.10,4386.69,4386.69,4384.69,+0.0,4385.69,4385.69,4384.69,0.0,0.0,0.00,0,20.00,0.70,19.30,4884.66,184.66,WIN_TP
2026-09-06 19:18:19.290,1788722299.291,ORDER_FILLED,360287970300000299,360287970300000306,A,SELL,0.10,4386.44,4386.44,0.00,+0.0,4386.56,4386.56,4384.44,8.0,0.0,0.00,0,0.00,0.00,0.00,4884.66,184.66,INITIAL_FILL
2026-09-06 19:18:19.306,1788722299.306,POSITION_CLOSED_RATCHET_WIN,360287970300000307,360287970300000306,A,SELL,0.10,4386.44,4386.44,4385.94,+0.0,4385.94,4385.94,4384.44,0.0,0.0,0.00,0,5.00,0.70,4.30,4888.96,188.96,RATCHET_WIN
2026-09-06 19:18:19.584,1788722299.584,ORDER_FILLED,360287970300000315,360287970300000323,A,SELL,0.10,4382.82,4382.82,0.00,+0.0,4382.94,4382.94,4380.82,8.0,0.0,0.00,0,0.00,0.00,0.00,4888.96,188.96,INITIAL_FILL
2026-09-06 19:18:19.648,1788722299.648,POSITION_CLOSED_RATCHET_WIN,360287970300000325,360287970300000323,A,SELL,0.10,4382.82,4382.82,4382.32,+0.0,4382.32,4382.32,4380.82,0.0,0.0,0.10,0,5.00,0.70,4.30,4893.26,193.26,RATCHET_WIN
2026-09-06 19:18:20.086,1788722300.086,ORDER_FILLED,360287970300000327,360287970300000335,A,SELL,0.10,4385.50,4385.50,0.00,+0.0,4385.62,4385.62,4383.50,8.0,0.0,0.00,0,0.00,0.00,0.00,4893.26,193.26,INITIAL_FILL
2026-09-06 19:18:20.104,1788722300.104,POSITION_CLOSED_WIN_TP,360287970300000340,360287970300000335,A,SELL,0.10,4385.50,4385.50,4383.50,+0.0,4384.50,4384.50,4383.50,0.0,0.0,0.00,0,20.00,0.70,19.30,4912.56,212.56,WIN_TP
2026-09-06 19:18:20.385,1788722300.386,ORDER_FILLED,360287970300000341,360287970300000346,A,SELL,0.10,4380.68,4380.68,0.00,+0.0,4380.80,4380.80,4378.68,8.0,0.0,0.00,0,0.00,0.00,0.00,4912.56,212.56,INITIAL_FILL
2026-09-06 19:18:20.396,1788722300.397,POSITION_CLOSED_RATCHET_WIN,360287970300000347,360287970300000346,A,SELL,0.10,4380.68,4380.68,4380.18,+0.0,4380.18,4380.18,4378.68,0.0,0.0,0.00,0,5.00,0.70,4.30,4916.86,216.86,RATCHET_WIN
2026-09-06 19:18:20.946,1788722300.947,ORDER_FILLED,360287970300000353,360287970300000360,A,SELL,0.10,4376.51,4376.51,0.00,+0.0,4376.63,4376.63,4374.51,8.0,0.0,0.00,0,0.00,0.00,0.00,4916.86,216.86,INITIAL_FILL
2026-09-06 19:18:20.995,1788722300.996,POSITION_CLOSED_BE_PROTECTED,360287970300000364,360287970300000360,A,SELL,0.10,4376.51,4376.51,4376.46,+0.0,4376.46,4376.46,4374.51,0.0,0.0,0.00,0,0.50,0.70,-0.20,4916.66,216.66,BE_PROTECTED
2026-09-06 19:18:21.275,1788722301.275,ORDER_FILLED,360287970300000369,360287970300000376,A,SELL,0.10,4376.83,4376.83,0.00,+0.0,4376.95,4376.95,4374.83,8.0,0.0,0.00,0,0.00,0.00,0.00,4916.66,216.66,INITIAL_FILL
2026-09-06 19:18:21.300,1788722301.300,POSITION_CLOSED_RATCHET_WIN,360287970300000381,360287970300000376,A,SELL,0.10,4376.83,4376.83,4376.33,+0.0,4376.33,4376.33,4374.83,0.0,0.0,0.00,0,5.00,0.70,4.30,4920.96,220.96,RATCHET_WIN
2026-09-06 19:18:21.884,1788722301.884,ORDER_FILLED,360287970300000389,360287970300000395,A,SELL,0.10,4378.93,4378.93,0.00,+0.0,4379.05,4379.05,4376.93,8.0,0.0,0.00,0,0.00,0.00,0.00,4920.96,220.96,INITIAL_FILL
2026-09-06 19:18:21.889,1788722301.889,POSITION_CLOSED_STOP_LOSS,360287970300000399,360287970300000395,A,SELL,0.10,4378.93,4378.93,4379.05,+0.0,4379.05,4379.05,4376.93,0.0,0.0,0.00,0,-1.20,0.70,-1.90,4919.06,219.06,STOP_LOSS
2026-09-06 19:18:22.311,1788722302.312,ORDER_FILLED,360287970300000402,360287970300000411,A,SELL,0.10,4376.31,4376.31,0.00,+0.0,4376.43,4376.43,4374.31,8.0,0.0,0.00,0,0.00,0.00,0.00,4919.06,219.06,INITIAL_FILL
2026-09-06 19:18:22.371,1788722302.371,POSITION_CLOSED_WIN_TP,360287970300000415,360287970300000411,A,SELL,0.10,4376.31,4376.31,4374.31,+0.0,4375.31,4375.31,4374.31,0.0,0.0,0.10,0,20.00,0.70,19.30,4938.36,238.36,WIN_TP
2026-09-06 19:18:22.738,1788722302.739,ORDER_FILLED,360287970300000423,360287970300000432,A,SELL,0.10,4372.34,4372.34,0.00,+0.0,4372.46,4372.46,4370.34,8.0,0.0,0.00,0,0.00,0.00,0.00,4938.36,238.36,INITIAL_FILL
2026-09-06 19:18:22.747,1788722302.747,POSITION_CLOSED_WIN_TP,360287970300000436,360287970300000432,A,SELL,0.10,4372.34,4372.34,4370.34,+0.0,4371.34,4371.34,4370.34,0.0,0.0,0.00,0,20.00,0.70,19.30,4957.66,257.66,WIN_TP
2026-09-06 19:18:23.033,1788722303.034,ORDER_FILLED,360287970300000440,360287970300000447,A,SELL,0.10,4369.85,4369.85,0.00,+0.0,4369.97,4369.97,4367.85,8.0,0.0,0.00,0,0.00,0.00,0.00,4957.66,257.66,INITIAL_FILL
2026-09-06 19:18:23.049,1788722303.050,POSITION_CLOSED_WIN_TP,360287970300000450,360287970300000447,A,SELL,0.10,4369.85,4369.85,4367.85,+0.0,4368.85,4368.85,4367.85,0.0,0.0,0.00,0,20.00,0.70,19.30,4976.96,276.96,WIN_TP
2026-09-06 19:18:23.582,1788722303.583,ORDER_FILLED,360287970300000454,360287970300000456,A,SELL,0.10,4370.01,4370.01,0.00,+0.0,4370.13,4370.13,4368.01,8.0,0.0,0.00,0,0.00,0.00,0.00,4976.96,276.96,INITIAL_FILL
2026-09-06 19:18:23.587,1788722303.587,POSITION_CLOSED_STOP_LOSS,360287970300000463,360287970300000456,A,SELL,0.10,4370.01,4370.01,4370.13,+0.0,4370.13,4370.13,4368.01,0.0,0.0,0.00,0,-1.20,0.70,-1.90,4975.06,275.06,STOP_LOSS
2026-09-06 19:18:24.194,1788722304.194,ORDER_FILLED,360287970300000470,360287970300000476,A,SELL,0.10,4372.55,4372.55,0.00,+0.0,4372.67,4372.67,4370.55,8.0,0.0,0.00,0,0.00,0.00,0.00,4975.06,275.06,INITIAL_FILL
2026-09-06 19:18:24.211,1788722304.212,POSITION_CLOSED_RATCHET_WIN,360287970300000478,360287970300000476,A,SELL,0.10,4372.55,4372.55,4372.05,+0.0,4372.05,4372.05,4370.55,0.0,0.0,0.00,0,5.00,0.70,4.30,4979.36,279.36,RATCHET_WIN
2026-09-06 19:18:24.586,1788722304.586,ORDER_FILLED,360287970300000486,360287970300000493,A,SELL,0.10,4371.55,4371.55,0.00,+0.0,4371.67,4371.67,4369.55,8.0,0.0,0.00,0,0.00,0.00,0.00,4979.36,279.36,INITIAL_FILL
2026-09-06 19:18:24.603,1788722304.603,POSITION_CLOSED_STOP_LOSS,360287970300000495,360287970300000493,A,SELL,0.10,4371.55,4371.55,4371.67,+0.0,4371.67,4371.67,4369.55,0.0,0.0,0.00,0,-1.20,0.70,-1.90,4977.46,277.46,STOP_LOSS
2026-09-06 19:18:24.910,1788722304.911,ORDER_FILLED,360287970300000497,360287970300000499,A,SELL,0.10,4370.45,4370.45,0.00,+0.0,4370.57,4370.57,4368.45,8.0,0.0,0.00,0,0.00,0.00,0.00,4977.46,277.46,INITIAL_FILL
2026-09-06 19:18:24.914,1788722304.914,POSITION_CLOSED_STOP_LOSS,360287970300000506,360287970300000499,A,SELL,0.10,4370.45,4370.45,4370.57,+0.0,4370.57,4370.57,4368.45,0.0,0.0,0.00,0,-1.20,0.70,-1.90,4975.56,275.56,STOP_LOSS
2026-09-06 19:18:25.184,1788722305.185,ORDER_FILLED,360287970300000510,360287970300000511,A,SELL,0.10,4365.92,4365.92,0.00,+0.0,4366.04,4366.04,4363.92,8.0,0.0,0.00,0,0.00,0.00,0.00,4975.56,275.56,INITIAL_FILL
2026-09-06 19:18:25.284,1788722305.284,POSITION_CLOSED_RATCHET_WIN,360287970300000517,360287970300000511,A,SELL,0.10,4365.92,4365.92,4365.42,+0.0,4365.42,4365.42,4363.92,0.0,0.0,0.10,0,5.00,0.70,4.30,4979.86,279.86,RATCHET_WIN
2026-09-06 19:18:25.836,1788722305.837,ORDER_FILLED,360287970300000519,360287970300000528,A,SELL,0.10,4368.32,4368.32,0.00,+0.0,4368.44,4368.44,4366.32,8.0,0.0,0.00,0,0.00,0.00,0.00,4979.86,279.86,INITIAL_FILL
2026-09-06 19:18:25.868,1788722305.869,POSITION_CLOSED_BE_PROTECTED,360287970300000536,360287970300000528,A,SELL,0.10,4368.32,4368.32,4368.27,+0.0,4368.27,4368.27,4366.32,0.0,0.0,0.00,0,0.50,0.70,-0.20,4979.66,279.66,BE_PROTECTED
2026-09-06 19:18:26.280,1788722306.280,ORDER_FILLED,360287970300000541,360287970300000546,A,SELL,0.10,4368.41,4368.41,0.00,+0.0,4368.53,4368.53,4366.41,8.0,0.0,0.00,0,0.00,0.00,0.00,4979.66,279.66,INITIAL_FILL
2026-09-06 19:18:26.301,1788722306.302,POSITION_CLOSED_STOP_LOSS,360287970300000550,360287970300000546,A,SELL,0.10,4368.41,4368.41,4368.53,+0.0,4368.53,4368.53,4366.41,0.0,0.0,0.00,0,-1.20,0.70,-1.90,4977.76,277.76,STOP_LOSS
2026-09-06 19:18:26.860,1788722306.860,ORDER_FILLED,360287970300000557,360287970300000562,A,SELL,0.10,4373.91,4373.91,0.00,+0.0,4374.03,4374.03,4371.91,8.0,0.0,0.00,0,0.00,0.00,0.00,4977.76,277.76,INITIAL_FILL
2026-09-06 19:18:26.911,1788722306.912,POSITION_CLOSED_STOP_LOSS,360287970300000564,360287970300000562,A,SELL,0.10,4373.91,4373.91,4374.03,+0.0,4374.03,4374.03,4371.91,0.0,0.0,0.00,0,-1.20,0.70,-1.90,4975.86,275.86,STOP_LOSS
2026-09-06 19:18:27.190,1788722307.191,ORDER_FILLED,360287970300000572,360287970300000581,A,SELL,0.10,4372.82,4372.82,0.00,+0.0,4372.94,4372.94,4370.82,8.0,0.0,0.00,0,0.00,0.00,0.00,4975.86,275.86,INITIAL_FILL
2026-09-06 19:18:27.208,1788722307.209,POSITION_CLOSED_WIN_TP,360287970300000588,360287970300000581,A,SELL,0.10,4372.82,4372.82,4370.82,+0.0,4371.82,4371.82,4370.82,0.0,0.0,0.00,0,20.00,0.70,19.30,4995.16,295.16,WIN_TP
2026-09-06 19:18:28.051,1788722308.051,ORDER_FILLED,360287970300000593,360287970300000598,A,SELL,0.10,4371.19,4371.19,0.00,+0.0,4371.31,4371.31,4369.19,8.0,0.0,0.00,0,0.00,0.00,0.00,4995.16,295.16,INITIAL_FILL
2026-09-06 19:18:28.212,1788722308.212,POSITION_CLOSED_BE_PROTECTED,360287970300000603,360287970300000598,A,SELL,0.10,4371.19,4371.19,4371.14,+0.0,4371.14,4371.14,4369.19,0.0,0.0,0.20,0,0.50,0.70,-0.20,4994.96,294.96,BE_PROTECTED
2026-09-06 19:18:28.752,1788722308.752,ORDER_FILLED,360287970300000611,360287970300000616,A,SELL,0.10,4372.02,4372.02,0.00,+0.0,4372.14,4372.14,4370.02,8.0,0.0,0.00,0,0.00,0.00,0.00,4994.96,294.96,INITIAL_FILL
2026-09-06 19:18:28.833,1788722308.834,POSITION_CLOSED_WIN_TP,360287970300000625,360287970300000616,A,SELL,0.10,4372.02,4372.02,4370.02,+0.0,4371.02,4371.02,4370.02,0.0,0.0,0.10,0,20.00,0.70,19.30,5014.26,314.26,WIN_TP
2026-09-06 19:18:29.439,1788722309.440,ORDER_FILLED,360287970300000632,360287970300000638,A,SELL,0.10,4370.10,4370.10,0.00,+0.0,4370.22,4370.22,4368.10,8.0,0.0,0.00,0,0.00,0.00,0.00,5014.26,314.26,INITIAL_FILL
2026-09-06 19:18:29.451,1788722309.452,POSITION_CLOSED_STOP_LOSS,360287970300000644,360287970300000638,A,SELL,0.10,4370.10,4370.10,4370.22,+0.0,4370.22,4370.22,4368.10,0.0,0.0,0.00,0,-1.20,0.70,-1.90,5012.36,312.36,STOP_LOSS
2026-09-06 19:18:29.846,1788722309.847,ORDER_FILLED,360287970300000650,360287970300000653,A,SELL,0.10,4369.28,4369.28,0.00,+0.0,4369.40,4369.40,4367.28,8.0,0.0,0.00,0,0.00,0.00,0.00,5012.36,312.36,INITIAL_FILL
2026-09-06 19:18:29.871,1788722309.871,POSITION_CLOSED_STOP_LOSS,360287970300000658,360287970300000653,A,SELL,0.10,4369.28,4369.28,4369.40,+0.0,4369.40,4369.40,4367.28,0.0,0.0,0.00,0,-1.20,0.70,-1.90,5010.46,310.46,STOP_LOSS
2026-09-06 19:18:30.763,1788722310.764,ORDER_FILLED,360287970300000659,360287970300000663,A,SELL,0.10,4368.58,4368.58,0.00,+0.0,4368.70,4368.70,4366.58,8.0,0.0,0.00,0,0.00,0.00,0.00,5010.46,310.46,INITIAL_FILL
2026-09-06 19:18:30.889,1788722310.890,POSITION_CLOSED_STOP_LOSS,360287970300000669,360287970300000663,A,SELL,0.10,4368.58,4368.58,4368.70,+0.0,4368.70,4368.70,4366.58,0.0,0.0,0.10,0,-1.20,0.70,-1.90,5008.56,308.56,STOP_LOSS
2026-09-06 19:18:31.855,1788722311.855,ORDER_FILLED,360287970300000670,360287970300000673,A,SELL,0.10,4368.04,4368.04,0.00,+0.0,4368.16,4368.16,4366.04,8.0,0.0,0.00,0,0.00,0.00,0.00,5008.56,308.56,INITIAL_FILL
2026-09-06 19:18:31.869,1788722311.870,POSITION_CLOSED_BE_PROTECTED,360287970300000682,360287970300000673,A,SELL,0.10,4368.04,4368.04,4367.99,+0.0,4367.99,4367.99,4366.04,0.0,0.0,0.00,0,0.50,0.70,-0.20,5008.36,308.36,BE_PROTECTED
2026-09-06 19:18:32.275,1788722312.276,ORDER_FILLED,360287970300000686,360287970300000693,A,SELL,0.10,4368.27,4368.27,0.00,+0.0,4368.39,4368.39,4366.27,8.0,0.0,0.00,0,0.00,0.00,0.00,5008.36,308.36,INITIAL_FILL
2026-09-06 19:18:32.355,1788722312.355,POSITION_CLOSED_WIN_TP,360287970300000697,360287970300000693,A,SELL,0.10,4368.27,4368.27,4366.27,+0.0,4367.27,4367.27,4366.27,0.0,0.0,0.10,0,20.00,0.70,19.30,5027.66,327.66,WIN_TP
2026-09-06 19:18:32.846,1788722312.846,ORDER_FILLED,360287970300000704,360287970300000712,A,SELL,0.10,4364.78,4364.78,0.00,+0.0,4364.90,4364.90,4362.78,8.0,0.0,0.00,0,0.00,0.00,0.00,5027.66,327.66,INITIAL_FILL
2026-09-06 19:18:32.873,1788722312.874,POSITION_CLOSED_STOP_LOSS,360287970300000715,360287970300000712,A,SELL,0.10,4364.78,4364.78,4364.90,+0.0,4364.90,4364.90,4362.78,0.0,0.0,0.00,0,-1.20,0.70,-1.90,5025.76,325.76,STOP_LOSS
2026-09-06 19:18:33.421,1788722313.421,ORDER_FILLED,360287970300000718,360287970300000726,A,SELL,0.10,4365.59,4365.59,0.00,+0.0,4365.71,4365.71,4363.59,8.0,0.0,0.00,0,0.00,0.00,0.00,5025.76,325.76,INITIAL_FILL
2026-09-06 19:18:33.436,1788722313.437,POSITION_CLOSED_BE_PROTECTED,360287970300000728,360287970300000726,A,SELL,0.10,4365.59,4365.59,4365.54,+0.0,4365.54,4365.54,4363.59,0.0,0.0,0.00,0,0.50,0.70,-0.20,5025.56,325.56,BE_PROTECTED
2026-09-06 19:18:33.850,1788722313.851,ORDER_FILLED,360287970300000733,360287970300000741,A,SELL,0.10,4369.84,4369.84,0.00,+0.0,4369.96,4369.96,4367.84,8.0,0.0,0.00,0,0.00,0.00,0.00,5025.56,325.56,INITIAL_FILL
2026-09-06 19:18:34.162,1788722314.163,POSITION_CLOSED_STOP_LOSS,360287970300000747,360287970300000741,A,SELL,0.10,4369.84,4369.84,4369.96,+0.0,4369.96,4369.96,4367.84,0.0,0.0,0.30,0,-1.20,0.70,-1.90,5023.66,323.66,STOP_LOSS
2026-09-06 19:18:34.800,1788722314.800,ORDER_FILLED,360287970300000754,360287970300000756,A,SELL,0.10,4369.33,4369.33,0.00,+0.0,4369.45,4369.45,4367.33,8.0,0.0,0.00,0,0.00,0.00,0.00,5023.66,323.66,INITIAL_FILL
2026-09-06 19:18:34.855,1788722314.855,POSITION_CLOSED_RATCHET_WIN,360287970300000765,360287970300000756,A,SELL,0.10,4369.33,4369.33,4368.83,+0.0,4368.83,4368.83,4367.33,0.0,0.0,0.10,0,5.00,0.70,4.30,5027.96,327.96,RATCHET_WIN
2026-09-06 19:18:35.005,1788722315.006,ORDER_FILLED,360287970300000770,360287970300000773,A,SELL,0.10,4370.51,4370.51,0.00,+0.0,4370.63,4370.63,4368.51,8.0,0.0,0.00,0,0.00,0.00,0.00,5027.96,327.96,INITIAL_FILL
2026-09-06 19:18:35.035,1788722315.036,POSITION_CLOSED_RATCHET_WIN,360287970300000774,360287970300000773,A,SELL,0.10,4370.51,4370.51,4370.01,+0.0,4370.01,4370.01,4368.51,0.0,0.0,0.00,0,5.00,0.70,4.30,5032.26,332.26,RATCHET_WIN
2026-09-06 19:18:35.718,1788722315.718,ORDER_FILLED,360287970300000780,360287970300000787,A,SELL,0.10,4369.71,4369.71,0.00,+0.0,4369.83,4369.83,4367.71,8.0,0.0,0.00,0,0.00,0.00,0.00,5032.26,332.26,INITIAL_FILL
2026-09-06 19:18:35.800,1788722315.801,POSITION_CLOSED_WIN_TP,360287970300000796,360287970300000787,A,SELL,0.10,4369.71,4369.71,4367.71,+0.0,4368.71,4368.71,4367.71,0.0,0.0,0.10,0,20.00,0.70,19.30,5051.56,351.56,WIN_TP
2026-09-06 19:18:35.994,1788722315.995,ORDER_FILLED,360287970300000798,360287970300000803,A,SELL,0.10,4368.60,4368.60,0.00,+0.0,4368.72,4368.72,4366.60,8.0,0.0,0.00,0,0.00,0.00,0.00,5051.56,351.56,INITIAL_FILL
2026-09-06 19:18:36.029,1788722316.030,POSITION_CLOSED_RATCHET_WIN,360287970300000809,360287970300000803,A,SELL,0.10,4368.60,4368.60,4368.10,+0.0,4368.10,4368.10,4366.60,0.0,0.0,0.00,0,5.00,0.70,4.30,5055.86,355.86,RATCHET_WIN
2026-09-06 19:18:36.411,1788722316.412,ORDER_FILLED,360287970300000813,360287970300000815,A,SELL,0.10,4365.19,4365.19,0.00,+0.0,4365.31,4365.31,4363.19,8.0,0.0,0.00,0,0.00,0.00,0.00,5055.86,355.86,INITIAL_FILL
2026-09-06 19:18:36.458,1788722316.459,POSITION_CLOSED_STOP_LOSS,360287970300000816,360287970300000815,A,SELL,0.10,4365.19,4365.19,4365.31,+0.0,4365.31,4365.31,4363.19,0.0,0.0,0.00,0,-1.20,0.70,-1.90,5053.96,353.96,STOP_LOSS
2026-09-06 19:18:37.356,1788722317.356,ORDER_FILLED,360287970300000817,360287970300000820,A,SELL,0.10,4368.56,4368.56,0.00,+0.0,4368.68,4368.68,4366.56,8.0,0.0,0.00,0,0.00,0.00,0.00,5053.96,353.96,INITIAL_FILL
2026-09-06 19:18:37.408,1788722317.408,POSITION_CLOSED_BE_PROTECTED,360287970300000821,360287970300000820,A,SELL,0.10,4368.56,4368.56,4368.51,+0.0,4368.51,4368.51,4366.56,0.0,0.0,0.10,0,0.50,0.70,-0.20,5053.76,353.76,BE_PROTECTED
2026-09-06 19:18:37.805,1788722317.806,ORDER_FILLED,360287970300000823,360287970300000831,A,SELL,0.10,4371.03,4371.03,0.00,+0.0,4371.15,4371.15,4369.03,8.0,0.0,0.00,0,0.00,0.00,0.00,5053.76,353.76,INITIAL_FILL
2026-09-06 19:18:37.959,1788722317.960,POSITION_CLOSED_WIN_TP,360287970300000838,360287970300000831,A,SELL,0.10,4371.03,4371.03,4369.03,+0.0,4370.03,4370.03,4369.03,0.0,0.0,0.20,0,20.00,0.70,19.30,5073.06,373.06,WIN_TP
2026-09-06 19:18:38.375,1788722318.375,ORDER_FILLED,360287970300000846,360287970300000848,A,SELL,0.10,4368.18,4368.18,0.00,+0.0,4368.30,4368.30,4366.18,8.0,0.0,0.00,0,0.00,0.00,0.00,5073.06,373.06,INITIAL_FILL
2026-09-06 19:18:38.379,1788722318.379,POSITION_CLOSED_STOP_LOSS,360287970300000857,360287970300000848,A,SELL,0.10,4368.18,4368.18,4368.30,+0.0,4368.30,4368.30,4366.18,0.0,0.0,0.00,0,-1.20,0.70,-1.90,5071.16,371.16,STOP_LOSS
2026-09-06 19:18:38.903,1788722318.903,ORDER_FILLED,360287970300000864,360287970300000868,A,SELL,0.10,4368.20,4368.20,0.00,+0.0,4368.32,4368.32,4366.20,8.0,0.0,0.00,0,0.00,0.00,0.00,5071.16,371.16,INITIAL_FILL
2026-09-06 19:18:38.926,1788722318.926,POSITION_CLOSED_RATCHET_WIN,360287970300000873,360287970300000868,A,SELL,0.10,4368.20,4368.20,4368.15,+0.0,4368.15,4368.15,4366.20,0.0,0.0,0.00,0,0.50,0.70,-0.20,5070.96,370.96,RATCHET_WIN
2026-09-06 19:18:39.462,1788722319.462,ORDER_FILLED,360287970300000874,360287970300000877,A,SELL,0.10,4379.41,4379.41,0.00,+0.0,4379.53,4379.53,4377.41,8.0,0.0,0.00,0,0.00,0.00,0.00,5070.96,370.96,INITIAL_FILL
2026-09-06 19:18:39.479,1788722319.479,POSITION_CLOSED_BE_PROTECTED,360287970300000885,360287970300000877,A,SELL,0.10,4379.41,4379.41,4379.36,+0.0,4379.36,4379.36,4377.41,0.0,0.0,0.00,0,0.50,0.70,-0.20,5070.76,370.76,BE_PROTECTED
2026-09-06 19:18:39.969,1788722319.970,ORDER_FILLED,360287970300000886,360287970300000891,A,SELL,0.10,4375.90,4375.90,0.00,+0.0,4376.02,4376.02,4373.90,8.0,0.0,0.00,0,0.00,0.00,0.00,5070.76,370.76,INITIAL_FILL
2026-09-06 19:18:39.976,1788722319.977,POSITION_CLOSED_STOP_LOSS,360287970300000897,360287970300000891,A,SELL,0.10,4375.90,4375.90,4376.02,+0.0,4376.02,4376.02,4373.90,0.0,0.0,0.00,0,-1.20,0.70,-1.90,5068.86,368.86,STOP_LOSS
2026-09-06 19:18:41.132,1788722321.133,ORDER_FILLED,360287970300000899,360287970300000902,A,SELL,0.10,4376.02,4376.02,0.00,+0.0,4376.14,4376.14,4374.02,8.0,0.0,0.00,0,0.00,0.00,0.00,5068.86,368.86,INITIAL_FILL
2026-09-06 19:18:41.140,1788722321.141,POSITION_CLOSED_STOP_LOSS,360287970300000905,360287970300000902,A,SELL,0.10,4376.02,4376.02,4376.14,+0.0,4376.14,4376.14,4374.02,0.0,0.0,0.00,0,-1.20,0.70,-1.90,5066.96,366.96,STOP_LOSS
2026-09-06 19:18:41.699,1788722321.700,ORDER_FILLED,360287970300000910,360287970300000914,A,SELL,0.10,4377.26,4377.26,0.00,+0.0,4377.38,4377.38,4375.26,8.0,0.0,0.00,0,0.00,0.00,0.00,5066.96,366.96,INITIAL_FILL
2026-09-06 19:18:41.749,1788722321.750,POSITION_CLOSED_WIN_TP,360287970300000916,360287970300000914,A,SELL,0.10,4377.26,4377.26,4375.26,+0.0,4376.26,4376.26,4375.26,0.0,0.0,0.00,0,20.00,0.70,19.30,5086.26,386.26,WIN_TP
2026-09-06 19:18:42.243,1788722322.244,ORDER_FILLED,360287970300000918,360287970300000923,A,SELL,0.10,4375.12,4375.12,0.00,+0.0,4375.24,4375.24,4373.12,8.0,0.0,0.00,0,0.00,0.00,0.00,5086.26,386.26,INITIAL_FILL
2026-09-06 19:18:42.366,1788722322.367,POSITION_CLOSED_RATCHET_WIN,360287970300000924,360287970300000923,A,SELL,0.10,4375.12,4375.12,4374.12,+0.0,4374.12,4374.12,4373.12,0.0,0.0,0.10,0,10.00,0.70,9.30,5095.56,395.56,RATCHET_WIN
2026-09-06 19:18:42.478,1788722322.478,ORDER_FILLED,360287970300000926,360287970300000932,A,SELL,0.10,4373.32,4373.32,0.00,+0.0,4373.44,4373.44,4371.32,8.0,0.0,0.00,0,0.00,0.00,0.00,5095.56,395.56,INITIAL_FILL
2026-09-06 19:18:42.505,1788722322.505,POSITION_CLOSED_BE_PROTECTED,360287970300000933,360287970300000932,A,SELL,0.10,4373.32,4373.32,4373.27,+0.0,4373.27,4373.27,4371.32,0.0,0.0,0.00,0,0.50,0.70,-0.20,5095.36,395.36,BE_PROTECTED
2026-09-06 19:18:42.806,1788722322.807,ORDER_FILLED,360287970300000938,360287970300000941,A,SELL,0.10,4370.07,4370.07,0.00,+0.0,4370.19,4370.19,4368.07,8.0,0.0,0.00,0,0.00,0.00,0.00,5095.36,395.36,INITIAL_FILL
2026-09-06 19:18:42.854,1788722322.855,POSITION_CLOSED_BE_PROTECTED,360287970300000949,360287970300000941,A,SELL,0.10,4370.07,4370.07,4370.02,+0.0,4370.02,4370.02,4368.07,0.0,0.0,0.00,0,0.50,0.70,-0.20,5095.16,395.16,BE_PROTECTED
2026-09-06 19:18:44.161,1788722324.161,ORDER_FILLED,360287970300000950,360287970300000958,A,SELL,0.10,4378.17,4378.17,0.00,+0.0,4378.29,4378.29,4376.17,8.0,0.0,0.00,0,0.00,0.00,0.00,5095.16,395.16,INITIAL_FILL
2026-09-06 19:18:45.622,1788722325.623,POSITION_CLOSED_WIN_TP,360287970300000960,360287970300000958,A,SELL,0.10,4378.17,4378.17,4376.17,+0.0,4377.17,4377.17,4376.17,0.0,0.0,0.00,0,20.00,0.70,19.30,5114.46,414.46,WIN_TP
2026-09-06 19:18:46.233,1788722326.234,ORDER_FILLED,360287970300000961,360287970300000964,A,SELL,0.10,4372.89,4372.89,0.00,+0.0,4373.01,4373.01,4370.89,8.0,0.0,0.00,0,0.00,0.00,0.00,5114.46,414.46,INITIAL_FILL
2026-09-06 19:18:46.246,1788722326.247,POSITION_CLOSED_STOP_LOSS,360287970300000968,360287970300000964,A,SELL,0.10,4372.89,4372.89,4373.01,+0.0,4373.01,4373.01,4370.89,0.0,0.0,0.00,0,-1.20,0.70,-1.90,5112.56,412.56,STOP_LOSS
2026-09-06 19:18:47.706,1788722327.706,ORDER_FILLED,360287970300000975,360287970300000984,A,SELL,0.10,4377.90,4377.90,0.00,+0.0,4378.02,4378.02,4375.90,8.0,0.0,0.00,0,0.00,0.00,0.00,5112.56,412.56,INITIAL_FILL
2026-09-06 19:18:47.800,1788722327.801,POSITION_CLOSED_RATCHET_WIN,360287970300000993,360287970300000984,A,SELL,0.10,4377.90,4377.90,4377.40,+0.0,4377.40,4377.40,4375.90,0.0,0.0,0.10,0,5.00,0.70,4.30,5116.86,416.86,RATCHET_WIN
2026-09-06 19:18:48.041,1788722328.042,ORDER_FILLED,360287970300000995,360287970300001003,A,SELL,0.10,4377.00,4377.00,0.00,+0.0,4377.12,4377.12,4375.00,8.0,0.0,0.00,0,0.00,0.00,0.00,5116.86,416.86,INITIAL_FILL
2026-09-06 19:18:48.052,1788722328.053,POSITION_CLOSED_STOP_LOSS,360287970300001009,360287970300001003,A,SELL,0.10,4377.00,4377.00,4377.12,+0.0,4377.12,4377.12,4375.00,0.0,0.0,0.00,0,-1.20,0.70,-1.90,5114.96,414.96,STOP_LOSS
2026-09-06 19:18:48.278,1788722328.278,ORDER_FILLED,360287970300001011,360287970300001014,A,SELL,0.10,4376.00,4376.00,0.00,+0.0,4376.12,4376.12,4374.00,8.0,0.0,0.00,0,0.00,0.00,0.00,5114.96,414.96,INITIAL_FILL
2026-09-06 19:18:48.371,1788722328.372,POSITION_CLOSED_WIN_TP,360287970300001020,360287970300001014,A,SELL,0.10,4376.00,4376.00,4374.00,+0.0,4375.00,4375.00,4374.00,0.0,0.0,0.10,0,20.00,0.70,19.30,5134.26,434.26,WIN_TP
2026-09-06 19:18:48.560,1788722328.560,ORDER_FILLED,360287970300001024,360287970300001031,A,SELL,0.10,4372.91,4372.91,0.00,+0.0,4373.03,4373.03,4370.91,8.0,0.0,0.00,0,0.00,0.00,0.00,5134.26,434.26,INITIAL_FILL
2026-09-06 19:18:48.574,1788722328.575,POSITION_CLOSED_STOP_LOSS,360287970300001038,360287970300001031,A,SELL,0.10,4372.91,4372.91,4373.03,+0.0,4373.03,4373.03,4370.91,0.0,0.0,0.00,0,-1.20,0.70,-1.90,5132.36,432.36,STOP_LOSS
2026-09-06 19:18:48.759,1788722328.760,ORDER_FILLED,360287970300001040,360287970300001048,A,SELL,0.10,4373.84,4373.84,0.00,+0.0,4373.96,4373.96,4371.84,8.0,0.0,0.00,0,0.00,0.00,0.00,5132.36,432.36,INITIAL_FILL
2026-09-06 19:18:48.761,1788722328.762,POSITION_CLOSED_STOP_LOSS,360287970300001057,360287970300001048,A,SELL,0.10,4373.84,4373.84,4373.96,+0.0,4373.96,4373.96,4371.84,0.0,0.0,0.00,0,-1.20,0.70,-1.90,5130.46,430.46,STOP_LOSS
2026-09-06 19:18:49.230,1788722329.230,ORDER_FILLED,360287970300001060,360287970300001061,A,SELL,0.10,4374.64,4374.64,0.00,+0.0,4374.76,4374.76,4372.64,8.0,0.0,0.00,0,0.00,0.00,0.00,5130.46,430.46,INITIAL_FILL
2026-09-06 19:18:49.308,1788722329.308,POSITION_CLOSED_RATCHET_WIN,360287970300001068,360287970300001061,A,SELL,0.10,4374.64,4374.64,4373.64,+0.0,4373.64,4373.64,4372.64,0.0,0.0,0.10,0,10.00,0.70,9.30,5139.76,439.76,RATCHET_WIN
2026-09-06 19:18:49.364,1788722329.364,ORDER_FILLED,360287970300001072,360287970300001081,A,SELL,0.10,4374.02,4374.02,0.00,+0.0,4374.14,4374.14,4372.02,8.0,0.0,0.00,0,0.00,0.00,0.00,5139.76,439.76,INITIAL_FILL
2026-09-06 19:18:49.454,1788722329.455,POSITION_CLOSED_WIN_TP,360287970300001090,360287970300001081,A,SELL,0.10,4374.02,4374.02,4372.02,+0.0,4373.02,4373.02,4372.02,0.0,0.0,0.10,0,20.00,0.70,19.30,5159.06,459.06,WIN_TP
2026-09-06 19:18:50.025,1788722330.026,ORDER_FILLED,360287970300001093,360287970300001097,A,SELL,0.10,4375.82,4375.82,0.00,+0.0,4375.94,4375.94,4373.82,8.0,0.0,0.00,0,0.00,0.00,0.00,5159.06,459.06,INITIAL_FILL
2026-09-06 19:18:50.039,1788722330.040,POSITION_CLOSED_STOP_LOSS,360287970300001098,360287970300001097,A,SELL,0.10,4375.82,4375.82,4375.94,+0.0,4375.94,4375.94,4373.82,0.0,0.0,0.00,0,-1.20,0.70,-1.90,5157.16,457.16,STOP_LOSS
2026-09-06 19:18:50.128,1788722330.129,ORDER_FILLED,360287970300001099,360287970300001102,A,SELL,0.10,4376.94,4376.94,0.00,+0.0,4377.06,4377.06,4374.94,8.0,0.0,0.00,0,0.00,0.00,0.00,5157.16,457.16,INITIAL_FILL
2026-09-06 19:18:50.134,1788722330.135,POSITION_CLOSED_STOP_LOSS,360287970300001107,360287970300001102,A,SELL,0.10,4376.94,4376.94,4377.06,+0.0,4377.06,4377.06,4374.94,0.0,0.0,0.00,0,-1.20,0.70,-1.90,5155.26,455.26,STOP_LOSS
2026-09-06 19:18:51.534,1788722331.535,ORDER_FILLED,360287970300001114,360287970300001122,A,SELL,0.10,4379.00,4379.00,0.00,+0.0,4379.12,4379.12,4377.00,8.0,0.0,0.00,0,0.00,0.00,0.00,5155.26,455.26,INITIAL_FILL
2026-09-06 19:18:51.548,1788722331.548,POSITION_CLOSED_STOP_LOSS,360287970300001129,360287970300001122,A,SELL,0.10,4379.00,4379.00,4379.12,+0.0,4379.12,4379.12,4377.00,0.0,0.0,0.00,0,-1.20,0.70,-1.90,5153.36,453.36,STOP_LOSS
2026-09-06 19:18:52.232,1788722332.233,ORDER_FILLED,360287970300001135,360287970300001144,A,SELL,0.10,4379.40,4379.40,0.00,+0.0,4379.52,4379.52,4377.40,8.0,0.0,0.00,0,0.00,0.00,0.00,5153.36,453.36,INITIAL_FILL
2026-09-06 19:18:52.290,1788722332.290,POSITION_CLOSED_BE_PROTECTED,360287970300001149,360287970300001144,A,SELL,0.10,4379.40,4379.40,4379.35,+0.0,4379.35,4379.35,4377.40,0.0,0.0,0.10,0,0.50,0.70,-0.20,5153.16,453.16,BE_PROTECTED
2026-09-06 19:18:52.567,1788722332.568,ORDER_FILLED,360287970300001154,360287970300001156,A,SELL,0.10,4382.25,4382.25,0.00,+0.0,4382.37,4382.37,4380.25,8.0,0.0,0.00,0,0.00,0.00,0.00,5153.16,453.16,INITIAL_FILL
2026-09-06 19:18:52.600,1788722332.601,POSITION_CLOSED_STOP_LOSS,360287970300001157,360287970300001156,A,SELL,0.10,4382.25,4382.25,4382.37,+0.0,4382.37,4382.37,4380.25,0.0,0.0,0.00,0,-1.20,0.70,-1.90,5151.26,451.26,STOP_LOSS
2026-09-06 19:18:52.794,1788722332.794,ORDER_FILLED,360287970300001158,360287970300001167,A,SELL,0.10,4382.21,4382.21,0.00,+0.0,4382.33,4382.33,4380.21,8.0,0.0,0.00,0,0.00,0.00,0.00,5151.26,451.26,INITIAL_FILL
2026-09-06 19:18:52.802,1788722332.802,POSITION_CLOSED_STOP_LOSS,360287970300001176,360287970300001167,A,SELL,0.10,4382.21,4382.21,4382.33,+0.0,4382.33,4382.33,4380.21,0.0,0.0,0.00,0,-1.20,0.70,-1.90,5149.36,449.36,STOP_LOSS
2026-09-06 19:18:53.667,1788722333.667,ORDER_FILLED,360287970300001185,360287970300001187,A,SELL,0.10,4383.64,4383.64,0.00,+0.0,4383.76,4383.76,4381.64,8.0,0.0,0.00,0,0.00,0.00,0.00,5149.36,449.36,INITIAL_FILL
2026-09-06 19:18:53.755,1788722333.756,POSITION_CLOSED_WIN_TP,360287970300001188,360287970300001187,A,SELL,0.10,4383.64,4383.64,4381.64,+0.0,4382.64,4382.64,4381.64,0.0,0.0,0.10,0,20.00,0.70,19.30,5168.66,468.66,WIN_TP
2026-09-06 19:18:54.114,1788722334.114,ORDER_FILLED,360287970300001197,360287970300001204,A,SELL,0.10,4384.89,4384.89,0.00,+0.0,4385.01,4385.01,4382.89,8.0,0.0,0.00,0,0.00,0.00,0.00,5168.66,468.66,INITIAL_FILL
2026-09-06 19:18:54.166,1788722334.167,POSITION_CLOSED_STOP_LOSS,360287970300001213,360287970300001204,A,SELL,0.10,4384.89,4384.89,4385.01,+0.0,4385.01,4385.01,4382.89,0.0,0.0,0.10,0,-1.20,0.70,-1.90,5166.76,466.76,STOP_LOSS
2026-09-06 19:18:54.422,1788722334.423,ORDER_FILLED,360287970300001216,360287970300001222,A,SELL,0.10,4388.03,4388.03,0.00,+0.0,4388.15,4388.15,4386.03,8.0,0.0,0.00,0,0.00,0.00,0.00,5166.76,466.76,INITIAL_FILL
2026-09-06 19:18:54.428,1788722334.429,POSITION_CLOSED_WIN_TP,360287970300001224,360287970300001222,A,SELL,0.10,4388.03,4388.03,4386.03,+0.0,4387.03,4387.03,4386.03,0.0,0.0,0.00,0,20.00,0.70,19.30,5186.06,486.06,WIN_TP
2026-09-06 19:18:54.819,1788722334.819,ORDER_FILLED,360287970300001226,360287970300001228,A,BUY,0.10,4386.69,4386.69,0.00,+0.0,4386.49,4386.49,4388.61,8.0,0.0,0.00,0,0.00,0.00,0.00,5186.06,486.06,INITIAL_FILL
2026-09-06 19:18:54.899,1788722334.899,POSITION_CLOSED_WIN_TP,360287970300001235,360287970300001228,A,BUY,0.10,4386.69,4386.69,4388.61,+0.0,4387.69,4387.69,4388.61,0.0,0.0,0.10,0,19.20,0.70,18.50,5204.56,504.56,WIN_TP
2026-09-06 19:18:55.767,1788722335.767,ORDER_FILLED,360287970300001238,360287970300001242,A,BUY,0.10,4387.51,4387.51,0.00,+0.0,4387.31,4387.31,4389.43,8.0,0.0,0.00,0,0.00,0.00,0.00,5204.56,504.56,INITIAL_FILL
2026-09-06 19:18:55.785,1788722335.786,POSITION_CLOSED_WIN_TP,360287970300001250,360287970300001242,A,BUY,0.10,4387.51,4387.51,4389.43,+0.0,4388.51,4388.51,4389.43,0.0,0.0,0.00,0,19.20,0.70,18.50,5223.06,523.06,WIN_TP
2026-09-06 19:18:55.968,1788722335.969,ORDER_FILLED,360287970300001252,360287970300001257,A,BUY,0.10,4389.74,4389.74,0.00,+0.0,4389.54,4389.54,4391.66,8.0,0.0,0.00,0,0.00,0.00,0.00,5223.06,523.06,INITIAL_FILL
2026-09-06 19:18:56.025,1788722336.026,POSITION_CLOSED_STOP_LOSS,360287970300001262,360287970300001257,A,BUY,0.10,4389.74,4389.74,4389.54,+0.0,4389.54,4389.54,4391.66,0.0,0.0,0.10,0,-2.00,0.70,-2.70,5220.36,520.36,STOP_LOSS
2026-09-06 19:18:56.324,1788722336.325,ORDER_FILLED,360287970300001269,360287970300001274,A,BUY,0.10,4390.44,4390.44,0.00,+0.0,4390.24,4390.24,4392.36,8.0,0.0,0.00,0,0.00,0.00,0.00,5220.36,520.36,INITIAL_FILL
2026-09-06 19:18:56.356,1788722336.357,POSITION_CLOSED_STOP_LOSS,360287970300001275,360287970300001274,A,BUY,0.10,4390.44,4390.44,4390.24,+0.0,4390.24,4390.24,4392.36,0.0,0.0,0.00,0,-2.00,0.70,-2.70,5217.66,517.66,STOP_LOSS
2026-09-06 19:18:56.824,1788722336.824,ORDER_FILLED,360287970300001276,360287970300001280,A,BUY,0.10,4388.28,4388.28,0.00,+0.0,4388.08,4388.08,4390.20,8.0,0.0,0.00,0,0.00,0.00,0.00,5217.66,517.66,INITIAL_FILL
2026-09-06 19:18:56.872,1788722336.873,POSITION_CLOSED_STOP_LOSS,360287970300001287,360287970300001280,A,BUY,0.10,4388.28,4388.28,4388.08,+0.0,4388.08,4388.08,4390.20,0.0,0.0,0.00,0,-2.00,0.70,-2.70,5214.96,514.96,STOP_LOSS
2026-09-06 19:18:57.543,1788722337.544,ORDER_FILLED,360287970300001291,360287970300001294,A,SELL,0.10,4385.75,4385.75,0.00,+0.0,4385.87,4385.87,4383.75,8.0,0.0,0.00,0,0.00,0.00,0.00,5214.96,514.96,INITIAL_FILL
2026-09-06 19:18:57.624,1788722337.624,POSITION_CLOSED_STOP_LOSS,360287970300001295,360287970300001294,A,SELL,0.10,4385.75,4385.75,4385.87,+0.0,4385.87,4385.87,4383.75,0.0,0.0,0.10,0,-1.20,0.70,-1.90,5213.06,513.06,STOP_LOSS
2026-09-06 19:18:57.736,1788722337.736,ORDER_FILLED,360287970300001297,360287970300001299,A,SELL,0.10,4384.94,4384.94,0.00,+0.0,4385.06,4385.06,4382.94,8.0,0.0,0.00,0,0.00,0.00,0.00,5213.06,513.06,INITIAL_FILL
2026-09-06 19:18:57.784,1788722337.785,POSITION_CLOSED_STOP_LOSS,360287970300001300,360287970300001299,A,SELL,0.10,4384.94,4384.94,4385.06,+0.0,4385.06,4385.06,4382.94,0.0,0.0,0.00,0,-1.20,0.70,-1.90,5211.16,511.16,STOP_LOSS
2026-09-06 19:18:59.259,1788722339.260,ORDER_FILLED,360287970300001308,360287970300001312,A,SELL,0.10,4386.19,4386.19,0.00,+0.0,4386.31,4386.31,4384.19,8.0,0.0,0.00,0,0.00,0.00,0.00,5211.16,511.16,INITIAL_FILL
2026-09-06 19:18:59.426,1788722339.426,POSITION_CLOSED_STOP_LOSS,360287970300001313,360287970300001312,A,SELL,0.10,4386.19,4386.19,4386.31,+0.0,4386.31,4386.31,4384.19,0.0,0.0,0.20,0,-1.20,0.70,-1.90,5209.26,509.26,STOP_LOSS
2026-09-06 19:19:00.985,1788722340.985,ORDER_FILLED,360287970300001316,360287970300001321,A,BUY,0.10,4388.04,4388.04,0.00,+0.0,4387.84,4387.84,4389.96,8.0,0.0,0.00,0,0.00,0.00,0.00,5209.26,509.26,INITIAL_FILL
2026-09-06 19:19:01.388,1788722341.389,POSITION_CLOSED_RATCHET_WIN,360287970300001324,360287970300001321,A,BUY,0.10,4388.04,4388.04,4389.04,+0.0,4389.04,4389.04,4389.96,0.0,0.0,0.40,0,10.00,0.70,9.30,5218.56,518.56,RATCHET_WIN
2026-09-06 19:19:01.488,1788722341.489,ORDER_FILLED,360287970300001330,360287970300001336,A,BUY,0.10,4388.41,4388.41,0.00,+0.0,4388.21,4388.21,4390.33,8.0,0.0,0.00,0,0.00,0.00,0.00,5218.56,518.56,INITIAL_FILL
2026-09-06 19:19:01.633,1788722341.633,POSITION_CLOSED_WIN_TP,360287970300001344,360287970300001336,A,BUY,0.10,4388.41,4388.41,4390.33,+0.0,4389.41,4389.41,4390.33,0.0,0.0,0.10,0,19.20,0.70,18.50,5237.06,537.06,WIN_TP
2026-09-06 19:19:01.638,1788722341.638,ORDER_FILLED,360287970300001350,360287970300001353,A,BUY,0.10,4389.23,4389.23,0.00,+0.0,4389.03,4389.03,4391.15,8.0,0.0,0.00,0,0.00,0.00,0.00,5237.06,537.06,INITIAL_FILL
2026-09-06 19:19:01.799,1788722341.800,POSITION_CLOSED_RATCHET_WIN,360287970300001361,360287970300001353,A,BUY,0.10,4389.23,4389.23,4389.73,+0.0,4389.73,4389.73,4391.15,0.0,0.0,0.20,0,5.00,0.70,4.30,5241.36,541.36,RATCHET_WIN
2026-09-06 19:19:01.927,1788722341.927,ORDER_FILLED,360287970300001365,360287970300001370,A,BUY,0.10,4389.22,4389.22,0.00,+0.0,4389.02,4389.02,4391.14,8.0,0.0,0.00,0,0.00,0.00,0.00,5241.36,541.36,INITIAL_FILL
2026-09-06 19:19:02.011,1788722342.011,POSITION_CLOSED_STOP_LOSS,360287970300001374,360287970300001370,A,BUY,0.10,4389.22,4389.22,4389.02,+0.0,4389.02,4389.02,4391.14,0.0,0.0,0.10,0,-2.00,0.70,-2.70,5238.66,538.66,STOP_LOSS
2026-09-06 19:19:02.350,1788722342.351,ORDER_FILLED,360287970300001379,360287970300001388,A,BUY,0.10,4390.84,4390.84,0.00,+0.0,4390.64,4390.64,4392.76,8.0,0.0,0.00,0,0.00,0.00,0.00,5238.66,538.66,INITIAL_FILL
2026-09-06 19:19:02.387,1788722342.387,POSITION_CLOSED_RATCHET_WIN,360287970300001392,360287970300001388,A,BUY,0.10,4390.84,4390.84,4391.34,+0.0,4391.34,4391.34,4392.76,0.0,0.0,0.00,0,5.00,0.70,4.30,5242.96,542.96,RATCHET_WIN
2026-09-06 19:19:02.902,1788722342.903,ORDER_FILLED,360287970300001397,360287970300001398,A,BUY,0.10,4390.61,4390.61,0.00,+0.0,4390.41,4390.41,4392.53,8.0,0.0,0.00,0,0.00,0.00,0.00,5242.96,542.96,INITIAL_FILL
2026-09-06 19:19:02.950,1788722342.951,POSITION_CLOSED_RATCHET_WIN,360287970300001405,360287970300001398,A,BUY,0.10,4390.61,4390.61,4390.66,+0.0,4390.66,4390.66,4392.53,0.0,0.0,0.00,0,0.50,0.70,-0.20,5242.76,542.76,RATCHET_WIN
2026-09-06 19:19:03.070,1788722343.070,ORDER_FILLED,360287970300001409,360287970300001417,A,BUY,0.10,4390.79,4390.79,0.00,+0.0,4390.59,4390.59,4392.71,8.0,0.0,0.00,0,0.00,0.00,0.00,5242.76,542.76,INITIAL_FILL
2026-09-06 19:19:03.134,1788722343.134,POSITION_CLOSED_STOP_LOSS,360287970300001425,360287970300001417,A,BUY,0.10,4390.79,4390.79,4390.59,+0.0,4390.59,4390.59,4392.71,0.0,0.0,0.10,0,-2.00,0.70,-2.70,5240.06,540.06,STOP_LOSS
2026-09-06 19:19:03.297,1788722343.297,ORDER_FILLED,360287970300001433,360287970300001441,A,BUY,0.10,4389.78,4389.78,0.00,+0.0,4389.58,4389.58,4391.70,8.0,0.0,0.00,0,0.00,0.00,0.00,5240.06,540.06,INITIAL_FILL
2026-09-06 19:19:03.312,1788722343.312,POSITION_CLOSED_STOP_LOSS,360287970300001449,360287970300001441,A,BUY,0.10,4389.78,4389.78,4389.58,+0.0,4389.58,4389.58,4391.70,0.0,0.0,0.00,0,-2.00,0.70,-2.70,5237.36,537.36,STOP_LOSS
2026-09-06 19:19:03.510,1788722343.511,ORDER_FILLED,360287970300001456,360287970300001460,A,BUY,0.10,4388.84,4388.84,0.00,+0.0,4388.64,4388.64,4390.76,8.0,0.0,0.00,0,0.00,0.00,0.00,5237.36,537.36,INITIAL_FILL
2026-09-06 19:19:03.525,1788722343.525,POSITION_CLOSED_STOP_LOSS,360287970300001465,360287970300001460,A,BUY,0.10,4388.84,4388.84,4388.64,+0.0,4388.64,4388.64,4390.76,0.0,0.0,0.00,0,-2.00,0.70,-2.70,5234.66,534.66,STOP_LOSS
2026-09-06 19:19:03.923,1788722343.924,ORDER_FILLED,360287970300001473,360287970300001475,A,BUY,0.10,4389.47,4389.47,0.00,+0.0,4389.27,4389.27,4391.39,8.0,0.0,0.00,0,0.00,0.00,0.00,5234.66,534.66,INITIAL_FILL
2026-09-06 19:19:04.097,1788722344.098,POSITION_CLOSED_RATCHET_WIN,360287970300001476,360287970300001475,A,BUY,0.10,4389.47,4389.47,4389.97,+0.0,4389.97,4389.97,4391.39,0.0,0.0,0.20,0,5.00,0.70,4.30,5238.96,538.96,RATCHET_WIN
2026-09-06 19:19:04.338,1788722344.339,ORDER_FILLED,360287970300001479,360287970300001483,A,BUY,0.10,4388.88,4388.88,0.00,+0.0,4388.68,4388.68,4390.80,8.0,0.0,0.00,0,0.00,0.00,0.00,5238.96,538.96,INITIAL_FILL
2026-09-06 19:19:04.570,1788722344.571,POSITION_CLOSED_BE_PROTECTED,360287970300001491,360287970300001483,A,BUY,0.10,4388.88,4388.88,4388.93,+0.0,4388.93,4388.93,4390.80,0.0,0.0,0.20,0,0.50,0.70,-0.20,5238.76,538.76,BE_PROTECTED
2026-09-06 19:19:04.676,1788722344.677,ORDER_FILLED,360287970300001495,360287970300001501,A,BUY,0.10,4388.49,4388.49,0.00,+0.0,4388.29,4388.29,4390.41,8.0,0.0,0.00,0,0.00,0.00,0.00,5238.76,538.76,INITIAL_FILL
2026-09-06 19:19:04.684,1788722344.685,POSITION_CLOSED_STOP_LOSS,360287970300001505,360287970300001501,A,BUY,0.10,4388.49,4388.49,4388.29,+0.0,4388.29,4388.29,4390.41,0.0,0.0,0.00,0,-2.00,0.70,-2.70,5236.06,536.06,STOP_LOSS
2026-09-06 19:19:04.992,1788722344.992,ORDER_FILLED,360287970300001511,360287970300001518,A,SELL,0.10,4386.99,4386.99,0.00,+0.0,4387.11,4387.11,4384.99,8.0,0.0,0.00,0,0.00,0.00,0.00,5236.06,536.06,INITIAL_FILL
2026-09-06 19:19:05.071,1788722345.071,POSITION_CLOSED_RATCHET_WIN,360287970300001526,360287970300001518,A,SELL,0.10,4386.99,4386.99,4385.99,+0.0,4385.99,4385.99,4384.99,0.0,0.0,0.10,0,10.00,0.70,9.30,5245.36,545.36,RATCHET_WIN
2026-09-06 19:19:05.128,1788722345.128,ORDER_FILLED,360287970300001532,360287970300001541,A,SELL,0.10,4385.11,4385.11,0.00,+0.0,4385.23,4385.23,4383.11,8.0,0.0,0.00,0,0.00,0.00,0.00,5245.36,545.36,INITIAL_FILL
2026-09-06 19:19:05.150,1788722345.150,POSITION_CLOSED_RATCHET_WIN,360287970300001545,360287970300001541,A,SELL,0.10,4385.11,4385.11,4384.61,+0.0,4384.61,4384.61,4383.11,0.0,0.0,0.00,0,5.00,0.70,4.30,5249.66,549.66,RATCHET_WIN
2026-09-06 19:19:05.429,1788722345.429,ORDER_FILLED,360287970300001551,360287970300001556,A,SELL,0.10,4384.82,4384.82,0.00,+0.0,4384.94,4384.94,4382.82,8.0,0.0,0.00,0,0.00,0.00,0.00,5249.66,549.66,INITIAL_FILL
2026-09-06 19:19:05.598,1788722345.599,POSITION_CLOSED_BE_PROTECTED,360287970300001561,360287970300001556,A,SELL,0.10,4384.82,4384.82,4384.77,+0.0,4384.77,4384.77,4382.82,0.0,0.0,0.20,0,0.50,0.70,-0.20,5249.46,549.46,BE_PROTECTED
2026-09-06 19:19:05.746,1788722345.747,ORDER_FILLED,360287970300001568,360287970300001575,A,SELL,0.10,4384.76,4384.76,0.00,+0.0,4384.88,4384.88,4382.76,8.0,0.0,0.00,0,0.00,0.00,0.00,5249.46,549.46,INITIAL_FILL
2026-09-06 19:19:06.440,1788722346.440,ORDER_FILLED,360287970300000003,360287970300000007,B,SELL,0.03,4427.42,4427.42,0.00,+0.0,4427.56,4427.56,4424.11,8.0,0.0,0.00,0,0.00,0.00,0.00,4775.66,75.66,INITIAL_FILL
2026-09-06 19:19:06.441,1788722346.441,ORDER_FILLED,360287970300000014,360287970300000015,C,BUY,0.03,4427.50,4427.50,0.00,+0.0,4427.32,4427.32,4430.77,8.0,0.0,0.00,0,0.00,0.00,0.00,4775.66,75.66,INITIAL_FILL
2026-09-06 19:19:06.443,1788722346.443,ORDER_FILLED,360287970300000020,360287970300000029,C,SELL,0.03,4427.42,4427.42,0.00,+0.0,4427.56,4427.56,4424.11,8.0,0.0,0.00,0,0.00,0.00,0.00,4775.66,75.66,INITIAL_FILL
2026-09-06 19:19:06.449,1788722346.449,POSITION_CLOSED_STOP_LOSS,360287970300000035,360287970300000015,C,BUY,0.03,4427.50,4427.50,4427.32,+0.0,4427.32,4427.32,4430.77,0.0,0.0,0.00,0,-0.54,0.21,-0.75,4774.91,74.91,STOP_LOSS
2026-09-06 19:19:06.528,1788722346.529,POSITION_CLOSED_STOP_LOSS,360287970300000038,360287970300000007,B,SELL,0.03,4427.42,4427.42,4427.56,+0.0,4427.56,4427.56,4424.11,0.0,0.0,0.10,0,-0.42,0.21,-0.63,4774.28,74.28,STOP_LOSS
2026-09-06 19:19:06.536,1788722346.537,POSITION_CLOSED_STOP_LOSS,360287970300000045,360287970300000029,C,SELL,0.03,4427.42,4427.42,4427.56,+0.0,4427.56,4427.56,4424.11,0.0,0.0,0.10,0,-0.42,0.21,-0.63,4773.65,73.65,STOP_LOSS
2026-09-06 19:19:07.058,1788722347.059,ORDER_FILLED,360287970300000054,360287970300000059,A,SELL,0.10,4428.86,4428.86,0.00,+0.0,4429.17,4429.17,4427.05,8.0,0.0,0.00,0,0.00,0.00,0.00,4773.65,73.65,INITIAL_FILL
2026-09-06 19:19:07.109,1788722347.110,POSITION_CLOSED_WIN_TP,360287970300000067,360287970300000059,A,SELL,0.10,4428.86,4428.86,4427.05,+0.0,4427.86,4427.86,4427.05,0.0,0.0,0.10,0,18.10,0.70,17.40,4791.05,91.05,WIN_TP
2026-09-06 19:19:07.520,1788722347.521,ORDER_FILLED,360287970300000068,360287970300000070,A,SELL,0.10,4424.81,4424.81,0.00,+0.0,4425.03,4425.03,4422.91,8.0,0.0,0.00,0,0.00,0.00,0.00,4791.05,91.05,INITIAL_FILL
2026-09-06 19:19:07.587,1788722347.588,POSITION_CLOSED_RATCHET_WIN,360287970300000075,360287970300000070,A,SELL,0.10,4424.81,4424.81,4424.31,+0.0,4424.31,4424.31,4422.91,0.0,0.0,0.10,0,5.00,0.70,4.30,4795.35,95.35,RATCHET_WIN
2026-09-06 19:19:08.047,1788722348.048,ORDER_FILLED,360287970300000079,360287970300000080,B,SELL,0.03,4424.97,4424.97,0.00,+0.0,4425.64,4425.64,4422.19,8.0,0.0,0.00,0,0.00,0.00,0.00,4795.35,95.35,INITIAL_FILL
2026-09-06 19:19:08.049,1788722348.049,ORDER_FILLED,360287970300000082,360287970300000091,C,BUY,0.03,4425.05,4425.05,0.00,+0.0,4425.40,4425.40,4428.85,8.0,0.0,0.00,0,0.00,0.00,0.00,4795.35,95.35,INITIAL_FILL
2026-09-06 19:19:08.052,1788722348.053,ORDER_FILLED,360287970300000100,360287970300000103,C,SELL,0.03,4424.97,4424.97,0.00,+0.0,4425.64,4425.64,4422.19,8.0,0.0,0.00,0,0.00,0.00,0.00,4795.35,95.35,INITIAL_FILL
2026-09-06 19:19:08.054,1788722348.055,POSITION_CLOSED_STOP_LOSS,360287970300000108,360287970300000091,C,BUY,0.03,4425.05,4425.05,4425.40,+0.0,4425.40,4425.40,4428.85,0.0,0.0,0.00,0,1.05,0.21,0.84,4796.19,96.19,STOP_LOSS
2026-09-06 19:19:08.216,1788722348.217,POSITION_CLOSED_WIN_TP,360287970300000115,360287970300000080,B,SELL,0.03,4424.97,4424.97,4422.19,+0.0,4423.31,4423.31,4422.19,0.0,0.0,0.20,0,8.34,0.21,8.13,4804.32,104.32,WIN_TP
2026-09-06 19:19:08.219,1788722348.220,POSITION_CLOSED_WIN_TP,360287970300000120,360287970300000103,C,SELL,0.03,4424.97,4424.97,4422.19,+0.0,4423.31,4423.31,4422.19,0.0,0.0,0.20,0,8.34,0.21,8.13,4812.45,112.45,WIN_TP
2026-09-06 19:19:08.331,1788722348.332,ORDER_FILLED,360287970300000122,360287970300000125,B,SELL,0.03,4421.38,4421.38,0.00,+0.0,4422.14,4422.14,4418.69,8.0,0.0,0.00,0,0.00,0.00,0.00,4812.45,112.45,INITIAL_FILL
2026-09-06 19:19:08.334,1788722348.335,ORDER_FILLED,360287970300000126,360287970300000130,C,BUY,0.03,4421.46,4421.46,0.00,+0.0,4421.90,4421.90,4425.35,8.0,0.0,0.00,0,0.00,0.00,0.00,4812.45,112.45,INITIAL_FILL
2026-09-06 19:19:08.336,1788722348.337,ORDER_FILLED,360287970300000132,360287970300000135,C,SELL,0.03,4421.38,4421.38,0.00,+0.0,4422.14,4422.14,4418.69,8.0,0.0,0.00,0,0.00,0.00,0.00,4812.45,112.45,INITIAL_FILL
2026-09-06 19:19:08.338,1788722348.339,POSITION_CLOSED_STOP_LOSS,360287970300000136,360287970300000130,C,BUY,0.03,4421.46,4421.46,4421.90,+0.0,4421.90,4421.90,4425.35,0.0,0.0,0.00,0,1.32,0.21,1.11,4813.56,113.56,STOP_LOSS
2026-09-06 19:19:08.496,1788722348.496,POSITION_CLOSED_STOP_LOSS,360287970300000143,360287970300000125,B,SELL,0.03,4421.38,4421.38,4422.14,+0.0,4422.14,4422.14,4418.69,0.0,0.0,0.20,0,-2.28,0.21,-2.49,4811.07,111.07,STOP_LOSS
2026-09-06 19:19:08.499,1788722348.499,POSITION_CLOSED_STOP_LOSS,360287970300000146,360287970300000135,C,SELL,0.03,4421.38,4421.38,4422.14,+0.0,4422.14,4422.14,4418.69,0.0,0.0,0.20,0,-2.28,0.21,-2.49,4808.58,108.58,STOP_LOSS
2026-09-06 19:19:08.787,1788722348.788,ORDER_FILLED,360287970300000149,360287970300000156,A,SELL,0.10,4422.47,4422.47,0.00,+0.0,4422.70,4422.70,4420.58,8.0,0.0,0.00,0,0.00,0.00,0.00,4808.58,108.58,INITIAL_FILL
2026-09-06 19:19:08.805,1788722348.806,POSITION_CLOSED_STOP_LOSS,360287970300000160,360287970300000156,A,SELL,0.10,4422.47,4422.47,4422.70,+0.0,4422.70,4422.70,4420.58,0.0,0.0,0.00,0,-2.30,0.70,-3.00,4805.58,105.58,STOP_LOSS
2026-09-06 19:19:09.278,1788722349.278,ORDER_FILLED,360287970300000166,360287970300000171,A,SELL,0.10,4421.17,4421.17,0.00,+0.0,4422.13,4422.13,4420.01,8.0,0.0,0.00,0,0.00,0.00,0.00,4805.58,105.58,INITIAL_FILL
2026-09-06 19:19:09.301,1788722349.301,POSITION_CLOSED_STOP_LOSS,360287970300000174,360287970300000171,A,SELL,0.10,4421.17,4421.17,4422.13,+0.0,4422.13,4422.13,4420.01,0.0,0.0,0.00,0,-9.60,0.70,-10.30,4795.28,95.28,STOP_LOSS
2026-09-06 19:19:09.592,1788722349.592,ORDER_FILLED,360287970300000175,360287970300000182,A,SELL,0.10,4422.20,4422.20,0.00,+0.0,4422.59,4422.59,4420.47,8.0,0.0,0.00,0,0.00,0.00,0.00,4795.28,95.28,INITIAL_FILL
2026-09-06 19:19:09.601,1788722349.602,POSITION_CLOSED_STOP_LOSS,360287970300000189,360287970300000182,A,SELL,0.10,4422.20,4422.20,4422.59,+0.0,4422.59,4422.59,4420.47,0.0,0.0,0.00,0,-3.90,0.70,-4.60,4790.68,90.68,STOP_LOSS
2026-09-06 19:19:09.913,1788722349.913,ORDER_FILLED,360287970300000190,360287970300000196,A,SELL,0.10,4425.67,4425.67,0.00,+0.0,4425.84,4425.84,4423.72,8.0,0.0,0.00,0,0.00,0.00,0.00,4790.68,90.68,INITIAL_FILL
2026-09-06 19:19:09.947,1788722349.947,POSITION_CLOSED_STOP_LOSS,360287970300000204,360287970300000196,A,SELL,0.10,4425.67,4425.67,4425.84,+0.0,4425.84,4425.84,4423.72,0.0,0.0,0.00,0,-1.70,0.70,-2.40,4788.28,88.28,STOP_LOSS
2026-09-06 19:19:10.198,1788722350.198,ORDER_FILLED,360287970300000211,360287970300000218,A,SELL,0.10,4426.01,4426.01,0.00,+0.0,4426.34,4426.34,4424.22,8.0,0.0,0.00,0,0.00,0.00,0.00,4788.28,88.28,INITIAL_FILL
2026-09-06 19:19:10.251,1788722350.251,POSITION_CLOSED_STOP_LOSS,360287970300000224,360287970300000218,A,SELL,0.10,4426.01,4426.01,4426.34,+0.0,4426.34,4426.34,4424.22,0.0,0.0,0.00,0,-3.30,0.70,-4.00,4784.28,84.28,STOP_LOSS
2026-09-06 19:19:10.448,1788722350.449,ORDER_FILLED,360287970300000227,360287970300000236,A,SELL,0.10,4424.32,4424.32,0.00,+0.0,4424.62,4424.62,4422.50,8.0,0.0,0.00,0,0.00,0.00,0.00,4784.28,84.28,INITIAL_FILL
2026-09-06 19:19:10.458,1788722350.459,POSITION_CLOSED_STOP_LOSS,360287970300000237,360287970300000236,A,SELL,0.10,4424.32,4424.32,4424.62,+0.0,4424.62,4424.62,4422.50,0.0,0.0,0.00,0,-3.00,0.70,-3.70,4780.58,80.58,STOP_LOSS
2026-09-06 19:19:10.721,1788722350.722,ORDER_FILLED,360287970300000242,360287970300000246,A,SELL,0.10,4427.93,4427.93,0.00,+0.0,4428.09,4428.09,4425.97,8.0,0.0,0.00,0,0.00,0.00,0.00,4780.58,80.58,INITIAL_FILL
2026-09-06 19:19:10.731,1788722350.732,POSITION_CLOSED_STOP_LOSS,360287970300000248,360287970300000246,A,SELL,0.10,4427.93,4427.93,4428.09,+0.0,4428.09,4428.09,4425.97,0.0,0.0,0.00,0,-1.60,0.70,-2.30,4778.28,78.28,STOP_LOSS
2026-09-06 19:19:11.026,1788722351.027,ORDER_FILLED,360287970300000254,360287970300000261,A,SELL,0.10,4426.99,4426.99,0.00,+0.0,4427.27,4427.27,4425.15,8.0,0.0,0.00,0,0.00,0.00,0.00,4778.28,78.28,INITIAL_FILL
2026-09-06 19:19:11.030,1788722351.030,POSITION_CLOSED_STOP_LOSS,360287970300000269,360287970300000261,A,SELL,0.10,4426.99,4426.99,4427.27,+0.0,4427.27,4427.27,4425.15,0.0,0.0,0.00,0,-2.80,0.70,-3.50,4774.78,74.78,STOP_LOSS
2026-09-06 19:19:11.621,1788722351.622,ORDER_FILLED,360287970300000272,360287970300000274,A,SELL,0.10,4426.48,4426.48,0.00,+0.0,4427.27,4427.27,4425.15,8.0,0.0,0.00,0,0.00,0.00,0.00,4774.78,74.78,INITIAL_FILL
2026-09-06 19:19:11.645,1788722351.646,POSITION_CLOSED_STOP_LOSS,360287970300000282,360287970300000274,A,SELL,0.10,4426.48,4426.48,4427.27,+0.0,4427.27,4427.27,4425.15,0.0,0.0,0.00,0,-7.90,0.70,-8.60,4766.18,66.18,STOP_LOSS
2026-09-06 19:19:11.863,1788722351.863,ORDER_FILLED,360287970300000287,360287970300000289,A,SELL,0.10,4430.34,4430.34,0.00,+0.0,4430.71,4430.71,4428.59,8.0,0.0,0.00,0,0.00,0.00,0.00,4766.18,66.18,INITIAL_FILL
2026-09-06 19:19:11.873,1788722351.873,POSITION_CLOSED_STOP_LOSS,360287970300000290,360287970300000289,A,SELL,0.10,4430.34,4430.34,4430.71,+0.0,4430.71,4430.71,4428.59,0.0,0.0,0.00,0,-3.70,0.70,-4.40,4761.78,61.78,STOP_LOSS
2026-09-06 19:19:12.472,1788722352.472,ORDER_FILLED,360287970300000294,360287970300000299,A,SELL,0.10,4430.92,4430.92,0.00,+0.0,4432.13,4432.13,4430.01,8.0,0.0,0.00,0,0.00,0.00,0.00,4761.78,61.78,INITIAL_FILL
2026-09-06 19:19:12.620,1788722352.620,POSITION_CLOSED_STOP_LOSS,360287970300000303,360287970300000299,A,SELL,0.10,4430.92,4430.92,4432.13,+0.0,4432.13,4432.13,4430.01,0.0,0.0,0.20,0,-12.10,0.70,-12.80,4748.98,48.98,STOP_LOSS
2026-09-06 19:19:14.291,1788722354.292,ORDER_FILLED,360287970300000305,360287970300000311,A,BUY,0.10,4443.64,4443.64,0.00,+0.0,4441.58,4441.58,4443.70,8.0,0.0,0.00,0,0.00,0.00,0.00,4748.98,48.98,INITIAL_FILL
2026-09-06 19:19:14.301,1788722354.301,POSITION_CLOSED_WIN_TP,360287970300000317,360287970300000311,A,BUY,0.10,4443.64,4443.64,4443.70,+0.0,4441.58,4441.58,4443.70,0.0,0.0,0.00,0,0.60,0.70,-0.10,4748.88,48.88,WIN_TP
2026-09-06 19:19:14.563,1788722354.564,ORDER_FILLED,360287970300000325,360287970300000333,B,BUY,0.03,4444.90,4444.90,0.00,+0.0,4444.36,4444.36,4447.81,8.0,0.0,0.00,0,0.00,0.00,0.00,4748.88,48.88,INITIAL_FILL
2026-09-06 19:19:14.564,1788722354.564,ORDER_FILLED,360287970300000336,360287970300000342,C,BUY,0.03,4444.90,4444.90,0.00,+0.0,4444.36,4444.36,4447.81,8.0,0.0,0.00,0,0.00,0.00,0.00,4748.88,48.88,INITIAL_FILL
2026-09-06 19:19:14.565,1788722354.565,ORDER_FILLED,360287970300000346,360287970300000355,C,SELL,0.03,4444.82,4444.82,0.00,+0.0,4444.60,4444.60,4441.15,8.0,0.0,0.00,0,0.00,0.00,0.00,4748.88,48.88,INITIAL_FILL
2026-09-06 19:19:14.567,1788722354.568,POSITION_CLOSED_STOP_LOSS,360287970300000364,360287970300000355,C,SELL,0.03,4444.82,4444.82,4444.60,+0.0,4444.60,4444.60,4441.15,0.0,0.0,0.00,0,0.66,0.21,0.45,4749.33,49.33,STOP_LOSS
2026-09-06 19:19:14.570,1788722354.570,POSITION_CLOSED_STOP_LOSS,360287970300000367,360287970300000333,B,BUY,0.03,4444.90,4444.90,4444.36,+0.0,4444.36,4444.36,4447.81,0.0,0.0,0.00,0,-1.62,0.21,-1.83,4747.50,47.50,STOP_LOSS
2026-09-06 19:19:14.571,1788722354.572,POSITION_CLOSED_STOP_LOSS,360287970300000372,360287970300000342,C,BUY,0.03,4444.90,4444.90,4444.36,+0.0,4444.36,4444.36,4447.81,0.0,0.0,0.00,0,-1.62,0.21,-1.83,4745.67,45.67,STOP_LOSS
2026-09-06 19:19:14.662,1788722354.662,ORDER_FILLED,360287970300000375,360287970300000377,A,BUY,0.10,4448.72,4448.72,0.00,+0.0,4448.30,4448.30,4450.42,8.0,0.0,0.00,0,0.00,0.00,0.00,4745.67,45.67,INITIAL_FILL
2026-09-06 19:19:14.690,1788722354.690,POSITION_CLOSED_STOP_LOSS,360287970300000380,360287970300000377,A,BUY,0.10,4448.72,4448.72,4448.30,+0.0,4448.30,4448.30,4450.42,0.0,0.0,0.00,0,-4.20,0.70,-4.90,4740.77,40.77,STOP_LOSS
2026-09-06 19:19:14.828,1788722354.828,ORDER_FILLED,360287970300000381,360287970300000386,A,BUY,0.10,4449.35,4449.35,0.00,+0.0,4448.89,4448.89,4451.01,8.0,0.0,0.00,0,0.00,0.00,0.00,4740.77,40.77,INITIAL_FILL
2026-09-06 19:19:14.858,1788722354.858,POSITION_CLOSED_BE_PROTECTED,360287970300000395,360287970300000386,A,BUY,0.10,4449.35,4449.35,4449.40,+0.0,4449.40,4449.40,4451.01,0.0,0.0,0.00,0,0.50,0.70,-0.20,4740.57,40.57,BE_PROTECTED
2026-09-06 19:19:15.012,1788722355.012,ORDER_FILLED,360287970300000397,360287970300000404,A,BUY,0.10,4444.62,4444.62,0.00,+0.0,4443.66,4443.66,4445.78,8.0,0.0,0.00,0,0.00,0.00,0.00,4740.57,40.57,INITIAL_FILL
2026-09-06 19:19:15.028,1788722355.028,POSITION_CLOSED_STOP_LOSS,360287970300000413,360287970300000404,A,BUY,0.10,4444.62,4444.62,4443.66,+0.0,4443.66,4443.66,4445.78,0.0,0.0,0.00,0,-9.60,0.70,-10.30,4730.27,30.27,STOP_LOSS
2026-09-06 19:19:15.244,1788722355.244,ORDER_FILLED,360287970300000422,360287970300000431,B,BUY,0.03,4444.29,4444.29,0.00,+0.0,4442.03,4442.03,4445.48,8.0,0.0,0.00,0,0.00,0.00,0.00,4730.27,30.27,INITIAL_FILL
2026-09-06 19:19:15.245,1788722355.245,ORDER_FILLED,360287970300000432,360287970300000435,C,BUY,0.03,4444.29,4444.29,0.00,+0.0,4442.03,4442.03,4445.48,8.0,0.0,0.00,0,0.00,0.00,0.00,4730.27,30.27,INITIAL_FILL
2026-09-06 19:19:15.246,1788722355.246,ORDER_FILLED,360287970300000436,360287970300000440,C,SELL,0.03,4444.21,4444.21,0.00,+0.0,4442.27,4442.27,4438.82,8.0,0.0,0.00,0,0.00,0.00,0.00,4730.27,30.27,INITIAL_FILL
2026-09-06 19:19:15.248,1788722355.248,POSITION_CLOSED_WIN_TP,360287970300000448,360287970300000431,B,BUY,0.03,4444.29,4444.29,4445.48,+0.0,4444.34,4444.34,4445.48,0.0,0.0,0.00,0,3.57,0.21,3.36,4733.63,33.63,WIN_TP
2026-09-06 19:19:15.250,1788722355.250,POSITION_CLOSED_WIN_TP,360287970300000453,360287970300000435,C,BUY,0.03,4444.29,4444.29,4445.48,+0.0,4444.34,4444.34,4445.48,0.0,0.0,0.00,0,3.57,0.21,3.36,4736.99,36.99,WIN_TP
2026-09-06 19:19:15.252,1788722355.252,POSITION_CLOSED_STOP_LOSS,360287970300000460,360287970300000440,C,SELL,0.03,4444.21,4444.21,4442.27,+0.0,4442.27,4442.27,4438.82,0.0,0.0,0.00,0,5.82,0.21,5.61,4742.60,42.60,STOP_LOSS
2026-09-06 19:19:15.338,1788722355.339,ORDER_FILLED,360287970300000469,360287970300000472,A,BUY,0.10,4448.37,4448.37,0.00,+0.0,4447.28,4447.28,4449.40,8.0,0.0,0.00,0,0.00,0.00,0.00,4742.60,42.60,INITIAL_FILL
2026-09-06 19:19:15.428,1788722355.429,POSITION_CLOSED_STOP_LOSS,360287970300000479,360287970300000472,A,BUY,0.10,4448.37,4448.37,4447.28,+0.0,4447.28,4447.28,4449.40,0.0,0.0,0.10,0,-10.90,0.70,-11.60,4731.00,31.00,STOP_LOSS
2026-09-06 19:19:15.536,1788722355.537,ORDER_FILLED,360287970300000483,360287970300000492,B,BUY,0.03,4455.00,4455.00,0.00,+0.0,4451.52,4451.52,4454.97,8.0,0.0,0.00,0,0.00,0.00,0.00,4731.00,31.00,INITIAL_FILL
2026-09-06 19:19:15.537,1788722355.538,ORDER_FILLED,360287970300000500,360287970300000503,C,BUY,0.03,4455.00,4455.00,0.00,+0.0,4451.52,4451.52,4454.97,8.0,0.0,0.00,0,0.00,0.00,0.00,4731.00,31.00,INITIAL_FILL
2026-09-06 19:19:15.539,1788722355.540,ORDER_FILLED,360287970300000507,360287970300000509,C,SELL,0.03,4454.92,4454.92,0.00,+0.0,4451.76,4451.76,4448.31,8.0,0.0,0.00,0,0.00,0.00,0.00,4731.00,31.00,INITIAL_FILL
2026-09-06 19:19:15.542,1788722355.543,POSITION_CLOSED_WIN_TP,360287970300000510,360287970300000492,B,BUY,0.03,4455.00,4455.00,4454.97,+0.0,4451.52,4451.52,4454.97,0.0,0.0,0.00,0,-0.09,0.21,-0.30,4730.70,30.70,WIN_TP
2026-09-06 19:19:15.548,1788722355.548,POSITION_CLOSED_WIN_TP,360287970300000514,360287970300000503,C,BUY,0.03,4455.00,4455.00,4454.97,+0.0,4451.52,4451.52,4454.97,0.0,0.0,0.00,0,-0.09,0.21,-0.30,4730.40,30.40,WIN_TP
2026-09-06 19:19:15.550,1788722355.550,POSITION_CLOSED_STOP_LOSS,360287970300000523,360287970300000509,C,SELL,0.03,4454.92,4454.92,4451.76,+0.0,4451.76,4451.76,4448.31,0.0,0.0,0.00,0,9.48,0.21,9.27,4739.67,39.67,STOP_LOSS
2026-09-06 19:19:15.681,1788722355.681,ORDER_FILLED,360287970300000532,360287970300000536,B,BUY,0.03,4469.55,4469.55,0.00,+0.0,4468.34,4468.34,4471.79,8.0,0.0,0.00,0,0.00,0.00,0.00,4739.67,39.67,INITIAL_FILL
2026-09-06 19:19:15.682,1788722355.682,ORDER_FILLED,360287970300000538,360287970300000541,C,BUY,0.03,4469.55,4469.55,0.00,+0.0,4468.34,4468.34,4471.79,8.0,0.0,0.00,0,0.00,0.00,0.00,4739.67,39.67,INITIAL_FILL
2026-09-06 19:19:15.683,1788722355.683,ORDER_FILLED,360287970300000548,360287970300000556,C,SELL,0.03,4469.47,4469.47,0.00,+0.0,4468.58,4468.58,4465.13,8.0,0.0,0.00,0,0.00,0.00,0.00,4739.67,39.67,INITIAL_FILL
2026-09-06 19:19:15.685,1788722355.685,POSITION_CLOSED_STOP_LOSS,360287970300000562,360287970300000556,C,SELL,0.03,4469.47,4469.47,4468.58,+0.0,4468.58,4468.58,4465.13,0.0,0.0,0.00,0,2.67,0.21,2.46,4742.13,42.13,STOP_LOSS
2026-09-06 19:19:15.691,1788722355.691,POSITION_CLOSED_STOP_LOSS,360287970300000564,360287970300000536,B,BUY,0.03,4469.55,4469.55,4468.34,+0.0,4468.34,4468.34,4471.79,0.0,0.0,0.00,0,-3.63,0.21,-3.84,4738.29,38.29,STOP_LOSS
2026-09-06 19:19:15.693,1788722355.693,POSITION_CLOSED_STOP_LOSS,360287970300000573,360287970300000541,C,BUY,0.03,4469.55,4469.55,4468.34,+0.0,4468.34,4468.34,4471.79,0.0,0.0,0.00,0,-3.63,0.21,-3.84,4734.45,34.45,STOP_LOSS
2026-09-06 19:19:15.940,1788722355.941,ORDER_FILLED,360287970300000582,360287970300000587,B,BUY,0.03,4476.01,4476.01,0.00,+0.0,4475.70,4475.70,4479.15,8.0,0.0,0.00,0,0.00,0.00,0.00,4734.45,34.45,INITIAL_FILL
2026-09-06 19:19:15.942,1788722355.943,ORDER_FILLED,360287970300000595,360287970300000603,C,BUY,0.03,4476.01,4476.01,0.00,+0.0,4475.70,4475.70,4479.15,8.0,0.0,0.00,0,0.00,0.00,0.00,4734.45,34.45,INITIAL_FILL
2026-09-06 19:19:15.943,1788722355.943,ORDER_FILLED,360287970300000609,360287970300000615,C,SELL,0.03,4475.93,4475.93,0.00,+0.0,4475.94,4475.94,4472.49,8.0,0.0,0.00,0,0.00,0.00,0.00,4734.45,34.45,INITIAL_FILL
2026-09-06 19:19:15.947,1788722355.947,POSITION_CLOSED_STOP_LOSS,360287970300000622,360287970300000615,C,SELL,0.03,4475.93,4475.93,4475.94,+0.0,4475.94,4475.94,4472.49,0.0,0.0,0.00,0,-0.03,0.21,-0.24,4734.21,34.21,STOP_LOSS
2026-09-06 19:19:15.953,1788722355.954,POSITION_CLOSED_STOP_LOSS,360287970300000630,360287970300000587,B,BUY,0.03,4476.01,4476.01,4475.70,+0.0,4475.70,4475.70,4479.15,0.0,0.0,0.00,0,-0.93,0.21,-1.14,4733.07,33.07,STOP_LOSS
2026-09-06 19:19:15.957,1788722355.957,POSITION_CLOSED_STOP_LOSS,360287970300000638,360287970300000603,C,BUY,0.03,4476.01,4476.01,4475.70,+0.0,4475.70,4475.70,4479.15,0.0,0.0,0.00,0,-0.93,0.21,-1.14,4731.93,31.93,STOP_LOSS
2026-09-06 19:19:16.139,1788722356.140,ORDER_FILLED,360287970300000645,360287970300000649,B,BUY,0.03,4468.89,4468.89,0.00,+0.0,4468.25,4468.25,4471.70,8.0,0.0,0.00,0,0.00,0.00,0.00,4731.93,31.93,INITIAL_FILL
2026-09-06 19:19:16.140,1788722356.141,ORDER_FILLED,360287970300000657,360287970300000661,C,BUY,0.03,4468.89,4468.89,0.00,+0.0,4468.25,4468.25,4471.70,8.0,0.0,0.00,0,0.00,0.00,0.00,4731.93,31.93,INITIAL_FILL
2026-09-06 19:19:16.141,1788722356.141,ORDER_FILLED,360287970300000662,360287970300000663,C,SELL,0.03,4468.81,4468.81,0.00,+0.0,4468.49,4468.49,4465.04,8.0,0.0,0.00,0,0.00,0.00,0.00,4731.93,31.93,INITIAL_FILL
2026-09-06 19:19:16.143,1788722356.144,POSITION_CLOSED_STOP_LOSS,360287970300000671,360287970300000663,C,SELL,0.03,4468.81,4468.81,4468.49,+0.0,4468.49,4468.49,4465.04,0.0,0.0,0.00,0,0.96,0.21,0.75,4732.68,32.68,STOP_LOSS
2026-09-06 19:19:16.146,1788722356.147,POSITION_CLOSED_STOP_LOSS,360287970300000678,360287970300000649,B,BUY,0.03,4468.89,4468.89,4468.25,+0.0,4468.25,4468.25,4471.70,0.0,0.0,0.00,0,-1.92,0.21,-2.13,4730.55,30.55,STOP_LOSS
2026-09-06 19:19:16.147,1788722356.148,POSITION_CLOSED_STOP_LOSS,360287970300000682,360287970300000661,C,BUY,0.03,4468.89,4468.89,4468.25,+0.0,4468.25,4468.25,4471.70,0.0,0.0,0.00,0,-1.92,0.21,-2.13,4728.42,28.42,STOP_LOSS
2026-09-06 19:19:16.328,1788722356.328,ORDER_FILLED,360287970300000685,360287970300000692,B,BUY,0.03,4481.68,4481.68,0.00,+0.0,4480.14,4480.14,4483.59,8.0,0.0,0.00,0,0.00,0.00,0.00,4728.42,28.42,INITIAL_FILL
2026-09-06 19:19:16.329,1788722356.329,ORDER_FILLED,360287970300000699,360287970300000705,C,BUY,0.03,4481.68,4481.68,0.00,+0.0,4480.14,4480.14,4483.59,8.0,0.0,0.00,0,0.00,0.00,0.00,4728.42,28.42,INITIAL_FILL
2026-09-06 19:19:16.330,1788722356.330,ORDER_FILLED,360287970300000708,360287970300000712,C,SELL,0.03,4481.60,4481.60,0.00,+0.0,4480.38,4480.38,4476.93,8.0,0.0,0.00,0,0.00,0.00,0.00,4728.42,28.42,INITIAL_FILL
2026-09-06 19:19:16.333,1788722356.333,POSITION_CLOSED_STOP_LOSS,360287970300000720,360287970300000712,C,SELL,0.03,4481.60,4481.60,4480.38,+0.0,4480.38,4480.38,4476.93,0.0,0.0,0.00,0,3.66,0.21,3.45,4731.87,31.87,STOP_LOSS
2026-09-06 19:19:16.350,1788722356.350,POSITION_CLOSED_STOP_LOSS,360287970300000729,360287970300000692,B,BUY,0.03,4481.68,4481.68,4480.14,+0.0,4480.14,4480.14,4483.59,0.0,0.0,0.00,0,-4.62,0.21,-4.83,4727.04,27.04,STOP_LOSS
2026-09-06 19:19:16.362,1788722356.362,POSITION_CLOSED_STOP_LOSS,360287970300000738,360287970300000705,C,BUY,0.03,4481.68,4481.68,4480.14,+0.0,4480.14,4480.14,4483.59,0.0,0.0,0.00,0,-4.62,0.21,-4.83,4722.21,22.21,STOP_LOSS
2026-09-06 19:19:16.806,1788722356.806,ORDER_FILLED,360287970300000740,360287970300000749,B,BUY,0.03,4491.22,4491.22,0.00,+0.0,4490.90,4490.90,4494.35,8.0,0.0,0.00,0,0.00,0.00,0.00,4722.21,22.21,INITIAL_FILL
2026-09-06 19:19:16.808,1788722356.808,ORDER_FILLED,360287970300000755,360287970300000763,C,BUY,0.03,4491.22,4491.22,0.00,+0.0,4490.90,4490.90,4494.35,8.0,0.0,0.00,0,0.00,0.00,0.00,4722.21,22.21,INITIAL_FILL
2026-09-06 19:19:16.810,1788722356.810,ORDER_FILLED,360287970300000765,360287970300000767,C,SELL,0.03,4491.14,4491.14,0.00,+0.0,4491.14,4491.14,4487.69,8.0,0.0,0.00,0,0.00,0.00,0.00,4722.21,22.21,INITIAL_FILL
2026-09-06 19:19:16.814,1788722356.814,POSITION_CLOSED_STOP_LOSS,360287970300000772,360287970300000767,C,SELL,0.03,4491.14,4491.14,4491.14,+0.0,4491.14,4491.14,4487.69,0.0,0.0,0.00,0,0.00,0.21,-0.21,4722.00,22.00,STOP_LOSS
2026-09-06 19:19:16.843,1788722356.843,POSITION_CLOSED_WIN_TP,360287970300000774,360287970300000749,B,BUY,0.03,4491.22,4491.22,4494.35,+0.0,4492.89,4492.89,4494.35,0.0,0.0,0.00,0,9.39,0.21,9.18,4731.18,31.18,WIN_TP
2026-09-06 19:19:16.845,1788722356.845,POSITION_CLOSED_WIN_TP,360287970300000778,360287970300000763,C,BUY,0.03,4491.22,4491.22,4494.35,+0.0,4492.89,4492.89,4494.35,0.0,0.0,0.00,0,9.39,0.21,9.18,4740.36,40.36,WIN_TP
2026-09-06 19:19:17.340,1788722357.340,ORDER_FILLED,360287970300000785,360287970300000787,B,BUY,0.03,4493.17,4493.17,0.00,+0.0,4491.01,4491.01,4494.46,8.0,0.0,0.00,0,0.00,0.00,0.00,4740.36,40.36,INITIAL_FILL
2026-09-06 19:19:17.342,1788722357.342,ORDER_FILLED,360287970300000788,360287970300000793,C,BUY,0.03,4493.17,4493.17,0.00,+0.0,4491.01,4491.01,4494.46,8.0,0.0,0.00,0,0.00,0.00,0.00,4740.36,40.36,INITIAL_FILL
2026-09-06 19:19:17.343,1788722357.343,ORDER_FILLED,360287970300000800,360287970300000804,C,SELL,0.03,4493.09,4493.09,0.00,+0.0,4491.25,4491.25,4487.80,8.0,0.0,0.00,0,0.00,0.00,0.00,4740.36,40.36,INITIAL_FILL
2026-09-06 19:19:17.347,1788722357.347,POSITION_CLOSED_STOP_LOSS,360287970300000811,360287970300000804,C,SELL,0.03,4493.09,4493.09,4491.25,+0.0,4491.25,4491.25,4487.80,0.0,0.0,0.00,0,5.52,0.21,5.31,4745.67,45.67,STOP_LOSS
2026-09-06 19:19:17.372,1788722357.372,POSITION_CLOSED_WIN_TP,360287970300000820,360287970300000787,B,BUY,0.03,4493.17,4493.17,4494.46,+0.0,4493.22,4493.22,4494.46,0.0,0.0,0.00,0,3.87,0.21,3.66,4749.33,49.33,WIN_TP
2026-09-06 19:19:17.374,1788722357.374,POSITION_CLOSED_WIN_TP,360287970300000822,360287970300000793,C,BUY,0.03,4493.17,4493.17,4494.46,+0.0,4493.22,4493.22,4494.46,0.0,0.0,0.00,0,3.87,0.21,3.66,4752.99,52.99,WIN_TP
2026-09-06 19:19:17.568,1788722357.568,ORDER_FILLED,360287970300000826,360287970300000832,B,BUY,0.03,4491.41,4491.41,0.00,+0.0,4490.48,4490.48,4493.93,8.0,0.0,0.00,0,0.00,0.00,0.00,4752.99,52.99,INITIAL_FILL
2026-09-06 19:19:17.570,1788722357.570,ORDER_FILLED,360287970300000841,360287970300000847,C,BUY,0.03,4491.41,4491.41,0.00,+0.0,4490.48,4490.48,4493.93,8.0,0.0,0.00,0,0.00,0.00,0.00,4752.99,52.99,INITIAL_FILL
2026-09-06 19:19:17.572,1788722357.572,ORDER_FILLED,360287970300000851,360287970300000858,C,SELL,0.03,4491.33,4491.33,0.00,+0.0,4490.72,4490.72,4487.27,8.0,0.0,0.00,0,0.00,0.00,0.00,4752.99,52.99,INITIAL_FILL
2026-09-06 19:19:17.579,1788722357.579,POSITION_CLOSED_STOP_LOSS,360287970300000865,360287970300000858,C,SELL,0.03,4491.33,4491.33,4490.72,+0.0,4490.72,4490.72,4487.27,0.0,0.0,0.00,0,1.83,0.21,1.62,4754.61,54.61,STOP_LOSS
2026-09-06 19:19:17.624,1788722357.624,POSITION_CLOSED_RATCHET_WIN,360287970300000874,360287970300000832,B,BUY,0.03,4491.41,4491.41,4492.24,+0.0,4492.24,4492.24,4493.93,0.0,0.0,0.10,0,2.49,0.21,2.28,4756.89,56.89,RATCHET_WIN
2026-09-06 19:19:17.627,1788722357.627,POSITION_CLOSED_RATCHET_WIN,360287970300000877,360287970300000847,C,BUY,0.03,4491.41,4491.41,4492.24,+0.0,4492.24,4492.24,4493.93,0.0,0.0,0.10,0,2.49,0.21,2.28,4759.17,59.17,RATCHET_WIN
2026-09-06 19:19:18.035,1788722358.035,ORDER_FILLED,360287970300000886,360287970300000889,B,BUY,0.03,4486.84,4486.84,0.00,+0.0,4486.63,4486.63,4490.08,8.0,0.0,0.00,0,0.00,0.00,0.00,4759.17,59.17,INITIAL_FILL
2026-09-06 19:19:18.036,1788722358.036,ORDER_FILLED,360287970300000896,360287970300000905,C,BUY,0.03,4486.84,4486.84,0.00,+0.0,4486.63,4486.63,4490.08,8.0,0.0,0.00,0,0.00,0.00,0.00,4759.17,59.17,INITIAL_FILL
2026-09-06 19:19:18.037,1788722358.037,ORDER_FILLED,360287970300000913,360287970300000914,C,SELL,0.03,4486.76,4486.76,0.00,+0.0,4486.87,4486.87,4483.42,8.0,0.0,0.00,0,0.00,0.00,0.00,4759.17,59.17,INITIAL_FILL
2026-09-06 19:19:18.040,1788722358.040,POSITION_CLOSED_STOP_LOSS,360287970300000921,360287970300000914,C,SELL,0.03,4486.76,4486.76,4486.87,+0.0,4486.87,4486.87,4483.42,0.0,0.0,0.00,0,-0.33,0.21,-0.54,4758.63,58.63,STOP_LOSS
2026-09-06 19:19:18.071,1788722358.071,POSITION_CLOSED_WIN_TP,360287970300000929,360287970300000889,B,BUY,0.03,4486.84,4486.84,4490.08,+0.0,4488.51,4488.51,4490.08,0.0,0.0,0.00,0,9.72,0.21,9.51,4768.14,68.14,WIN_TP
2026-09-06 19:19:18.073,1788722358.073,POSITION_CLOSED_WIN_TP,360287970300000930,360287970300000905,C,BUY,0.03,4486.84,4486.84,4490.08,+0.0,4488.51,4488.51,4490.08,0.0,0.0,0.00,0,9.72,0.21,9.51,4777.65,77.65,WIN_TP
2026-09-06 19:19:18.254,1788722358.255,ORDER_FILLED,360287970300000932,360287970300000939,B,BUY,0.03,4487.10,4487.10,0.00,+0.0,4485.85,4485.85,4489.30,8.0,0.0,0.00,0,0.00,0.00,0.00,4777.65,77.65,INITIAL_FILL
2026-09-06 19:19:18.255,1788722358.256,ORDER_FILLED,360287970300000947,360287970300000953,C,BUY,0.03,4487.10,4487.10,0.00,+0.0,4485.85,4485.85,4489.30,8.0,0.0,0.00,0,0.00,0.00,0.00,4777.65,77.65,INITIAL_FILL
2026-09-06 19:19:18.256,1788722358.257,ORDER_FILLED,360287970300000959,360287970300000961,C,SELL,0.03,4487.02,4487.02,0.00,+0.0,4486.09,4486.09,4482.64,8.0,0.0,0.00,0,0.00,0.00,0.00,4777.65,77.65,INITIAL_FILL
2026-09-06 19:19:18.259,1788722358.259,POSITION_CLOSED_STOP_LOSS,360287970300000968,360287970300000961,C,SELL,0.03,4487.02,4487.02,4486.09,+0.0,4486.09,4486.09,4482.64,0.0,0.0,0.00,0,2.79,0.21,2.58,4780.23,80.23,STOP_LOSS
2026-09-06 19:19:18.275,1788722358.275,POSITION_CLOSED_STOP_LOSS,360287970300000974,360287970300000939,B,BUY,0.03,4487.10,4487.10,4485.85,+0.0,4485.85,4485.85,4489.30,0.0,0.0,0.00,0,-3.75,0.21,-3.96,4776.27,76.27,STOP_LOSS
2026-09-06 19:19:18.276,1788722358.277,POSITION_CLOSED_STOP_LOSS,360287970300000976,360287970300000953,C,BUY,0.03,4487.10,4487.10,4485.85,+0.0,4485.85,4485.85,4489.30,0.0,0.0,0.00,0,-3.75,0.21,-3.96,4772.31,72.31,STOP_LOSS
2026-09-06 19:19:18.563,1788722358.564,ORDER_FILLED,360287970300000983,360287970300000989,B,BUY,0.03,4479.98,4479.98,0.00,+0.0,4479.83,4479.83,4483.28,8.0,0.0,0.00,0,0.00,0.00,0.00,4772.31,72.31,INITIAL_FILL
2026-09-06 19:19:18.564,1788722358.565,ORDER_FILLED,360287970300000993,360287970300001002,C,BUY,0.03,4479.98,4479.98,0.00,+0.0,4479.83,4479.83,4483.28,8.0,0.0,0.00,0,0.00,0.00,0.00,4772.31,72.31,INITIAL_FILL
2026-09-06 19:19:18.568,1788722358.569,ORDER_FILLED,360287970300001010,360287970300001017,C,SELL,0.03,4479.90,4479.90,0.00,+0.0,4480.07,4480.07,4476.62,8.0,0.0,0.00,0,0.00,0.00,0.00,4772.31,72.31,INITIAL_FILL
2026-09-06 19:19:18.571,1788722358.572,POSITION_CLOSED_STOP_LOSS,360287970300001019,360287970300000989,B,BUY,0.03,4479.98,4479.98,4479.83,+0.0,4479.83,4479.83,4483.28,0.0,0.0,0.00,0,-0.45,0.21,-0.66,4771.65,71.65,STOP_LOSS
2026-09-06 19:19:18.573,1788722358.574,POSITION_CLOSED_STOP_LOSS,360287970300001023,360287970300001002,C,BUY,0.03,4479.98,4479.98,4479.83,+0.0,4479.83,4479.83,4483.28,0.0,0.0,0.00,0,-0.45,0.21,-0.66,4770.99,70.99,STOP_LOSS
2026-09-06 19:19:18.585,1788722358.586,POSITION_CLOSED_BE_PROTECTED,360287970300001030,360287970300001017,C,SELL,0.03,4479.90,4479.90,4479.85,+0.0,4479.85,4479.85,4476.62,0.0,0.0,0.00,0,0.15,0.21,-0.06,4770.93,70.93,BE_PROTECTED
2026-09-06 19:19:18.889,1788722358.889,ORDER_FILLED,360287970300001038,360287970300001046,B,BUY,0.03,4478.78,4478.78,0.00,+0.0,4478.16,4478.16,4481.61,8.0,0.0,0.00,0,0.00,0.00,0.00,4770.93,70.93,INITIAL_FILL
2026-09-06 19:19:18.890,1788722358.890,ORDER_FILLED,360287970300001055,360287970300001064,C,BUY,0.03,4478.78,4478.78,0.00,+0.0,4478.16,4478.16,4481.61,8.0,0.0,0.00,0,0.00,0.00,0.00,4770.93,70.93,INITIAL_FILL
2026-09-06 19:19:18.891,1788722358.891,ORDER_FILLED,360287970300001071,360287970300001080,C,SELL,0.03,4478.70,4478.70,0.00,+0.0,4478.40,4478.40,4474.95,8.0,0.0,0.00,0,0.00,0.00,0.00,4770.93,70.93,INITIAL_FILL
2026-09-06 19:19:18.893,1788722358.893,POSITION_CLOSED_STOP_LOSS,360287970300001082,360287970300001080,C,SELL,0.03,4478.70,4478.70,4478.40,+0.0,4478.40,4478.40,4474.95,0.0,0.0,0.00,0,0.90,0.21,0.69,4771.62,71.62,STOP_LOSS
2026-09-06 19:19:18.897,1788722358.897,POSITION_CLOSED_STOP_LOSS,360287970300001087,360287970300001046,B,BUY,0.03,4478.78,4478.78,4478.16,+0.0,4478.16,4478.16,4481.61,0.0,0.0,0.00,0,-1.86,0.21,-2.07,4769.55,69.55,STOP_LOSS
2026-09-06 19:19:18.899,1788722358.899,POSITION_CLOSED_STOP_LOSS,360287970300001092,360287970300001064,C,BUY,0.03,4478.78,4478.78,4478.16,+0.0,4478.16,4478.16,4481.61,0.0,0.0,0.00,0,-1.86,0.21,-2.07,4767.48,67.48,STOP_LOSS
2026-09-06 19:19:19.580,1788722359.581,ORDER_FILLED,360287970300001094,360287970300001100,B,BUY,0.03,4478.58,4478.58,0.00,+0.0,4475.37,4475.37,4478.82,8.0,0.0,0.00,0,0.00,0.00,0.00,4767.48,67.48,INITIAL_FILL
2026-09-06 19:19:19.581,1788722359.582,ORDER_FILLED,360287970300001108,360287970300001114,C,BUY,0.03,4478.58,4478.58,0.00,+0.0,4475.37,4475.37,4478.82,8.0,0.0,0.00,0,0.00,0.00,0.00,4767.48,67.48,INITIAL_FILL
2026-09-06 19:19:19.583,1788722359.584,ORDER_FILLED,360287970300001122,360287970300001125,C,SELL,0.03,4478.50,4478.50,0.00,+0.0,4475.61,4475.61,4472.16,8.0,0.0,0.00,0,0.00,0.00,0.00,4767.48,67.48,INITIAL_FILL
2026-09-06 19:19:19.586,1788722359.587,POSITION_CLOSED_STOP_LOSS,360287970300001133,360287970300001125,C,SELL,0.03,4478.50,4478.50,4475.61,+0.0,4475.61,4475.61,4472.16,0.0,0.0,0.00,0,8.67,0.21,8.46,4775.94,75.94,STOP_LOSS
2026-09-06 19:19:19.597,1788722359.598,POSITION_CLOSED_WIN_TP,360287970300001137,360287970300001100,B,BUY,0.03,4478.58,4478.58,4478.82,+0.0,4475.37,4475.37,4478.82,0.0,0.0,0.00,0,0.72,0.21,0.51,4776.45,76.45,WIN_TP
2026-09-06 19:19:19.602,1788722359.603,POSITION_CLOSED_WIN_TP,360287970300001142,360287970300001114,C,BUY,0.03,4478.58,4478.58,4478.82,+0.0,4475.37,4475.37,4478.82,0.0,0.0,0.00,0,0.72,0.21,0.51,4776.96,76.96,WIN_TP
2026-09-06 19:19:19.777,1788722359.777,ORDER_FILLED,360287970300001151,360287970300001155,B,BUY,0.03,4479.58,4479.58,0.00,+0.0,4477.25,4477.25,4480.70,8.0,0.0,0.00,0,0.00,0.00,0.00,4776.96,76.96,INITIAL_FILL
2026-09-06 19:19:19.778,1788722359.778,ORDER_FILLED,360287970300001157,360287970300001159,C,BUY,0.03,4479.58,4479.58,0.00,+0.0,4477.25,4477.25,4480.70,8.0,0.0,0.00,0,0.00,0.00,0.00,4776.96,76.96,INITIAL_FILL
2026-09-06 19:19:19.779,1788722359.779,ORDER_FILLED,360287970300001164,360287970300001171,C,SELL,0.03,4479.50,4479.50,0.00,+0.0,4477.49,4477.49,4474.04,8.0,0.0,0.00,0,0.00,0.00,0.00,4776.96,76.96,INITIAL_FILL
2026-09-06 19:19:19.782,1788722359.782,POSITION_CLOSED_STOP_LOSS,360287970300001179,360287970300001171,C,SELL,0.03,4479.50,4479.50,4477.49,+0.0,4477.49,4477.49,4474.04,0.0,0.0,0.00,0,6.03,0.21,5.82,4782.78,82.78,STOP_LOSS
2026-09-06 19:19:19.839,1788722359.839,POSITION_CLOSED_STOP_LOSS,360287970300001181,360287970300001155,B,BUY,0.03,4479.58,4479.58,4477.25,+0.0,4477.25,4477.25,4480.70,0.0,0.0,0.10,0,-6.99,0.21,-7.20,4775.58,75.58,STOP_LOSS
2026-09-06 19:19:19.841,1788722359.841,POSITION_CLOSED_STOP_LOSS,360287970300001182,360287970300001159,C,BUY,0.03,4479.58,4479.58,4477.25,+0.0,4477.25,4477.25,4480.70,0.0,0.0,0.10,0,-6.99,0.21,-7.20,4768.38,68.38,STOP_LOSS
2026-09-06 19:19:20.417,1788722360.418,ORDER_FILLED,360287970300001189,360287970300001195,B,BUY,0.03,4475.92,4475.92,0.00,+0.0,4474.70,4474.70,4478.15,8.0,0.0,0.00,0,0.00,0.00,0.00,4768.38,68.38,INITIAL_FILL
2026-09-06 19:19:20.418,1788722360.419,ORDER_FILLED,360287970300001196,360287970300001199,C,BUY,0.03,4475.92,4475.92,0.00,+0.0,4474.70,4474.70,4478.15,8.0,0.0,0.00,0,0.00,0.00,0.00,4768.38,68.38,INITIAL_FILL
2026-09-06 19:19:20.420,1788722360.420,ORDER_FILLED,360287970300001203,360287970300001205,C,SELL,0.03,4475.84,4475.84,0.00,+0.0,4474.94,4474.94,4471.49,8.0,0.0,0.00,0,0.00,0.00,0.00,4768.38,68.38,INITIAL_FILL
2026-09-06 19:19:20.423,1788722360.424,POSITION_CLOSED_STOP_LOSS,360287970300001209,360287970300001205,C,SELL,0.03,4475.84,4475.84,4474.94,+0.0,4474.94,4474.94,4471.49,0.0,0.0,0.00,0,2.70,0.21,2.49,4770.87,70.87,STOP_LOSS
2026-09-06 19:19:20.480,1788722360.480,POSITION_CLOSED_STOP_LOSS,360287970300001218,360287970300001195,B,BUY,0.03,4475.92,4475.92,4474.70,+0.0,4474.70,4474.70,4478.15,0.0,0.0,0.10,0,-3.66,0.21,-3.87,4767.00,67.00,STOP_LOSS
2026-09-06 19:19:20.482,1788722360.482,POSITION_CLOSED_STOP_LOSS,360287970300001222,360287970300001199,C,BUY,0.03,4475.92,4475.92,4474.70,+0.0,4474.70,4474.70,4478.15,0.0,0.0,0.10,0,-3.66,0.21,-3.87,4763.13,63.13,STOP_LOSS
2026-09-06 19:19:20.903,1788722360.903,ORDER_FILLED,360287970300001230,360287970300001232,A,BUY,0.10,4465.70,4465.70,0.00,+0.0,4465.12,4465.12,4467.24,8.0,0.0,0.00,0,0.00,0.00,0.00,4763.13,63.13,INITIAL_FILL
2026-09-06 19:19:20.922,1788722360.922,POSITION_CLOSED_WIN_TP,360287970300001236,360287970300001232,A,BUY,0.10,4465.70,4465.70,4467.24,+0.0,4466.70,4466.70,4467.24,0.0,0.0,0.00,0,15.40,0.70,14.70,4777.83,77.83,WIN_TP
2026-09-06 19:19:21.261,1788722361.262,ORDER_FILLED,360287970300001245,360287970300001254,B,BUY,0.03,4459.08,4459.08,0.00,+0.0,4458.29,4458.29,4461.74,8.0,0.0,0.00,0,0.00,0.00,0.00,4777.83,77.83,INITIAL_FILL
2026-09-06 19:19:21.262,1788722361.263,ORDER_FILLED,360287970300001261,360287970300001265,C,BUY,0.03,4459.08,4459.08,0.00,+0.0,4458.29,4458.29,4461.74,8.0,0.0,0.00,0,0.00,0.00,0.00,4777.83,77.83,INITIAL_FILL
2026-09-06 19:19:21.262,1788722361.263,ORDER_FILLED,360287970300001266,360287970300001271,C,SELL,0.03,4459.00,4459.00,0.00,+0.0,4458.53,4458.53,4455.08,8.0,0.0,0.00,0,0.00,0.00,0.00,4777.83,77.83,INITIAL_FILL
2026-09-06 19:19:21.265,1788722361.266,POSITION_CLOSED_STOP_LOSS,360287970300001278,360287970300001271,C,SELL,0.03,4459.00,4459.00,4458.53,+0.0,4458.53,4458.53,4455.08,0.0,0.0,0.00,0,1.41,0.21,1.20,4779.03,79.03,STOP_LOSS
2026-09-06 19:19:21.278,1788722361.279,POSITION_CLOSED_STOP_LOSS,360287970300001279,360287970300001254,B,BUY,0.03,4459.08,4459.08,4458.29,+0.0,4458.29,4458.29,4461.74,0.0,0.0,0.00,0,-2.37,0.21,-2.58,4776.45,76.45,STOP_LOSS
2026-09-06 19:19:21.282,1788722361.283,POSITION_CLOSED_STOP_LOSS,360287970300001282,360287970300001265,C,BUY,0.03,4459.08,4459.08,4458.29,+0.0,4458.29,4458.29,4461.74,0.0,0.0,0.00,0,-2.37,0.21,-2.58,4773.87,73.87,STOP_LOSS
2026-09-06 19:19:21.918,1788722361.919,ORDER_FILLED,360287970300001291,360287970300001292,A,BUY,0.10,4461.24,4461.24,0.00,+0.0,4460.18,4460.18,4462.30,8.0,0.0,0.00,0,0.00,0.00,0.00,4773.87,73.87,INITIAL_FILL
2026-09-06 19:19:21.923,1788722361.924,POSITION_CLOSED_WIN_TP,360287970300001300,360287970300001292,A,BUY,0.10,4461.24,4461.24,4462.30,+0.0,4461.74,4461.74,4462.30,0.0,0.0,0.00,0,10.60,0.70,9.90,4783.77,83.77,WIN_TP
2026-09-06 19:19:22.328,1788722362.329,ORDER_FILLED,360287970300001308,360287970300001312,A,BUY,0.10,4467.86,4467.86,0.00,+0.0,4465.32,4465.32,4467.44,8.0,0.0,0.00,0,0.00,0.00,0.00,4783.77,83.77,INITIAL_FILL
2026-09-06 19:19:22.331,1788722362.332,POSITION_CLOSED_WIN_TP,360287970300001316,360287970300001312,A,BUY,0.10,4467.86,4467.86,4467.44,+0.0,4465.32,4465.32,4467.44,0.0,0.0,0.00,0,-4.20,0.70,-4.90,4778.87,78.87,WIN_TP
2026-09-06 19:19:22.944,1788722362.945,ORDER_FILLED,360287970300001323,360287970300001325,B,BUY,0.03,4466.54,4466.54,0.00,+0.0,4465.30,4465.30,4468.75,8.0,0.0,0.00,0,0.00,0.00,0.00,4778.87,78.87,INITIAL_FILL
2026-09-06 19:19:22.946,1788722362.947,ORDER_FILLED,360287970300001333,360287970300001335,C,BUY,0.03,4466.54,4466.54,0.00,+0.0,4465.30,4465.30,4468.75,8.0,0.0,0.00,0,0.00,0.00,0.00,4778.87,78.87,INITIAL_FILL
2026-09-06 19:19:22.947,1788722362.948,ORDER_FILLED,360287970300001337,360287970300001345,C,SELL,0.03,4466.46,4466.46,0.00,+0.0,4465.54,4465.54,4462.09,8.0,0.0,0.00,0,0.00,0.00,0.00,4778.87,78.87,INITIAL_FILL
2026-09-06 19:19:22.975,1788722362.976,POSITION_CLOSED_STOP_LOSS,360287970300001351,360287970300001345,C,SELL,0.03,4466.46,4466.46,4465.54,+0.0,4465.54,4465.54,4462.09,0.0,0.0,0.00,0,2.76,0.21,2.55,4781.42,81.42,STOP_LOSS
2026-09-06 19:19:23.003,1788722363.004,POSITION_CLOSED_WIN_TP,360287970300001359,360287970300001325,B,BUY,0.03,4466.54,4466.54,4468.75,+0.0,4467.37,4467.37,4468.75,0.0,0.0,0.10,0,6.63,0.21,6.42,4787.84,87.84,WIN_TP
2026-09-06 19:19:23.008,1788722363.009,POSITION_CLOSED_WIN_TP,360287970300001363,360287970300001335,C,BUY,0.03,4466.54,4466.54,4468.75,+0.0,4467.37,4467.37,4468.75,0.0,0.0,0.10,0,6.63,0.21,6.42,4794.26,94.26,WIN_TP
2026-09-06 19:19:23.425,1788722363.425,ORDER_FILLED,360287970300001367,360287970300001375,B,BUY,0.03,4465.73,4465.73,0.00,+0.0,4462.60,4462.60,4466.05,8.0,0.0,0.00,0,0.00,0.00,0.00,4794.26,94.26,INITIAL_FILL
2026-09-06 19:19:23.426,1788722363.426,ORDER_FILLED,360287970300001384,360287970300001391,C,BUY,0.03,4465.73,4465.73,0.00,+0.0,4462.60,4462.60,4466.05,8.0,0.0,0.00,0,0.00,0.00,0.00,4794.26,94.26,INITIAL_FILL
2026-09-06 19:19:23.431,1788722363.431,ORDER_FILLED,360287970300001400,360287970300001401,C,SELL,0.03,4465.65,4465.65,0.00,+0.0,4462.84,4462.84,4459.39,8.0,0.0,0.00,0,0.00,0.00,0.00,4794.26,94.26,INITIAL_FILL
2026-09-06 19:19:23.434,1788722363.434,POSITION_CLOSED_STOP_LOSS,360287970300001406,360287970300001401,C,SELL,0.03,4465.65,4465.65,4462.84,+0.0,4462.84,4462.84,4459.39,0.0,0.0,0.00,0,8.43,0.21,8.22,4802.48,102.48,STOP_LOSS
2026-09-06 19:19:23.492,1788722363.492,POSITION_CLOSED_STOP_LOSS,360287970300001410,360287970300001375,B,BUY,0.03,4465.73,4465.73,4462.60,+0.0,4462.60,4462.60,4466.05,0.0,0.0,0.10,0,-9.39,0.21,-9.60,4792.88,92.88,STOP_LOSS
2026-09-06 19:19:23.494,1788722363.494,POSITION_CLOSED_STOP_LOSS,360287970300001414,360287970300001391,C,BUY,0.03,4465.73,4465.73,4462.60,+0.0,4462.60,4462.60,4466.05,0.0,0.0,0.10,0,-9.39,0.21,-9.60,4783.28,83.28,STOP_LOSS
2026-09-06 19:19:23.802,1788722363.803,ORDER_FILLED,360287970300001420,360287970300001423,B,BUY,0.03,4469.42,4469.42,0.00,+0.0,4466.48,4466.48,4469.93,8.0,0.0,0.00,0,0.00,0.00,0.00,4783.28,83.28,INITIAL_FILL
2026-09-06 19:19:23.803,1788722363.804,ORDER_FILLED,360287970300001428,360287970300001435,C,BUY,0.03,4469.42,4469.42,0.00,+0.0,4466.48,4466.48,4469.93,8.0,0.0,0.00,0,0.00,0.00,0.00,4783.28,83.28,INITIAL_FILL
2026-09-06 19:19:23.804,1788722363.805,ORDER_FILLED,360287970300001439,360287970300001448,C,SELL,0.03,4469.34,4469.34,0.00,+0.0,4466.72,4466.72,4463.27,8.0,0.0,0.00,0,0.00,0.00,0.00,4783.28,83.28,INITIAL_FILL
2026-09-06 19:19:23.806,1788722363.807,POSITION_CLOSED_STOP_LOSS,360287970300001452,360287970300001448,C,SELL,0.03,4469.34,4469.34,4466.72,+0.0,4466.72,4466.72,4463.27,0.0,0.0,0.00,0,7.86,0.21,7.65,4790.93,90.93,STOP_LOSS
2026-09-06 19:19:23.812,1788722363.813,POSITION_CLOSED_WIN_TP,360287970300001460,360287970300001423,B,BUY,0.03,4469.42,4469.42,4469.93,+0.0,4466.48,4466.48,4469.93,0.0,0.0,0.00,0,1.53,0.21,1.32,4792.25,92.25,WIN_TP
2026-09-06 19:19:23.818,1788722363.819,POSITION_CLOSED_WIN_TP,360287970300001465,360287970300001435,C,BUY,0.03,4469.42,4469.42,4469.93,+0.0,4466.48,4466.48,4469.93,0.0,0.0,0.00,0,1.53,0.21,1.32,4793.57,93.57,WIN_TP
2026-09-06 19:19:24.008,1788722364.008,ORDER_FILLED,360287970300001472,360287970300001473,B,BUY,0.03,4475.38,4475.38,0.00,+0.0,4475.16,4475.16,4478.61,8.0,0.0,0.00,0,0.00,0.00,0.00,4793.57,93.57,INITIAL_FILL
2026-09-06 19:19:24.009,1788722364.009,ORDER_FILLED,360287970300001474,360287970300001479,C,BUY,0.03,4475.38,4475.38,0.00,+0.0,4475.16,4475.16,4478.61,8.0,0.0,0.00,0,0.00,0.00,0.00,4793.57,93.57,INITIAL_FILL
2026-09-06 19:19:24.011,1788722364.011,ORDER_FILLED,360287970300001480,360287970300001484,C,SELL,0.03,4475.30,4475.30,0.00,+0.0,4475.40,4475.40,4471.95,8.0,0.0,0.00,0,0.00,0.00,0.00,4793.57,93.57,INITIAL_FILL
2026-09-06 19:19:24.014,1788722364.014,POSITION_CLOSED_STOP_LOSS,360287970300001489,360287970300001484,C,SELL,0.03,4475.30,4475.30,4475.40,+0.0,4475.40,4475.40,4471.95,0.0,0.0,0.00,0,-0.30,0.21,-0.51,4793.06,93.06,STOP_LOSS
2026-09-06 19:19:24.020,1788722364.020,POSITION_CLOSED_STOP_LOSS,360287970300001494,360287970300001473,B,BUY,0.03,4475.38,4475.38,4475.16,+0.0,4475.16,4475.16,4478.61,0.0,0.0,0.00,0,-0.66,0.21,-0.87,4792.19,92.19,STOP_LOSS
2026-09-06 19:19:24.023,1788722364.023,POSITION_CLOSED_STOP_LOSS,360287970300001495,360287970300001479,C,BUY,0.03,4475.38,4475.38,4475.16,+0.0,4475.16,4475.16,4478.61,0.0,0.0,0.00,0,-0.66,0.21,-0.87,4791.32,91.32,STOP_LOSS
2026-09-06 19:19:24.856,1788722364.856,ORDER_FILLED,360287970300001502,360287970300001503,B,BUY,0.03,4475.44,4475.44,0.00,+0.0,4475.36,4475.36,4478.81,8.0,0.0,0.00,0,0.00,0.00,0.00,4791.32,91.32,INITIAL_FILL
2026-09-06 19:19:24.857,1788722364.857,ORDER_FILLED,360287970300001504,360287970300001513,C,BUY,0.03,4475.44,4475.44,0.00,+0.0,4475.36,4475.36,4478.81,8.0,0.0,0.00,0,0.00,0.00,0.00,4791.32,91.32,INITIAL_FILL
2026-09-06 19:19:24.858,1788722364.858,ORDER_FILLED,360287970300001514,360287970300001518,C,SELL,0.03,4475.36,4475.36,0.00,+0.0,4475.60,4475.60,4472.15,8.0,0.0,0.00,0,0.00,0.00,0.00,4791.32,91.32,INITIAL_FILL
2026-09-06 19:19:24.870,1788722364.870,POSITION_CLOSED_STOP_LOSS,360287970300001520,360287970300001503,B,BUY,0.03,4475.44,4475.44,4475.36,+0.0,4475.36,4475.36,4478.81,0.0,0.0,0.00,0,-0.24,0.21,-0.45,4790.87,90.87,STOP_LOSS
2026-09-06 19:19:24.875,1788722364.875,POSITION_CLOSED_STOP_LOSS,360287970300001527,360287970300001513,C,BUY,0.03,4475.44,4475.44,4475.36,+0.0,4475.36,4475.36,4478.81,0.0,0.0,0.00,0,-0.24,0.21,-0.45,4790.42,90.42,STOP_LOSS
2026-09-06 19:19:25.345,1788722365.345,POSITION_CLOSED_WIN_TP,360287970300001528,360287970300001518,C,SELL,0.03,4475.36,4475.36,4472.15,+0.0,4473.69,4473.69,4472.15,0.0,0.0,0.50,0,9.63,0.21,9.42,4799.84,99.84,WIN_TP
2026-09-06 19:19:25.503,1788722365.503,ORDER_FILLED,360287970300001533,360287970300001537,B,BUY,0.03,4478.51,4478.51,0.00,+0.0,4477.67,4477.67,4481.12,8.0,0.0,0.00,0,0.00,0.00,0.00,4799.84,99.84,INITIAL_FILL
2026-09-06 19:19:25.504,1788722365.504,ORDER_FILLED,360287970300001539,360287970300001546,C,BUY,0.03,4478.51,4478.51,0.00,+0.0,4477.67,4477.67,4481.12,8.0,0.0,0.00,0,0.00,0.00,0.00,4799.84,99.84,INITIAL_FILL
2026-09-06 19:19:25.511,1788722365.511,ORDER_FILLED,360287970300001551,360287970300001559,C,SELL,0.03,4478.43,4478.43,0.00,+0.0,4477.91,4477.91,4474.46,8.0,0.0,0.00,0,0.00,0.00,0.00,4799.84,99.84,INITIAL_FILL
2026-09-06 19:19:25.517,1788722365.517,POSITION_CLOSED_STOP_LOSS,360287970300001565,360287970300001559,C,SELL,0.03,4478.43,4478.43,4477.91,+0.0,4477.91,4477.91,4474.46,0.0,0.0,0.00,0,1.56,0.21,1.35,4801.19,101.19,STOP_LOSS
2026-09-06 19:19:25.650,1788722365.651,POSITION_CLOSED_BE_PROTECTED,360287970300001566,360287970300001537,B,BUY,0.03,4478.51,4478.51,4478.56,+0.0,4478.56,4478.56,4481.12,0.0,0.0,0.10,0,0.15,0.21,-0.06,4801.13,101.13,BE_PROTECTED
2026-09-06 19:19:25.652,1788722365.653,POSITION_CLOSED_BE_PROTECTED,360287970300001573,360287970300001546,C,BUY,0.03,4478.51,4478.51,4478.56,+0.0,4478.56,4478.56,4481.12,0.0,0.0,0.10,0,0.15,0.21,-0.06,4801.07,101.07,BE_PROTECTED
2026-09-06 19:19:25.980,1788722365.980,ORDER_FILLED,360287970300001574,360287970300001578,B,BUY,0.03,4473.02,4473.02,0.00,+0.0,4470.95,4470.95,4474.40,8.0,0.0,0.00,0,0.00,0.00,0.00,4801.07,101.07,INITIAL_FILL
2026-09-06 19:19:26.103,1788722366.104,ORDER_FILLED,360287970300001582,360287970300001585,C,BUY,0.03,4473.02,4473.02,0.00,+0.0,4470.95,4470.95,4474.40,8.0,0.0,0.00,0,0.00,0.00,0.00,4801.07,101.07,INITIAL_FILL
2026-09-06 19:19:26.105,1788722366.106,ORDER_FILLED,360287970300001586,360287970300001588,C,SELL,0.03,4472.94,4472.94,0.00,+0.0,4471.19,4471.19,4467.74,8.0,0.0,0.00,0,0.00,0.00,0.00,4801.07,101.07,INITIAL_FILL
2026-09-06 19:19:26.107,1788722366.108,POSITION_CLOSED_STOP_LOSS,360287970300001593,360287970300001588,C,SELL,0.03,4472.94,4472.94,4471.19,+0.0,4471.19,4471.19,4467.74,0.0,0.0,0.00,0,5.25,0.21,5.04,4806.11,106.11,STOP_LOSS
2026-09-06 19:19:26.175,1788722366.175,POSITION_CLOSED_STOP_LOSS,360287970300001598,360287970300001578,B,BUY,0.03,4473.02,4473.02,4470.95,+0.0,4470.95,4470.95,4474.40,0.0,0.0,0.20,0,-6.21,0.21,-6.42,4799.69,99.69,STOP_LOSS
2026-09-06 19:19:26.177,1788722366.177,POSITION_CLOSED_STOP_LOSS,360287970300001602,360287970300001585,C,BUY,0.03,4473.02,4473.02,4470.95,+0.0,4470.95,4470.95,4474.40,0.0,0.0,0.10,0,-6.21,0.21,-6.42,4793.27,93.27,STOP_LOSS
2026-09-06 19:19:26.623,1788722366.623,ORDER_FILLED,360287970300001608,360287970300001611,B,BUY,0.03,4468.66,4468.66,0.00,+0.0,4466.89,4466.89,4470.34,8.0,0.0,0.00,0,0.00,0.00,0.00,4793.27,93.27,INITIAL_FILL
2026-09-06 19:19:26.624,1788722366.624,ORDER_FILLED,360287970300001616,360287970300001623,C,BUY,0.03,4468.66,4468.66,0.00,+0.0,4466.89,4466.89,4470.34,8.0,0.0,0.00,0,0.00,0.00,0.00,4793.27,93.27,INITIAL_FILL
2026-09-06 19:19:26.624,1788722366.624,ORDER_FILLED,360287970300001629,360287970300001630,C,SELL,0.03,4468.58,4468.58,0.00,+0.0,4467.13,4467.13,4463.68,8.0,0.0,0.00,0,0.00,0.00,0.00,4793.27,93.27,INITIAL_FILL
2026-09-06 19:19:26.627,1788722366.627,POSITION_CLOSED_STOP_LOSS,360287970300001635,360287970300001630,C,SELL,0.03,4468.58,4468.58,4467.13,+0.0,4467.13,4467.13,4463.68,0.0,0.0,0.00,0,4.35,0.21,4.14,4797.41,97.41,STOP_LOSS
2026-09-06 19:19:26.745,1788722366.745,POSITION_CLOSED_WIN_TP,360287970300001643,360287970300001611,B,BUY,0.03,4468.66,4468.66,4470.34,+0.0,4469.49,4469.49,4470.34,0.0,0.0,0.10,0,5.04,0.21,4.83,4802.24,102.24,WIN_TP
2026-09-06 19:19:26.747,1788722366.747,POSITION_CLOSED_WIN_TP,360287970300001652,360287970300001623,C,BUY,0.03,4468.66,4468.66,4470.34,+0.0,4469.49,4469.49,4470.34,0.0,0.0,0.10,0,5.04,0.21,4.83,4807.07,107.07,WIN_TP
2026-09-06 19:19:26.996,1788722366.997,ORDER_FILLED,360287970300001659,360287970300001661,B,BUY,0.03,4474.31,4474.31,0.00,+0.0,4473.10,4473.10,4476.55,8.0,0.0,0.00,0,0.00,0.00,0.00,4807.07,107.07,INITIAL_FILL
2026-09-06 19:19:27.000,1788722367.001,ORDER_FILLED,360287970300001663,360287970300001672,C,BUY,0.03,4474.31,4474.31,0.00,+0.0,4473.10,4473.10,4476.55,8.0,0.0,0.00,0,0.00,0.00,0.00,4807.07,107.07,INITIAL_FILL
2026-09-06 19:19:27.005,1788722367.005,ORDER_FILLED,360287970300001677,360287970300001686,C,SELL,0.03,4474.23,4474.23,0.00,+0.0,4473.34,4473.34,4469.89,8.0,0.0,0.00,0,0.00,0.00,0.00,4807.07,107.07,INITIAL_FILL
2026-09-06 19:19:27.007,1788722367.008,POSITION_CLOSED_STOP_LOSS,360287970300001692,360287970300001686,C,SELL,0.03,4474.23,4474.23,4473.34,+0.0,4473.34,4473.34,4469.89,0.0,0.0,0.00,0,2.67,0.21,2.46,4809.53,109.53,STOP_LOSS
2026-09-06 19:19:27.046,1788722367.046,POSITION_CLOSED_BE_PROTECTED,360287970300001694,360287970300001661,B,BUY,0.03,4474.31,4474.31,4474.36,+0.0,4474.36,4474.36,4476.55,0.0,0.0,0.00,0,0.15,0.21,-0.06,4809.47,109.47,BE_PROTECTED
2026-09-06 19:19:27.049,1788722367.049,POSITION_CLOSED_BE_PROTECTED,360287970300001697,360287970300001672,C,BUY,0.03,4474.31,4474.31,4474.36,+0.0,4474.36,4474.36,4476.55,0.0,0.0,0.00,0,0.15,0.21,-0.06,4809.41,109.41,BE_PROTECTED
2026-09-06 19:19:27.254,1788722367.254,ORDER_FILLED,360287970300001704,360287970300001709,A,BUY,0.10,4476.69,4476.69,0.00,+0.0,4474.37,4474.37,4476.49,8.0,0.0,0.00,0,0.00,0.00,0.00,4809.41,109.41,INITIAL_FILL
2026-09-06 19:19:27.258,1788722367.258,POSITION_CLOSED_WIN_TP,360287970300001718,360287970300001709,A,BUY,0.10,4476.69,4476.69,4476.49,+0.0,4474.37,4474.37,4476.49,0.0,0.0,0.00,0,-2.00,0.70,-2.70,4806.71,106.71,WIN_TP
2026-09-06 19:19:27.725,1788722367.725,ORDER_FILLED,360287970300001721,360287970300001730,A,BUY,0.10,4478.88,4478.88,0.00,+0.0,4477.01,4477.01,4479.13,8.0,0.0,0.00,0,0.00,0.00,0.00,4806.71,106.71,INITIAL_FILL
2026-09-06 19:19:27.773,1788722367.773,POSITION_CLOSED_WIN_TP,360287970300001736,360287970300001730,A,BUY,0.10,4478.88,4478.88,4479.13,+0.0,4477.01,4477.01,4479.13,0.0,0.0,0.00,0,2.50,0.70,1.80,4808.51,108.51,WIN_TP
2026-09-06 19:19:28.380,1788722368.380,ORDER_FILLED,360287970300001740,360287970300001747,A,BUY,0.10,4482.71,4482.71,0.00,+0.0,4482.36,4482.36,4484.48,8.0,0.0,0.00,0,0.00,0.00,0.00,4808.51,108.51,INITIAL_FILL
2026-09-06 19:19:28.385,1788722368.385,POSITION_CLOSED_STOP_LOSS,360287970300001754,360287970300001747,A,BUY,0.10,4482.71,4482.71,4482.36,+0.0,4482.36,4482.36,4484.48,0.0,0.0,0.00,0,-3.50,0.70,-4.20,4804.31,104.31,STOP_LOSS
2026-09-06 19:19:28.780,1788722368.781,ORDER_FILLED,360287970300001756,360287970300001761,B,BUY,0.03,4499.26,4499.26,0.00,+0.0,4498.95,4498.95,4502.40,8.0,0.0,0.00,0,0.00,0.00,0.00,4804.31,104.31,INITIAL_FILL
2026-09-06 19:19:28.781,1788722368.782,ORDER_FILLED,360287970300001762,360287970300001766,C,BUY,0.03,4499.26,4499.26,0.00,+0.0,4498.95,4498.95,4502.40,8.0,0.0,0.00,0,0.00,0.00,0.00,4804.31,104.31,INITIAL_FILL
2026-09-06 19:19:28.786,1788722368.787,ORDER_FILLED,360287970300001774,360287970300001781,C,SELL,0.03,4499.18,4499.18,0.00,+0.0,4499.19,4499.19,4495.74,8.0,0.0,0.00,0,0.00,0.00,0.00,4804.31,104.31,INITIAL_FILL
2026-09-06 19:19:28.789,1788722368.790,POSITION_CLOSED_STOP_LOSS,360287970300001785,360287970300001781,C,SELL,0.03,4499.18,4499.18,4499.19,+0.0,4499.19,4499.19,4495.74,0.0,0.0,0.00,0,-0.03,0.21,-0.24,4804.07,104.07,STOP_LOSS
2026-09-06 19:19:28.793,1788722368.793,POSITION_CLOSED_STOP_LOSS,360287970300001793,360287970300001761,B,BUY,0.03,4499.26,4499.26,4498.95,+0.0,4498.95,4498.95,4502.40,0.0,0.0,0.00,0,-0.93,0.21,-1.14,4802.93,102.93,STOP_LOSS
2026-09-06 19:19:28.795,1788722368.795,POSITION_CLOSED_STOP_LOSS,360287970300001795,360287970300001766,C,BUY,0.03,4499.26,4499.26,4498.95,+0.0,4498.95,4498.95,4502.40,0.0,0.0,0.00,0,-0.93,0.21,-1.14,4801.79,101.79,STOP_LOSS
2026-09-06 19:19:29.352,1788722369.352,ORDER_FILLED,360287970300001796,360287970300001799,B,BUY,0.03,4498.36,4498.36,0.00,+0.0,4497.77,4497.77,4501.22,8.0,0.0,0.00,0,0.00,0.00,0.00,4801.79,101.79,INITIAL_FILL
2026-09-06 19:19:29.353,1788722369.353,ORDER_FILLED,360287970300001805,360287970300001813,C,BUY,0.03,4498.36,4498.36,0.00,+0.0,4497.77,4497.77,4501.22,8.0,0.0,0.00,0,0.00,0.00,0.00,4801.79,101.79,INITIAL_FILL
2026-09-06 19:19:29.354,1788722369.354,ORDER_FILLED,360287970300001822,360287970300001829,C,SELL,0.03,4498.28,4498.28,0.00,+0.0,4498.01,4498.01,4494.56,8.0,0.0,0.00,0,0.00,0.00,0.00,4801.79,101.79,INITIAL_FILL
2026-09-06 19:19:29.357,1788722369.357,POSITION_CLOSED_STOP_LOSS,360287970300001838,360287970300001829,C,SELL,0.03,4498.28,4498.28,4498.01,+0.0,4498.01,4498.01,4494.56,0.0,0.0,0.00,0,0.81,0.21,0.60,4802.39,102.39,STOP_LOSS
2026-09-06 19:19:29.362,1788722369.362,POSITION_CLOSED_STOP_LOSS,360287970300001842,360287970300001799,B,BUY,0.03,4498.36,4498.36,4497.77,+0.0,4497.77,4497.77,4501.22,0.0,0.0,0.00,0,-1.77,0.21,-1.98,4800.41,100.41,STOP_LOSS
2026-09-06 19:19:29.365,1788722369.365,POSITION_CLOSED_STOP_LOSS,360287970300001843,360287970300001813,C,BUY,0.03,4498.36,4498.36,4497.77,+0.0,4497.77,4497.77,4501.22,0.0,0.0,0.00,0,-1.77,0.21,-1.98,4798.43,98.43,STOP_LOSS
2026-09-06 19:19:29.464,1788722369.464,ORDER_FILLED,360287970300001850,360287970300001853,B,BUY,0.03,4505.18,4505.18,0.00,+0.0,4503.76,4503.76,4507.21,8.0,0.0,0.00,0,0.00,0.00,0.00,4798.43,98.43,INITIAL_FILL
2026-09-06 19:19:29.469,1788722369.469,ORDER_FILLED,360287970300001854,360287970300001856,C,BUY,0.03,4505.18,4505.18,0.00,+0.0,4503.76,4503.76,4507.21,8.0,0.0,0.00,0,0.00,0.00,0.00,4798.43,98.43,INITIAL_FILL
2026-09-06 19:19:29.471,1788722369.471,ORDER_FILLED,360287970300001858,360287970300001859,C,SELL,0.03,4505.10,4505.10,0.00,+0.0,4504.00,4504.00,4500.55,8.0,0.0,0.00,0,0.00,0.00,0.00,4798.43,98.43,INITIAL_FILL
2026-09-06 19:19:29.474,1788722369.474,POSITION_CLOSED_STOP_LOSS,360287970300001860,360287970300001859,C,SELL,0.03,4505.10,4505.10,4504.00,+0.0,4504.00,4504.00,4500.55,0.0,0.0,0.00,0,3.30,0.21,3.09,4801.52,101.52,STOP_LOSS
2026-09-06 19:19:29.492,1788722369.492,POSITION_CLOSED_STOP_LOSS,360287970300001861,360287970300001853,B,BUY,0.03,4505.18,4505.18,4503.76,+0.0,4503.76,4503.76,4507.21,0.0,0.0,0.00,0,-4.26,0.21,-4.47,4797.05,97.05,STOP_LOSS
2026-09-06 19:19:29.515,1788722369.516,POSITION_CLOSED_STOP_LOSS,360287970300001864,360287970300001856,C,BUY,0.03,4505.18,4505.18,4503.76,+0.0,4503.76,4503.76,4507.21,0.0,0.0,0.00,0,-4.26,0.21,-4.47,4792.58,92.58,STOP_LOSS
2026-09-06 19:19:29.923,1788722369.923,ORDER_FILLED,360287970300001867,360287970300001872,B,BUY,0.03,4510.54,4510.54,0.00,+0.0,4510.25,4510.25,4513.70,8.0,0.0,0.00,0,0.00,0.00,0.00,4792.58,92.58,INITIAL_FILL
2026-09-06 19:19:29.924,1788722369.924,ORDER_FILLED,360287970300001879,360287970300001883,C,BUY,0.03,4510.54,4510.54,0.00,+0.0,4510.25,4510.25,4513.70,8.0,0.0,0.00,0,0.00,0.00,0.00,4792.58,92.58,INITIAL_FILL
2026-09-06 19:19:29.925,1788722369.925,ORDER_FILLED,360287970300001891,360287970300001898,C,SELL,0.03,4510.46,4510.46,0.00,+0.0,4510.49,4510.49,4507.04,8.0,0.0,0.00,0,0.00,0.00,0.00,4792.58,92.58,INITIAL_FILL
2026-09-06 19:19:29.927,1788722369.927,POSITION_CLOSED_STOP_LOSS,360287970300001904,360287970300001872,B,BUY,0.03,4510.54,4510.54,4510.25,+0.0,4510.25,4510.25,4513.70,0.0,0.0,0.00,0,-0.87,0.21,-1.08,4791.50,91.50,STOP_LOSS
2026-09-06 19:19:29.929,1788722369.929,POSITION_CLOSED_STOP_LOSS,360287970300001912,360287970300001883,C,BUY,0.03,4510.54,4510.54,4510.25,+0.0,4510.25,4510.25,4513.70,0.0,0.0,0.00,0,-0.87,0.21,-1.08,4790.42,90.42,STOP_LOSS
2026-09-06 19:19:29.947,1788722369.947,POSITION_CLOSED_STOP_LOSS,360287970300001915,360287970300001898,C,SELL,0.03,4510.46,4510.46,4510.49,+0.0,4510.49,4510.49,4507.04,0.0,0.0,0.00,0,-0.09,0.21,-0.30,4790.12,90.12,STOP_LOSS
2026-09-06 19:19:30.393,1788722370.394,ORDER_FILLED,360287970300001916,360287970300001923,A,BUY,0.10,4505.89,4505.89,0.00,+0.0,4504.63,4504.63,4506.75,8.0,0.0,0.00,0,0.00,0.00,0.00,4790.12,90.12,INITIAL_FILL
2026-09-06 19:19:30.481,1788722370.481,POSITION_CLOSED_BE_PROTECTED,360287970300001927,360287970300001923,A,BUY,0.10,4505.89,4505.89,4505.94,+0.0,4505.94,4505.94,4506.75,0.0,0.0,0.10,0,0.50,0.70,-0.20,4789.92,89.92,BE_PROTECTED
2026-09-06 19:19:30.833,1788722370.834,ORDER_FILLED,360287970300001932,360287970300001940,B,BUY,0.03,4508.13,4508.13,0.00,+0.0,4507.23,4507.23,4510.68,8.0,0.0,0.00,0,0.00,0.00,0.00,4789.92,89.92,INITIAL_FILL
2026-09-06 19:19:30.841,1788722370.842,ORDER_FILLED,360287970300001942,360287970300001948,C,BUY,0.03,4508.13,4508.13,0.00,+0.0,4507.23,4507.23,4510.68,8.0,0.0,0.00,0,0.00,0.00,0.00,4789.92,89.92,INITIAL_FILL
2026-09-06 19:19:30.842,1788722370.843,ORDER_FILLED,360287970300001951,360287970300001955,C,SELL,0.03,4508.05,4508.05,0.00,+0.0,4507.47,4507.47,4504.02,8.0,0.0,0.00,0,0.00,0.00,0.00,4789.92,89.92,INITIAL_FILL
2026-09-06 19:19:30.846,1788722370.847,POSITION_CLOSED_STOP_LOSS,360287970300001962,360287970300001955,C,SELL,0.03,4508.05,4508.05,4507.47,+0.0,4507.47,4507.47,4504.02,0.0,0.0,0.00,0,1.74,0.21,1.53,4791.45,91.45,STOP_LOSS
2026-09-06 19:19:30.859,1788722370.860,POSITION_CLOSED_BE_PROTECTED,360287970300001964,360287970300001940,B,BUY,0.03,4508.13,4508.13,4508.18,+0.0,4508.18,4508.18,4510.68,0.0,0.0,0.00,0,0.15,0.21,-0.06,4791.39,91.39,BE_PROTECTED
2026-09-06 19:19:30.861,1788722370.862,POSITION_CLOSED_BE_PROTECTED,360287970300001973,360287970300001948,C,BUY,0.03,4508.13,4508.13,4508.18,+0.0,4508.18,4508.18,4510.68,0.0,0.0,0.00,0,0.15,0.21,-0.06,4791.33,91.33,BE_PROTECTED
2026-09-06 19:19:31.790,1788722371.791,ORDER_FILLED,360287970300001974,360287970300001977,B,BUY,0.03,4501.83,4501.83,0.00,+0.0,4501.58,4501.58,4505.03,8.0,0.0,0.00,0,0.00,0.00,0.00,4791.33,91.33,INITIAL_FILL
2026-09-06 19:19:31.810,1788722371.811,ORDER_FILLED,360287970300001979,360287970300001986,C,BUY,0.03,4501.83,4501.83,0.00,+0.0,4501.58,4501.58,4505.03,8.0,0.0,0.00,0,0.00,0.00,0.00,4791.33,91.33,INITIAL_FILL
2026-09-06 19:19:31.869,1788722371.869,ORDER_FILLED,360287970300001991,360287970300002000,C,SELL,0.03,4501.75,4501.75,0.00,+0.0,4501.82,4501.82,4498.37,8.0,0.0,0.00,0,0.00,0.00,0.00,4791.33,91.33,INITIAL_FILL
2026-09-06 19:19:31.873,1788722371.873,POSITION_CLOSED_STOP_LOSS,360287970300002008,360287970300002000,C,SELL,0.03,4501.75,4501.75,4501.82,+0.0,4501.82,4501.82,4498.37,0.0,0.0,0.00,0,-0.21,0.21,-0.42,4790.91,90.91,STOP_LOSS
2026-09-06 19:19:31.878,1788722371.878,POSITION_CLOSED_STOP_LOSS,360287970300002011,360287970300001977,B,BUY,0.03,4501.83,4501.83,4501.58,+0.0,4501.58,4501.58,4505.03,0.0,0.0,0.20,0,-0.75,0.21,-0.96,4789.95,89.95,STOP_LOSS
2026-09-06 19:19:31.882,1788722371.882,POSITION_CLOSED_STOP_LOSS,360287970300002020,360287970300001986,C,BUY,0.03,4501.83,4501.83,4501.58,+0.0,4501.58,4501.58,4505.03,0.0,0.0,0.10,0,-0.75,0.21,-0.96,4788.99,88.99,STOP_LOSS
2026-09-06 19:19:32.059,1788722372.060,ORDER_FILLED,360287970300002028,360287970300002030,B,BUY,0.03,4498.14,4498.14,0.00,+0.0,4497.14,4497.14,4500.59,8.0,0.0,0.00,0,0.00,0.00,0.00,4788.99,88.99,INITIAL_FILL
2026-09-06 19:19:32.060,1788722372.061,ORDER_FILLED,360287970300002038,360287970300002047,C,BUY,0.03,4498.14,4498.14,0.00,+0.0,4497.14,4497.14,4500.59,8.0,0.0,0.00,0,0.00,0.00,0.00,4788.99,88.99,INITIAL_FILL
2026-09-06 19:19:32.061,1788722372.062,ORDER_FILLED,360287970300002051,360287970300002058,C,SELL,0.03,4498.06,4498.06,0.00,+0.0,4497.38,4497.38,4493.93,8.0,0.0,0.00,0,0.00,0.00,0.00,4788.99,88.99,INITIAL_FILL
2026-09-06 19:19:32.071,1788722372.072,POSITION_CLOSED_STOP_LOSS,360287970300002063,360287970300002058,C,SELL,0.03,4498.06,4498.06,4497.38,+0.0,4497.38,4497.38,4493.93,0.0,0.0,0.00,0,2.04,0.21,1.83,4790.82,90.82,STOP_LOSS
2026-09-06 19:19:32.078,1788722372.079,POSITION_CLOSED_STOP_LOSS,360287970300002068,360287970300002030,B,BUY,0.03,4498.14,4498.14,4497.14,+0.0,4497.14,4497.14,4500.59,0.0,0.0,0.00,0,-3.00,0.21,-3.21,4787.61,87.61,STOP_LOSS
2026-09-06 19:19:32.080,1788722372.081,POSITION_CLOSED_STOP_LOSS,360287970300002069,360287970300002047,C,BUY,0.03,4498.14,4498.14,4497.14,+0.0,4497.14,4497.14,4500.59,0.0,0.0,0.00,0,-3.00,0.21,-3.21,4784.40,84.40,STOP_LOSS
2026-09-06 19:19:33.222,1788722373.222,ORDER_FILLED,360287970300002076,360287970300002080,A,BUY,0.10,4488.76,4488.76,0.00,+0.0,4488.51,4488.51,4490.63,8.0,0.0,0.00,0,0.00,0.00,0.00,4784.40,84.40,INITIAL_FILL
2026-09-06 19:19:33.225,1788722373.225,POSITION_CLOSED_STOP_LOSS,360287970300002087,360287970300002080,A,BUY,0.10,4488.76,4488.76,4488.51,+0.0,4488.51,4488.51,4490.63,0.0,0.0,0.00,0,-2.50,0.70,-3.20,4781.20,81.20,STOP_LOSS
2026-09-06 19:19:33.977,1788722373.978,ORDER_FILLED,360287970300002093,360287970300002100,A,BUY,0.10,4490.12,4490.12,0.00,+0.0,4489.71,4489.71,4491.83,8.0,0.0,0.00,0,0.00,0.00,0.00,4781.20,81.20,INITIAL_FILL
2026-09-06 19:19:33.989,1788722373.990,POSITION_CLOSED_RATCHET_WIN,360287970300002102,360287970300002100,A,BUY,0.10,4490.12,4490.12,4490.62,+0.0,4490.62,4490.62,4491.83,0.0,0.0,0.00,0,5.00,0.70,4.30,4785.50,85.50,RATCHET_WIN
2026-09-06 19:19:34.597,1788722374.598,ORDER_FILLED,360287970300002108,360287970300002117,B,BUY,0.03,4491.61,4491.61,0.00,+0.0,4491.39,4491.39,4494.84,8.0,0.0,0.00,0,0.00,0.00,0.00,4785.50,85.50,INITIAL_FILL
2026-09-06 19:19:34.598,1788722374.599,ORDER_FILLED,360287970300002126,360287970300002134,C,BUY,0.03,4491.61,4491.61,0.00,+0.0,4491.39,4491.39,4494.84,8.0,0.0,0.00,0,0.00,0.00,0.00,4785.50,85.50,INITIAL_FILL
2026-09-06 19:19:34.598,1788722374.599,ORDER_FILLED,360287970300002142,360287970300002149,C,SELL,0.03,4491.53,4491.53,0.00,+0.0,4491.63,4491.63,4488.18,8.0,0.0,0.00,0,0.00,0.00,0.00,4785.50,85.50,INITIAL_FILL
2026-09-06 19:19:34.601,1788722374.602,POSITION_CLOSED_STOP_LOSS,360287970300002158,360287970300002117,B,BUY,0.03,4491.61,4491.61,4491.39,+0.0,4491.39,4491.39,4494.84,0.0,0.0,0.00,0,-0.66,0.21,-0.87,4784.63,84.63,STOP_LOSS
2026-09-06 19:19:34.603,1788722374.604,POSITION_CLOSED_STOP_LOSS,360287970300002166,360287970300002134,C,BUY,0.03,4491.61,4491.61,4491.39,+0.0,4491.39,4491.39,4494.84,0.0,0.0,0.00,0,-0.66,0.21,-0.87,4783.76,83.76,STOP_LOSS
2026-09-06 19:19:34.607,1788722374.608,POSITION_CLOSED_STOP_LOSS,360287970300002175,360287970300002149,C,SELL,0.03,4491.53,4491.53,4491.63,+0.0,4491.63,4491.63,4488.18,0.0,0.0,0.00,0,-0.30,0.21,-0.51,4783.25,83.25,STOP_LOSS
2026-09-06 19:19:36.455,1788722376.455,ORDER_FILLED,360287970300002183,360287970300002185,A,BUY,0.10,4490.45,4490.45,0.00,+0.0,4489.53,4489.53,4491.65,8.0,0.0,0.00,0,0.00,0.00,0.00,4783.25,83.25,INITIAL_FILL
2026-09-06 19:19:36.656,1788722376.657,POSITION_CLOSED_WIN_TP,360287970300002190,360287970300002185,A,BUY,0.10,4490.45,4490.45,4491.65,+0.0,4490.95,4490.95,4491.65,0.0,0.0,0.20,0,12.00,0.70,11.30,4794.55,94.55,WIN_TP
2026-09-06 19:19:36.960,1788722376.960,ORDER_FILLED,360287970300002195,360287970300002196,B,BUY,0.03,4493.22,4493.22,0.00,+0.0,4492.39,4492.39,4495.84,8.0,0.0,0.00,0,0.00,0.00,0.00,4794.55,94.55,INITIAL_FILL
2026-09-06 19:19:36.962,1788722376.962,ORDER_FILLED,360287970300002202,360287970300002203,C,BUY,0.03,4493.22,4493.22,0.00,+0.0,4492.39,4492.39,4495.84,8.0,0.0,0.00,0,0.00,0.00,0.00,4794.55,94.55,INITIAL_FILL
2026-09-06 19:19:36.964,1788722376.964,ORDER_FILLED,360287970300002207,360287970300002210,C,SELL,0.03,4493.14,4493.14,0.00,+0.0,4492.63,4492.63,4489.18,8.0,0.0,0.00,0,0.00,0.00,0.00,4794.55,94.55,INITIAL_FILL
2026-09-06 19:19:36.967,1788722376.967,POSITION_CLOSED_STOP_LOSS,360287970300002219,360287970300002210,C,SELL,0.03,4493.14,4493.14,4492.63,+0.0,4492.63,4492.63,4489.18,0.0,0.0,0.00,0,1.53,0.21,1.32,4795.87,95.87,STOP_LOSS
2026-09-06 19:19:37.006,1788722377.007,POSITION_CLOSED_BE_PROTECTED,360287970300002220,360287970300002196,B,BUY,0.03,4493.22,4493.22,4493.27,+0.0,4493.27,4493.27,4495.84,0.0,0.0,0.10,0,0.15,0.21,-0.06,4795.81,95.81,BE_PROTECTED
2026-09-06 19:19:37.007,1788722377.008,POSITION_CLOSED_BE_PROTECTED,360287970300002226,360287970300002203,C,BUY,0.03,4493.22,4493.22,4493.27,+0.0,4493.27,4493.27,4495.84,0.0,0.0,0.00,0,0.15,0.21,-0.06,4795.75,95.75,BE_PROTECTED
2026-09-06 19:19:37.648,1788722377.649,ORDER_FILLED,360287970300002234,360287970300002238,A,BUY,0.10,4494.22,4494.22,0.00,+0.0,4493.88,4493.88,4496.00,8.0,0.0,0.00,0,0.00,0.00,0.00,4795.75,95.75,INITIAL_FILL
2026-09-06 19:19:37.660,1788722377.660,POSITION_CLOSED_STOP_LOSS,360287970300002243,360287970300002238,A,BUY,0.10,4494.22,4494.22,4493.88,+0.0,4493.88,4493.88,4496.00,0.0,0.0,0.00,0,-3.40,0.70,-4.10,4791.65,91.65,STOP_LOSS
2026-09-06 19:19:38.383,1788722378.383,ORDER_FILLED,360287970300002250,360287970300002253,A,BUY,0.10,4492.46,4492.46,0.00,+0.0,4491.80,4491.80,4493.92,8.0,0.0,0.00,0,0.00,0.00,0.00,4791.65,91.65,INITIAL_FILL
2026-09-06 19:19:38.394,1788722378.394,POSITION_CLOSED_STOP_LOSS,360287970300002258,360287970300002253,A,BUY,0.10,4492.46,4492.46,4491.80,+0.0,4491.80,4491.80,4493.92,0.0,0.0,0.00,0,-6.60,0.70,-7.30,4784.35,84.35,STOP_LOSS
2026-09-06 19:19:38.732,1788722378.732,ORDER_FILLED,360287970300002261,360287970300002266,A,BUY,0.10,4492.90,4492.90,0.00,+0.0,4492.53,4492.53,4494.65,8.0,0.0,0.00,0,0.00,0.00,0.00,4784.35,84.35,INITIAL_FILL
2026-09-06 19:19:38.735,1788722378.735,POSITION_CLOSED_STOP_LOSS,360287970300002271,360287970300002266,A,BUY,0.10,4492.90,4492.90,4492.53,+0.0,4492.53,4492.53,4494.65,0.0,0.0,0.00,0,-3.70,0.70,-4.40,4779.95,79.95,STOP_LOSS
2026-09-06 19:19:38.922,1788722378.922,ORDER_FILLED,360287970300002273,360287970300002278,B,BUY,0.03,4494.81,4494.81,0.00,+0.0,4493.51,4493.51,4496.96,8.0,0.0,0.00,0,0.00,0.00,0.00,4779.95,79.95,INITIAL_FILL
2026-09-06 19:19:38.923,1788722378.923,ORDER_FILLED,360287970300002287,360287970300002294,C,BUY,0.03,4494.81,4494.81,0.00,+0.0,4493.51,4493.51,4496.96,8.0,0.0,0.00,0,0.00,0.00,0.00,4779.95,79.95,INITIAL_FILL
2026-09-06 19:19:38.923,1788722378.923,ORDER_FILLED,360287970300002303,360287970300002304,C,SELL,0.03,4494.73,4494.73,0.00,+0.0,4493.75,4493.75,4490.30,8.0,0.0,0.00,0,0.00,0.00,0.00,4779.95,79.95,INITIAL_FILL
2026-09-06 19:19:38.931,1788722378.931,POSITION_CLOSED_STOP_LOSS,360287970300002311,360287970300002304,C,SELL,0.03,4494.73,4494.73,4493.75,+0.0,4493.75,4493.75,4490.30,0.0,0.0,0.00,0,2.94,0.21,2.73,4782.68,82.68,STOP_LOSS
2026-09-06 19:19:39.206,1788722379.207,POSITION_CLOSED_STOP_LOSS,360287970300002318,360287970300002278,B,BUY,0.03,4494.81,4494.81,4493.51,+0.0,4493.51,4493.51,4496.96,0.0,0.0,0.30,0,-3.90,0.21,-4.11,4778.57,78.57,STOP_LOSS
2026-09-06 19:19:39.208,1788722379.209,POSITION_CLOSED_STOP_LOSS,360287970300002326,360287970300002294,C,BUY,0.03,4494.81,4494.81,4493.51,+0.0,4493.51,4493.51,4496.96,0.0,0.0,0.30,0,-3.90,0.21,-4.11,4774.46,74.46,STOP_LOSS
2026-09-06 19:19:39.750,1788722379.750,ORDER_FILLED,360287970300002331,360287970300002337,A,BUY,0.10,4491.07,4491.07,0.00,+0.0,4490.87,4490.87,4492.99,8.0,0.0,0.00,0,0.00,0.00,0.00,4774.46,74.46,INITIAL_FILL
2026-09-06 19:19:39.755,1788722379.755,POSITION_CLOSED_STOP_LOSS,360287970300002342,360287970300002337,A,BUY,0.10,4491.07,4491.07,4490.87,+0.0,4490.87,4490.87,4492.99,0.0,0.0,0.00,0,-2.00,0.70,-2.70,4771.76,71.76,STOP_LOSS
2026-09-06 19:19:40.441,1788722380.441,ORDER_FILLED,360287970300002348,360287970300002355,B,BUY,0.03,4489.44,4489.44,0.00,+0.0,4489.24,4489.24,4492.69,8.0,0.0,0.00,0,0.00,0.00,0.00,4771.76,71.76,INITIAL_FILL
2026-09-06 19:19:40.442,1788722380.442,ORDER_FILLED,360287970300002361,360287970300002369,C,BUY,0.03,4489.44,4489.44,0.00,+0.0,4489.24,4489.24,4492.69,8.0,0.0,0.00,0,0.00,0.00,0.00,4771.76,71.76,INITIAL_FILL
2026-09-06 19:19:40.443,1788722380.443,ORDER_FILLED,360287970300002374,360287970300002383,C,SELL,0.03,4489.36,4489.36,0.00,+0.0,4489.48,4489.48,4486.03,8.0,0.0,0.00,0,0.00,0.00,0.00,4771.76,71.76,INITIAL_FILL
2026-09-06 19:19:40.445,1788722380.445,POSITION_CLOSED_STOP_LOSS,360287970300002387,360287970300002383,C,SELL,0.03,4489.36,4489.36,4489.48,+0.0,4489.48,4489.48,4486.03,0.0,0.0,0.00,0,-0.36,0.21,-0.57,4771.19,71.19,STOP_LOSS
2026-09-06 19:19:40.455,1788722380.455,POSITION_CLOSED_STOP_LOSS,360287970300002388,360287970300002355,B,BUY,0.03,4489.44,4489.44,4489.24,+0.0,4489.24,4489.24,4492.69,0.0,0.0,0.00,0,-0.60,0.21,-0.81,4770.38,70.38,STOP_LOSS
2026-09-06 19:19:40.458,1788722380.458,POSITION_CLOSED_STOP_LOSS,360287970300002390,360287970300002369,C,BUY,0.03,4489.44,4489.44,4489.24,+0.0,4489.24,4489.24,4492.69,0.0,0.0,0.00,0,-0.60,0.21,-0.81,4769.57,69.57,STOP_LOSS
2026-09-06 19:19:40.758,1788722380.758,ORDER_FILLED,360287970300002398,360287970300002401,A,BUY,0.10,4488.85,4488.85,0.00,+0.0,4487.98,4487.98,4490.10,8.0,0.0,0.00,0,0.00,0.00,0.00,4769.57,69.57,INITIAL_FILL
2026-09-06 19:19:40.804,1788722380.804,POSITION_CLOSED_BE_PROTECTED,360287970300002410,360287970300002401,A,BUY,0.10,4488.85,4488.85,4488.90,+0.0,4488.90,4488.90,4490.10,0.0,0.0,0.00,0,0.50,0.70,-0.20,4769.37,69.37,BE_PROTECTED
2026-09-06 19:19:41.148,1788722381.149,ORDER_FILLED,360287970300002412,360287970300002414,B,BUY,0.03,4490.10,4490.10,0.00,+0.0,4488.87,4488.87,4492.32,8.0,0.0,0.00,0,0.00,0.00,0.00,4769.37,69.37,INITIAL_FILL
2026-09-06 19:19:41.169,1788722381.170,ORDER_FILLED,360287970300002417,360287970300002419,C,BUY,0.03,4490.10,4490.10,0.00,+0.0,4488.87,4488.87,4492.32,8.0,0.0,0.00,0,0.00,0.00,0.00,4769.37,69.37,INITIAL_FILL
2026-09-06 19:19:41.170,1788722381.171,ORDER_FILLED,360287970300002428,360287970300002433,C,SELL,0.03,4490.02,4490.02,0.00,+0.0,4489.11,4489.11,4485.66,8.0,0.0,0.00,0,0.00,0.00,0.00,4769.37,69.37,INITIAL_FILL
2026-09-06 19:19:41.173,1788722381.174,POSITION_CLOSED_STOP_LOSS,360287970300002440,360287970300002433,C,SELL,0.03,4490.02,4490.02,4489.11,+0.0,4489.11,4489.11,4485.66,0.0,0.0,0.00,0,2.73,0.21,2.52,4771.89,71.89,STOP_LOSS
2026-09-06 19:19:41.179,1788722381.180,POSITION_CLOSED_STOP_LOSS,360287970300002446,360287970300002414,B,BUY,0.03,4490.10,4490.10,4488.87,+0.0,4488.87,4488.87,4492.32,0.0,0.0,0.00,0,-3.69,0.21,-3.90,4767.99,67.99,STOP_LOSS
2026-09-06 19:19:41.183,1788722381.184,POSITION_CLOSED_STOP_LOSS,360287970300002448,360287970300002419,C,BUY,0.03,4490.10,4490.10,4488.87,+0.0,4488.87,4488.87,4492.32,0.0,0.0,0.00,0,-3.69,0.21,-3.90,4764.09,64.09,STOP_LOSS
2026-09-06 19:19:41.456,1788722381.456,ORDER_FILLED,360287970300002456,360287970300002459,A,BUY,0.10,4487.88,4487.88,0.00,+0.0,4487.20,4487.20,4489.32,8.0,0.0,0.00,0,0.00,0.00,0.00,4764.09,64.09,INITIAL_FILL
2026-09-06 19:19:41.525,1788722381.525,POSITION_CLOSED_BE_PROTECTED,360287970300002464,360287970300002459,A,BUY,0.10,4487.88,4487.88,4487.93,+0.0,4487.93,4487.93,4489.32,0.0,0.0,0.10,0,0.50,0.70,-0.20,4763.89,63.89,BE_PROTECTED
2026-09-06 19:19:41.735,1788722381.736,ORDER_FILLED,360287970300002467,360287970300002468,B,BUY,0.03,4487.09,4487.09,0.00,+0.0,4486.44,4486.44,4489.89,8.0,0.0,0.00,0,0.00,0.00,0.00,4763.89,63.89,INITIAL_FILL
2026-09-06 19:19:41.737,1788722381.738,ORDER_FILLED,360287970300002477,360287970300002478,C,BUY,0.03,4487.09,4487.09,0.00,+0.0,4486.44,4486.44,4489.89,8.0,0.0,0.00,0,0.00,0.00,0.00,4763.89,63.89,INITIAL_FILL
2026-09-06 19:19:41.738,1788722381.739,ORDER_FILLED,360287970300002487,360287970300002488,C,SELL,0.03,4487.01,4487.01,0.00,+0.0,4486.68,4486.68,4483.23,8.0,0.0,0.00,0,0.00,0.00,0.00,4763.89,63.89,INITIAL_FILL
2026-09-06 19:19:41.741,1788722381.742,POSITION_CLOSED_STOP_LOSS,360287970300002494,360287970300002488,C,SELL,0.03,4487.01,4487.01,4486.68,+0.0,4486.68,4486.68,4483.23,0.0,0.0,0.00,0,0.99,0.21,0.78,4764.67,64.67,STOP_LOSS
2026-09-06 19:19:41.762,1788722381.763,POSITION_CLOSED_STOP_LOSS,360287970300002498,360287970300002468,B,BUY,0.03,4487.09,4487.09,4486.44,+0.0,4486.44,4486.44,4489.89,0.0,0.0,0.00,0,-1.95,0.21,-2.16,4762.51,62.51,STOP_LOSS
2026-09-06 19:19:41.765,1788722381.766,POSITION_CLOSED_STOP_LOSS,360287970300002499,360287970300002478,C,BUY,0.03,4487.09,4487.09,4486.44,+0.0,4486.44,4486.44,4489.89,0.0,0.0,0.00,0,-1.95,0.21,-2.16,4760.35,60.35,STOP_LOSS
2026-09-06 19:19:41.966,1788722381.966,ORDER_FILLED,360287970300002503,360287970300002512,A,BUY,0.10,4487.37,4487.37,0.00,+0.0,4487.10,4487.10,4489.22,8.0,0.0,0.00,0,0.00,0.00,0.00,4760.35,60.35,INITIAL_FILL
2026-09-06 19:19:41.975,1788722381.975,POSITION_CLOSED_STOP_LOSS,360287970300002513,360287970300002512,A,BUY,0.10,4487.37,4487.37,4487.10,+0.0,4487.10,4487.10,4489.22,0.0,0.0,0.00,0,-2.70,0.70,-3.40,4756.95,56.95,STOP_LOSS
2026-09-06 19:19:42.180,1788722382.181,ORDER_FILLED,360287970300002514,360287970300002516,A,BUY,0.10,4486.70,4486.70,0.00,+0.0,4486.31,4486.31,4488.43,8.0,0.0,0.00,0,0.00,0.00,0.00,4756.95,56.95,INITIAL_FILL
2026-09-06 19:19:42.296,1788722382.296,POSITION_CLOSED_BE_PROTECTED,360287970300002524,360287970300002516,A,BUY,0.10,4486.70,4486.70,4486.75,+0.0,4486.75,4486.75,4488.43,0.0,0.0,0.10,0,0.50,0.70,-0.20,4756.75,56.75,BE_PROTECTED
2026-09-06 19:19:42.610,1788722382.610,ORDER_FILLED,360287970300002529,360287970300002535,A,BUY,0.10,4486.22,4486.22,0.00,+0.0,4485.52,4485.52,4487.64,8.0,0.0,0.00,0,0.00,0.00,0.00,4756.75,56.75,INITIAL_FILL
2026-09-06 19:19:42.641,1788722382.641,POSITION_CLOSED_BE_PROTECTED,360287970300002537,360287970300002535,A,BUY,0.10,4486.22,4486.22,4486.27,+0.0,4486.27,4486.27,4487.64,0.0,0.0,0.00,0,0.50,0.70,-0.20,4756.55,56.55,BE_PROTECTED
2026-09-06 19:19:42.731,1788722382.732,ORDER_FILLED,360287970300002539,360287970300002541,A,BUY,0.10,4487.59,4487.59,0.00,+0.0,4487.33,4487.33,4489.45,8.0,0.0,0.00,0,0.00,0.00,0.00,4756.55,56.55,INITIAL_FILL
2026-09-06 19:19:42.785,1788722382.786,POSITION_CLOSED_RATCHET_WIN,360287970300002547,360287970300002541,A,BUY,0.10,4487.59,4487.59,4488.59,+0.0,4488.59,4488.59,4489.45,0.0,0.0,0.10,0,10.00,0.70,9.30,4765.85,65.85,RATCHET_WIN
2026-09-06 19:19:42.964,1788722382.965,ORDER_FILLED,360287970300002549,360287970300002558,A,BUY,0.10,4490.96,4490.96,0.00,+0.0,4490.73,4490.73,4492.85,8.0,0.0,0.00,0,0.00,0.00,0.00,4765.85,65.85,INITIAL_FILL
2026-09-06 19:19:42.970,1788722382.971,POSITION_CLOSED_STOP_LOSS,360287970300002566,360287970300002558,A,BUY,0.10,4490.96,4490.96,4490.73,+0.0,4490.73,4490.73,4492.85,0.0,0.0,0.00,0,-2.30,0.70,-3.00,4762.85,62.85,STOP_LOSS
2026-09-06 19:19:43.455,1788722383.456,ORDER_FILLED,360287970300002574,360287970300002576,B,BUY,0.03,4493.88,4493.88,0.00,+0.0,4493.02,4493.02,4496.47,8.0,0.0,0.00,0,0.00,0.00,0.00,4762.85,62.85,INITIAL_FILL
2026-09-06 19:19:43.457,1788722383.458,ORDER_FILLED,360287970300002583,360287970300002588,C,BUY,0.03,4493.88,4493.88,0.00,+0.0,4493.02,4493.02,4496.47,8.0,0.0,0.00,0,0.00,0.00,0.00,4762.85,62.85,INITIAL_FILL
2026-09-06 19:19:43.459,1788722383.460,ORDER_FILLED,360287970300002597,360287970300002602,C,SELL,0.03,4493.80,4493.80,0.00,+0.0,4493.26,4493.26,4489.81,8.0,0.0,0.00,0,0.00,0.00,0.00,4762.85,62.85,INITIAL_FILL
2026-09-06 19:19:43.461,1788722383.462,POSITION_CLOSED_STOP_LOSS,360287970300002604,360287970300002602,C,SELL,0.03,4493.80,4493.80,4493.26,+0.0,4493.26,4493.26,4489.81,0.0,0.0,0.00,0,1.62,0.21,1.41,4764.26,64.26,STOP_LOSS
2026-09-06 19:19:43.476,1788722383.477,POSITION_CLOSED_STOP_LOSS,360287970300002611,360287970300002576,B,BUY,0.03,4493.88,4493.88,4493.02,+0.0,4493.02,4493.02,4496.47,0.0,0.0,0.00,0,-2.58,0.21,-2.79,4761.47,61.47,STOP_LOSS
2026-09-06 19:19:43.478,1788722383.478,POSITION_CLOSED_STOP_LOSS,360287970300002616,360287970300002588,C,BUY,0.03,4493.88,4493.88,4493.02,+0.0,4493.02,4493.02,4496.47,0.0,0.0,0.00,0,-2.58,0.21,-2.79,4758.68,58.68,STOP_LOSS
2026-09-06 19:19:43.668,1788722383.668,ORDER_FILLED,360287970300002623,360287970300002628,A,BUY,0.10,4492.25,4492.25,0.00,+0.0,4492.04,4492.04,4494.16,8.0,0.0,0.00,0,0.00,0.00,0.00,4758.68,58.68,INITIAL_FILL
2026-09-06 19:19:43.723,1788722383.723,POSITION_CLOSED_RATCHET_WIN,360287970300002631,360287970300002628,A,BUY,0.10,4492.25,4492.25,4493.25,+0.0,4493.25,4493.25,4494.16,0.0,0.0,0.10,0,10.00,0.70,9.30,4767.98,67.98,RATCHET_WIN
2026-09-06 19:19:43.939,1788722383.939,ORDER_FILLED,360287970300002634,360287970300002642,A,BUY,0.10,4493.71,4493.71,0.00,+0.0,4493.14,4493.14,4495.26,8.0,0.0,0.00,0,0.00,0.00,0.00,4767.98,67.98,INITIAL_FILL
2026-09-06 19:19:44.023,1788722384.023,POSITION_CLOSED_STOP_LOSS,360287970300002644,360287970300002642,A,BUY,0.10,4493.71,4493.71,4493.14,+0.0,4493.14,4493.14,4495.26,0.0,0.0,0.10,0,-5.70,0.70,-6.40,4761.58,61.58,STOP_LOSS
2026-09-06 19:19:44.297,1788722384.298,ORDER_FILLED,360287970300002653,360287970300002656,A,BUY,0.10,4492.29,4492.29,0.00,+0.0,4492.05,4492.05,4494.17,8.0,0.0,0.00,0,0.00,0.00,0.00,4761.58,61.58,INITIAL_FILL
2026-09-06 19:19:44.366,1788722384.367,POSITION_CLOSED_RATCHET_WIN,360287970300002665,360287970300002656,A,BUY,0.10,4492.29,4492.29,4492.79,+0.0,4492.79,4492.79,4494.17,0.0,0.0,0.10,0,5.00,0.70,4.30,4765.88,65.88,RATCHET_WIN
2026-09-06 19:19:44.949,1788722384.950,ORDER_FILLED,360287970300002671,360287970300002675,A,BUY,0.10,4489.10,4489.10,0.00,+0.0,4488.87,4488.87,4490.99,8.0,0.0,0.00,0,0.00,0.00,0.00,4765.88,65.88,INITIAL_FILL
2026-09-06 19:19:45.073,1788722385.073,POSITION_CLOSED_RATCHET_WIN,360287970300002679,360287970300002675,A,BUY,0.10,4489.10,4489.10,4490.10,+0.0,4490.10,4490.10,4490.99,0.0,0.0,0.10,0,10.00,0.70,9.30,4775.18,75.18,RATCHET_WIN
2026-09-06 19:19:45.488,1788722385.489,ORDER_FILLED,360287970300002685,360287970300002692,A,BUY,0.10,4488.50,4488.50,0.00,+0.0,4488.02,4488.02,4490.14,8.0,0.0,0.00,0,0.00,0.00,0.00,4775.18,75.18,INITIAL_FILL
2026-09-06 19:19:45.574,1788722385.575,POSITION_CLOSED_STOP_LOSS,360287970300002693,360287970300002692,A,BUY,0.10,4488.50,4488.50,4488.02,+0.0,4488.02,4488.02,4490.14,0.0,0.0,0.00,0,-4.80,0.70,-5.50,4769.68,69.68,STOP_LOSS
2026-09-06 19:19:45.642,1788722385.643,ORDER_FILLED,360287970300002700,360287970300002705,A,BUY,0.10,4487.78,4487.78,0.00,+0.0,4486.89,4486.89,4489.01,8.0,0.0,0.00,0,0.00,0.00,0.00,4769.68,69.68,INITIAL_FILL
2026-09-06 19:19:45.666,1788722385.666,POSITION_CLOSED_BE_PROTECTED,360287970300002709,360287970300002705,A,BUY,0.10,4487.78,4487.78,4487.83,+0.0,4487.83,4487.83,4489.01,0.0,0.0,0.00,0,0.50,0.70,-0.20,4769.48,69.48,BE_PROTECTED
2026-09-06 19:19:46.027,1788722386.028,ORDER_FILLED,360287970300002713,360287970300002721,B,BUY,0.03,4485.81,4485.81,0.00,+0.0,4485.35,4485.35,4488.80,8.0,0.0,0.00,0,0.00,0.00,0.00,4769.48,69.48,INITIAL_FILL
2026-09-06 19:19:46.028,1788722386.029,ORDER_FILLED,360287970300002725,360287970300002731,C,BUY,0.03,4485.81,4485.81,0.00,+0.0,4485.35,4485.35,4488.80,8.0,0.0,0.00,0,0.00,0.00,0.00,4769.48,69.48,INITIAL_FILL
2026-09-06 19:19:46.029,1788722386.030,ORDER_FILLED,360287970300002736,360287970300002737,C,SELL,0.03,4485.73,4485.73,0.00,+0.0,4485.59,4485.59,4482.14,8.0,0.0,0.00,0,0.00,0.00,0.00,4769.48,69.48,INITIAL_FILL
2026-09-06 19:19:46.032,1788722386.033,POSITION_CLOSED_STOP_LOSS,360287970300002744,360287970300002737,C,SELL,0.03,4485.73,4485.73,4485.59,+0.0,4485.59,4485.59,4482.14,0.0,0.0,0.00,0,0.42,0.21,0.21,4769.69,69.69,STOP_LOSS
2026-09-06 19:19:46.081,1788722386.081,POSITION_CLOSED_STOP_LOSS,360287970300002746,360287970300002721,B,BUY,0.03,4485.81,4485.81,4485.35,+0.0,4485.35,4485.35,4488.80,0.0,0.0,0.10,0,-1.38,0.21,-1.59,4768.10,68.10,STOP_LOSS
2026-09-06 19:19:46.084,1788722386.084,POSITION_CLOSED_STOP_LOSS,360287970300002755,360287970300002731,C,BUY,0.03,4485.81,4485.81,4485.35,+0.0,4485.35,4485.35,4488.80,0.0,0.0,0.10,0,-1.38,0.21,-1.59,4766.51,66.51,STOP_LOSS
2026-09-06 19:19:46.404,1788722386.404,ORDER_FILLED,360287970300002762,360287970300002764,B,BUY,0.03,4486.68,4486.68,0.00,+0.0,4486.57,4486.57,4490.02,8.0,0.0,0.00,0,0.00,0.00,0.00,4766.51,66.51,INITIAL_FILL
2026-09-06 19:19:46.406,1788722386.406,ORDER_FILLED,360287970300002768,360287970300002771,C,BUY,0.03,4486.68,4486.68,0.00,+0.0,4486.57,4486.57,4490.02,8.0,0.0,0.00,0,0.00,0.00,0.00,4766.51,66.51,INITIAL_FILL
2026-09-06 19:19:46.407,1788722386.407,ORDER_FILLED,360287970300002779,360287970300002786,C,SELL,0.03,4486.60,4486.60,0.00,+0.0,4486.81,4486.81,4483.36,8.0,0.0,0.00,0,0.00,0.00,0.00,4766.51,66.51,INITIAL_FILL
2026-09-06 19:19:46.412,1788722386.412,POSITION_CLOSED_STOP_LOSS,360287970300002787,360287970300002764,B,BUY,0.03,4486.68,4486.68,4486.57,+0.0,4486.57,4486.57,4490.02,0.0,0.0,0.00,0,-0.33,0.21,-0.54,4765.97,65.97,STOP_LOSS
2026-09-06 19:19:46.414,1788722386.414,POSITION_CLOSED_STOP_LOSS,360287970300002788,360287970300002771,C,BUY,0.03,4486.68,4486.68,4486.57,+0.0,4486.57,4486.57,4490.02,0.0,0.0,0.00,0,-0.33,0.21,-0.54,4765.43,65.43,STOP_LOSS
2026-09-06 19:19:46.433,1788722386.433,POSITION_CLOSED_STOP_LOSS,360287970300002796,360287970300002786,C,SELL,0.03,4486.60,4486.60,4486.81,+0.0,4486.81,4486.81,4483.36,0.0,0.0,0.00,0,-0.63,0.21,-0.84,4764.59,64.59,STOP_LOSS
2026-09-06 19:19:46.659,1788722386.660,ORDER_FILLED,360287970300002802,360287970300002806,A,BUY,0.10,4484.86,4484.86,0.00,+0.0,4484.04,4484.04,4486.16,8.0,0.0,0.00,0,0.00,0.00,0.00,4764.59,64.59,INITIAL_FILL
2026-09-06 19:19:47.033,1788722387.033,POSITION_CLOSED_WIN_TP,360287970300002811,360287970300002806,A,BUY,0.10,4484.86,4484.86,4486.16,+0.0,4485.36,4485.36,4486.16,0.0,0.0,0.40,0,13.00,0.70,12.30,4776.89,76.89,WIN_TP
2026-09-06 19:19:47.317,1788722387.318,ORDER_FILLED,360287970300002812,360287970300002821,A,BUY,0.10,4488.09,4488.09,0.00,+0.0,4486.46,4486.46,4488.58,8.0,0.0,0.00,0,0.00,0.00,0.00,4776.89,76.89,INITIAL_FILL
2026-09-06 19:19:47.441,1788722387.441,POSITION_CLOSED_STOP_LOSS,360287970300002828,360287970300002821,A,BUY,0.10,4488.09,4488.09,4486.46,+0.0,4486.46,4486.46,4488.58,0.0,0.0,0.10,0,-16.30,0.70,-17.00,4759.89,59.89,STOP_LOSS
2026-09-06 19:19:47.643,1788722387.644,ORDER_FILLED,360287970300002831,360287970300002839,B,BUY,0.03,4484.19,4484.19,0.00,+0.0,4483.76,4483.76,4487.21,8.0,0.0,0.00,0,0.00,0.00,0.00,4759.89,59.89,INITIAL_FILL
2026-09-06 19:19:47.644,1788722387.645,ORDER_FILLED,360287970300002848,360287970300002852,C,BUY,0.03,4484.19,4484.19,0.00,+0.0,4483.76,4483.76,4487.21,8.0,0.0,0.00,0,0.00,0.00,0.00,4759.89,59.89,INITIAL_FILL
2026-09-06 19:19:47.646,1788722387.647,ORDER_FILLED,360287970300002856,360287970300002865,C,SELL,0.03,4484.11,4484.11,0.00,+0.0,4484.00,4484.00,4480.55,8.0,0.0,0.00,0,0.00,0.00,0.00,4759.89,59.89,INITIAL_FILL
2026-09-06 19:19:47.648,1788722387.649,POSITION_CLOSED_STOP_LOSS,360287970300002867,360287970300002865,C,SELL,0.03,4484.11,4484.11,4484.00,+0.0,4484.00,4484.00,4480.55,0.0,0.0,0.00,0,0.33,0.21,0.12,4760.01,60.01,STOP_LOSS
2026-09-06 19:19:47.655,1788722387.656,POSITION_CLOSED_STOP_LOSS,360287970300002874,360287970300002839,B,BUY,0.03,4484.19,4484.19,4483.76,+0.0,4483.76,4483.76,4487.21,0.0,0.0,0.00,0,-1.29,0.21,-1.50,4758.51,58.51,STOP_LOSS
2026-09-06 19:19:47.657,1788722387.658,POSITION_CLOSED_STOP_LOSS,360287970300002878,360287970300002852,C,BUY,0.03,4484.19,4484.19,4483.76,+0.0,4483.76,4483.76,4487.21,0.0,0.0,0.00,0,-1.29,0.21,-1.50,4757.01,57.01,STOP_LOSS
2026-09-06 19:19:48.058,1788722388.058,ORDER_FILLED,360287970300002884,360287970300002886,B,BUY,0.03,4477.64,4477.64,0.00,+0.0,4476.07,4476.07,4479.52,8.0,0.0,0.00,0,0.00,0.00,0.00,4757.01,57.01,INITIAL_FILL
2026-09-06 19:19:48.059,1788722388.059,ORDER_FILLED,360287970300002895,360287970300002898,C,BUY,0.03,4477.64,4477.64,0.00,+0.0,4476.07,4476.07,4479.52,8.0,0.0,0.00,0,0.00,0.00,0.00,4757.01,57.01,INITIAL_FILL
2026-09-06 19:19:48.060,1788722388.060,ORDER_FILLED,360287970300002900,360287970300002907,C,SELL,0.03,4477.56,4477.56,0.00,+0.0,4476.31,4476.31,4472.86,8.0,0.0,0.00,0,0.00,0.00,0.00,4757.01,57.01,INITIAL_FILL
2026-09-06 19:19:48.062,1788722388.062,POSITION_CLOSED_STOP_LOSS,360287970300002910,360287970300002907,C,SELL,0.03,4477.56,4477.56,4476.31,+0.0,4476.31,4476.31,4472.86,0.0,0.0,0.00,0,3.75,0.21,3.54,4760.55,60.55,STOP_LOSS
2026-09-06 19:19:48.269,1788722388.269,POSITION_CLOSED_WIN_TP,360287970300002912,360287970300002886,B,BUY,0.03,4477.64,4477.64,4479.52,+0.0,4478.47,4478.47,4479.52,0.0,0.0,0.20,0,5.64,0.21,5.43,4765.98,65.98,WIN_TP
2026-09-06 19:19:48.273,1788722388.273,POSITION_CLOSED_WIN_TP,360287970300002914,360287970300002898,C,BUY,0.03,4477.64,4477.64,4479.52,+0.0,4478.47,4478.47,4479.52,0.0,0.0,0.20,0,5.64,0.21,5.43,4771.41,71.41,WIN_TP
2026-09-06 19:19:48.286,1788722388.286,ORDER_FILLED,360287970300002917,360287970300002923,B,BUY,0.03,4480.40,4480.40,0.00,+0.0,4479.20,4479.20,4482.65,8.0,0.0,0.00,0,0.00,0.00,0.00,4771.41,71.41,INITIAL_FILL
2026-09-06 19:19:48.287,1788722388.287,ORDER_FILLED,360287970300002924,360287970300002930,C,BUY,0.03,4480.40,4480.40,0.00,+0.0,4479.20,4479.20,4482.65,8.0,0.0,0.00,0,0.00,0.00,0.00,4771.41,71.41,INITIAL_FILL
2026-09-06 19:19:48.287,1788722388.287,ORDER_FILLED,360287970300002934,360287970300002942,C,SELL,0.03,4480.32,4480.32,0.00,+0.0,4479.44,4479.44,4475.99,8.0,0.0,0.00,0,0.00,0.00,0.00,4771.41,71.41,INITIAL_FILL
2026-09-06 19:19:48.292,1788722388.293,POSITION_CLOSED_STOP_LOSS,360287970300002949,360287970300002942,C,SELL,0.03,4480.32,4480.32,4479.44,+0.0,4479.44,4479.44,4475.99,0.0,0.0,0.00,0,2.64,0.21,2.43,4773.84,73.84,STOP_LOSS
2026-09-06 19:19:48.446,1788722388.447,POSITION_CLOSED_WIN_TP,360287970300002956,360287970300002923,B,BUY,0.03,4480.40,4480.40,4482.65,+0.0,4481.23,4481.23,4482.65,0.0,0.0,0.20,0,6.75,0.21,6.54,4780.38,80.38,WIN_TP
2026-09-06 19:19:48.454,1788722388.455,POSITION_CLOSED_WIN_TP,360287970300002957,360287970300002930,C,BUY,0.03,4480.40,4480.40,4482.65,+0.0,4481.23,4481.23,4482.65,0.0,0.0,0.20,0,6.75,0.21,6.54,4786.92,86.92,WIN_TP
2026-09-06 19:19:48.650,1788722388.650,ORDER_FILLED,360287970300002959,360287970300002963,A,BUY,0.10,4482.83,4482.83,0.00,+0.0,4482.51,4482.51,4484.63,8.0,0.0,0.00,0,0.00,0.00,0.00,4786.92,86.92,INITIAL_FILL
2026-09-06 19:19:48.652,1788722388.653,POSITION_CLOSED_STOP_LOSS,360287970300002971,360287970300002963,A,BUY,0.10,4482.83,4482.83,4482.51,+0.0,4482.51,4482.51,4484.63,0.0,0.0,0.00,0,-3.20,0.70,-3.90,4783.02,83.02,STOP_LOSS
2026-09-06 19:19:48.902,1788722388.902,ORDER_FILLED,360287970300002972,360287970300002976,A,BUY,0.10,4482.19,4482.19,0.00,+0.0,4481.50,4481.50,4483.62,8.0,0.0,0.00,0,0.00,0.00,0.00,4783.02,83.02,INITIAL_FILL
2026-09-06 19:19:48.990,1788722388.991,POSITION_CLOSED_STOP_LOSS,360287970300002980,360287970300002976,A,BUY,0.10,4482.19,4482.19,4481.50,+0.0,4481.50,4481.50,4483.62,0.0,0.0,0.10,0,-6.90,0.70,-7.60,4775.42,75.42,STOP_LOSS
2026-09-06 19:19:49.312,1788722389.312,ORDER_FILLED,360287970300002986,360287970300002991,A,BUY,0.10,4478.71,4478.71,0.00,+0.0,4478.51,4478.51,4480.63,8.0,0.0,0.00,0,0.00,0.00,0.00,4775.42,75.42,INITIAL_FILL
2026-09-06 19:19:49.325,1788722389.326,POSITION_CLOSED_STOP_LOSS,360287970300002992,360287970300002991,A,BUY,0.10,4478.71,4478.71,4478.51,+0.0,4478.51,4478.51,4480.63,0.0,0.0,0.00,0,-2.00,0.70,-2.70,4772.72,72.72,STOP_LOSS
2026-09-06 19:19:49.602,1788722389.602,ORDER_FILLED,360287970300002995,360287970300002999,B,BUY,0.03,4475.43,4475.43,0.00,+0.0,4475.05,4475.05,4478.50,8.0,0.0,0.00,0,0.00,0.00,0.00,4772.72,72.72,INITIAL_FILL
2026-09-06 19:19:49.603,1788722389.603,ORDER_FILLED,360287970300003000,360287970300003008,C,BUY,0.03,4475.43,4475.43,0.00,+0.0,4475.05,4475.05,4478.50,8.0,0.0,0.00,0,0.00,0.00,0.00,4772.72,72.72,INITIAL_FILL
2026-09-06 19:19:49.605,1788722389.605,ORDER_FILLED,360287970300003016,360287970300003017,C,SELL,0.03,4475.35,4475.35,0.00,+0.0,4475.29,4475.29,4471.84,8.0,0.0,0.00,0,0.00,0.00,0.00,4772.72,72.72,INITIAL_FILL
2026-09-06 19:19:49.607,1788722389.607,POSITION_CLOSED_STOP_LOSS,360287970300003022,360287970300003017,C,SELL,0.03,4475.35,4475.35,4475.29,+0.0,4475.29,4475.29,4471.84,0.0,0.0,0.00,0,0.18,0.21,-0.03,4772.69,72.69,STOP_LOSS
2026-09-06 19:19:49.706,1788722389.706,POSITION_CLOSED_STOP_LOSS,360287970300003023,360287970300002999,B,BUY,0.03,4475.43,4475.43,4475.05,+0.0,4475.05,4475.05,4478.50,0.0,0.0,0.10,0,-1.14,0.21,-1.35,4771.34,71.34,STOP_LOSS
2026-09-06 19:19:49.709,1788722389.709,POSITION_CLOSED_STOP_LOSS,360287970300003027,360287970300003008,C,BUY,0.03,4475.43,4475.43,4475.05,+0.0,4475.05,4475.05,4478.50,0.0,0.0,0.10,0,-1.14,0.21,-1.35,4769.99,69.99,STOP_LOSS
