timestamp,order_id,position_id,track_id,side,qty,entry_price,exit_price,tp_price,sl_price,duration_sec,gross_pnl,commission,net_pnl,close_reason,balance
2026-09-06 19:12:32.366,360287970300000020,360287970300000011,C,BUY,0.03,4429.80,4429.60,4433.05,4429.60,0.0,-0.60,0.21,-0.81,STOP_LOSS,4774.85
2026-09-06 19:12:32.367,360287970300000025,360287970300000016,C,SELL,0.03,4429.72,4426.39,4426.39,4428.06,0.0,9.99,0.21,9.78,WIN_TP,4784.63
2026-09-06 19:12:33.789,360287970300000019,360287970300000014,A,SELL,0.1,4423.57,4421.57,4421.57,4422.57,0.0,20.00,0.70,19.30,WIN_TP,4794.96
2026-09-06 19:12:34.084,360287970300000042,360287970300000037,A,SELL,0.1,4417.98,4418.10,4415.98,4418.10,0.0,-1.20,0.70,-1.90,STOP_LOSS,4793.06
2026-09-06 19:12:34.267,360287970300000055,360287970300000051,A,SELL,0.1,4420.54,4420.04,4418.54,4420.04,0.0,5.00,0.70,4.30,RATCHET_WIN,4797.36
2026-09-06 19:12:34.391,360287970300000070,360287970300000065,A,SELL,0.1,4420.86,4418.86,4418.86,4419.86,0.0,20.00,0.70,19.30,WIN_TP,4816.66
2026-09-06 19:12:34.503,360287970300000095,360287970300000087,A,SELL,0.1,4416.03,4415.53,4414.03,4415.53,0.0,5.00,0.70,4.30,RATCHET_WIN,4820.96
2026-09-06 19:12:34.584,360287970300000113,360287970300000104,A,SELL,0.1,4411.09,4409.09,4409.09,4410.09,0.0,20.00,0.70,19.30,WIN_TP,4840.26
2026-09-06 19:12:34.884,360287970300000126,360287970300000119,A,SELL,0.1,4397.55,4395.55,4395.55,4396.55,0.0,20.00,0.70,19.30,WIN_TP,4859.56
2026-09-06 19:12:34.991,360287970300000147,360287970300000142,A,SELL,0.1,4396.94,4394.94,4394.94,4395.94,0.0,20.00,0.70,19.30,WIN_TP,4878.86
2026-09-06 19:12:35.042,360287970300000169,360287970300000163,A,SELL,0.1,4385.02,4385.14,4383.02,4385.14,0.0,-1.20,0.70,-1.90,STOP_LOSS,4876.96
2026-09-06 19:12:35.075,360287970300000179,360287970300000178,A,SELL,0.1,4382.95,4380.95,4380.95,4381.95,0.0,20.00,0.70,19.30,WIN_TP,4896.26
2026-09-06 19:12:35.200,360287970300000188,360287970300000187,A,SELL,0.1,4373.81,4373.76,4371.81,4373.76,0.0,0.50,0.70,-0.20,BE_PROTECTED,4896.06
2026-09-06 19:12:35.254,360287970300000208,360287970300000202,A,SELL,0.1,4380.55,4378.55,4378.55,4379.55,0.0,20.00,0.70,19.30,WIN_TP,4915.36
2026-09-06 19:12:35.513,360287970300000226,360287970300000218,A,SELL,0.1,4376.65,4376.60,4374.65,4376.60,0.0,0.50,0.70,-0.20,BE_PROTECTED,4915.16
2026-09-06 19:12:35.579,360287970300000240,360287970300000236,A,SELL,0.1,4370.52,4368.52,4368.52,4369.52,0.0,20.00,0.70,19.30,WIN_TP,4934.46
2026-09-06 19:12:35.628,360287970300000249,360287970300000245,A,SELL,0.1,4373.72,4371.72,4371.72,4372.72,0.0,20.00,0.70,19.30,WIN_TP,4953.76
2026-09-06 19:12:35.931,360287970300000271,360287970300000263,A,SELL,0.1,4376.68,4376.63,4374.68,4376.63,0.0,0.50,0.70,-0.20,BE_PROTECTED,4953.56
2026-09-06 19:12:35.963,360287970300000286,360287970300000281,A,SELL,0.1,4376.13,4376.08,4374.13,4376.08,0.0,0.50,0.70,-0.20,BE_PROTECTED,4953.36
2026-09-06 19:12:36.003,360287970300000309,360287970300000300,A,SELL,0.1,4375.19,4374.69,4373.19,4374.69,0.0,5.00,0.70,4.30,RATCHET_WIN,4957.66
2026-09-06 19:12:36.040,360287970300000323,360287970300000317,A,SELL,0.1,4372.89,4370.89,4370.89,4371.89,0.0,20.00,0.70,19.30,WIN_TP,4976.96
2026-09-06 19:12:36.084,360287970300000345,360287970300000337,A,SELL,0.1,4370.73,4368.73,4368.73,4369.73,0.0,20.00,0.70,19.30,WIN_TP,4996.26
2026-09-06 19:12:36.577,360287970300000360,360287970300000357,A,SELL,0.1,4372.04,4370.04,4370.04,4371.04,0.0,20.00,0.70,19.30,WIN_TP,5015.56
2026-09-06 19:12:36.945,360287970300000369,360287970300000365,A,SELL,0.1,4368.40,4366.40,4366.40,4367.40,0.0,20.00,0.70,19.30,WIN_TP,5034.86
2026-09-06 19:12:37.095,360287970300000380,360287970300000378,A,SELL,0.1,4370.31,4368.31,4368.31,4369.31,0.0,20.00,0.70,19.30,WIN_TP,5054.16
2026-09-06 19:12:38.509,360287970300000393,360287970300000392,A,SELL,0.1,4378.08,4376.08,4376.08,4377.08,0.0,20.00,0.70,19.30,WIN_TP,5073.46
2026-09-06 19:12:38.846,360287970300000399,360287970300000396,A,SELL,0.1,4380.13,4378.13,4378.13,4379.13,0.0,20.00,0.70,19.30,WIN_TP,5092.76
2026-09-06 19:12:38.977,360287970300000415,360287970300000412,A,SELL,0.1,4380.37,4378.37,4378.37,4379.37,0.0,20.00,0.70,19.30,WIN_TP,5112.06
2026-09-06 19:12:39.583,360287970300000436,360287970300000430,A,BUY,0.1,4379.71,4381.62,4381.62,4380.71,0.0,19.10,0.70,18.40,WIN_TP,5130.46
2026-09-06 19:12:40.274,360287970300000457,360287970300000449,A,SELL,0.1,4374.32,4373.32,4372.32,4373.32,0.0,10.00,0.70,9.30,RATCHET_WIN,5139.76
2026-09-06 19:12:40.401,360287970300000475,360287970300000467,A,SELL,0.1,4370.83,4370.95,4368.83,4370.95,0.0,-1.20,0.70,-1.90,STOP_LOSS,5137.86
2026-09-06 19:12:40.430,360287970300000493,360287970300000489,A,SELL,0.1,4370.57,4368.57,4368.57,4369.57,0.0,20.00,0.70,19.30,WIN_TP,5157.16
2026-09-06 19:12:40.551,360287970300000506,360287970300000499,A,SELL,0.1,4372.99,4370.99,4370.99,4371.99,0.0,20.00,0.70,19.30,WIN_TP,5176.46
2026-09-06 19:12:40.797,360287970300000521,360287970300000512,A,SELL,0.1,4372.75,4370.75,4370.75,4371.75,0.0,20.00,0.70,19.30,WIN_TP,5195.76
2026-09-06 19:12:40.842,360287970300000540,360287970300000534,A,SELL,0.1,4367.54,4367.66,4365.54,4367.66,0.0,-1.20,0.70,-1.90,STOP_LOSS,5193.86
2026-09-06 19:12:40.901,360287970300000555,360287970300000553,A,SELL,0.1,4356.94,4354.94,4354.94,4355.94,0.0,20.00,0.70,19.30,WIN_TP,5213.16
2026-09-06 19:12:41.128,360287970300000566,360287970300000565,A,SELL,0.1,4367.24,4365.24,4365.24,4366.24,0.0,20.00,0.70,19.30,WIN_TP,5232.46
2026-09-06 19:12:41.154,360287970300000583,360287970300000582,A,SELL,0.1,4364.42,4364.37,4362.42,4364.37,0.0,0.50,0.70,-0.20,BE_PROTECTED,5232.26
2026-09-06 19:12:41.300,360287970300000602,360287970300000597,A,SELL,0.1,4360.03,4358.03,4358.03,4359.03,0.0,20.00,0.70,19.30,WIN_TP,5251.56
2026-09-06 19:12:41.326,360287970300000617,360287970300000612,A,SELL,0.1,4356.15,4354.15,4354.15,4355.15,0.0,20.00,0.70,19.30,WIN_TP,5270.86
2026-09-06 19:12:41.373,360287970300000626,360287970300000622,A,SELL,0.1,4336.83,4336.95,4334.83,4336.95,0.0,-1.20,0.70,-1.90,STOP_LOSS,5268.96
2026-09-06 19:12:41.412,360287970300000634,360287970300000631,A,SELL,0.1,4331.23,4331.35,4329.23,4331.35,0.0,-1.20,0.70,-1.90,STOP_LOSS,5267.06
2026-09-06 19:12:41.783,360287970300000648,360287970300000641,A,SELL,0.1,4339.23,4338.73,4337.23,4338.73,0.0,5.00,0.70,4.30,RATCHET_WIN,5271.36
2026-09-06 19:12:42.914,360287970300000658,360287970300000653,A,SELL,0.1,4358.31,4356.31,4356.31,4357.31,0.0,20.00,0.70,19.30,WIN_TP,5290.66
2026-09-06 19:12:43.056,360287970300000680,360287970300000674,A,BUY,0.1,4363.36,4365.27,4365.27,4364.36,0.0,19.10,0.70,18.40,WIN_TP,5309.06
2026-09-06 19:12:43.107,360287970300000700,360287970300000693,A,BUY,0.1,4366.57,4366.62,4368.48,4366.62,0.0,0.50,0.70,-0.20,BE_PROTECTED,5308.86
2026-09-06 19:12:43.142,360287970300000723,360287970300000717,A,BUY,0.1,4370.49,4370.28,4372.40,4370.28,0.0,-2.10,0.70,-2.80,STOP_LOSS,5306.06
2026-09-06 19:12:43.177,360287970300000744,360287970300000739,A,BUY,0.1,4371.64,4372.64,4373.55,4372.64,0.0,10.00,0.70,9.30,RATCHET_WIN,5315.36
2026-09-06 19:12:43.282,360287970300000766,360287970300000757,A,BUY,0.1,4368.90,4368.69,4370.81,4368.69,0.0,-2.10,0.70,-2.80,STOP_LOSS,5312.56
2026-09-06 19:12:43.371,360287970300000782,360287970300000775,A,BUY,0.1,4368.35,4368.14,4370.26,4368.14,0.0,-2.10,0.70,-2.80,STOP_LOSS,5309.76
2026-09-06 19:12:43.813,360287970300000020,360287970300000016,B,SELL,0.03,4423.57,4420.24,4420.24,4421.90,0.0,9.99,0.21,9.78,WIN_TP,4785.44
2026-09-06 19:12:44.010,360287970300000034,360287970300000029,B,SELL,0.03,4417.98,4418.10,4414.65,4418.10,0.0,-0.36,0.21,-0.57,STOP_LOSS,4784.87
2026-09-06 19:12:44.125,360287970300000051,360287970300000045,B,SELL,0.03,4420.54,4420.49,4417.21,4420.49,0.0,0.15,0.21,-0.06,BE_PROTECTED,4784.81
2026-09-06 19:12:44.219,360287970300000065,360287970300000064,B,SELL,0.03,4420.86,4417.53,4417.53,4419.19,0.0,9.99,0.21,9.78,WIN_TP,4794.59
2026-09-06 19:12:44.322,360287970300000072,360287970300000068,B,SELL,0.03,4416.03,4412.70,4412.70,4414.36,0.0,9.99,0.21,9.78,WIN_TP,4804.37
2026-09-06 19:12:44.370,360287970300000089,360287970300000085,B,SELL,0.03,4411.09,4407.76,4407.76,4409.43,0.0,9.99,0.21,9.78,WIN_TP,4814.15
2026-09-06 19:12:44.606,360287970300000106,360287970300000100,B,SELL,0.03,4397.55,4396.72,4394.22,4396.72,0.0,2.49,0.21,2.28,RATCHET_WIN,4816.43
2026-09-06 19:12:44.681,360287970300000124,360287970300000116,B,SELL,0.03,4396.94,4393.61,4393.61,4395.27,0.0,9.99,0.21,9.78,WIN_TP,4826.21
2026-09-06 19:12:44.714,360287970300000142,360287970300000134,B,SELL,0.03,4385.02,4385.14,4381.69,4385.14,0.0,-0.36,0.21,-0.57,STOP_LOSS,4825.64
2026-09-06 19:12:44.735,360287970300000160,360287970300000159,B,SELL,0.03,4382.95,4379.62,4379.62,4381.28,0.0,9.99,0.21,9.78,WIN_TP,4835.42
2026-09-06 19:12:44.811,360287970300000172,360287970300000171,B,SELL,0.03,4373.81,4370.48,4370.48,4372.15,0.0,9.99,0.21,9.78,WIN_TP,4845.20
2026-09-06 19:12:44.878,360287970300000192,360287970300000186,B,SELL,0.03,4380.55,4377.22,4377.22,4378.89,0.0,9.99,0.21,9.78,WIN_TP,4854.98
2026-09-06 19:12:45.174,360287970300000206,360287970300000205,B,SELL,0.03,4376.65,4376.77,4373.32,4376.77,0.0,-0.36,0.21,-0.57,STOP_LOSS,4854.41
2026-09-06 19:12:45.245,360287970300000226,360287970300000217,B,SELL,0.03,4370.52,4367.19,4367.19,4368.86,0.0,9.99,0.21,9.78,WIN_TP,4864.19
2026-09-06 19:12:45.284,360287970300000244,360287970300000237,B,SELL,0.03,4373.72,4370.39,4370.39,4372.06,0.0,9.99,0.21,9.78,WIN_TP,4873.97
2026-09-06 19:12:45.487,360287970300000255,360287970300000251,B,SELL,0.03,4376.68,4376.80,4373.35,4376.80,0.0,-0.36,0.21,-0.57,STOP_LOSS,4873.40
2026-09-06 19:12:45.517,360287970300000269,360287970300000264,B,SELL,0.03,4376.13,4376.08,4372.80,4376.08,0.0,0.15,0.21,-0.06,BE_PROTECTED,4873.34
2026-09-06 19:12:45.578,360287970300000287,360287970300000279,B,SELL,0.03,4375.19,4371.86,4371.86,4373.52,0.0,9.99,0.21,9.78,WIN_TP,4883.12
2026-09-06 19:12:45.602,360287970300000304,360287970300000297,B,SELL,0.03,4372.89,4369.56,4369.56,4371.23,0.0,9.99,0.21,9.78,WIN_TP,4892.90
2026-09-06 19:12:45.662,360287970300000326,360287970300000321,B,SELL,0.03,4370.73,4369.06,4367.40,4369.06,0.0,5.01,0.21,4.80,RATCHET_WIN,4897.70
2026-09-06 19:12:45.929,360287970300000341,360287970300000332,B,SELL,0.03,4372.04,4370.38,4368.71,4370.38,0.0,4.98,0.21,4.77,RATCHET_WIN,4902.47
2026-09-06 19:12:46.132,360287970300000352,360287970300000350,B,SELL,0.03,4368.40,4365.07,4365.07,4366.73,0.0,9.99,0.21,9.78,WIN_TP,4912.25
2026-09-06 19:12:46.228,360287970300000360,360287970300000359,B,SELL,0.03,4370.31,4366.98,4366.98,4368.65,0.0,9.99,0.21,9.78,WIN_TP,4922.03
2026-09-06 19:12:47.194,360287970300000376,360287970300000374,B,SELL,0.03,4378.08,4377.25,4374.75,4377.25,0.0,2.49,0.21,2.28,RATCHET_WIN,4924.31
2026-09-06 19:12:47.608,360287970300000390,360287970300000387,B,SELL,0.03,4380.13,4380.08,4376.80,4380.08,0.1,0.15,0.21,-0.06,RATCHET_WIN,4924.25
2026-09-06 19:12:47.793,360287970300000399,360287970300000397,B,SELL,0.03,4380.37,4377.04,4377.04,4378.70,0.0,9.99,0.21,9.78,WIN_TP,4934.03
2026-09-06 19:12:48.357,360287970300000412,360287970300000403,B,BUY,0.03,4379.71,4380.54,4382.95,4380.54,0.0,2.49,0.21,2.28,RATCHET_WIN,4936.31
2026-09-06 19:12:48.879,360287970300000434,360287970300000427,B,SELL,0.03,4374.32,4370.99,4370.99,4372.65,0.0,9.99,0.21,9.78,WIN_TP,4946.09
2026-09-06 19:12:48.981,360287970300000456,360287970300000447,B,SELL,0.03,4370.83,4370.95,4367.50,4370.95,0.0,-0.36,0.21,-0.57,STOP_LOSS,4945.52
2026-09-06 19:12:49.021,360287970300000476,360287970300000468,B,SELL,0.03,4370.57,4367.24,4367.24,4368.90,0.0,9.99,0.21,9.78,WIN_TP,4955.30
2026-09-06 19:12:49.154,360287970300000482,360287970300000479,B,SELL,0.03,4372.99,4369.66,4369.66,4371.32,0.0,9.99,0.21,9.78,WIN_TP,4965.08
2026-09-06 19:12:49.354,360287970300000496,360287970300000492,B,SELL,0.03,4372.75,4369.42,4369.42,4371.09,0.0,9.99,0.21,9.78,WIN_TP,4974.86
2026-09-06 19:12:49.387,360287970300000515,360287970300000507,B,SELL,0.03,4367.54,4367.66,4364.21,4367.66,0.0,-0.36,0.21,-0.57,STOP_LOSS,4974.29
2026-09-06 19:12:49.436,360287970300000534,360287970300000528,B,SELL,0.03,4356.94,4353.61,4353.61,4355.27,0.0,9.99,0.21,9.78,WIN_TP,4984.07
2026-09-06 19:12:49.643,360287970300000546,360287970300000545,B,SELL,0.03,4367.24,4366.41,4363.91,4366.41,0.0,2.49,0.21,2.28,RATCHET_WIN,4986.35
2026-09-06 19:12:49.663,360287970300000555,360287970300000552,B,SELL,0.03,4364.42,4364.54,4361.09,4364.54,0.0,-0.36,0.21,-0.57,STOP_LOSS,4985.78
2026-09-06 19:12:49.746,360287970300000567,360287970300000560,B,SELL,0.03,4360.03,4356.70,4356.70,4358.36,0.0,9.99,0.21,9.78,WIN_TP,4995.56
2026-09-06 19:12:49.760,360287970300000580,360287970300000576,B,SELL,0.03,4356.15,4352.82,4352.82,4354.48,0.0,9.99,0.21,9.78,WIN_TP,5005.34
2026-09-06 19:12:49.787,360287970300000590,360287970300000584,B,SELL,0.03,4336.83,4336.95,4333.50,4336.95,0.0,-0.36,0.21,-0.57,STOP_LOSS,5004.77
2026-09-06 19:12:49.817,360287970300000603,360287970300000602,B,SELL,0.03,4331.23,4331.35,4327.90,4331.35,0.0,-0.36,0.21,-0.57,STOP_LOSS,5004.20
2026-09-06 19:12:50.067,360287970300000615,360287970300000608,B,SELL,0.03,4339.23,4339.18,4335.90,4339.18,0.0,0.15,0.21,-0.06,BE_PROTECTED,5004.14
2026-09-06 19:12:50.859,360287970300000628,360287970300000623,B,SELL,0.03,4358.31,4354.98,4354.98,4356.65,0.0,9.99,0.21,9.78,WIN_TP,5013.92
2026-09-06 19:12:50.980,360287970300000647,360287970300000638,B,BUY,0.03,4363.36,4366.60,4366.60,4365.02,0.0,9.72,0.21,9.51,WIN_TP,5023.43
2026-09-06 19:12:51.022,360287970300000656,360287970300000653,B,BUY,0.03,4366.57,4366.36,4369.81,4366.36,0.0,-0.63,0.21,-0.84,STOP_LOSS,5022.59
2026-09-06 19:12:51.051,360287970300000674,360287970300000666,B,BUY,0.03,4370.49,4370.28,4373.73,4370.28,0.0,-0.63,0.21,-0.84,STOP_LOSS,5021.75
2026-09-06 19:12:51.089,360287970300000694,360287970300000689,B,BUY,0.03,4371.64,4373.31,4374.88,4373.31,0.0,5.01,0.21,4.80,RATCHET_WIN,5026.55
2026-09-06 19:12:51.144,360287970300000707,360287970300000701,B,BUY,0.03,4368.90,4368.69,4372.14,4368.69,0.0,-0.63,0.21,-0.84,STOP_LOSS,5025.71
2026-09-06 19:12:51.222,360287970300000714,360287970300000711,B,BUY,0.03,4368.35,4368.14,4371.59,4368.14,0.0,-0.63,0.21,-0.84,STOP_LOSS,5024.87
2026-09-06 19:12:51.504,360287970300000035,360287970300000014,C,BUY,0.03,4423.66,4423.45,4426.90,4423.45,0.0,-0.63,0.21,-0.84,STOP_LOSS,4774.82
2026-09-06 19:12:51.510,360287970300000044,360287970300000031,C,SELL,0.03,4423.57,4420.24,4420.24,4421.90,0.0,9.99,0.21,9.78,WIN_TP,4784.60
2026-09-06 19:12:51.623,360287970300000071,360287970300000052,C,BUY,0.03,4418.07,4417.86,4421.31,4417.86,0.0,-0.63,0.21,-0.84,STOP_LOSS,4783.76
2026-09-06 19:12:51.628,360287970300000072,360287970300000063,C,SELL,0.03,4417.98,4418.10,4414.65,4418.10,0.0,-0.36,0.21,-0.57,STOP_LOSS,4783.19
2026-09-06 19:12:51.702,360287970300000106,360287970300000086,C,BUY,0.03,4420.63,4420.42,4423.87,4420.42,0.0,-0.63,0.21,-0.84,STOP_LOSS,4782.35
2026-09-06 19:12:51.729,360287970300000113,360287970300000097,C,SELL,0.03,4420.54,4420.49,4417.21,4420.49,0.0,0.15,0.21,-0.06,BE_PROTECTED,4782.29
2026-09-06 19:12:51.787,360287970300000134,360287970300000122,C,BUY,0.03,4420.95,4420.74,4424.19,4420.74,0.0,-0.63,0.21,-0.84,STOP_LOSS,4781.45
2026-09-06 19:12:51.816,360287970300000136,360287970300000131,C,SELL,0.03,4420.86,4417.53,4417.53,4419.19,0.0,9.99,0.21,9.78,WIN_TP,4791.23
2026-09-06 19:12:51.885,360287970300000165,360287970300000154,C,BUY,0.03,4416.12,4415.91,4419.36,4415.91,0.0,-0.63,0.21,-0.84,STOP_LOSS,4790.39
2026-09-06 19:12:51.907,360287970300000166,360287970300000158,C,SELL,0.03,4416.03,4412.70,4412.70,4414.36,0.0,9.99,0.21,9.78,WIN_TP,4800.17
2026-09-06 19:12:51.937,360287970300000179,360287970300000171,C,BUY,0.03,4411.18,4410.97,4414.42,4410.97,0.0,-0.63,0.21,-0.84,STOP_LOSS,4799.33
2026-09-06 19:12:51.945,360287970300000188,360287970300000178,C,SELL,0.03,4411.09,4407.76,4407.76,4409.43,0.0,9.99,0.21,9.78,WIN_TP,4809.11
2026-09-06 19:12:52.118,360287970300000216,360287970300000199,C,BUY,0.03,4397.64,4397.43,4400.88,4397.43,0.0,-0.63,0.21,-0.84,STOP_LOSS,4808.27
2026-09-06 19:12:52.147,360287970300000218,360287970300000213,C,SELL,0.03,4397.55,4396.72,4394.22,4396.72,0.0,2.49,0.21,2.28,RATCHET_WIN,4810.55
2026-09-06 19:12:52.212,360287970300000238,360287970300000227,C,BUY,0.03,4397.03,4396.82,4400.27,4396.82,0.0,-0.63,0.21,-0.84,STOP_LOSS,4809.71
2026-09-06 19:12:52.229,360287970300000247,360287970300000231,C,SELL,0.03,4396.94,4393.61,4393.61,4395.27,0.0,9.99,0.21,9.78,WIN_TP,4819.49
2026-09-06 19:12:52.262,360287970300000273,360287970300000265,C,SELL,0.03,4385.02,4385.14,4381.69,4385.14,0.0,-0.36,0.21,-0.57,STOP_LOSS,4818.92
2026-09-06 19:12:52.267,360287970300000282,360287970300000259,C,BUY,0.03,4385.11,4384.90,4388.35,4384.90,0.0,-0.63,0.21,-0.84,STOP_LOSS,4818.08
2026-09-06 19:12:52.292,360287970300000311,360287970300000295,C,BUY,0.03,4383.04,4382.83,4386.28,4382.83,0.0,-0.63,0.21,-0.84,STOP_LOSS,4817.24
2026-09-06 19:12:52.299,360287970300000318,360287970300000309,C,SELL,0.03,4382.95,4379.62,4379.62,4381.28,0.0,9.99,0.21,9.78,WIN_TP,4827.02
2026-09-06 19:12:52.364,360287970300000352,360287970300000335,C,BUY,0.03,4373.90,4373.69,4377.14,4373.69,0.0,-0.63,0.21,-0.84,STOP_LOSS,4826.18
2026-09-06 19:12:52.381,360287970300000359,360287970300000347,C,SELL,0.03,4373.81,4370.48,4370.48,4372.15,0.0,9.99,0.21,9.78,WIN_TP,4835.96
2026-09-06 19:12:52.451,360287970300000380,360287970300000366,C,BUY,0.03,4380.64,4380.43,4383.88,4380.43,0.0,-0.63,0.21,-0.84,STOP_LOSS,4835.12
2026-09-06 19:12:52.459,360287970300000385,360287970300000372,C,SELL,0.03,4380.55,4377.22,4377.22,4378.89,0.0,9.99,0.21,9.78,WIN_TP,4844.90
2026-09-06 19:12:52.727,360287970300000411,360287970300000391,C,BUY,0.03,4376.74,4376.53,4379.98,4376.53,0.0,-0.63,0.21,-0.84,STOP_LOSS,4844.06
2026-09-06 19:12:52.731,360287970300000413,360287970300000408,C,SELL,0.03,4376.65,4376.77,4373.32,4376.77,0.0,-0.36,0.21,-0.57,STOP_LOSS,4843.49
2026-09-06 19:12:52.798,360287970300000445,360287970300000424,C,BUY,0.03,4370.61,4370.40,4373.85,4370.40,0.0,-0.63,0.21,-0.84,STOP_LOSS,4842.65
2026-09-06 19:12:52.814,360287970300000449,360287970300000437,C,SELL,0.03,4370.52,4367.19,4367.19,4368.86,0.0,9.99,0.21,9.78,WIN_TP,4852.43
2026-09-06 19:12:52.857,360287970300000468,360287970300000459,C,BUY,0.03,4373.81,4373.60,4377.05,4373.60,0.0,-0.63,0.21,-0.84,STOP_LOSS,4851.59
2026-09-06 19:12:52.858,360287970300000470,360287970300000465,C,SELL,0.03,4373.72,4370.39,4370.39,4372.06,0.0,9.99,0.21,9.78,WIN_TP,4861.37
2026-09-06 19:12:53.068,360287970300000497,360287970300000483,C,BUY,0.03,4376.77,4376.56,4380.01,4376.56,0.0,-0.63,0.21,-0.84,STOP_LOSS,4860.53
2026-09-06 19:12:53.096,360287970300000505,360287970300000493,C,SELL,0.03,4376.68,4376.80,4373.35,4376.80,0.0,-0.36,0.21,-0.57,STOP_LOSS,4859.96
2026-09-06 19:12:53.117,360287970300000532,360287970300000519,C,BUY,0.03,4376.22,4376.01,4379.46,4376.01,0.0,-0.63,0.21,-0.84,STOP_LOSS,4859.12
2026-09-06 19:12:53.133,360287970300000539,360287970300000529,C,SELL,0.03,4376.13,4376.08,4372.80,4376.08,0.0,0.15,0.21,-0.06,BE_PROTECTED,4859.06
2026-09-06 19:12:53.148,360287970300000566,360287970300000554,C,BUY,0.03,4375.28,4375.07,4378.52,4375.07,0.0,-0.63,0.21,-0.84,STOP_LOSS,4858.22
2026-09-06 19:12:53.192,360287970300000572,360287970300000565,C,SELL,0.03,4375.19,4371.86,4371.86,4373.52,0.0,9.99,0.21,9.78,WIN_TP,4868.00
2026-09-06 19:12:53.213,360287970300000597,360287970300000579,C,BUY,0.03,4372.98,4372.77,4376.22,4372.77,0.0,-0.63,0.21,-0.84,STOP_LOSS,4867.16
2026-09-06 19:12:53.218,360287970300000600,360287970300000592,C,SELL,0.03,4372.89,4369.56,4369.56,4371.23,0.0,9.99,0.21,9.78,WIN_TP,4876.94
2026-09-06 19:12:53.253,360287970300000616,360287970300000605,C,BUY,0.03,4370.82,4370.61,4374.06,4370.61,0.0,-0.63,0.21,-0.84,STOP_LOSS,4876.10
2026-09-06 19:12:53.282,360287970300000624,360287970300000613,C,SELL,0.03,4370.73,4369.06,4367.40,4369.06,0.0,5.01,0.21,4.80,RATCHET_WIN,4880.90
2026-09-06 19:12:53.492,360287970300000651,360287970300000639,C,BUY,0.03,4372.13,4371.92,4375.37,4371.92,0.0,-0.63,0.21,-0.84,STOP_LOSS,4880.06
2026-09-06 19:12:53.506,360287970300000659,360287970300000648,C,SELL,0.03,4372.04,4370.38,4368.71,4370.38,0.0,4.98,0.21,4.77,RATCHET_WIN,4884.83
2026-09-06 19:12:53.736,360287970300000681,360287970300000669,C,BUY,0.03,4368.49,4368.28,4371.73,4368.28,0.0,-0.63,0.21,-0.84,STOP_LOSS,4883.99
2026-09-06 19:12:53.738,360287970300000687,360287970300000679,C,SELL,0.03,4368.40,4365.07,4365.07,4366.73,0.0,9.99,0.21,9.78,WIN_TP,4893.77
2026-09-06 19:12:53.815,360287970300000707,360287970300000697,C,BUY,0.03,4370.40,4370.19,4373.64,4370.19,0.0,-0.63,0.21,-0.84,STOP_LOSS,4892.93
2026-09-06 19:12:53.847,360287970300000715,360287970300000699,C,SELL,0.03,4370.31,4366.98,4366.98,4368.65,0.0,9.99,0.21,9.78,WIN_TP,4902.71
2026-09-06 19:12:54.960,360287970300000732,360287970300000721,C,BUY,0.03,4378.17,4377.96,4381.41,4377.96,0.0,-0.63,0.21,-0.84,STOP_LOSS,4901.87
2026-09-06 19:12:54.979,360287970300000734,360287970300000728,C,SELL,0.03,4378.08,4377.25,4374.75,4377.25,0.0,2.49,0.21,2.28,RATCHET_WIN,4904.15
2026-09-06 19:12:55.286,360287970300000756,360287970300000746,C,BUY,0.03,4380.22,4380.01,4383.46,4380.01,0.0,-0.63,0.21,-0.84,STOP_LOSS,4903.31
2026-09-06 19:12:55.358,360287970300000757,360287970300000752,C,SELL,0.03,4380.13,4380.08,4376.80,4380.08,0.1,0.15,0.21,-0.06,RATCHET_WIN,4903.25
2026-09-06 19:12:55.533,360287970300000780,360287970300000768,C,BUY,0.03,4380.46,4380.25,4383.70,4380.25,0.0,-0.63,0.21,-0.84,STOP_LOSS,4902.41
2026-09-06 19:12:55.545,360287970300000785,360287970300000776,C,SELL,0.03,4380.37,4377.04,4377.04,4378.70,0.0,9.99,0.21,9.78,WIN_TP,4912.19
2026-09-06 19:12:56.139,360287970300000816,360287970300000813,C,SELL,0.03,4379.62,4379.74,4376.29,4379.74,0.0,-0.36,0.21,-0.57,STOP_LOSS,4911.62
2026-09-06 19:12:56.158,360287970300000823,360287970300000798,C,BUY,0.03,4379.71,4380.54,4382.95,4380.54,0.0,2.49,0.21,2.28,RATCHET_WIN,4913.90
2026-09-06 19:12:56.784,360287970300000846,360287970300000835,C,BUY,0.03,4374.41,4374.20,4377.65,4374.20,0.0,-0.63,0.21,-0.84,STOP_LOSS,4913.06
2026-09-06 19:12:56.843,360287970300000851,360287970300000845,C,SELL,0.03,4374.32,4370.99,4370.99,4372.65,0.1,9.99,0.21,9.78,WIN_TP,4922.84
2026-09-06 19:12:57.010,360287970300000875,360287970300000869,C,SELL,0.03,4370.83,4370.95,4367.50,4370.95,0.0,-0.36,0.21,-0.57,STOP_LOSS,4922.27
2026-09-06 19:12:57.024,360287970300000884,360287970300000859,C,BUY,0.03,4370.92,4370.71,4374.16,4370.71,0.0,-0.63,0.21,-0.84,STOP_LOSS,4921.43
2026-09-06 19:12:57.050,360287970300000900,360287970300000890,C,BUY,0.03,4370.66,4370.45,4373.90,4370.45,0.0,-0.63,0.21,-0.84,STOP_LOSS,4920.59
2026-09-06 19:12:57.071,360287970300000902,360287970300000896,C,SELL,0.03,4370.57,4367.24,4367.24,4368.90,0.0,9.99,0.21,9.78,WIN_TP,4930.37
2026-09-06 19:12:57.210,360287970300000917,360287970300000912,C,BUY,0.03,4373.08,4372.87,4376.32,4372.87,0.0,-0.63,0.21,-0.84,STOP_LOSS,4929.53
2026-09-06 19:12:57.221,360287970300000919,360287970300000915,C,SELL,0.03,4372.99,4369.66,4369.66,4371.32,0.0,9.99,0.21,9.78,WIN_TP,4939.31
2026-09-06 19:12:57.481,360287970300000945,360287970300000924,C,BUY,0.03,4372.84,4372.63,4376.08,4372.63,0.0,-0.63,0.21,-0.84,STOP_LOSS,4938.47
2026-09-06 19:12:57.488,360287970300000951,360287970300000939,C,SELL,0.03,4372.75,4369.42,4369.42,4371.09,0.0,9.99,0.21,9.78,WIN_TP,4948.25
2026-09-06 19:12:57.529,360287970300000987,360287970300000978,C,SELL,0.03,4367.54,4367.66,4364.21,4367.66,0.0,-0.36,0.21,-0.57,STOP_LOSS,4947.68
2026-09-06 19:12:57.539,360287970300000992,360287970300000963,C,BUY,0.03,4367.63,4367.42,4370.87,4367.42,0.0,-0.63,0.21,-0.84,STOP_LOSS,4946.84
2026-09-06 19:12:57.593,360287970300001021,360287970300001002,C,BUY,0.03,4357.03,4356.82,4360.27,4356.82,0.0,-0.63,0.21,-0.84,STOP_LOSS,4946.00
2026-09-06 19:12:57.608,360287970300001030,360287970300001014,C,SELL,0.03,4356.94,4353.61,4353.61,4355.27,0.0,9.99,0.21,9.78,WIN_TP,4955.78
2026-09-06 19:12:57.819,360287970300001048,360287970300001034,C,BUY,0.03,4367.33,4367.12,4370.57,4367.12,0.0,-0.63,0.21,-0.84,STOP_LOSS,4954.94
2026-09-06 19:12:57.822,360287970300001053,360287970300001044,C,SELL,0.03,4367.24,4366.41,4363.91,4366.41,0.0,2.49,0.21,2.28,RATCHET_WIN,4957.22
2026-09-06 19:12:57.845,360287970300001078,360287970300001059,C,BUY,0.03,4364.51,4364.30,4367.75,4364.30,0.0,-0.63,0.21,-0.84,STOP_LOSS,4956.38
2026-09-06 19:12:57.854,360287970300001080,360287970300001069,C,SELL,0.03,4364.42,4364.54,4361.09,4364.54,0.0,-0.36,0.21,-0.57,STOP_LOSS,4955.81
2026-09-06 19:12:57.980,360287970300001098,360287970300001084,C,BUY,0.03,4360.12,4359.91,4363.36,4359.91,0.0,-0.63,0.21,-0.84,STOP_LOSS,4954.97
2026-09-06 19:12:57.983,360287970300001101,360287970300001089,C,SELL,0.03,4360.03,4356.70,4356.70,4358.36,0.0,9.99,0.21,9.78,WIN_TP,4964.75
2026-09-06 19:12:58.003,360287970300001133,360287970300001110,C,BUY,0.03,4356.24,4356.03,4359.48,4356.03,0.0,-0.63,0.21,-0.84,STOP_LOSS,4963.91
2026-09-06 19:12:58.006,360287970300001136,360287970300001124,C,SELL,0.03,4356.15,4352.82,4352.82,4354.48,0.0,9.99,0.21,9.78,WIN_TP,4973.69
2026-09-06 19:12:58.054,360287970300001155,360287970300001150,C,SELL,0.03,4336.83,4336.95,4333.50,4336.95,0.0,-0.36,0.21,-0.57,STOP_LOSS,4973.12
2026-09-06 19:12:58.057,360287970300001158,360287970300001140,C,BUY,0.03,4336.92,4336.71,4340.16,4336.71,0.0,-0.63,0.21,-0.84,STOP_LOSS,4972.28
2026-09-06 19:12:58.110,360287970300001176,360287970300001170,C,SELL,0.03,4331.23,4331.35,4327.90,4331.35,0.0,-0.36,0.21,-0.57,STOP_LOSS,4971.71
2026-09-06 19:12:58.113,360287970300001181,360287970300001168,C,BUY,0.03,4331.32,4331.11,4334.56,4331.11,0.0,-0.63,0.21,-0.84,STOP_LOSS,4970.87
2026-09-06 19:12:58.454,360287970300001197,360287970300001187,C,BUY,0.03,4339.32,4339.11,4342.56,4339.11,0.0,-0.63,0.21,-0.84,STOP_LOSS,4970.03
2026-09-06 19:12:58.461,360287970300001201,360287970300001191,C,SELL,0.03,4339.23,4339.18,4335.90,4339.18,0.0,0.15,0.21,-0.06,BE_PROTECTED,4969.97
2026-09-06 19:12:59.579,360287970300001232,360287970300001215,C,BUY,0.03,4358.40,4358.19,4361.64,4358.19,0.0,-0.63,0.21,-0.84,STOP_LOSS,4969.13
2026-09-06 19:12:59.582,360287970300001238,360287970300001229,C,SELL,0.03,4358.31,4354.98,4354.98,4356.65,0.0,9.99,0.21,9.78,WIN_TP,4978.91
2026-09-06 19:12:59.718,360287970300001258,360287970300001250,C,SELL,0.03,4363.27,4363.39,4359.94,4363.39,0.0,-0.36,0.21,-0.57,STOP_LOSS,4978.34
2026-09-06 19:12:59.734,360287970300001267,360287970300001243,C,BUY,0.03,4363.36,4366.60,4366.60,4365.02,0.0,9.72,0.21,9.51,WIN_TP,4987.85
2026-09-06 19:12:59.770,360287970300001297,360287970300001288,C,SELL,0.03,4366.48,4366.60,4363.15,4366.60,0.0,-0.36,0.21,-0.57,STOP_LOSS,4987.28
2026-09-06 19:12:59.801,360287970300001305,360287970300001278,C,BUY,0.03,4366.57,4366.36,4369.81,4366.36,0.0,-0.63,0.21,-0.84,STOP_LOSS,4986.44
2026-09-06 19:12:59.836,360287970300001332,360287970300001330,C,SELL,0.03,4370.40,4370.52,4367.07,4370.52,0.0,-0.36,0.21,-0.57,STOP_LOSS,4985.87
2026-09-06 19:12:59.845,360287970300001335,360287970300001316,C,BUY,0.03,4370.49,4370.28,4373.73,4370.28,0.0,-0.63,0.21,-0.84,STOP_LOSS,4985.03
2026-09-06 19:12:59.874,360287970300001363,360287970300001356,C,SELL,0.03,4371.55,4371.67,4368.22,4371.67,0.0,-0.36,0.21,-0.57,STOP_LOSS,4984.46
2026-09-06 19:12:59.905,360287970300001364,360287970300001343,C,BUY,0.03,4371.64,4373.31,4374.88,4373.31,0.0,5.01,0.21,4.80,RATCHET_WIN,4989.26
2026-09-06 19:13:00.002,360287970300001377,360287970300001370,C,BUY,0.03,4368.90,4368.69,4372.14,4368.69,0.0,-0.63,0.21,-0.84,STOP_LOSS,4988.42
2026-09-06 19:13:00.016,360287970300001378,360287970300001372,C,SELL,0.03,4368.81,4368.76,4365.48,4368.76,0.0,0.15,0.21,-0.06,BE_PROTECTED,4988.36
2026-09-06 19:13:00.137,360287970300001403,360287970300001399,C,SELL,0.03,4368.26,4368.38,4364.93,4368.38,0.0,-0.36,0.21,-0.57,STOP_LOSS,4987.79
2026-09-06 19:13:00.141,360287970300001404,360287970300001387,C,BUY,0.03,4368.35,4368.14,4371.59,4368.14,0.0,-0.63,0.21,-0.84,STOP_LOSS,4986.95
2026-09-06 19:13:01.581,360287970300000022,360287970300000013,A,SELL,0.1,4423.57,4421.57,4421.57,4422.57,0.0,20.00,0.70,19.30,WIN_TP,4794.96
2026-09-06 19:13:01.790,360287970300000031,360287970300000028,A,SELL,0.1,4417.98,4418.10,4415.98,4418.10,0.0,-1.20,0.70,-1.90,STOP_LOSS,4793.06
2026-09-06 19:13:02.260,360287970300000046,360287970300000043,A,SELL,0.1,4420.54,4420.04,4418.54,4420.04,0.4,5.00,0.70,4.30,RATCHET_WIN,4797.36
2026-09-06 19:13:02.368,360287970300000068,360287970300000061,A,SELL,0.1,4420.86,4420.36,4418.86,4420.36,0.0,5.00,0.70,4.30,RATCHET_WIN,4801.66
2026-09-06 19:13:02.545,360287970300000082,360287970300000073,A,SELL,0.1,4416.03,4415.03,4414.03,4415.03,0.0,10.00,0.70,9.30,RATCHET_WIN,4810.96
2026-09-06 19:13:02.595,360287970300000105,360287970300000096,A,SELL,0.1,4411.09,4410.59,4409.09,4410.59,0.0,5.00,0.70,4.30,RATCHET_WIN,4815.26
2026-09-06 19:13:02.819,360287970300000118,360287970300000112,A,SELL,0.1,4397.55,4395.55,4395.55,4396.55,0.0,20.00,0.70,19.30,WIN_TP,4834.56
2026-09-06 19:13:02.897,360287970300000133,360287970300000131,A,SELL,0.1,4396.94,4394.94,4394.94,4395.94,0.0,20.00,0.70,19.30,WIN_TP,4853.86
2026-09-06 19:13:02.930,360287970300000143,360287970300000141,A,SELL,0.1,4385.02,4385.14,4383.02,4385.14,0.0,-1.20,0.70,-1.90,STOP_LOSS,4851.96
2026-09-06 19:13:02.945,360287970300000160,360287970300000159,A,SELL,0.1,4382.95,4380.95,4380.95,4381.95,0.0,20.00,0.70,19.30,WIN_TP,4871.26
2026-09-06 19:13:03.011,360287970300000175,360287970300000172,A,SELL,0.1,4373.81,4373.31,4371.81,4373.31,0.0,5.00,0.70,4.30,RATCHET_WIN,4875.56
2026-09-06 19:13:03.068,360287970300000194,360287970300000186,A,SELL,0.1,4380.55,4378.55,4378.55,4379.55,0.0,20.00,0.70,19.30,WIN_TP,4894.86
2026-09-06 19:13:03.416,360287970300000208,360287970300000202,A,SELL,0.1,4376.65,4376.60,4374.65,4376.60,0.0,0.50,0.70,-0.20,BE_PROTECTED,4894.66
2026-09-06 19:13:03.500,360287970300000223,360287970300000218,A,SELL,0.1,4370.52,4368.52,4368.52,4369.52,0.0,20.00,0.70,19.30,WIN_TP,4913.96
2026-09-06 19:13:03.572,360287970300000235,360287970300000232,A,SELL,0.1,4373.72,4371.72,4371.72,4372.72,0.0,20.00,0.70,19.30,WIN_TP,4933.26
2026-09-06 19:13:03.974,360287970300000251,360287970300000250,A,SELL,0.1,4376.68,4376.63,4374.68,4376.63,0.0,0.50,0.70,-0.20,BE_PROTECTED,4933.06
2026-09-06 19:13:04.002,360287970300000269,360287970300000265,A,SELL,0.1,4376.13,4376.25,4374.13,4376.25,0.0,-1.20,0.70,-1.90,STOP_LOSS,4931.16
2026-09-06 19:13:04.067,360287970300000279,360287970300000278,A,SELL,0.1,4375.19,4374.19,4373.19,4374.19,0.0,10.00,0.70,9.30,RATCHET_WIN,4940.46
2026-09-06 19:13:04.093,360287970300000287,360287970300000286,A,SELL,0.1,4372.89,4370.89,4370.89,4371.89,0.0,20.00,0.70,19.30,WIN_TP,4959.76
2026-09-06 19:13:04.158,360287970300000298,360287970300000297,A,SELL,0.1,4370.73,4368.73,4368.73,4369.73,0.0,20.00,0.70,19.30,WIN_TP,4979.06
2026-09-06 19:13:04.555,360287970300000309,360287970300000308,A,SELL,0.1,4372.04,4370.04,4370.04,4371.04,0.0,20.00,0.70,19.30,WIN_TP,4998.36
2026-09-06 19:13:04.903,360287970300000333,360287970300000324,A,SELL,0.1,4368.40,4366.40,4366.40,4367.40,0.0,20.00,0.70,19.30,WIN_TP,5017.66
2026-09-06 19:13:05.044,360287970300000347,360287970300000340,A,SELL,0.1,4370.31,4369.81,4368.31,4369.81,0.0,5.00,0.70,4.30,RATCHET_WIN,5021.96
2026-09-06 19:13:06.666,360287970300000354,360287970300000350,A,SELL,0.1,4378.08,4376.08,4376.08,4377.08,0.0,20.00,0.70,19.30,WIN_TP,5041.26
2026-09-06 19:13:06.970,360287970300000374,360287970300000370,A,SELL,0.1,4380.13,4378.13,4378.13,4379.13,0.0,20.00,0.70,19.30,WIN_TP,5060.56
2026-09-06 19:13:07.112,360287970300000380,360287970300000379,A,SELL,0.1,4380.37,4378.37,4378.37,4379.37,0.0,20.00,0.70,19.30,WIN_TP,5079.86
2026-09-06 19:13:07.610,360287970300000396,360287970300000392,A,BUY,0.1,4379.71,4381.62,4381.62,4380.71,0.0,19.10,0.70,18.40,WIN_TP,5098.26
2026-09-06 19:13:08.019,360287970300000412,360287970300000408,A,SELL,0.1,4374.32,4372.32,4372.32,4373.32,0.0,20.00,0.70,19.30,WIN_TP,5117.56
2026-09-06 19:13:08.139,360287970300000430,360287970300000421,A,SELL,0.1,4370.83,4370.95,4368.83,4370.95,0.0,-1.20,0.70,-1.90,STOP_LOSS,5115.66
2026-09-06 19:13:08.166,360287970300000448,360287970300000445,A,SELL,0.1,4370.57,4370.07,4368.57,4370.07,0.0,5.00,0.70,4.30,RATCHET_WIN,5119.96
2026-09-06 19:13:08.275,360287970300000465,360287970300000463,A,SELL,0.1,4372.99,4370.99,4370.99,4371.99,0.0,20.00,0.70,19.30,WIN_TP,5139.26
2026-09-06 19:13:08.505,360287970300000482,360287970300000479,A,SELL,0.1,4372.75,4372.25,4370.75,4372.25,0.0,5.00,0.70,4.30,RATCHET_WIN,5143.56
2026-09-06 19:13:08.541,360287970300000493,360287970300000491,A,SELL,0.1,4367.54,4367.66,4365.54,4367.66,0.0,-1.20,0.70,-1.90,STOP_LOSS,5141.66
2026-09-06 19:13:08.595,360287970300000505,360287970300000504,A,SELL,0.1,4356.94,4357.06,4354.94,4357.06,0.0,-1.20,0.70,-1.90,STOP_LOSS,5139.76
2026-09-06 19:13:08.783,360287970300000521,360287970300000516,A,SELL,0.1,4367.24,4366.74,4365.24,4366.74,0.0,5.00,0.70,4.30,RATCHET_WIN,5144.06
2026-09-06 19:13:08.799,360287970300000531,360287970300000530,A,SELL,0.1,4364.42,4364.54,4362.42,4364.54,0.0,-1.20,0.70,-1.90,STOP_LOSS,5142.16
2026-09-06 19:13:08.903,360287970300000543,360287970300000542,A,SELL,0.1,4360.03,4358.03,4358.03,4359.03,0.0,20.00,0.70,19.30,WIN_TP,5161.46
2026-09-06 19:13:08.919,360287970300000553,360287970300000549,A,SELL,0.1,4356.15,4354.15,4354.15,4355.15,0.0,20.00,0.70,19.30,WIN_TP,5180.76
2026-09-06 19:13:08.957,360287970300000568,360287970300000561,A,SELL,0.1,4336.83,4336.95,4334.83,4336.95,0.0,-1.20,0.70,-1.90,STOP_LOSS,5178.86
2026-09-06 19:13:08.996,360287970300000587,360287970300000584,A,SELL,0.1,4331.23,4331.35,4329.23,4331.35,0.0,-1.20,0.70,-1.90,STOP_LOSS,5176.96
2026-09-06 19:13:09.344,360287970300000601,360287970300000595,A,SELL,0.1,4339.23,4339.35,4337.23,4339.35,0.0,-1.20,0.70,-1.90,STOP_LOSS,5175.06
2026-09-06 19:13:10.164,360287970300000616,360287970300000614,A,SELL,0.1,4358.31,4356.31,4356.31,4357.31,0.0,20.00,0.70,19.30,WIN_TP,5194.36
2026-09-06 19:13:10.255,360287970300000623,360287970300000621,A,BUY,0.1,4363.36,4365.27,4365.27,4364.36,0.0,19.10,0.70,18.40,WIN_TP,5212.76
2026-09-06 19:13:10.297,360287970300000633,360287970300000632,A,BUY,0.1,4366.57,4366.62,4368.48,4366.62,0.0,0.50,0.70,-0.20,BE_PROTECTED,5212.56
2026-09-06 19:13:10.328,360287970300000643,360287970300000641,A,BUY,0.1,4370.49,4370.28,4372.40,4370.28,0.0,-2.10,0.70,-2.80,STOP_LOSS,5209.76
2026-09-06 19:13:10.353,360287970300000661,360287970300000652,A,BUY,0.1,4371.64,4372.14,4373.55,4372.14,0.0,5.00,0.70,4.30,RATCHET_WIN,5214.06
2026-09-06 19:13:10.421,360287970300000670,360287970300000663,A,BUY,0.1,4368.90,4368.69,4370.81,4368.69,0.0,-2.10,0.70,-2.80,STOP_LOSS,5211.26
2026-09-06 19:13:10.523,360287970300000696,360287970300000687,A,BUY,0.1,4368.35,4368.40,4370.26,4368.40,0.0,0.50,0.70,-0.20,BE_PROTECTED,5211.06
2026-09-06 19:13:10.873,360287970300000015,360287970300000006,B,SELL,0.03,4423.57,4420.24,4420.24,4421.90,0.0,9.99,0.21,9.78,WIN_TP,4785.44
2026-09-06 19:13:10.984,360287970300000025,360287970300000022,B,SELL,0.03,4417.98,4418.10,4414.65,4418.10,0.0,-0.36,0.21,-0.57,STOP_LOSS,4784.87
2026-09-06 19:13:11.092,360287970300000030,360287970300000029,B,SELL,0.03,4420.54,4420.49,4417.21,4420.49,0.0,0.15,0.21,-0.06,BE_PROTECTED,4784.81
2026-09-06 19:13:11.223,360287970300000045,360287970300000038,B,SELL,0.03,4420.86,4417.53,4417.53,4419.19,0.1,9.99,0.21,9.78,WIN_TP,4794.59
2026-09-06 19:13:11.351,360287970300000064,360287970300000057,B,SELL,0.03,4416.03,4412.70,4412.70,4414.36,0.1,9.99,0.21,9.78,WIN_TP,4804.37
2026-09-06 19:13:11.381,360287970300000079,360287970300000072,B,SELL,0.03,4411.09,4411.04,4407.76,4411.04,0.0,0.15,0.21,-0.06,BE_PROTECTED,4804.31
2026-09-06 19:13:11.549,360287970300000098,360287970300000092,B,SELL,0.03,4397.55,4396.72,4394.22,4396.72,0.0,2.49,0.21,2.28,RATCHET_WIN,4806.59
2026-09-06 19:13:11.608,360287970300000121,360287970300000112,B,SELL,0.03,4396.94,4396.11,4393.61,4396.11,0.0,2.49,0.21,2.28,RATCHET_WIN,4808.87
2026-09-06 19:13:11.635,360287970300000137,360287970300000129,B,SELL,0.03,4385.02,4385.14,4381.69,4385.14,0.0,-0.36,0.21,-0.57,STOP_LOSS,4808.30
2026-09-06 19:13:11.651,360287970300000148,360287970300000143,B,SELL,0.03,4382.95,4381.28,4379.62,4381.28,0.0,5.01,0.21,4.80,RATCHET_WIN,4813.10
2026-09-06 19:13:11.735,360287970300000153,360287970300000152,B,SELL,0.03,4373.81,4373.76,4370.48,4373.76,0.0,0.15,0.21,-0.06,BE_PROTECTED,4813.04
2026-09-06 19:13:11.809,360287970300000173,360287970300000168,B,SELL,0.03,4380.55,4377.22,4377.22,4378.89,0.0,9.99,0.21,9.78,WIN_TP,4822.82
2026-09-06 19:13:12.108,360287970300000191,360287970300000183,B,SELL,0.03,4376.65,4376.77,4373.32,4376.77,0.0,-0.36,0.21,-0.57,STOP_LOSS,4822.25
2026-09-06 19:13:12.180,360287970300000217,360287970300000209,B,SELL,0.03,4370.52,4367.19,4367.19,4368.86,0.0,9.99,0.21,9.78,WIN_TP,4832.03
2026-09-06 19:13:12.210,360287970300000233,360287970300000225,B,SELL,0.03,4373.72,4370.39,4370.39,4372.06,0.0,9.99,0.21,9.78,WIN_TP,4841.81
2026-09-06 19:13:12.388,360287970300000243,360287970300000240,B,SELL,0.03,4376.68,4376.63,4373.35,4376.63,0.0,0.15,0.21,-0.06,BE_PROTECTED,4841.75
2026-09-06 19:13:12.399,360287970300000260,360287970300000251,B,SELL,0.03,4376.13,4376.25,4372.80,4376.25,0.0,-0.36,0.21,-0.57,STOP_LOSS,4841.18
2026-09-06 19:13:12.414,360287970300000269,360287970300000264,B,SELL,0.03,4375.19,4374.36,4371.86,4374.36,0.0,2.49,0.21,2.28,RATCHET_WIN,4843.46
2026-09-06 19:13:12.432,360287970300000275,360287970300000274,B,SELL,0.03,4372.89,4369.56,4369.56,4371.23,0.0,9.99,0.21,9.78,WIN_TP,4853.24
2026-09-06 19:13:12.457,360287970300000295,360287970300000286,B,SELL,0.03,4370.73,4369.90,4367.40,4369.90,0.0,2.49,0.21,2.28,RATCHET_WIN,4855.52
2026-09-06 19:13:12.669,360287970300000318,360287970300000311,B,SELL,0.03,4372.04,4370.38,4368.71,4370.38,0.0,4.98,0.21,4.77,RATCHET_WIN,4860.29
2026-09-06 19:13:12.848,360287970300000329,360287970300000328,B,SELL,0.03,4368.40,4365.07,4365.07,4366.73,0.0,9.99,0.21,9.78,WIN_TP,4870.07
2026-09-06 19:13:12.963,360287970300000353,360287970300000344,B,SELL,0.03,4370.31,4366.98,4366.98,4368.65,0.0,9.99,0.21,9.78,WIN_TP,4879.85
2026-09-06 19:13:13.918,360287970300000368,360287970300000362,B,SELL,0.03,4378.08,4377.25,4374.75,4377.25,0.0,2.49,0.21,2.28,RATCHET_WIN,4882.13
2026-09-06 19:13:14.213,360287970300000384,360287970300000377,B,SELL,0.03,4380.13,4380.08,4376.80,4380.08,0.1,0.15,0.21,-0.06,RATCHET_WIN,4882.07
2026-09-06 19:13:14.301,360287970300000401,360287970300000394,B,SELL,0.03,4380.37,4377.04,4377.04,4378.70,0.0,9.99,0.21,9.78,WIN_TP,4891.85
2026-09-06 19:13:14.776,360287970300000409,360287970300000407,B,BUY,0.03,4379.71,4380.54,4382.95,4380.54,0.0,2.49,0.21,2.28,RATCHET_WIN,4894.13
2026-09-06 19:13:15.142,360287970300000430,360287970300000421,B,SELL,0.03,4374.32,4373.49,4370.99,4373.49,0.0,2.49,0.21,2.28,RATCHET_WIN,4896.41
2026-09-06 19:13:15.224,360287970300000444,360287970300000438,B,SELL,0.03,4370.83,4370.95,4367.50,4370.95,0.0,-0.36,0.21,-0.57,STOP_LOSS,4895.84
2026-09-06 19:13:15.270,360287970300000465,360287970300000459,B,SELL,0.03,4370.57,4367.24,4367.24,4368.90,0.0,9.99,0.21,9.78,WIN_TP,4905.62
2026-09-06 19:13:15.360,360287970300000488,360287970300000481,B,SELL,0.03,4372.99,4372.16,4369.66,4372.16,0.0,2.49,0.21,2.28,RATCHET_WIN,4907.90
2026-09-06 19:13:15.529,360287970300000505,360287970300000502,B,SELL,0.03,4372.75,4369.42,4369.42,4371.09,0.0,9.99,0.21,9.78,WIN_TP,4917.68
2026-09-06 19:13:15.565,360287970300000518,360287970300000512,B,SELL,0.03,4367.54,4367.66,4364.21,4367.66,0.0,-0.36,0.21,-0.57,STOP_LOSS,4917.11
2026-09-06 19:13:15.601,360287970300000528,360287970300000526,B,SELL,0.03,4356.94,4357.06,4353.61,4357.06,0.0,-0.36,0.21,-0.57,STOP_LOSS,4916.54
2026-09-06 19:13:15.842,360287970300000542,360287970300000541,B,SELL,0.03,4367.24,4366.41,4363.91,4366.41,0.0,2.49,0.21,2.28,RATCHET_WIN,4918.82
2026-09-06 19:13:15.866,360287970300000565,360287970300000556,B,SELL,0.03,4364.42,4364.54,4361.09,4364.54,0.0,-0.36,0.21,-0.57,STOP_LOSS,4918.25
2026-09-06 19:13:15.956,360287970300000583,360287970300000580,B,SELL,0.03,4360.03,4356.70,4356.70,4358.36,0.0,9.99,0.21,9.78,WIN_TP,4928.03
2026-09-06 19:13:15.972,360287970300000598,360287970300000589,B,SELL,0.03,4356.15,4352.82,4352.82,4354.48,0.0,9.99,0.21,9.78,WIN_TP,4937.81
2026-09-06 19:13:16.000,360287970300000614,360287970300000612,B,SELL,0.03,4336.83,4336.95,4333.50,4336.95,0.0,-0.36,0.21,-0.57,STOP_LOSS,4937.24
2026-09-06 19:13:16.035,360287970300000622,360287970300000620,B,SELL,0.03,4331.23,4331.35,4327.90,4331.35,0.0,-0.36,0.21,-0.57,STOP_LOSS,4936.67
2026-09-06 19:13:16.274,360287970300000642,360287970300000639,B,SELL,0.03,4339.23,4339.35,4335.90,4339.35,0.0,-0.36,0.21,-0.57,STOP_LOSS,4936.10
2026-09-06 19:13:16.907,360287970300000668,360287970300000660,B,SELL,0.03,4358.31,4354.98,4354.98,4356.65,0.0,9.99,0.21,9.78,WIN_TP,4945.88
2026-09-06 19:13:16.986,360287970300000685,360287970300000680,B,BUY,0.03,4363.36,4364.19,4366.60,4364.19,0.0,2.49,0.21,2.28,RATCHET_WIN,4948.16
2026-09-06 19:13:17.023,360287970300000710,360287970300000703,B,BUY,0.03,4366.57,4366.36,4369.81,4366.36,0.0,-0.63,0.21,-0.84,STOP_LOSS,4947.32
2026-09-06 19:13:17.043,360287970300000735,360287970300000726,B,BUY,0.03,4370.49,4370.28,4373.73,4370.28,0.0,-0.63,0.21,-0.84,STOP_LOSS,4946.48
2026-09-06 19:13:17.076,360287970300000758,360287970300000750,B,BUY,0.03,4371.64,4372.47,4374.88,4372.47,0.0,2.49,0.21,2.28,RATCHET_WIN,4948.76
2026-09-06 19:13:17.145,360287970300000771,360287970300000768,B,BUY,0.03,4368.90,4368.69,4372.14,4368.69,0.0,-0.63,0.21,-0.84,STOP_LOSS,4947.92
2026-09-06 19:13:17.205,360287970300000784,360287970300000775,B,BUY,0.03,4368.35,4368.14,4371.59,4368.14,0.0,-0.63,0.21,-0.84,STOP_LOSS,4947.08
2026-09-06 19:13:17.561,360287970300000024,360287970300000010,C,BUY,0.03,4423.66,4423.45,4426.90,4423.45,0.0,-0.63,0.21,-0.84,STOP_LOSS,4774.82
2026-09-06 19:13:17.577,360287970300000032,360287970300000018,C,SELL,0.03,4423.57,4420.24,4420.24,4421.90,0.0,9.99,0.21,9.78,WIN_TP,4784.60
2026-09-06 19:13:17.766,360287970300000051,360287970300000046,C,SELL,0.03,4417.98,4418.10,4414.65,4418.10,0.0,-0.36,0.21,-0.57,STOP_LOSS,4784.03
2026-09-06 19:13:17.768,360287970300000059,360287970300000040,C,BUY,0.03,4418.07,4417.86,4421.31,4417.86,0.0,-0.63,0.21,-0.84,STOP_LOSS,4783.19
2026-09-06 19:13:17.878,360287970300000084,360287970300000076,C,BUY,0.03,4420.63,4420.42,4423.87,4420.42,0.0,-0.63,0.21,-0.84,STOP_LOSS,4782.35
2026-09-06 19:13:17.932,360287970300000088,360287970300000082,C,SELL,0.03,4420.54,4420.49,4417.21,4420.49,0.1,0.15,0.21,-0.06,BE_PROTECTED,4782.29
2026-09-06 19:13:18.005,360287970300000117,360287970300000101,C,BUY,0.03,4420.95,4420.74,4424.19,4420.74,0.0,-0.63,0.21,-0.84,STOP_LOSS,4781.45
2026-09-06 19:13:18.103,360287970300000123,360287970300000114,C,SELL,0.03,4420.86,4417.53,4417.53,4419.19,0.1,9.99,0.21,9.78,WIN_TP,4791.23
2026-09-06 19:13:18.170,360287970300000139,360287970300000133,C,BUY,0.03,4416.12,4415.91,4419.36,4415.91,0.0,-0.63,0.21,-0.84,STOP_LOSS,4790.39
2026-09-06 19:13:18.173,360287970300000142,360287970300000138,C,SELL,0.03,4416.03,4415.20,4412.70,4415.20,0.0,2.49,0.21,2.28,RATCHET_WIN,4792.67
2026-09-06 19:13:18.204,360287970300000157,360287970300000147,C,BUY,0.03,4411.18,4410.97,4414.42,4410.97,0.0,-0.63,0.21,-0.84,STOP_LOSS,4791.83
2026-09-06 19:13:18.207,360287970300000160,360287970300000154,C,SELL,0.03,4411.09,4410.26,4407.76,4410.26,0.0,2.49,0.21,2.28,RATCHET_WIN,4794.11
2026-09-06 19:13:18.363,360287970300000181,360287970300000169,C,BUY,0.03,4397.64,4397.43,4400.88,4397.43,0.0,-0.63,0.21,-0.84,STOP_LOSS,4793.27
2026-09-06 19:13:18.371,360287970300000188,360287970300000175,C,SELL,0.03,4397.55,4396.72,4394.22,4396.72,0.0,2.49,0.21,2.28,RATCHET_WIN,4795.55
2026-09-06 19:13:18.444,360287970300000214,360287970300000198,C,BUY,0.03,4397.03,4396.82,4400.27,4396.82,0.0,-0.63,0.21,-0.84,STOP_LOSS,4794.71
2026-09-06 19:13:18.473,360287970300000220,360287970300000205,C,SELL,0.03,4396.94,4393.61,4393.61,4395.27,0.0,9.99,0.21,9.78,WIN_TP,4804.49
2026-09-06 19:13:18.501,360287970300000247,360287970300000240,C,SELL,0.03,4385.02,4385.14,4381.69,4385.14,0.0,-0.36,0.21,-0.57,STOP_LOSS,4803.92
2026-09-06 19:13:18.506,360287970300000249,360287970300000231,C,BUY,0.03,4385.11,4384.90,4388.35,4384.90,0.0,-0.63,0.21,-0.84,STOP_LOSS,4803.08
2026-09-06 19:13:18.517,360287970300000272,360287970300000254,C,BUY,0.03,4383.04,4382.83,4386.28,4382.83,0.0,-0.63,0.21,-0.84,STOP_LOSS,4802.24
2026-09-06 19:13:18.525,360287970300000280,360287970300000266,C,SELL,0.03,4382.95,4379.62,4379.62,4381.28,0.0,9.99,0.21,9.78,WIN_TP,4812.02
2026-09-06 19:13:18.568,360287970300000304,360287970300000289,C,BUY,0.03,4373.90,4373.69,4377.14,4373.69,0.0,-0.63,0.21,-0.84,STOP_LOSS,4811.18
2026-09-06 19:13:18.576,360287970300000309,360287970300000298,C,SELL,0.03,4373.81,4373.76,4370.48,4373.76,0.0,0.15,0.21,-0.06,BE_PROTECTED,4811.12
2026-09-06 19:13:18.607,360287970300000337,360287970300000323,C,BUY,0.03,4380.64,4380.43,4383.88,4380.43,0.0,-0.63,0.21,-0.84,STOP_LOSS,4810.28
2026-09-06 19:13:18.616,360287970300000338,360287970300000333,C,SELL,0.03,4380.55,4377.22,4377.22,4378.89,0.0,9.99,0.21,9.78,WIN_TP,4820.06
2026-09-06 19:13:18.838,360287970300000361,360287970300000352,C,SELL,0.03,4376.65,4376.77,4373.32,4376.77,0.0,-0.36,0.21,-0.57,STOP_LOSS,4819.49
2026-09-06 19:13:18.841,360287970300000367,360287970300000346,C,BUY,0.03,4376.74,4376.53,4379.98,4376.53,0.0,-0.63,0.21,-0.84,STOP_LOSS,4818.65
2026-09-06 19:13:18.892,360287970300000386,360287970300000377,C,BUY,0.03,4370.61,4370.40,4373.85,4370.40,0.0,-0.63,0.21,-0.84,STOP_LOSS,4817.81
2026-09-06 19:13:18.912,360287970300000388,360287970300000384,C,SELL,0.03,4370.52,4367.19,4367.19,4368.86,0.0,9.99,0.21,9.78,WIN_TP,4827.59
2026-09-06 19:13:18.944,360287970300000409,360287970300000398,C,BUY,0.03,4373.81,4373.60,4377.05,4373.60,0.0,-0.63,0.21,-0.84,STOP_LOSS,4826.75
2026-09-06 19:13:18.945,360287970300000415,360287970300000405,C,SELL,0.03,4373.72,4370.39,4370.39,4372.06,0.0,9.99,0.21,9.78,WIN_TP,4836.53
2026-09-06 19:13:19.164,360287970300000434,360287970300000418,C,BUY,0.03,4376.77,4376.56,4380.01,4376.56,0.0,-0.63,0.21,-0.84,STOP_LOSS,4835.69
2026-09-06 19:13:19.183,360287970300000438,360287970300000433,C,SELL,0.03,4376.68,4376.63,4373.35,4376.63,0.0,0.15,0.21,-0.06,BE_PROTECTED,4835.63
2026-09-06 19:13:19.201,360287970300000469,360287970300000460,C,SELL,0.03,4376.13,4376.25,4372.80,4376.25,0.0,-0.36,0.21,-0.57,STOP_LOSS,4835.06
2026-09-06 19:13:19.203,360287970300000470,360287970300000447,C,BUY,0.03,4376.22,4376.01,4379.46,4376.01,0.0,-0.63,0.21,-0.84,STOP_LOSS,4834.22
2026-09-06 19:13:19.223,360287970300000491,360287970300000482,C,BUY,0.03,4375.28,4375.07,4378.52,4375.07,0.0,-0.63,0.21,-0.84,STOP_LOSS,4833.38
2026-09-06 19:13:19.250,360287970300000500,360287970300000489,C,SELL,0.03,4375.19,4374.36,4371.86,4374.36,0.0,2.49,0.21,2.28,RATCHET_WIN,4835.66
2026-09-06 19:13:19.270,360287970300000521,360287970300000514,C,BUY,0.03,4372.98,4372.77,4376.22,4372.77,0.0,-0.63,0.21,-0.84,STOP_LOSS,4834.82
2026-09-06 19:13:19.272,360287970300000525,360287970300000520,C,SELL,0.03,4372.89,4369.56,4369.56,4371.23,0.0,9.99,0.21,9.78,WIN_TP,4844.60
2026-09-06 19:13:19.298,360287970300000552,360287970300000531,C,BUY,0.03,4370.82,4370.61,4374.06,4370.61,0.0,-0.63,0.21,-0.84,STOP_LOSS,4843.76
2026-09-06 19:13:19.344,360287970300000559,360287970300000548,C,SELL,0.03,4370.73,4369.06,4367.40,4369.06,0.0,5.01,0.21,4.80,RATCHET_WIN,4848.56
2026-09-06 19:13:19.600,360287970300000582,360287970300000569,C,BUY,0.03,4372.13,4371.92,4375.37,4371.92,0.0,-0.63,0.21,-0.84,STOP_LOSS,4847.72
2026-09-06 19:13:19.631,360287970300000583,360287970300000575,C,SELL,0.03,4372.04,4370.38,4368.71,4370.38,0.0,4.98,0.21,4.77,RATCHET_WIN,4852.49
2026-09-06 19:13:20.028,360287970300000622,360287970300000599,C,BUY,0.03,4368.49,4368.28,4371.73,4368.28,0.0,-0.63,0.21,-0.84,STOP_LOSS,4851.65
2026-09-06 19:13:20.031,360287970300000625,360287970300000613,C,SELL,0.03,4368.40,4365.07,4365.07,4366.73,0.0,9.99,0.21,9.78,WIN_TP,4861.43
2026-09-06 19:13:20.128,360287970300000653,360287970300000631,C,BUY,0.03,4370.40,4370.19,4373.64,4370.19,0.0,-0.63,0.21,-0.84,STOP_LOSS,4860.59
2026-09-06 19:13:20.190,360287970300000656,360287970300000645,C,SELL,0.03,4370.31,4366.98,4366.98,4368.65,0.1,9.99,0.21,9.78,WIN_TP,4870.37
2026-09-06 19:13:21.235,360287970300000682,360287970300000669,C,BUY,0.03,4378.17,4377.96,4381.41,4377.96,0.0,-0.63,0.21,-0.84,STOP_LOSS,4869.53
2026-09-06 19:13:21.261,360287970300000690,360287970300000680,C,SELL,0.03,4378.08,4377.25,4374.75,4377.25,0.0,2.49,0.21,2.28,RATCHET_WIN,4871.81
2026-09-06 19:13:21.473,360287970300000721,360287970300000708,C,BUY,0.03,4380.22,4380.01,4383.46,4380.01,0.0,-0.63,0.21,-0.84,STOP_LOSS,4870.97
2026-09-06 19:13:21.577,360287970300000730,360287970300000719,C,SELL,0.03,4380.13,4380.08,4376.80,4380.08,0.1,0.15,0.21,-0.06,RATCHET_WIN,4870.91
2026-09-06 19:13:21.660,360287970300000753,360287970300000738,C,BUY,0.03,4380.46,4380.25,4383.70,4380.25,0.0,-0.63,0.21,-0.84,STOP_LOSS,4870.07
2026-09-06 19:13:21.670,360287970300000757,360287970300000750,C,SELL,0.03,4380.37,4377.04,4377.04,4378.70,0.0,9.99,0.21,9.78,WIN_TP,4879.85
2026-09-06 19:13:22.152,360287970300000789,360287970300000783,C,SELL,0.03,4379.62,4379.74,4376.29,4379.74,0.0,-0.36,0.21,-0.57,STOP_LOSS,4879.28
2026-09-06 19:13:22.177,360287970300000792,360287970300000772,C,BUY,0.03,4379.71,4380.54,4382.95,4380.54,0.0,2.49,0.21,2.28,RATCHET_WIN,4881.56
2026-09-06 19:13:22.595,360287970300000823,360287970300000806,C,BUY,0.03,4374.41,4374.20,4377.65,4374.20,0.0,-0.63,0.21,-0.84,STOP_LOSS,4880.72
2026-09-06 19:13:22.601,360287970300000828,360287970300000818,C,SELL,0.03,4374.32,4373.49,4370.99,4373.49,0.0,2.49,0.21,2.28,RATCHET_WIN,4883.00
2026-09-06 19:13:22.699,360287970300000851,360287970300000848,C,SELL,0.03,4370.83,4370.95,4367.50,4370.95,0.0,-0.36,0.21,-0.57,STOP_LOSS,4882.43
2026-09-06 19:13:22.701,360287970300000857,360287970300000837,C,BUY,0.03,4370.92,4370.71,4374.16,4370.71,0.0,-0.63,0.21,-0.84,STOP_LOSS,4881.59
2026-09-06 19:13:22.724,360287970300000876,360287970300000863,C,BUY,0.03,4370.66,4370.45,4373.90,4370.45,0.0,-0.63,0.21,-0.84,STOP_LOSS,4880.75
2026-09-06 19:13:22.788,360287970300000877,360287970300000874,C,SELL,0.03,4370.57,4367.24,4367.24,4368.90,0.1,9.99,0.21,9.78,WIN_TP,4890.53
2026-09-06 19:13:22.949,360287970300000910,360287970300000891,C,BUY,0.03,4373.08,4372.87,4376.32,4372.87,0.0,-0.63,0.21,-0.84,STOP_LOSS,4889.69
2026-09-06 19:13:22.966,360287970300000914,360287970300000903,C,SELL,0.03,4372.99,4371.32,4369.66,4371.32,0.0,5.01,0.21,4.80,RATCHET_WIN,4894.49
2026-09-06 19:13:23.231,360287970300000934,360287970300000927,C,BUY,0.03,4372.84,4372.63,4376.08,4372.63,0.0,-0.63,0.21,-0.84,STOP_LOSS,4893.65
2026-09-06 19:13:23.244,360287970300000937,360287970300000932,C,SELL,0.03,4372.75,4369.42,4369.42,4371.09,0.0,9.99,0.21,9.78,WIN_TP,4903.43
2026-09-06 19:13:23.293,360287970300000962,360287970300000961,C,SELL,0.03,4367.54,4367.66,4364.21,4367.66,0.0,-0.36,0.21,-0.57,STOP_LOSS,4902.86
2026-09-06 19:13:23.303,360287970300000970,360287970300000950,C,BUY,0.03,4367.63,4367.42,4370.87,4367.42,0.0,-0.63,0.21,-0.84,STOP_LOSS,4902.02
2026-09-06 19:13:23.347,360287970300001000,360287970300000992,C,SELL,0.03,4356.94,4357.06,4353.61,4357.06,0.0,-0.36,0.21,-0.57,STOP_LOSS,4901.45
2026-09-06 19:13:23.352,360287970300001007,360287970300000979,C,BUY,0.03,4357.03,4356.82,4360.27,4356.82,0.0,-0.63,0.21,-0.84,STOP_LOSS,4900.61
2026-09-06 19:13:23.581,360287970300001034,360287970300001013,C,BUY,0.03,4367.33,4367.12,4370.57,4367.12,0.0,-0.63,0.21,-0.84,STOP_LOSS,4899.77
2026-09-06 19:13:23.586,360287970300001042,360287970300001031,C,SELL,0.03,4367.24,4366.41,4363.91,4366.41,0.0,2.49,0.21,2.28,RATCHET_WIN,4902.05
2026-09-06 19:13:23.609,360287970300001056,360287970300001049,C,SELL,0.03,4364.42,4364.54,4361.09,4364.54,0.0,-0.36,0.21,-0.57,STOP_LOSS,4901.48
2026-09-06 19:13:23.611,360287970300001061,360287970300001045,C,BUY,0.03,4364.51,4364.30,4367.75,4364.30,0.0,-0.63,0.21,-0.84,STOP_LOSS,4900.64
2026-09-06 19:13:23.712,360287970300001081,360287970300001071,C,BUY,0.03,4360.12,4359.91,4363.36,4359.91,0.0,-0.63,0.21,-0.84,STOP_LOSS,4899.80
2026-09-06 19:13:23.714,360287970300001087,360287970300001074,C,SELL,0.03,4360.03,4356.70,4356.70,4358.36,0.0,9.99,0.21,9.78,WIN_TP,4909.58
2026-09-06 19:13:23.731,360287970300001104,360287970300001090,C,BUY,0.03,4356.24,4356.03,4359.48,4356.03,0.0,-0.63,0.21,-0.84,STOP_LOSS,4908.74
2026-09-06 19:13:23.734,360287970300001108,360287970300001099,C,SELL,0.03,4356.15,4352.82,4352.82,4354.48,0.0,9.99,0.21,9.78,WIN_TP,4918.52
2026-09-06 19:13:23.771,360287970300001138,360287970300001132,C,SELL,0.03,4336.83,4336.95,4333.50,4336.95,0.0,-0.36,0.21,-0.57,STOP_LOSS,4917.95
2026-09-06 19:13:23.773,360287970300001142,360287970300001121,C,BUY,0.03,4336.92,4336.71,4340.16,4336.71,0.0,-0.63,0.21,-0.84,STOP_LOSS,4917.11
2026-09-06 19:13:23.816,360287970300001164,360287970300001162,C,SELL,0.03,4331.23,4331.35,4327.90,4331.35,0.0,-0.36,0.21,-0.57,STOP_LOSS,4916.54
2026-09-06 19:13:23.819,360287970300001173,360287970300001154,C,BUY,0.03,4331.32,4331.11,4334.56,4331.11,0.0,-0.63,0.21,-0.84,STOP_LOSS,4915.70
2026-09-06 19:13:24.071,360287970300001204,360287970300001199,C,SELL,0.03,4339.23,4339.35,4335.90,4339.35,0.0,-0.36,0.21,-0.57,STOP_LOSS,4915.13
2026-09-06 19:13:24.073,360287970300001213,360287970300001188,C,BUY,0.03,4339.32,4339.11,4342.56,4339.11,0.0,-0.63,0.21,-0.84,STOP_LOSS,4914.29
2026-09-06 19:13:24.824,360287970300001231,360287970300001226,C,BUY,0.03,4358.40,4358.19,4361.64,4358.19,0.0,-0.63,0.21,-0.84,STOP_LOSS,4913.45
2026-09-06 19:13:24.825,360287970300001238,360287970300001229,C,SELL,0.03,4358.31,4354.98,4354.98,4356.65,0.0,9.99,0.21,9.78,WIN_TP,4923.23
2026-09-06 19:13:24.930,360287970300001258,360287970300001252,C,SELL,0.03,4363.27,4363.39,4359.94,4363.39,0.0,-0.36,0.21,-0.57,STOP_LOSS,4922.66
2026-09-06 19:13:24.933,360287970300001262,360287970300001248,C,BUY,0.03,4363.36,4364.19,4366.60,4364.19,0.0,2.49,0.21,2.28,RATCHET_WIN,4924.94
2026-09-06 19:13:24.963,360287970300001287,360287970300001278,C,SELL,0.03,4366.48,4366.60,4363.15,4366.60,0.0,-0.36,0.21,-0.57,STOP_LOSS,4924.37
2026-09-06 19:13:24.986,360287970300001293,360287970300001270,C,BUY,0.03,4366.57,4366.36,4369.81,4366.36,0.0,-0.63,0.21,-0.84,STOP_LOSS,4923.53
2026-09-06 19:13:25.007,360287970300001318,360287970300001312,C,SELL,0.03,4370.40,4370.52,4367.07,4370.52,0.0,-0.36,0.21,-0.57,STOP_LOSS,4922.96
2026-09-06 19:13:25.008,360287970300001320,360287970300001302,C,BUY,0.03,4370.49,4370.28,4373.73,4370.28,0.0,-0.63,0.21,-0.84,STOP_LOSS,4922.12
2026-09-06 19:13:25.025,360287970300001341,360287970300001335,C,SELL,0.03,4371.55,4371.67,4368.22,4371.67,0.0,-0.36,0.21,-0.57,STOP_LOSS,4921.55
2026-09-06 19:13:25.046,360287970300001345,360287970300001331,C,BUY,0.03,4371.64,4372.47,4374.88,4372.47,0.0,2.49,0.21,2.28,RATCHET_WIN,4923.83
2026-09-06 19:13:25.112,360287970300001379,360287970300001373,C,SELL,0.03,4368.81,4368.93,4365.48,4368.93,0.0,-0.36,0.21,-0.57,STOP_LOSS,4923.26
2026-09-06 19:13:25.114,360287970300001388,360287970300001359,C,BUY,0.03,4368.90,4368.69,4372.14,4368.69,0.0,-0.63,0.21,-0.84,STOP_LOSS,4922.42
2026-09-06 19:13:25.177,360287970300001423,360287970300001420,C,SELL,0.03,4368.26,4368.38,4364.93,4368.38,0.0,-0.36,0.21,-0.57,STOP_LOSS,4921.85
2026-09-06 19:13:25.180,360287970300001431,360287970300001404,C,BUY,0.03,4368.35,4368.14,4371.59,4368.14,0.0,-0.63,0.21,-0.84,STOP_LOSS,4921.01
2026-09-06 19:14:31.138,360287970300000040,360287970300000011,B,BUY,0.03,4434.23,4437.48,4437.48,4435.89,0.0,9.75,0.21,9.54,WIN_TP,4785.20
2026-09-06 19:14:31.140,360287970300000045,360287970300000022,C,BUY,0.03,4434.23,4437.48,4437.48,4435.89,0.0,9.75,0.21,9.54,WIN_TP,4794.74
2026-09-06 19:14:31.142,360287970300000054,360287970300000032,C,SELL,0.03,4434.15,4434.27,4430.82,4434.27,0.0,-0.36,0.21,-0.57,STOP_LOSS,4794.17
2026-09-06 19:16:30.721,360287970300000020,360287970300000011,A,BUY,0.1,4432.23,4434.15,4434.15,4433.23,0.0,19.20,0.70,18.50,WIN_TP,4794.16
2026-09-06 19:16:40.498,360287970300000040,360287970300000023,C,BUY,0.03,4335.71,4335.51,4338.96,4335.51,0.0,-0.60,0.21,-0.81,STOP_LOSS,4774.85
2026-09-06 19:16:40.501,360287970300000048,360287970300000006,B,SELL,0.03,4335.63,4335.75,4332.30,4335.75,0.0,-0.36,0.21,-0.57,STOP_LOSS,4774.28
2026-09-06 19:16:40.503,360287970300000049,360287970300000035,C,SELL,0.03,4335.63,4335.75,4332.30,4335.75,0.0,-0.36,0.21,-0.57,STOP_LOSS,4773.71
2026-09-06 19:16:40.920,360287970300000077,360287970300000057,B,SELL,0.03,4339.98,4340.10,4336.65,4340.10,0.0,-0.36,0.21,-0.57,STOP_LOSS,4773.14
2026-09-06 19:16:40.922,360287970300000081,360287970300000074,C,SELL,0.03,4339.98,4340.10,4336.65,4340.10,0.0,-0.36,0.21,-0.57,STOP_LOSS,4772.57
2026-09-06 19:16:40.944,360287970300000089,360287970300000062,C,BUY,0.03,4340.06,4339.86,4343.31,4339.86,0.0,-0.60,0.21,-0.81,STOP_LOSS,4771.76
2026-09-06 19:16:41.578,360287970300000116,360287970300000092,B,SELL,0.03,4342.32,4342.44,4338.99,4342.44,0.0,-0.36,0.21,-0.57,STOP_LOSS,4771.19
2026-09-06 19:16:41.581,360287970300000122,360287970300000111,C,SELL,0.03,4342.32,4342.44,4338.99,4342.44,0.0,-0.36,0.21,-0.57,STOP_LOSS,4770.62
2026-09-06 19:16:41.585,360287970300000127,360287970300000106,C,BUY,0.03,4342.40,4342.20,4345.65,4342.20,0.0,-0.60,0.21,-0.81,STOP_LOSS,4769.81
2026-09-06 19:16:42.139,360287970300000164,360287970300000146,C,BUY,0.03,4339.69,4339.49,4342.94,4339.49,0.0,-0.60,0.21,-0.81,STOP_LOSS,4769.00
2026-09-06 19:16:42.144,360287970300000171,360287970300000138,B,SELL,0.03,4339.61,4339.73,4336.28,4339.73,0.0,-0.36,0.21,-0.57,STOP_LOSS,4768.43
2026-09-06 19:16:42.154,360287970300000172,360287970300000155,C,SELL,0.03,4339.61,4339.73,4336.28,4339.73,0.0,-0.36,0.21,-0.57,STOP_LOSS,4767.86
2026-09-06 19:16:42.427,360287970300000200,360287970300000182,B,SELL,0.03,4342.44,4342.56,4339.11,4342.56,0.0,-0.36,0.21,-0.57,STOP_LOSS,4767.29
2026-09-06 19:16:42.429,360287970300000207,360287970300000196,C,SELL,0.03,4342.44,4342.56,4339.11,4342.56,0.0,-0.36,0.21,-0.57,STOP_LOSS,4766.72
2026-09-06 19:16:42.453,360287970300000216,360287970300000186,C,BUY,0.03,4342.52,4342.32,4345.77,4342.32,0.0,-0.60,0.21,-0.81,STOP_LOSS,4765.91
2026-09-06 19:16:42.775,360287970300000259,360287970300000241,C,BUY,0.03,4356.69,4356.49,4359.94,4356.49,0.0,-0.60,0.21,-0.81,STOP_LOSS,4765.10
2026-09-06 19:16:42.788,360287970300000262,360287970300000230,B,SELL,0.03,4356.61,4355.78,4353.28,4355.78,0.0,2.49,0.21,2.28,RATCHET_WIN,4767.38
2026-09-06 19:16:42.791,360287970300000266,360287970300000252,C,SELL,0.03,4356.61,4355.78,4353.28,4355.78,0.0,2.49,0.21,2.28,RATCHET_WIN,4769.66
2026-09-06 19:16:42.981,360287970300000305,360287970300000289,C,BUY,0.03,4363.92,4363.72,4367.17,4363.72,0.0,-0.60,0.21,-0.81,STOP_LOSS,4768.85
2026-09-06 19:16:43.004,360287970300000314,360287970300000278,B,SELL,0.03,4363.84,4362.18,4360.51,4362.18,0.0,4.98,0.21,4.77,RATCHET_WIN,4773.62
2026-09-06 19:16:43.007,360287970300000321,360287970300000301,C,SELL,0.03,4363.84,4362.18,4360.51,4362.18,0.0,4.98,0.21,4.77,RATCHET_WIN,4778.39
2026-09-06 19:16:44.185,360287970300000353,360287970300000340,C,BUY,0.03,4365.38,4365.18,4368.63,4365.18,0.0,-0.60,0.21,-0.81,STOP_LOSS,4777.58
2026-09-06 19:16:44.190,360287970300000360,360287970300000335,B,SELL,0.03,4365.30,4364.47,4361.97,4364.47,0.0,2.49,0.21,2.28,RATCHET_WIN,4779.86
2026-09-06 19:16:44.198,360287970300000366,360287970300000351,C,SELL,0.03,4365.30,4364.47,4361.97,4364.47,0.0,2.49,0.21,2.28,RATCHET_WIN,4782.14
2026-09-06 19:16:44.389,360287970300000403,360287970300000377,B,BUY,0.03,4370.34,4373.59,4373.59,4372.01,0.0,9.75,0.21,9.54,WIN_TP,4791.68
2026-09-06 19:16:44.392,360287970300000405,360287970300000385,C,BUY,0.03,4370.34,4373.59,4373.59,4372.01,0.0,9.75,0.21,9.54,WIN_TP,4801.22
2026-09-06 19:16:44.394,360287970300000407,360287970300000402,C,SELL,0.03,4370.26,4370.38,4366.93,4370.38,0.0,-0.36,0.21,-0.57,STOP_LOSS,4800.65
2026-09-06 19:16:44.517,360287970300000441,360287970300000438,C,SELL,0.03,4374.42,4374.54,4371.09,4374.54,0.0,-0.36,0.21,-0.57,STOP_LOSS,4800.08
2026-09-06 19:16:44.571,360287970300000449,360287970300000418,B,BUY,0.03,4374.50,4377.75,4377.75,4376.16,0.1,9.75,0.21,9.54,WIN_TP,4809.62
2026-09-06 19:16:44.577,360287970300000457,360287970300000430,C,BUY,0.03,4374.50,4377.75,4377.75,4376.16,0.1,9.75,0.21,9.54,WIN_TP,4819.16
2026-09-06 19:16:45.149,360287970300000500,360287970300000494,C,SELL,0.03,4373.25,4373.37,4369.92,4373.37,0.0,-0.36,0.21,-0.57,STOP_LOSS,4818.59
2026-09-06 19:16:45.164,360287970300000502,360287970300000472,B,BUY,0.03,4373.33,4376.58,4376.58,4374.99,0.0,9.75,0.21,9.54,WIN_TP,4828.13
2026-09-06 19:16:45.167,360287970300000507,360287970300000476,C,BUY,0.03,4373.33,4376.58,4376.58,4374.99,0.0,9.75,0.21,9.54,WIN_TP,4837.67
2026-09-06 19:16:45.525,360287970300000548,360287970300000541,C,SELL,0.03,4375.42,4375.54,4372.09,4375.54,0.0,-0.36,0.21,-0.57,STOP_LOSS,4837.10
2026-09-06 19:16:45.530,360287970300000551,360287970300000510,B,BUY,0.03,4375.50,4375.30,4378.75,4375.30,0.0,-0.60,0.21,-0.81,STOP_LOSS,4836.29
2026-09-06 19:16:45.533,360287970300000552,360287970300000527,C,BUY,0.03,4375.50,4375.30,4378.75,4375.30,0.0,-0.60,0.21,-0.81,STOP_LOSS,4835.48
2026-09-06 19:16:46.039,360287970300000579,360287970300000573,C,SELL,0.03,4383.39,4383.51,4380.06,4383.51,0.0,-0.36,0.21,-0.57,STOP_LOSS,4834.91
2026-09-06 19:16:46.043,360287970300000580,360287970300000563,B,BUY,0.03,4383.47,4383.27,4386.72,4383.27,0.0,-0.60,0.21,-0.81,STOP_LOSS,4834.10
2026-09-06 19:16:46.045,360287970300000581,360287970300000566,C,BUY,0.03,4383.47,4383.27,4386.72,4383.27,0.0,-0.60,0.21,-0.81,STOP_LOSS,4833.29
2026-09-06 19:16:46.245,360287970300000616,360287970300000608,C,SELL,0.03,4389.18,4389.30,4385.85,4389.30,0.0,-0.36,0.21,-0.57,STOP_LOSS,4832.72
2026-09-06 19:16:46.248,360287970300000620,360287970300000593,B,BUY,0.03,4389.26,4389.06,4392.51,4389.06,0.0,-0.60,0.21,-0.81,STOP_LOSS,4831.91
2026-09-06 19:16:46.250,360287970300000628,360287970300000600,C,BUY,0.03,4389.26,4389.06,4392.51,4389.06,0.0,-0.60,0.21,-0.81,STOP_LOSS,4831.10
2026-09-06 19:16:46.579,360287970300000664,360287970300000663,C,SELL,0.03,4393.04,4393.16,4389.71,4393.16,0.0,-0.36,0.21,-0.57,STOP_LOSS,4830.53
2026-09-06 19:16:46.585,360287970300000671,360287970300000634,B,BUY,0.03,4393.12,4396.37,4396.37,4394.78,0.0,9.75,0.21,9.54,WIN_TP,4840.07
2026-09-06 19:16:46.587,360287970300000676,360287970300000649,C,BUY,0.03,4393.12,4396.37,4396.37,4394.78,0.0,9.75,0.21,9.54,WIN_TP,4849.61
2026-09-06 19:16:46.916,360287970300000713,360287970300000712,C,SELL,0.03,4387.21,4387.33,4383.88,4387.33,0.0,-0.36,0.21,-0.57,STOP_LOSS,4849.04
2026-09-06 19:16:46.953,360287970300000720,360287970300000693,B,BUY,0.03,4387.29,4388.12,4390.54,4388.12,0.0,2.49,0.21,2.28,RATCHET_WIN,4851.32
2026-09-06 19:16:46.956,360287970300000728,360287970300000706,C,BUY,0.03,4387.29,4388.12,4390.54,4388.12,0.0,2.49,0.21,2.28,RATCHET_WIN,4853.60
2026-09-06 19:16:47.164,360287970300000768,360287970300000767,C,SELL,0.03,4392.47,4392.59,4389.14,4392.59,0.0,-0.36,0.21,-0.57,STOP_LOSS,4853.03
2026-09-06 19:16:47.205,360287970300000771,360287970300000743,B,BUY,0.03,4392.55,4394.22,4395.80,4394.22,0.0,5.01,0.21,4.80,RATCHET_WIN,4857.83
2026-09-06 19:16:47.302,360287970300000778,360287970300000754,C,BUY,0.03,4392.55,4394.22,4395.80,4394.22,0.1,5.01,0.21,4.80,RATCHET_WIN,4862.63
2026-09-06 19:16:47.732,360287970300000810,360287970300000804,C,SELL,0.03,4385.78,4385.90,4382.45,4385.90,0.0,-0.36,0.21,-0.57,STOP_LOSS,4862.06
2026-09-06 19:16:47.861,360287970300000817,360287970300000784,B,BUY,0.03,4385.86,4386.69,4389.11,4386.69,0.1,2.49,0.21,2.28,RATCHET_WIN,4864.34
2026-09-06 19:16:47.864,360287970300000820,360287970300000798,C,BUY,0.03,4385.86,4386.69,4389.11,4386.69,0.1,2.49,0.21,2.28,RATCHET_WIN,4866.62
2026-09-06 19:16:48.294,360287970300000867,360287970300000858,C,SELL,0.03,4384.41,4384.53,4381.08,4384.53,0.0,-0.36,0.21,-0.57,STOP_LOSS,4866.05
2026-09-06 19:16:48.365,360287970300000872,360287970300000835,B,BUY,0.03,4384.49,4385.32,4387.74,4385.32,0.1,2.49,0.21,2.28,RATCHET_WIN,4868.33
2026-09-06 19:16:48.367,360287970300000881,360287970300000843,C,BUY,0.03,4384.49,4385.32,4387.74,4385.32,0.1,2.49,0.21,2.28,RATCHET_WIN,4870.61
2026-09-06 19:16:48.712,360287970300000911,360287970300000902,C,SELL,0.03,4383.52,4383.64,4380.19,4383.64,0.0,-0.36,0.21,-0.57,STOP_LOSS,4870.04
2026-09-06 19:16:48.761,360287970300000917,360287970300000889,B,BUY,0.03,4383.60,4383.65,4386.85,4383.65,0.1,0.15,0.21,-0.06,BE_PROTECTED,4869.98
2026-09-06 19:16:48.764,360287970300000918,360287970300000893,C,BUY,0.03,4383.60,4383.65,4386.85,4383.65,0.1,0.15,0.21,-0.06,BE_PROTECTED,4869.92
2026-09-06 19:16:48.956,360287970300000953,360287970300000945,C,SELL,0.03,4383.12,4383.24,4379.79,4383.24,0.0,-0.36,0.21,-0.57,STOP_LOSS,4869.35
2026-09-06 19:16:48.972,360287970300000956,360287970300000921,B,BUY,0.03,4383.20,4383.00,4386.45,4383.00,0.0,-0.60,0.21,-0.81,STOP_LOSS,4868.54
2026-09-06 19:16:48.975,360287970300000957,360287970300000935,C,BUY,0.03,4383.20,4383.00,4386.45,4383.00,0.0,-0.60,0.21,-0.81,STOP_LOSS,4867.73
2026-09-06 19:16:49.398,360287970300001004,360287970300000996,C,SELL,0.03,4381.66,4381.78,4378.33,4381.78,0.0,-0.36,0.21,-0.57,STOP_LOSS,4867.16
2026-09-06 19:16:49.413,360287970300001006,360287970300000970,B,BUY,0.03,4381.74,4381.54,4384.99,4381.54,0.0,-0.60,0.21,-0.81,STOP_LOSS,4866.35
2026-09-06 19:16:49.415,360287970300001010,360287970300000978,C,BUY,0.03,4381.74,4381.54,4384.99,4381.54,0.0,-0.60,0.21,-0.81,STOP_LOSS,4865.54
2026-09-06 19:16:49.644,360287970300001052,360287970300001043,C,SELL,0.03,4380.98,4381.10,4377.65,4381.10,0.0,-0.36,0.21,-0.57,STOP_LOSS,4864.97
2026-09-06 19:16:49.647,360287970300001057,360287970300001022,B,BUY,0.03,4381.06,4380.86,4384.31,4380.86,0.0,-0.60,0.21,-0.81,STOP_LOSS,4864.16
2026-09-06 19:16:49.649,360287970300001062,360287970300001038,C,BUY,0.03,4381.06,4380.86,4384.31,4380.86,0.0,-0.60,0.21,-0.81,STOP_LOSS,4863.35
2026-09-06 19:16:49.947,360287970300001094,360287970300001086,C,SELL,0.03,4376.81,4376.93,4373.48,4376.93,0.0,-0.36,0.21,-0.57,STOP_LOSS,4862.78
2026-09-06 19:16:50.053,360287970300001102,360287970300001073,B,BUY,0.03,4376.89,4376.94,4380.14,4376.94,0.1,0.15,0.21,-0.06,BE_PROTECTED,4862.72
2026-09-06 19:16:50.058,360287970300001107,360287970300001081,C,BUY,0.03,4376.89,4376.94,4380.14,4376.94,0.1,0.15,0.21,-0.06,BE_PROTECTED,4862.66
2026-09-06 19:16:50.349,360287970300001144,360287970300001118,B,BUY,0.03,4374.77,4374.57,4378.02,4374.57,0.0,-0.60,0.21,-0.81,STOP_LOSS,4861.85
2026-09-06 19:16:50.351,360287970300001150,360287970300001128,C,BUY,0.03,4374.77,4374.57,4378.02,4374.57,0.0,-0.60,0.21,-0.81,STOP_LOSS,4861.04
2026-09-06 19:16:50.356,360287970300001154,360287970300001140,C,SELL,0.03,4374.69,4374.81,4371.36,4374.81,0.0,-0.36,0.21,-0.57,STOP_LOSS,4860.47
2026-09-06 19:16:50.660,360287970300001193,360287970300001185,C,SELL,0.03,4377.72,4377.84,4374.39,4377.84,0.0,-0.36,0.21,-0.57,STOP_LOSS,4859.90
2026-09-06 19:16:50.803,360287970300001197,360287970300001159,B,BUY,0.03,4377.80,4379.47,4381.05,4379.47,0.1,5.01,0.21,4.80,RATCHET_WIN,4864.70
2026-09-06 19:16:50.807,360287970300001199,360287970300001175,C,BUY,0.03,4377.80,4379.47,4381.05,4379.47,0.2,5.01,0.21,4.80,RATCHET_WIN,4869.50
2026-09-06 19:16:51.132,360287970300001226,360287970300001203,B,BUY,0.03,4375.12,4374.92,4378.37,4374.92,0.0,-0.60,0.21,-0.81,STOP_LOSS,4868.69
2026-09-06 19:16:51.134,360287970300001233,360287970300001214,C,BUY,0.03,4375.12,4374.92,4378.37,4374.92,0.0,-0.60,0.21,-0.81,STOP_LOSS,4867.88
2026-09-06 19:16:51.138,360287970300001234,360287970300001224,C,SELL,0.03,4375.04,4375.16,4371.71,4375.16,0.0,-0.36,0.21,-0.57,STOP_LOSS,4867.31
2026-09-06 19:16:52.977,360287970300001272,360287970300001264,C,SELL,0.03,4371.61,4371.73,4368.28,4371.73,0.0,-0.36,0.21,-0.57,STOP_LOSS,4866.74
2026-09-06 19:16:53.034,360287970300001279,360287970300001244,B,BUY,0.03,4371.69,4372.52,4374.94,4372.52,0.1,2.49,0.21,2.28,RATCHET_WIN,4869.02
2026-09-06 19:16:53.037,360287970300001287,360287970300001258,C,BUY,0.03,4371.69,4372.52,4374.94,4372.52,0.1,2.49,0.21,2.28,RATCHET_WIN,4871.30
2026-09-06 19:16:55.206,360287970300001321,360287970300001314,C,SELL,0.03,4372.90,4373.02,4369.57,4373.02,0.0,-0.36,0.21,-0.57,STOP_LOSS,4870.73
2026-09-06 19:16:55.244,360287970300001327,360287970300001297,B,BUY,0.03,4372.98,4373.81,4376.23,4373.81,0.0,2.49,0.21,2.28,RATCHET_WIN,4873.01
2026-09-06 19:16:55.250,360287970300001333,360287970300001302,C,BUY,0.03,4372.98,4373.81,4376.23,4373.81,0.1,2.49,0.21,2.28,RATCHET_WIN,4875.29
2026-09-06 19:17:06.500,360287970300001372,360287970300001368,C,SELL,0.03,4372.19,4372.31,4368.86,4372.31,0.0,-0.36,0.21,-0.57,STOP_LOSS,4874.72
2026-09-06 19:17:06.515,360287970300001381,360287970300001347,B,BUY,0.03,4372.27,4375.52,4375.52,4373.94,0.0,9.75,0.21,9.54,WIN_TP,4884.26
2026-09-06 19:17:06.518,360287970300001387,360287970300001355,C,BUY,0.03,4372.27,4375.52,4375.52,4373.94,0.0,9.75,0.21,9.54,WIN_TP,4893.80
2026-09-06 19:17:06.643,360287970300001413,360287970300001409,C,SELL,0.03,4376.62,4376.74,4373.29,4376.74,0.0,-0.36,0.21,-0.57,STOP_LOSS,4893.23
2026-09-06 19:17:06.666,360287970300001414,360287970300001392,B,BUY,0.03,4376.70,4379.95,4379.95,4378.36,0.0,9.75,0.21,9.54,WIN_TP,4902.77
2026-09-06 19:17:06.673,360287970300001416,360287970300001401,C,BUY,0.03,4376.70,4379.95,4379.95,4378.36,0.0,9.75,0.21,9.54,WIN_TP,4912.31
2026-09-06 19:17:07.061,360287970300001454,360287970300001453,C,SELL,0.03,4376.20,4376.32,4372.87,4376.32,0.0,-0.36,0.21,-0.57,STOP_LOSS,4911.74
2026-09-06 19:17:07.066,360287970300001463,360287970300001431,B,BUY,0.03,4376.28,4376.08,4379.53,4376.08,0.0,-0.60,0.21,-0.81,STOP_LOSS,4910.93
2026-09-06 19:17:07.068,360287970300001467,360287970300001446,C,BUY,0.03,4376.28,4376.08,4379.53,4376.08,0.0,-0.60,0.21,-0.81,STOP_LOSS,4910.12
2026-09-06 19:17:07.303,360287970300001508,360287970300001503,C,SELL,0.03,4376.32,4376.44,4372.99,4376.44,0.0,-0.36,0.21,-0.57,STOP_LOSS,4909.55
2026-09-06 19:17:07.315,360287970300001513,360287970300001480,B,BUY,0.03,4376.40,4376.20,4379.65,4376.20,0.0,-0.60,0.21,-0.81,STOP_LOSS,4908.74
2026-09-06 19:17:07.318,360287970300001519,360287970300001492,C,BUY,0.03,4376.40,4376.20,4379.65,4376.20,0.0,-0.60,0.21,-0.81,STOP_LOSS,4907.93
2026-09-06 19:17:07.620,360287970300001554,360287970300001552,C,SELL,0.03,4372.65,4372.77,4369.32,4372.77,0.0,-0.36,0.21,-0.57,STOP_LOSS,4907.36
2026-09-06 19:17:07.653,360287970300001556,360287970300001532,B,BUY,0.03,4372.73,4375.98,4375.98,4374.39,0.0,9.75,0.21,9.54,WIN_TP,4916.90
2026-09-06 19:17:07.674,360287970300001561,360287970300001543,C,BUY,0.03,4372.73,4375.98,4375.98,4374.39,0.1,9.75,0.21,9.54,WIN_TP,4926.44
2026-09-06 19:17:07.905,360287970300001600,360287970300001594,C,SELL,0.03,4375.08,4375.20,4371.75,4375.20,0.0,-0.36,0.21,-0.57,STOP_LOSS,4925.87
2026-09-06 19:17:08.042,360287970300001609,360287970300001571,B,BUY,0.03,4375.16,4374.96,4378.41,4374.96,0.2,-0.60,0.21,-0.81,STOP_LOSS,4925.06
2026-09-06 19:17:08.045,360287970300001614,360287970300001586,C,BUY,0.03,4375.16,4374.96,4378.41,4374.96,0.2,-0.60,0.21,-0.81,STOP_LOSS,4924.25
2026-09-06 19:17:08.656,360287970300001653,360287970300001626,B,BUY,0.03,4371.35,4374.60,4374.60,4373.02,0.0,9.75,0.21,9.54,WIN_TP,4933.79
2026-09-06 19:17:08.661,360287970300001658,360287970300001634,C,BUY,0.03,4371.35,4374.60,4374.60,4373.02,0.0,9.75,0.21,9.54,WIN_TP,4943.33
2026-09-06 19:17:08.665,360287970300001663,360287970300001647,C,SELL,0.03,4371.27,4371.39,4367.94,4371.39,0.0,-0.36,0.21,-0.57,STOP_LOSS,4942.76
2026-09-06 19:17:08.750,360287970300001704,360287970300001695,C,SELL,0.03,4376.78,4376.90,4373.45,4376.90,0.0,-0.36,0.21,-0.57,STOP_LOSS,4942.19
2026-09-06 19:17:08.786,360287970300001706,360287970300001673,B,BUY,0.03,4376.86,4378.52,4380.11,4378.52,0.0,4.98,0.21,4.77,RATCHET_WIN,4946.96
2026-09-06 19:17:08.788,360287970300001711,360287970300001683,C,BUY,0.03,4376.86,4378.52,4380.11,4378.52,0.0,4.98,0.21,4.77,RATCHET_WIN,4951.73
2026-09-06 19:17:09.537,360287970300001744,360287970300001740,C,SELL,0.03,4373.15,4373.27,4369.82,4373.27,0.0,-0.36,0.21,-0.57,STOP_LOSS,4951.16
2026-09-06 19:17:09.798,360287970300001752,360287970300001720,B,BUY,0.03,4373.23,4376.48,4376.48,4374.89,0.3,9.75,0.21,9.54,WIN_TP,4960.70
2026-09-06 19:17:09.801,360287970300001757,360287970300001724,C,BUY,0.03,4373.23,4376.48,4376.48,4374.89,0.3,9.75,0.21,9.54,WIN_TP,4970.24
2026-09-06 19:17:09.999,360287970300001787,360287970300001785,C,SELL,0.03,4376.79,4376.91,4373.46,4376.91,0.0,-0.36,0.21,-0.57,STOP_LOSS,4969.67
2026-09-06 19:18:15.029,360287970300000010,360287970300000008,A,SELL,0.1,4335.63,4335.75,4333.63,4335.75,0.0,-1.20,0.70,-1.90,STOP_LOSS,4773.76
2026-09-06 19:18:15.199,360287970300000029,360287970300000020,A,SELL,0.1,4339.98,4340.10,4337.98,4340.10,0.0,-1.20,0.70,-1.90,STOP_LOSS,4771.86
2026-09-06 19:18:15.437,360287970300000040,360287970300000033,A,SELL,0.1,4342.32,4342.44,4340.32,4342.44,0.0,-1.20,0.70,-1.90,STOP_LOSS,4769.96
2026-09-06 19:18:15.578,360287970300000055,360287970300000053,A,SELL,0.1,4339.61,4339.73,4337.61,4339.73,0.0,-1.20,0.70,-1.90,STOP_LOSS,4768.06
2026-09-06 19:18:15.773,360287970300000075,360287970300000067,A,SELL,0.1,4342.44,4342.56,4340.44,4342.56,0.0,-1.20,0.70,-1.90,STOP_LOSS,4766.16
2026-09-06 19:18:16.020,360287970300000084,360287970300000082,A,SELL,0.1,4356.61,4354.61,4354.61,4355.61,0.0,20.00,0.70,19.30,WIN_TP,4785.46
2026-09-06 19:18:16.140,360287970300000096,360287970300000095,A,SELL,0.1,4357.97,4358.09,4355.97,4358.09,0.0,-1.20,0.70,-1.90,STOP_LOSS,4783.56
2026-09-06 19:18:16.350,360287970300000111,360287970300000107,A,SELL,0.1,4366.75,4365.75,4364.75,4365.75,0.0,10.00,0.70,9.30,RATCHET_WIN,4792.86
2026-09-06 19:18:16.576,360287970300000121,360287970300000119,A,SELL,0.1,4369.88,4369.83,4367.88,4369.83,0.0,0.50,0.70,-0.20,RATCHET_WIN,4792.66
2026-09-06 19:18:16.754,360287970300000137,360287970300000129,A,SELL,0.1,4376.80,4376.92,4374.80,4376.92,0.0,-1.20,0.70,-1.90,STOP_LOSS,4790.76
2026-09-06 19:18:16.986,360287970300000162,360287970300000154,A,SELL,0.1,4372.00,4372.12,4370.00,4372.12,0.0,-1.20,0.70,-1.90,STOP_LOSS,4788.86
2026-09-06 19:18:17.171,360287970300000182,360287970300000177,A,SELL,0.1,4376.36,4375.36,4374.36,4375.36,0.0,10.00,0.70,9.30,RATCHET_WIN,4798.16
2026-09-06 19:18:17.399,360287970300000194,360287970300000191,A,SELL,0.1,4384.72,4383.72,4382.72,4383.72,0.0,10.00,0.70,9.30,RATCHET_WIN,4807.46
2026-09-06 19:18:17.569,360287970300000214,360287970300000205,A,BUY,0.1,4389.26,4389.06,4391.18,4389.06,0.0,-2.00,0.70,-2.70,STOP_LOSS,4804.76
2026-09-06 19:18:17.738,360287970300000229,360287970300000224,A,BUY,0.1,4393.12,4395.04,4395.04,4394.12,0.0,19.20,0.70,18.50,WIN_TP,4823.26
2026-09-06 19:18:18.068,360287970300000248,360287970300000240,A,SELL,0.1,4388.20,4387.70,4386.20,4387.70,0.1,5.00,0.70,4.30,RATCHET_WIN,4827.56
2026-09-06 19:18:18.391,360287970300000264,360287970300000260,A,BUY,0.1,4392.55,4394.47,4394.47,4393.55,0.0,19.20,0.70,18.50,WIN_TP,4846.06
2026-09-06 19:18:18.730,360287970300000278,360287970300000273,A,SELL,0.1,4387.80,4385.80,4385.80,4386.80,0.0,20.00,0.70,19.30,WIN_TP,4865.36
2026-09-06 19:18:19.073,360287970300000293,360287970300000286,A,SELL,0.1,4386.69,4384.69,4384.69,4385.69,0.0,20.00,0.70,19.30,WIN_TP,4884.66
2026-09-06 19:18:19.304,360287970300000307,360287970300000306,A,SELL,0.1,4386.44,4385.94,4384.44,4385.94,0.0,5.00,0.70,4.30,RATCHET_WIN,4888.96
2026-09-06 19:18:19.645,360287970300000325,360287970300000323,A,SELL,0.1,4382.82,4382.32,4380.82,4382.32,0.1,5.00,0.70,4.30,RATCHET_WIN,4893.26
2026-09-06 19:18:20.101,360287970300000340,360287970300000335,A,SELL,0.1,4385.50,4383.50,4383.50,4384.50,0.0,20.00,0.70,19.30,WIN_TP,4912.56
2026-09-06 19:18:20.394,360287970300000347,360287970300000346,A,SELL,0.1,4380.68,4380.18,4378.68,4380.18,0.0,5.00,0.70,4.30,RATCHET_WIN,4916.86
2026-09-06 19:18:20.993,360287970300000364,360287970300000360,A,SELL,0.1,4376.51,4376.46,4374.51,4376.46,0.0,0.50,0.70,-0.20,BE_PROTECTED,4916.66
2026-09-06 19:18:21.294,360287970300000381,360287970300000376,A,SELL,0.1,4376.83,4376.33,4374.83,4376.33,0.0,5.00,0.70,4.30,RATCHET_WIN,4920.96
2026-09-06 19:18:21.888,360287970300000399,360287970300000395,A,SELL,0.1,4378.93,4379.05,4376.93,4379.05,0.0,-1.20,0.70,-1.90,STOP_LOSS,4919.06
2026-09-06 19:18:22.369,360287970300000415,360287970300000411,A,SELL,0.1,4376.31,4374.31,4374.31,4375.31,0.1,20.00,0.70,19.30,WIN_TP,4938.36
2026-09-06 19:18:22.744,360287970300000436,360287970300000432,A,SELL,0.1,4372.34,4370.34,4370.34,4371.34,0.0,20.00,0.70,19.30,WIN_TP,4957.66
2026-09-06 19:18:23.046,360287970300000450,360287970300000447,A,SELL,0.1,4369.85,4367.85,4367.85,4368.85,0.0,20.00,0.70,19.30,WIN_TP,4976.96
2026-09-06 19:18:23.583,360287970300000463,360287970300000456,A,SELL,0.1,4370.01,4370.13,4368.01,4370.13,0.0,-1.20,0.70,-1.90,STOP_LOSS,4975.06
2026-09-06 19:18:24.208,360287970300000478,360287970300000476,A,SELL,0.1,4372.55,4372.05,4370.55,4372.05,0.0,5.00,0.70,4.30,RATCHET_WIN,4979.36
2026-09-06 19:18:24.591,360287970300000495,360287970300000493,A,SELL,0.1,4371.55,4371.67,4369.55,4371.67,0.0,-1.20,0.70,-1.90,STOP_LOSS,4977.46
2026-09-06 19:18:24.911,360287970300000506,360287970300000499,A,SELL,0.1,4370.45,4370.57,4368.45,4370.57,0.0,-1.20,0.70,-1.90,STOP_LOSS,4975.56
2026-09-06 19:18:25.282,360287970300000517,360287970300000511,A,SELL,0.1,4365.92,4365.42,4363.92,4365.42,0.1,5.00,0.70,4.30,RATCHET_WIN,4979.86
2026-09-06 19:18:25.862,360287970300000536,360287970300000528,A,SELL,0.1,4368.32,4368.27,4366.32,4368.27,0.0,0.50,0.70,-0.20,BE_PROTECTED,4979.66
2026-09-06 19:18:26.284,360287970300000550,360287970300000546,A,SELL,0.1,4368.41,4368.53,4366.41,4368.53,0.0,-1.20,0.70,-1.90,STOP_LOSS,4977.76
2026-09-06 19:18:26.908,360287970300000564,360287970300000562,A,SELL,0.1,4373.91,4374.03,4371.91,4374.03,0.0,-1.20,0.70,-1.90,STOP_LOSS,4975.86
2026-09-06 19:18:27.206,360287970300000588,360287970300000581,A,SELL,0.1,4372.82,4370.82,4370.82,4371.82,0.0,20.00,0.70,19.30,WIN_TP,4995.16
2026-09-06 19:18:28.210,360287970300000603,360287970300000598,A,SELL,0.1,4371.19,4371.14,4369.19,4371.14,0.2,0.50,0.70,-0.20,BE_PROTECTED,4994.96
2026-09-06 19:18:28.812,360287970300000625,360287970300000616,A,SELL,0.1,4372.02,4370.02,4370.02,4371.02,0.1,20.00,0.70,19.30,WIN_TP,5014.26
2026-09-06 19:18:29.443,360287970300000644,360287970300000638,A,SELL,0.1,4370.10,4370.22,4368.10,4370.22,0.0,-1.20,0.70,-1.90,STOP_LOSS,5012.36
2026-09-06 19:18:29.868,360287970300000658,360287970300000653,A,SELL,0.1,4369.28,4369.40,4367.28,4369.40,0.0,-1.20,0.70,-1.90,STOP_LOSS,5010.46
2026-09-06 19:18:30.887,360287970300000669,360287970300000663,A,SELL,0.1,4368.58,4368.70,4366.58,4368.70,0.1,-1.20,0.70,-1.90,STOP_LOSS,5008.56
2026-09-06 19:18:31.867,360287970300000682,360287970300000673,A,SELL,0.1,4368.04,4367.99,4366.04,4367.99,0.0,0.50,0.70,-0.20,BE_PROTECTED,5008.36
2026-09-06 19:18:32.351,360287970300000697,360287970300000693,A,SELL,0.1,4368.27,4366.27,4366.27,4367.27,0.1,20.00,0.70,19.30,WIN_TP,5027.66
2026-09-06 19:18:32.852,360287970300000715,360287970300000712,A,SELL,0.1,4364.78,4364.90,4362.78,4364.90,0.0,-1.20,0.70,-1.90,STOP_LOSS,5025.76
2026-09-06 19:18:33.435,360287970300000728,360287970300000726,A,SELL,0.1,4365.59,4365.54,4363.59,4365.54,0.0,0.50,0.70,-0.20,BE_PROTECTED,5025.56
2026-09-06 19:18:34.157,360287970300000747,360287970300000741,A,SELL,0.1,4369.84,4369.96,4367.84,4369.96,0.3,-1.20,0.70,-1.90,STOP_LOSS,5023.66
2026-09-06 19:18:34.853,360287970300000765,360287970300000756,A,SELL,0.1,4369.33,4368.83,4367.33,4368.83,0.1,5.00,0.70,4.30,RATCHET_WIN,5027.96
2026-09-06 19:18:35.033,360287970300000774,360287970300000773,A,SELL,0.1,4370.51,4370.01,4368.51,4370.01,0.0,5.00,0.70,4.30,RATCHET_WIN,5032.26
2026-09-06 19:18:35.796,360287970300000796,360287970300000787,A,SELL,0.1,4369.71,4367.71,4367.71,4368.71,0.1,20.00,0.70,19.30,WIN_TP,5051.56
2026-09-06 19:18:36.026,360287970300000809,360287970300000803,A,SELL,0.1,4368.60,4368.10,4366.60,4368.10,0.0,5.00,0.70,4.30,RATCHET_WIN,5055.86
2026-09-06 19:18:36.455,360287970300000816,360287970300000815,A,SELL,0.1,4365.19,4365.31,4363.19,4365.31,0.0,-1.20,0.70,-1.90,STOP_LOSS,5053.96
2026-09-06 19:18:37.405,360287970300000821,360287970300000820,A,SELL,0.1,4368.56,4368.51,4366.56,4368.51,0.1,0.50,0.70,-0.20,BE_PROTECTED,5053.76
2026-09-06 19:18:37.958,360287970300000838,360287970300000831,A,SELL,0.1,4371.03,4369.03,4369.03,4370.03,0.2,20.00,0.70,19.30,WIN_TP,5073.06
2026-09-06 19:18:38.377,360287970300000857,360287970300000848,A,SELL,0.1,4368.18,4368.30,4366.18,4368.30,0.0,-1.20,0.70,-1.90,STOP_LOSS,5071.16
2026-09-06 19:18:38.924,360287970300000873,360287970300000868,A,SELL,0.1,4368.20,4368.15,4366.20,4368.15,0.0,0.50,0.70,-0.20,RATCHET_WIN,5070.96
2026-09-06 19:18:39.476,360287970300000885,360287970300000877,A,SELL,0.1,4379.41,4379.36,4377.41,4379.36,0.0,0.50,0.70,-0.20,BE_PROTECTED,5070.76
2026-09-06 19:18:39.974,360287970300000897,360287970300000891,A,SELL,0.1,4375.90,4376.02,4373.90,4376.02,0.0,-1.20,0.70,-1.90,STOP_LOSS,5068.86
2026-09-06 19:18:41.139,360287970300000905,360287970300000902,A,SELL,0.1,4376.02,4376.14,4374.02,4376.14,0.0,-1.20,0.70,-1.90,STOP_LOSS,5066.96
2026-09-06 19:18:41.738,360287970300000916,360287970300000914,A,SELL,0.1,4377.26,4375.26,4375.26,4376.26,0.0,20.00,0.70,19.30,WIN_TP,5086.26
2026-09-06 19:18:42.364,360287970300000924,360287970300000923,A,SELL,0.1,4375.12,4374.12,4373.12,4374.12,0.1,10.00,0.70,9.30,RATCHET_WIN,5095.56
2026-09-06 19:18:42.495,360287970300000933,360287970300000932,A,SELL,0.1,4373.32,4373.27,4371.32,4373.27,0.0,0.50,0.70,-0.20,BE_PROTECTED,5095.36
2026-09-06 19:18:42.852,360287970300000949,360287970300000941,A,SELL,0.1,4370.07,4370.02,4368.07,4370.02,0.0,0.50,0.70,-0.20,BE_PROTECTED,5095.16
2026-09-06 19:18:44.196,360287970300000960,360287970300000958,A,SELL,0.1,4378.17,4376.17,4376.17,4377.17,0.0,20.00,0.70,19.30,WIN_TP,5114.46
2026-09-06 19:18:46.243,360287970300000968,360287970300000964,A,SELL,0.1,4372.89,4373.01,4370.89,4373.01,0.0,-1.20,0.70,-1.90,STOP_LOSS,5112.56
2026-09-06 19:18:47.797,360287970300000993,360287970300000984,A,SELL,0.1,4377.90,4377.40,4375.90,4377.40,0.1,5.00,0.70,4.30,RATCHET_WIN,5116.86
2026-09-06 19:18:48.048,360287970300001009,360287970300001003,A,SELL,0.1,4377.00,4377.12,4375.00,4377.12,0.0,-1.20,0.70,-1.90,STOP_LOSS,5114.96
2026-09-06 19:18:48.369,360287970300001020,360287970300001014,A,SELL,0.1,4376.00,4374.00,4374.00,4375.00,0.1,20.00,0.70,19.30,WIN_TP,5134.26
2026-09-06 19:18:48.572,360287970300001038,360287970300001031,A,SELL,0.1,4372.91,4373.03,4370.91,4373.03,0.0,-1.20,0.70,-1.90,STOP_LOSS,5132.36
2026-09-06 19:18:48.760,360287970300001057,360287970300001048,A,SELL,0.1,4373.84,4373.96,4371.84,4373.96,0.0,-1.20,0.70,-1.90,STOP_LOSS,5130.46
2026-09-06 19:18:49.304,360287970300001068,360287970300001061,A,SELL,0.1,4374.64,4373.64,4372.64,4373.64,0.1,10.00,0.70,9.30,RATCHET_WIN,5139.76
2026-09-06 19:18:49.449,360287970300001090,360287970300001081,A,SELL,0.1,4374.02,4372.02,4372.02,4373.02,0.1,20.00,0.70,19.30,WIN_TP,5159.06
2026-09-06 19:18:50.037,360287970300001098,360287970300001097,A,SELL,0.1,4375.82,4375.94,4373.82,4375.94,0.0,-1.20,0.70,-1.90,STOP_LOSS,5157.16
2026-09-06 19:18:50.131,360287970300001107,360287970300001102,A,SELL,0.1,4376.94,4377.06,4374.94,4377.06,0.0,-1.20,0.70,-1.90,STOP_LOSS,5155.26
2026-09-06 19:18:51.535,360287970300001129,360287970300001122,A,SELL,0.1,4379.00,4379.12,4377.00,4379.12,0.0,-1.20,0.70,-1.90,STOP_LOSS,5153.36
2026-09-06 19:18:52.287,360287970300001149,360287970300001144,A,SELL,0.1,4379.40,4379.35,4377.40,4379.35,0.1,0.50,0.70,-0.20,BE_PROTECTED,5153.16
2026-09-06 19:18:52.571,360287970300001157,360287970300001156,A,SELL,0.1,4382.25,4382.37,4380.25,4382.37,0.0,-1.20,0.70,-1.90,STOP_LOSS,5151.26
2026-09-06 19:18:52.801,360287970300001176,360287970300001167,A,SELL,0.1,4382.21,4382.33,4380.21,4382.33,0.0,-1.20,0.70,-1.90,STOP_LOSS,5149.36
2026-09-06 19:18:53.749,360287970300001188,360287970300001187,A,SELL,0.1,4383.64,4381.64,4381.64,4382.64,0.1,20.00,0.70,19.30,WIN_TP,5168.66
2026-09-06 19:18:54.164,360287970300001213,360287970300001204,A,SELL,0.1,4384.89,4385.01,4382.89,4385.01,0.1,-1.20,0.70,-1.90,STOP_LOSS,5166.76
2026-09-06 19:18:54.426,360287970300001224,360287970300001222,A,SELL,0.1,4388.03,4386.03,4386.03,4387.03,0.0,20.00,0.70,19.30,WIN_TP,5186.06
2026-09-06 19:18:54.898,360287970300001235,360287970300001228,A,BUY,0.1,4386.69,4388.61,4388.61,4387.69,0.1,19.20,0.70,18.50,WIN_TP,5204.56
2026-09-06 19:18:55.784,360287970300001250,360287970300001242,A,BUY,0.1,4387.51,4389.43,4389.43,4388.51,0.0,19.20,0.70,18.50,WIN_TP,5223.06
2026-09-06 19:18:56.023,360287970300001262,360287970300001257,A,BUY,0.1,4389.74,4389.54,4391.66,4389.54,0.1,-2.00,0.70,-2.70,STOP_LOSS,5220.36
2026-09-06 19:18:56.354,360287970300001275,360287970300001274,A,BUY,0.1,4390.44,4390.24,4392.36,4390.24,0.0,-2.00,0.70,-2.70,STOP_LOSS,5217.66
2026-09-06 19:18:56.870,360287970300001287,360287970300001280,A,BUY,0.1,4388.28,4388.08,4390.20,4388.08,0.0,-2.00,0.70,-2.70,STOP_LOSS,5214.96
2026-09-06 19:18:57.610,360287970300001295,360287970300001294,A,SELL,0.1,4385.75,4385.87,4383.75,4385.87,0.1,-1.20,0.70,-1.90,STOP_LOSS,5213.06
2026-09-06 19:18:57.764,360287970300001300,360287970300001299,A,SELL,0.1,4384.94,4385.06,4382.94,4385.06,0.0,-1.20,0.70,-1.90,STOP_LOSS,5211.16
2026-09-06 19:18:59.424,360287970300001313,360287970300001312,A,SELL,0.1,4386.19,4386.31,4384.19,4386.31,0.2,-1.20,0.70,-1.90,STOP_LOSS,5209.26
2026-09-06 19:19:01.333,360287970300001324,360287970300001321,A,BUY,0.1,4388.04,4389.04,4389.96,4389.04,0.4,10.00,0.70,9.30,RATCHET_WIN,5218.56
2026-09-06 19:19:01.624,360287970300001344,360287970300001336,A,BUY,0.1,4388.41,4390.33,4390.33,4389.41,0.1,19.20,0.70,18.50,WIN_TP,5237.06
2026-09-06 19:19:01.793,360287970300001361,360287970300001353,A,BUY,0.1,4389.23,4389.73,4391.15,4389.73,0.2,5.00,0.70,4.30,RATCHET_WIN,5241.36
2026-09-06 19:19:01.983,360287970300001374,360287970300001370,A,BUY,0.1,4389.22,4389.02,4391.14,4389.02,0.1,-2.00,0.70,-2.70,STOP_LOSS,5238.66
2026-09-06 19:19:02.368,360287970300001392,360287970300001388,A,BUY,0.1,4390.84,4391.34,4392.76,4391.34,0.0,5.00,0.70,4.30,RATCHET_WIN,5242.96
2026-09-06 19:19:02.940,360287970300001405,360287970300001398,A,BUY,0.1,4390.61,4390.66,4392.53,4390.66,0.0,0.50,0.70,-0.20,RATCHET_WIN,5242.76
2026-09-06 19:19:03.130,360287970300001425,360287970300001417,A,BUY,0.1,4390.79,4390.59,4392.71,4390.59,0.1,-2.00,0.70,-2.70,STOP_LOSS,5240.06
2026-09-06 19:19:03.303,360287970300001449,360287970300001441,A,BUY,0.1,4389.78,4389.58,4391.70,4389.58,0.0,-2.00,0.70,-2.70,STOP_LOSS,5237.36
2026-09-06 19:19:03.523,360287970300001465,360287970300001460,A,BUY,0.1,4388.84,4388.64,4390.76,4388.64,0.0,-2.00,0.70,-2.70,STOP_LOSS,5234.66
2026-09-06 19:19:04.092,360287970300001476,360287970300001475,A,BUY,0.1,4389.47,4389.97,4391.39,4389.97,0.2,5.00,0.70,4.30,RATCHET_WIN,5238.96
2026-09-06 19:19:04.551,360287970300001491,360287970300001483,A,BUY,0.1,4388.88,4388.93,4390.80,4388.93,0.2,0.50,0.70,-0.20,BE_PROTECTED,5238.76
2026-09-06 19:19:04.682,360287970300001505,360287970300001501,A,BUY,0.1,4388.49,4388.29,4390.41,4388.29,0.0,-2.00,0.70,-2.70,STOP_LOSS,5236.06
2026-09-06 19:19:05.069,360287970300001526,360287970300001518,A,SELL,0.1,4386.99,4385.99,4384.99,4385.99,0.1,10.00,0.70,9.30,RATCHET_WIN,5245.36
2026-09-06 19:19:05.147,360287970300001545,360287970300001541,A,SELL,0.1,4385.11,4384.61,4383.11,4384.61,0.0,5.00,0.70,4.30,RATCHET_WIN,5249.66
2026-09-06 19:19:05.595,360287970300001561,360287970300001556,A,SELL,0.1,4384.82,4384.77,4382.82,4384.77,0.2,0.50,0.70,-0.20,BE_PROTECTED,5249.46
2026-09-06 19:19:06.446,360287970300000035,360287970300000015,C,BUY,0.03,4427.50,4427.32,4430.77,4427.32,0.0,-0.54,0.21,-0.75,STOP_LOSS,4774.91
2026-09-06 19:19:06.525,360287970300000038,360287970300000007,B,SELL,0.03,4427.42,4427.56,4424.11,4427.56,0.1,-0.42,0.21,-0.63,STOP_LOSS,4774.28
2026-09-06 19:19:06.528,360287970300000045,360287970300000029,C,SELL,0.03,4427.42,4427.56,4424.11,4427.56,0.1,-0.42,0.21,-0.63,STOP_LOSS,4773.65
2026-09-06 19:19:07.104,360287970300000067,360287970300000059,A,SELL,0.1,4428.86,4427.05,4427.05,4427.86,0.1,18.10,0.70,17.40,WIN_TP,4791.05
2026-09-06 19:19:07.585,360287970300000075,360287970300000070,A,SELL,0.1,4424.81,4424.31,4422.91,4424.31,0.1,5.00,0.70,4.30,RATCHET_WIN,4795.35
2026-09-06 19:19:08.052,360287970300000108,360287970300000091,C,BUY,0.03,4425.05,4425.40,4428.85,4425.40,0.0,1.05,0.21,0.84,STOP_LOSS,4796.19
2026-09-06 19:19:08.204,360287970300000115,360287970300000080,B,SELL,0.03,4424.97,4422.19,4422.19,4423.31,0.2,8.34,0.21,8.13,WIN_TP,4804.32
2026-09-06 19:19:08.217,360287970300000120,360287970300000103,C,SELL,0.03,4424.97,4422.19,4422.19,4423.31,0.2,8.34,0.21,8.13,WIN_TP,4812.45
2026-09-06 19:19:08.336,360287970300000136,360287970300000130,C,BUY,0.03,4421.46,4421.90,4425.35,4421.90,0.0,1.32,0.21,1.11,STOP_LOSS,4813.56
2026-09-06 19:19:08.492,360287970300000143,360287970300000125,B,SELL,0.03,4421.38,4422.14,4418.69,4422.14,0.2,-2.28,0.21,-2.49,STOP_LOSS,4811.07
2026-09-06 19:19:08.496,360287970300000146,360287970300000135,C,SELL,0.03,4421.38,4422.14,4418.69,4422.14,0.2,-2.28,0.21,-2.49,STOP_LOSS,4808.58
2026-09-06 19:19:08.803,360287970300000160,360287970300000156,A,SELL,0.1,4422.47,4422.70,4420.58,4422.70,0.0,-2.30,0.70,-3.00,STOP_LOSS,4805.58
2026-09-06 19:19:09.298,360287970300000174,360287970300000171,A,SELL,0.1,4421.17,4422.13,4420.01,4422.13,0.0,-9.60,0.70,-10.30,STOP_LOSS,4795.28
2026-09-06 19:19:09.599,360287970300000189,360287970300000182,A,SELL,0.1,4422.20,4422.59,4420.47,4422.59,0.0,-3.90,0.70,-4.60,STOP_LOSS,4790.68
2026-09-06 19:19:09.942,360287970300000204,360287970300000196,A,SELL,0.1,4425.67,4425.84,4423.72,4425.84,0.0,-1.70,0.70,-2.40,STOP_LOSS,4788.28
2026-09-06 19:19:10.239,360287970300000224,360287970300000218,A,SELL,0.1,4426.01,4426.34,4424.22,4426.34,0.0,-3.30,0.70,-4.00,STOP_LOSS,4784.28
2026-09-06 19:19:10.456,360287970300000237,360287970300000236,A,SELL,0.1,4424.32,4424.62,4422.50,4424.62,0.0,-3.00,0.70,-3.70,STOP_LOSS,4780.58
2026-09-06 19:19:10.727,360287970300000248,360287970300000246,A,SELL,0.1,4427.93,4428.09,4425.97,4428.09,0.0,-1.60,0.70,-2.30,STOP_LOSS,4778.28
2026-09-06 19:19:11.028,360287970300000269,360287970300000261,A,SELL,0.1,4426.99,4427.27,4425.15,4427.27,0.0,-2.80,0.70,-3.50,STOP_LOSS,4774.78
2026-09-06 19:19:11.643,360287970300000282,360287970300000274,A,SELL,0.1,4426.48,4427.27,4425.15,4427.27,0.0,-7.90,0.70,-8.60,STOP_LOSS,4766.18
2026-09-06 19:19:11.867,360287970300000290,360287970300000289,A,SELL,0.1,4430.34,4430.71,4428.59,4430.71,0.0,-3.70,0.70,-4.40,STOP_LOSS,4761.78
2026-09-06 19:19:12.618,360287970300000303,360287970300000299,A,SELL,0.1,4430.92,4432.13,4430.01,4432.13,0.2,-12.10,0.70,-12.80,STOP_LOSS,4748.98
2026-09-06 19:19:14.292,360287970300000317,360287970300000311,A,BUY,0.1,4443.64,4443.70,4443.70,4441.58,0.0,0.60,0.70,-0.10,WIN_TP,4748.88
2026-09-06 19:19:14.565,360287970300000364,360287970300000355,C,SELL,0.03,4444.82,4444.60,4441.15,4444.60,0.0,0.66,0.21,0.45,STOP_LOSS,4749.33
2026-09-06 19:19:14.569,360287970300000367,360287970300000333,B,BUY,0.03,4444.90,4444.36,4447.81,4444.36,0.0,-1.62,0.21,-1.83,STOP_LOSS,4747.50
2026-09-06 19:19:14.570,360287970300000372,360287970300000342,C,BUY,0.03,4444.90,4444.36,4447.81,4444.36,0.0,-1.62,0.21,-1.83,STOP_LOSS,4745.67
2026-09-06 19:19:14.688,360287970300000380,360287970300000377,A,BUY,0.1,4448.72,4448.30,4450.42,4448.30,0.0,-4.20,0.70,-4.90,STOP_LOSS,4740.77
2026-09-06 19:19:14.857,360287970300000395,360287970300000386,A,BUY,0.1,4449.35,4449.40,4451.01,4449.40,0.0,0.50,0.70,-0.20,BE_PROTECTED,4740.57
2026-09-06 19:19:15.027,360287970300000413,360287970300000404,A,BUY,0.1,4444.62,4443.66,4445.78,4443.66,0.0,-9.60,0.70,-10.30,STOP_LOSS,4730.27
2026-09-06 19:19:15.246,360287970300000448,360287970300000431,B,BUY,0.03,4444.29,4445.48,4445.48,4444.34,0.0,3.57,0.21,3.36,WIN_TP,4733.63
2026-09-06 19:19:15.248,360287970300000453,360287970300000435,C,BUY,0.03,4444.29,4445.48,4445.48,4444.34,0.0,3.57,0.21,3.36,WIN_TP,4736.99
2026-09-06 19:19:15.250,360287970300000460,360287970300000440,C,SELL,0.03,4444.21,4442.27,4438.82,4442.27,0.0,5.82,0.21,5.61,STOP_LOSS,4742.60
2026-09-06 19:19:15.427,360287970300000479,360287970300000472,A,BUY,0.1,4448.37,4447.28,4449.40,4447.28,0.1,-10.90,0.70,-11.60,STOP_LOSS,4731.00
2026-09-06 19:19:15.540,360287970300000510,360287970300000492,B,BUY,0.03,4455.00,4454.97,4454.97,4451.52,0.0,-0.09,0.21,-0.30,WIN_TP,4730.70
2026-09-06 19:19:15.546,360287970300000514,360287970300000503,C,BUY,0.03,4455.00,4454.97,4454.97,4451.52,0.0,-0.09,0.21,-0.30,WIN_TP,4730.40
2026-09-06 19:19:15.548,360287970300000523,360287970300000509,C,SELL,0.03,4454.92,4451.76,4448.31,4451.76,0.0,9.48,0.21,9.27,STOP_LOSS,4739.67
2026-09-06 19:19:15.683,360287970300000562,360287970300000556,C,SELL,0.03,4469.47,4468.58,4465.13,4468.58,0.0,2.67,0.21,2.46,STOP_LOSS,4742.13
2026-09-06 19:19:15.688,360287970300000564,360287970300000536,B,BUY,0.03,4469.55,4468.34,4471.79,4468.34,0.0,-3.63,0.21,-3.84,STOP_LOSS,4738.29
2026-09-06 19:19:15.691,360287970300000573,360287970300000541,C,BUY,0.03,4469.55,4468.34,4471.79,4468.34,0.0,-3.63,0.21,-3.84,STOP_LOSS,4734.45
2026-09-06 19:19:15.944,360287970300000622,360287970300000615,C,SELL,0.03,4475.93,4475.94,4472.49,4475.94,0.0,-0.03,0.21,-0.24,STOP_LOSS,4734.21
2026-09-06 19:19:15.951,360287970300000630,360287970300000587,B,BUY,0.03,4476.01,4475.70,4479.15,4475.70,0.0,-0.93,0.21,-1.14,STOP_LOSS,4733.07
2026-09-06 19:19:15.954,360287970300000638,360287970300000603,C,BUY,0.03,4476.01,4475.70,4479.15,4475.70,0.0,-0.93,0.21,-1.14,STOP_LOSS,4731.93
2026-09-06 19:19:16.142,360287970300000671,360287970300000663,C,SELL,0.03,4468.81,4468.49,4465.04,4468.49,0.0,0.96,0.21,0.75,STOP_LOSS,4732.68
2026-09-06 19:19:16.145,360287970300000678,360287970300000649,B,BUY,0.03,4468.89,4468.25,4471.70,4468.25,0.0,-1.92,0.21,-2.13,STOP_LOSS,4730.55
2026-09-06 19:19:16.147,360287970300000682,360287970300000661,C,BUY,0.03,4468.89,4468.25,4471.70,4468.25,0.0,-1.92,0.21,-2.13,STOP_LOSS,4728.42
2026-09-06 19:19:16.331,360287970300000720,360287970300000712,C,SELL,0.03,4481.60,4480.38,4476.93,4480.38,0.0,3.66,0.21,3.45,STOP_LOSS,4731.87
2026-09-06 19:19:16.347,360287970300000729,360287970300000692,B,BUY,0.03,4481.68,4480.14,4483.59,4480.14,0.0,-4.62,0.21,-4.83,STOP_LOSS,4727.04
2026-09-06 19:19:16.350,360287970300000738,360287970300000705,C,BUY,0.03,4481.68,4480.14,4483.59,4480.14,0.0,-4.62,0.21,-4.83,STOP_LOSS,4722.21
2026-09-06 19:19:16.812,360287970300000772,360287970300000767,C,SELL,0.03,4491.14,4491.14,4487.69,4491.14,0.0,0.00,0.21,-0.21,STOP_LOSS,4722.00
2026-09-06 19:19:16.840,360287970300000774,360287970300000749,B,BUY,0.03,4491.22,4494.35,4494.35,4492.89,0.0,9.39,0.21,9.18,WIN_TP,4731.18
2026-09-06 19:19:16.843,360287970300000778,360287970300000763,C,BUY,0.03,4491.22,4494.35,4494.35,4492.89,0.0,9.39,0.21,9.18,WIN_TP,4740.36
2026-09-06 19:19:17.344,360287970300000811,360287970300000804,C,SELL,0.03,4493.09,4491.25,4487.80,4491.25,0.0,5.52,0.21,5.31,STOP_LOSS,4745.67
2026-09-06 19:19:17.370,360287970300000820,360287970300000787,B,BUY,0.03,4493.17,4494.46,4494.46,4493.22,0.0,3.87,0.21,3.66,WIN_TP,4749.33
2026-09-06 19:19:17.373,360287970300000822,360287970300000793,C,BUY,0.03,4493.17,4494.46,4494.46,4493.22,0.0,3.87,0.21,3.66,WIN_TP,4752.99
2026-09-06 19:19:17.576,360287970300000865,360287970300000858,C,SELL,0.03,4491.33,4490.72,4487.27,4490.72,0.0,1.83,0.21,1.62,STOP_LOSS,4754.61
2026-09-06 19:19:17.621,360287970300000874,360287970300000832,B,BUY,0.03,4491.41,4492.24,4493.93,4492.24,0.1,2.49,0.21,2.28,RATCHET_WIN,4756.89
2026-09-06 19:19:17.624,360287970300000877,360287970300000847,C,BUY,0.03,4491.41,4492.24,4493.93,4492.24,0.1,2.49,0.21,2.28,RATCHET_WIN,4759.17
2026-09-06 19:19:18.038,360287970300000921,360287970300000914,C,SELL,0.03,4486.76,4486.87,4483.42,4486.87,0.0,-0.33,0.21,-0.54,STOP_LOSS,4758.63
2026-09-06 19:19:18.067,360287970300000929,360287970300000889,B,BUY,0.03,4486.84,4490.08,4490.08,4488.51,0.0,9.72,0.21,9.51,WIN_TP,4768.14
2026-09-06 19:19:18.071,360287970300000930,360287970300000905,C,BUY,0.03,4486.84,4490.08,4490.08,4488.51,0.0,9.72,0.21,9.51,WIN_TP,4777.65
2026-09-06 19:19:18.257,360287970300000968,360287970300000961,C,SELL,0.03,4487.02,4486.09,4482.64,4486.09,0.0,2.79,0.21,2.58,STOP_LOSS,4780.23
2026-09-06 19:19:18.274,360287970300000974,360287970300000939,B,BUY,0.03,4487.10,4485.85,4489.30,4485.85,0.0,-3.75,0.21,-3.96,STOP_LOSS,4776.27
2026-09-06 19:19:18.276,360287970300000976,360287970300000953,C,BUY,0.03,4487.10,4485.85,4489.30,4485.85,0.0,-3.75,0.21,-3.96,STOP_LOSS,4772.31
2026-09-06 19:19:18.569,360287970300001019,360287970300000989,B,BUY,0.03,4479.98,4479.83,4483.28,4479.83,0.0,-0.45,0.21,-0.66,STOP_LOSS,4771.65
2026-09-06 19:19:18.571,360287970300001023,360287970300001002,C,BUY,0.03,4479.98,4479.83,4483.28,4479.83,0.0,-0.45,0.21,-0.66,STOP_LOSS,4770.99
2026-09-06 19:19:18.583,360287970300001030,360287970300001017,C,SELL,0.03,4479.90,4479.85,4476.62,4479.85,0.0,0.15,0.21,-0.06,BE_PROTECTED,4770.93
2026-09-06 19:19:18.891,360287970300001082,360287970300001080,C,SELL,0.03,4478.70,4478.40,4474.95,4478.40,0.0,0.90,0.21,0.69,STOP_LOSS,4771.62
2026-09-06 19:19:18.896,360287970300001087,360287970300001046,B,BUY,0.03,4478.78,4478.16,4481.61,4478.16,0.0,-1.86,0.21,-2.07,STOP_LOSS,4769.55
2026-09-06 19:19:18.898,360287970300001092,360287970300001064,C,BUY,0.03,4478.78,4478.16,4481.61,4478.16,0.0,-1.86,0.21,-2.07,STOP_LOSS,4767.48
2026-09-06 19:19:19.583,360287970300001133,360287970300001125,C,SELL,0.03,4478.50,4475.61,4472.16,4475.61,0.0,8.67,0.21,8.46,STOP_LOSS,4775.94
2026-09-06 19:19:19.594,360287970300001137,360287970300001100,B,BUY,0.03,4478.58,4478.82,4478.82,4475.37,0.0,0.72,0.21,0.51,WIN_TP,4776.45
2026-09-06 19:19:19.597,360287970300001142,360287970300001114,C,BUY,0.03,4478.58,4478.82,4478.82,4475.37,0.0,0.72,0.21,0.51,WIN_TP,4776.96
2026-09-06 19:19:19.780,360287970300001179,360287970300001171,C,SELL,0.03,4479.50,4477.49,4474.04,4477.49,0.0,6.03,0.21,5.82,STOP_LOSS,4782.78
2026-09-06 19:19:19.837,360287970300001181,360287970300001155,B,BUY,0.03,4479.58,4477.25,4480.70,4477.25,0.1,-6.99,0.21,-7.20,STOP_LOSS,4775.58
2026-09-06 19:19:19.839,360287970300001182,360287970300001159,C,BUY,0.03,4479.58,4477.25,4480.70,4477.25,0.1,-6.99,0.21,-7.20,STOP_LOSS,4768.38
2026-09-06 19:19:20.420,360287970300001209,360287970300001205,C,SELL,0.03,4475.84,4474.94,4471.49,4474.94,0.0,2.70,0.21,2.49,STOP_LOSS,4770.87
2026-09-06 19:19:20.478,360287970300001218,360287970300001195,B,BUY,0.03,4475.92,4474.70,4478.15,4474.70,0.1,-3.66,0.21,-3.87,STOP_LOSS,4767.00
2026-09-06 19:19:20.481,360287970300001222,360287970300001199,C,BUY,0.03,4475.92,4474.70,4478.15,4474.70,0.1,-3.66,0.21,-3.87,STOP_LOSS,4763.13
2026-09-06 19:19:20.920,360287970300001236,360287970300001232,A,BUY,0.1,4465.70,4467.24,4467.24,4466.70,0.0,15.40,0.70,14.70,WIN_TP,4777.83
2026-09-06 19:19:21.263,360287970300001278,360287970300001271,C,SELL,0.03,4459.00,4458.53,4455.08,4458.53,0.0,1.41,0.21,1.20,STOP_LOSS,4779.03
2026-09-06 19:19:21.274,360287970300001279,360287970300001254,B,BUY,0.03,4459.08,4458.29,4461.74,4458.29,0.0,-2.37,0.21,-2.58,STOP_LOSS,4776.45
2026-09-06 19:19:21.279,360287970300001282,360287970300001265,C,BUY,0.03,4459.08,4458.29,4461.74,4458.29,0.0,-2.37,0.21,-2.58,STOP_LOSS,4773.87
2026-09-06 19:19:21.921,360287970300001300,360287970300001292,A,BUY,0.1,4461.24,4462.30,4462.30,4461.74,0.0,10.60,0.70,9.90,WIN_TP,4783.77
2026-09-06 19:19:22.329,360287970300001316,360287970300001312,A,BUY,0.1,4467.86,4467.44,4467.44,4465.32,0.0,-4.20,0.70,-4.90,WIN_TP,4778.87
2026-09-06 19:19:22.948,360287970300001351,360287970300001345,C,SELL,0.03,4466.46,4465.54,4462.09,4465.54,0.0,2.76,0.21,2.55,STOP_LOSS,4781.42
2026-09-06 19:19:22.998,360287970300001359,360287970300001325,B,BUY,0.03,4466.54,4468.75,4468.75,4467.37,0.1,6.63,0.21,6.42,WIN_TP,4787.84
2026-09-06 19:19:23.004,360287970300001363,360287970300001335,C,BUY,0.03,4466.54,4468.75,4468.75,4467.37,0.1,6.63,0.21,6.42,WIN_TP,4794.26
2026-09-06 19:19:23.432,360287970300001406,360287970300001401,C,SELL,0.03,4465.65,4462.84,4459.39,4462.84,0.0,8.43,0.21,8.22,STOP_LOSS,4802.48
2026-09-06 19:19:23.490,360287970300001410,360287970300001375,B,BUY,0.03,4465.73,4462.60,4466.05,4462.60,0.1,-9.39,0.21,-9.60,STOP_LOSS,4792.88
2026-09-06 19:19:23.492,360287970300001414,360287970300001391,C,BUY,0.03,4465.73,4462.60,4466.05,4462.60,0.1,-9.39,0.21,-9.60,STOP_LOSS,4783.28
2026-09-06 19:19:23.805,360287970300001452,360287970300001448,C,SELL,0.03,4469.34,4466.72,4463.27,4466.72,0.0,7.86,0.21,7.65,STOP_LOSS,4790.93
2026-09-06 19:19:23.809,360287970300001460,360287970300001423,B,BUY,0.03,4469.42,4469.93,4469.93,4466.48,0.0,1.53,0.21,1.32,WIN_TP,4792.25
2026-09-06 19:19:23.815,360287970300001465,360287970300001435,C,BUY,0.03,4469.42,4469.93,4469.93,4466.48,0.0,1.53,0.21,1.32,WIN_TP,4793.57
2026-09-06 19:19:24.012,360287970300001489,360287970300001484,C,SELL,0.03,4475.30,4475.40,4471.95,4475.40,0.0,-0.30,0.21,-0.51,STOP_LOSS,4793.06
2026-09-06 19:19:24.017,360287970300001494,360287970300001473,B,BUY,0.03,4475.38,4475.16,4478.61,4475.16,0.0,-0.66,0.21,-0.87,STOP_LOSS,4792.19
2026-09-06 19:19:24.020,360287970300001495,360287970300001479,C,BUY,0.03,4475.38,4475.16,4478.61,4475.16,0.0,-0.66,0.21,-0.87,STOP_LOSS,4791.32
2026-09-06 19:19:24.867,360287970300001520,360287970300001503,B,BUY,0.03,4475.44,4475.36,4478.81,4475.36,0.0,-0.24,0.21,-0.45,STOP_LOSS,4790.87
2026-09-06 19:19:24.870,360287970300001527,360287970300001513,C,BUY,0.03,4475.44,4475.36,4478.81,4475.36,0.0,-0.24,0.21,-0.45,STOP_LOSS,4790.42
2026-09-06 19:19:25.337,360287970300001528,360287970300001518,C,SELL,0.03,4475.36,4472.15,4472.15,4473.69,0.5,9.63,0.21,9.42,WIN_TP,4799.84
2026-09-06 19:19:25.511,360287970300001565,360287970300001559,C,SELL,0.03,4478.43,4477.91,4474.46,4477.91,0.0,1.56,0.21,1.35,STOP_LOSS,4801.19
2026-09-06 19:19:25.647,360287970300001566,360287970300001537,B,BUY,0.03,4478.51,4478.56,4481.12,4478.56,0.1,0.15,0.21,-0.06,BE_PROTECTED,4801.13
2026-09-06 19:19:25.650,360287970300001573,360287970300001546,C,BUY,0.03,4478.51,4478.56,4481.12,4478.56,0.1,0.15,0.21,-0.06,BE_PROTECTED,4801.07
2026-09-06 19:19:26.105,360287970300001593,360287970300001588,C,SELL,0.03,4472.94,4471.19,4467.74,4471.19,0.0,5.25,0.21,5.04,STOP_LOSS,4806.11
2026-09-06 19:19:26.173,360287970300001598,360287970300001578,B,BUY,0.03,4473.02,4470.95,4474.40,4470.95,0.2,-6.21,0.21,-6.42,STOP_LOSS,4799.69
2026-09-06 19:19:26.175,360287970300001602,360287970300001585,C,BUY,0.03,4473.02,4470.95,4474.40,4470.95,0.1,-6.21,0.21,-6.42,STOP_LOSS,4793.27
2026-09-06 19:19:26.625,360287970300001635,360287970300001630,C,SELL,0.03,4468.58,4467.13,4463.68,4467.13,0.0,4.35,0.21,4.14,STOP_LOSS,4797.41
2026-09-06 19:19:26.743,360287970300001643,360287970300001611,B,BUY,0.03,4468.66,4470.34,4470.34,4469.49,0.1,5.04,0.21,4.83,WIN_TP,4802.24
2026-09-06 19:19:26.745,360287970300001652,360287970300001623,C,BUY,0.03,4468.66,4470.34,4470.34,4469.49,0.1,5.04,0.21,4.83,WIN_TP,4807.07
2026-09-06 19:19:27.006,360287970300001692,360287970300001686,C,SELL,0.03,4474.23,4473.34,4469.89,4473.34,0.0,2.67,0.21,2.46,STOP_LOSS,4809.53
2026-09-06 19:19:27.045,360287970300001694,360287970300001661,B,BUY,0.03,4474.31,4474.36,4476.55,4474.36,0.0,0.15,0.21,-0.06,BE_PROTECTED,4809.47
2026-09-06 19:19:27.047,360287970300001697,360287970300001672,C,BUY,0.03,4474.31,4474.36,4476.55,4474.36,0.0,0.15,0.21,-0.06,BE_PROTECTED,4809.41
2026-09-06 19:19:27.257,360287970300001718,360287970300001709,A,BUY,0.1,4476.69,4476.49,4476.49,4474.37,0.0,-2.00,0.70,-2.70,WIN_TP,4806.71
2026-09-06 19:19:27.771,360287970300001736,360287970300001730,A,BUY,0.1,4478.88,4479.13,4479.13,4477.01,0.0,2.50,0.70,1.80,WIN_TP,4808.51
2026-09-06 19:19:28.383,360287970300001754,360287970300001747,A,BUY,0.1,4482.71,4482.36,4484.48,4482.36,0.0,-3.50,0.70,-4.20,STOP_LOSS,4804.31
2026-09-06 19:19:28.787,360287970300001785,360287970300001781,C,SELL,0.03,4499.18,4499.19,4495.74,4499.19,0.0,-0.03,0.21,-0.24,STOP_LOSS,4804.07
2026-09-06 19:19:28.791,360287970300001793,360287970300001761,B,BUY,0.03,4499.26,4498.95,4502.40,4498.95,0.0,-0.93,0.21,-1.14,STOP_LOSS,4802.93
2026-09-06 19:19:28.794,360287970300001795,360287970300001766,C,BUY,0.03,4499.26,4498.95,4502.40,4498.95,0.0,-0.93,0.21,-1.14,STOP_LOSS,4801.79
2026-09-06 19:19:29.355,360287970300001838,360287970300001829,C,SELL,0.03,4498.28,4498.01,4494.56,4498.01,0.0,0.81,0.21,0.60,STOP_LOSS,4802.39
2026-09-06 19:19:29.359,360287970300001842,360287970300001799,B,BUY,0.03,4498.36,4497.77,4501.22,4497.77,0.0,-1.77,0.21,-1.98,STOP_LOSS,4800.41
2026-09-06 19:19:29.362,360287970300001843,360287970300001813,C,BUY,0.03,4498.36,4497.77,4501.22,4497.77,0.0,-1.77,0.21,-1.98,STOP_LOSS,4798.43
2026-09-06 19:19:29.472,360287970300001860,360287970300001859,C,SELL,0.03,4505.10,4504.00,4500.55,4504.00,0.0,3.30,0.21,3.09,STOP_LOSS,4801.52
2026-09-06 19:19:29.490,360287970300001861,360287970300001853,B,BUY,0.03,4505.18,4503.76,4507.21,4503.76,0.0,-4.26,0.21,-4.47,STOP_LOSS,4797.05
2026-09-06 19:19:29.492,360287970300001864,360287970300001856,C,BUY,0.03,4505.18,4503.76,4507.21,4503.76,0.0,-4.26,0.21,-4.47,STOP_LOSS,4792.58
2026-09-06 19:19:29.926,360287970300001904,360287970300001872,B,BUY,0.03,4510.54,4510.25,4513.70,4510.25,0.0,-0.87,0.21,-1.08,STOP_LOSS,4791.50
2026-09-06 19:19:29.928,360287970300001912,360287970300001883,C,BUY,0.03,4510.54,4510.25,4513.70,4510.25,0.0,-0.87,0.21,-1.08,STOP_LOSS,4790.42
2026-09-06 19:19:29.945,360287970300001915,360287970300001898,C,SELL,0.03,4510.46,4510.49,4507.04,4510.49,0.0,-0.09,0.21,-0.30,STOP_LOSS,4790.12
2026-09-06 19:19:30.477,360287970300001927,360287970300001923,A,BUY,0.1,4505.89,4505.94,4506.75,4505.94,0.1,0.50,0.70,-0.20,BE_PROTECTED,4789.92
2026-09-06 19:19:30.844,360287970300001962,360287970300001955,C,SELL,0.03,4508.05,4507.47,4504.02,4507.47,0.0,1.74,0.21,1.53,STOP_LOSS,4791.45
2026-09-06 19:19:30.857,360287970300001964,360287970300001940,B,BUY,0.03,4508.13,4508.18,4510.68,4508.18,0.0,0.15,0.21,-0.06,BE_PROTECTED,4791.39
2026-09-06 19:19:30.860,360287970300001973,360287970300001948,C,BUY,0.03,4508.13,4508.18,4510.68,4508.18,0.0,0.15,0.21,-0.06,BE_PROTECTED,4791.33
2026-09-06 19:19:31.871,360287970300002008,360287970300002000,C,SELL,0.03,4501.75,4501.82,4498.37,4501.82,0.0,-0.21,0.21,-0.42,STOP_LOSS,4790.91
2026-09-06 19:19:31.876,360287970300002011,360287970300001977,B,BUY,0.03,4501.83,4501.58,4505.03,4501.58,0.2,-0.75,0.21,-0.96,STOP_LOSS,4789.95
2026-09-06 19:19:31.879,360287970300002020,360287970300001986,C,BUY,0.03,4501.83,4501.58,4505.03,4501.58,0.1,-0.75,0.21,-0.96,STOP_LOSS,4788.99
2026-09-06 19:19:32.062,360287970300002063,360287970300002058,C,SELL,0.03,4498.06,4497.38,4493.93,4497.38,0.0,2.04,0.21,1.83,STOP_LOSS,4790.82
2026-09-06 19:19:32.076,360287970300002068,360287970300002030,B,BUY,0.03,4498.14,4497.14,4500.59,4497.14,0.0,-3.00,0.21,-3.21,STOP_LOSS,4787.61
2026-09-06 19:19:32.078,360287970300002069,360287970300002047,C,BUY,0.03,4498.14,4497.14,4500.59,4497.14,0.0,-3.00,0.21,-3.21,STOP_LOSS,4784.40
2026-09-06 19:19:33.223,360287970300002087,360287970300002080,A,BUY,0.1,4488.76,4488.51,4490.63,4488.51,0.0,-2.50,0.70,-3.20,STOP_LOSS,4781.20
2026-09-06 19:19:33.987,360287970300002102,360287970300002100,A,BUY,0.1,4490.12,4490.62,4491.83,4490.62,0.0,5.00,0.70,4.30,RATCHET_WIN,4785.50
2026-09-06 19:19:34.599,360287970300002158,360287970300002117,B,BUY,0.03,4491.61,4491.39,4494.84,4491.39,0.0,-0.66,0.21,-0.87,STOP_LOSS,4784.63
2026-09-06 19:19:34.601,360287970300002166,360287970300002134,C,BUY,0.03,4491.61,4491.39,4494.84,4491.39,0.0,-0.66,0.21,-0.87,STOP_LOSS,4783.76
2026-09-06 19:19:34.605,360287970300002175,360287970300002149,C,SELL,0.03,4491.53,4491.63,4488.18,4491.63,0.0,-0.30,0.21,-0.51,STOP_LOSS,4783.25
2026-09-06 19:19:36.653,360287970300002190,360287970300002185,A,BUY,0.1,4490.45,4491.65,4491.65,4490.95,0.2,12.00,0.70,11.30,WIN_TP,4794.55
2026-09-06 19:19:36.965,360287970300002219,360287970300002210,C,SELL,0.03,4493.14,4492.63,4489.18,4492.63,0.0,1.53,0.21,1.32,STOP_LOSS,4795.87
2026-09-06 19:19:37.004,360287970300002220,360287970300002196,B,BUY,0.03,4493.22,4493.27,4495.84,4493.27,0.1,0.15,0.21,-0.06,BE_PROTECTED,4795.81
2026-09-06 19:19:37.006,360287970300002226,360287970300002203,C,BUY,0.03,4493.22,4493.27,4495.84,4493.27,0.0,0.15,0.21,-0.06,BE_PROTECTED,4795.75
2026-09-06 19:19:37.655,360287970300002243,360287970300002238,A,BUY,0.1,4494.22,4493.88,4496.00,4493.88,0.0,-3.40,0.70,-4.10,STOP_LOSS,4791.65
2026-09-06 19:19:38.391,360287970300002258,360287970300002253,A,BUY,0.1,4492.46,4491.80,4493.92,4491.80,0.0,-6.60,0.70,-7.30,STOP_LOSS,4784.35
2026-09-06 19:19:38.733,360287970300002271,360287970300002266,A,BUY,0.1,4492.90,4492.53,4494.65,4492.53,0.0,-3.70,0.70,-4.40,STOP_LOSS,4779.95
2026-09-06 19:19:38.925,360287970300002311,360287970300002304,C,SELL,0.03,4494.73,4493.75,4490.30,4493.75,0.0,2.94,0.21,2.73,STOP_LOSS,4782.68
2026-09-06 19:19:39.202,360287970300002318,360287970300002278,B,BUY,0.03,4494.81,4493.51,4496.96,4493.51,0.3,-3.90,0.21,-4.11,STOP_LOSS,4778.57
2026-09-06 19:19:39.206,360287970300002326,360287970300002294,C,BUY,0.03,4494.81,4493.51,4496.96,4493.51,0.3,-3.90,0.21,-4.11,STOP_LOSS,4774.46
2026-09-06 19:19:39.753,360287970300002342,360287970300002337,A,BUY,0.1,4491.07,4490.87,4492.99,4490.87,0.0,-2.00,0.70,-2.70,STOP_LOSS,4771.76
2026-09-06 19:19:40.444,360287970300002387,360287970300002383,C,SELL,0.03,4489.36,4489.48,4486.03,4489.48,0.0,-0.36,0.21,-0.57,STOP_LOSS,4771.19
2026-09-06 19:19:40.447,360287970300002388,360287970300002355,B,BUY,0.03,4489.44,4489.24,4492.69,4489.24,0.0,-0.60,0.21,-0.81,STOP_LOSS,4770.38
2026-09-06 19:19:40.455,360287970300002390,360287970300002369,C,BUY,0.03,4489.44,4489.24,4492.69,4489.24,0.0,-0.60,0.21,-0.81,STOP_LOSS,4769.57
2026-09-06 19:19:40.803,360287970300002410,360287970300002401,A,BUY,0.1,4488.85,4488.90,4490.10,4488.90,0.0,0.50,0.70,-0.20,BE_PROTECTED,4769.37
2026-09-06 19:19:41.171,360287970300002440,360287970300002433,C,SELL,0.03,4490.02,4489.11,4485.66,4489.11,0.0,2.73,0.21,2.52,STOP_LOSS,4771.89
2026-09-06 19:19:41.178,360287970300002446,360287970300002414,B,BUY,0.03,4490.10,4488.87,4492.32,4488.87,0.0,-3.69,0.21,-3.90,STOP_LOSS,4767.99
2026-09-06 19:19:41.179,360287970300002448,360287970300002419,C,BUY,0.03,4490.10,4488.87,4492.32,4488.87,0.0,-3.69,0.21,-3.90,STOP_LOSS,4764.09
2026-09-06 19:19:41.522,360287970300002464,360287970300002459,A,BUY,0.1,4487.88,4487.93,4489.32,4487.93,0.1,0.50,0.70,-0.20,BE_PROTECTED,4763.89
2026-09-06 19:19:41.739,360287970300002494,360287970300002488,C,SELL,0.03,4487.01,4486.68,4483.23,4486.68,0.0,0.99,0.21,0.78,STOP_LOSS,4764.67
2026-09-06 19:19:41.756,360287970300002498,360287970300002468,B,BUY,0.03,4487.09,4486.44,4489.89,4486.44,0.0,-1.95,0.21,-2.16,STOP_LOSS,4762.51
2026-09-06 19:19:41.763,360287970300002499,360287970300002478,C,BUY,0.03,4487.09,4486.44,4489.89,4486.44,0.0,-1.95,0.21,-2.16,STOP_LOSS,4760.35
2026-09-06 19:19:41.973,360287970300002513,360287970300002512,A,BUY,0.1,4487.37,4487.10,4489.22,4487.10,0.0,-2.70,0.70,-3.40,STOP_LOSS,4756.95
2026-09-06 19:19:42.293,360287970300002524,360287970300002516,A,BUY,0.1,4486.70,4486.75,4488.43,4486.75,0.1,0.50,0.70,-0.20,BE_PROTECTED,4756.75
2026-09-06 19:19:42.639,360287970300002537,360287970300002535,A,BUY,0.1,4486.22,4486.27,4487.64,4486.27,0.0,0.50,0.70,-0.20,BE_PROTECTED,4756.55
2026-09-06 19:19:42.783,360287970300002547,360287970300002541,A,BUY,0.1,4487.59,4488.59,4489.45,4488.59,0.1,10.00,0.70,9.30,RATCHET_WIN,4765.85
2026-09-06 19:19:42.969,360287970300002566,360287970300002558,A,BUY,0.1,4490.96,4490.73,4492.85,4490.73,0.0,-2.30,0.70,-3.00,STOP_LOSS,4762.85
2026-09-06 19:19:43.460,360287970300002604,360287970300002602,C,SELL,0.03,4493.80,4493.26,4489.81,4493.26,0.0,1.62,0.21,1.41,STOP_LOSS,4764.26
2026-09-06 19:19:43.473,360287970300002611,360287970300002576,B,BUY,0.03,4493.88,4493.02,4496.47,4493.02,0.0,-2.58,0.21,-2.79,STOP_LOSS,4761.47
2026-09-06 19:19:43.477,360287970300002616,360287970300002588,C,BUY,0.03,4493.88,4493.02,4496.47,4493.02,0.0,-2.58,0.21,-2.79,STOP_LOSS,4758.68
2026-09-06 19:19:43.719,360287970300002631,360287970300002628,A,BUY,0.1,4492.25,4493.25,4494.16,4493.25,0.1,10.00,0.70,9.30,RATCHET_WIN,4767.98
2026-09-06 19:19:44.021,360287970300002644,360287970300002642,A,BUY,0.1,4493.71,4493.14,4495.26,4493.14,0.1,-5.70,0.70,-6.40,STOP_LOSS,4761.58
2026-09-06 19:19:44.360,360287970300002665,360287970300002656,A,BUY,0.1,4492.29,4492.79,4494.17,4492.79,0.1,5.00,0.70,4.30,RATCHET_WIN,4765.88
2026-09-06 19:19:45.071,360287970300002679,360287970300002675,A,BUY,0.1,4489.10,4490.10,4490.99,4490.10,0.1,10.00,0.70,9.30,RATCHET_WIN,4775.18
2026-09-06 19:19:45.534,360287970300002693,360287970300002692,A,BUY,0.1,4488.50,4488.02,4490.14,4488.02,0.0,-4.80,0.70,-5.50,STOP_LOSS,4769.68
2026-09-06 19:19:45.663,360287970300002709,360287970300002705,A,BUY,0.1,4487.78,4487.83,4489.01,4487.83,0.0,0.50,0.70,-0.20,BE_PROTECTED,4769.48
2026-09-06 19:19:46.030,360287970300002744,360287970300002737,C,SELL,0.03,4485.73,4485.59,4482.14,4485.59,0.0,0.42,0.21,0.21,STOP_LOSS,4769.69
2026-09-06 19:19:46.075,360287970300002746,360287970300002721,B,BUY,0.03,4485.81,4485.35,4488.80,4485.35,0.1,-1.38,0.21,-1.59,STOP_LOSS,4768.10
2026-09-06 19:19:46.081,360287970300002755,360287970300002731,C,BUY,0.03,4485.81,4485.35,4488.80,4485.35,0.1,-1.38,0.21,-1.59,STOP_LOSS,4766.51
2026-09-06 19:19:46.408,360287970300002787,360287970300002764,B,BUY,0.03,4486.68,4486.57,4490.02,4486.57,0.0,-0.33,0.21,-0.54,STOP_LOSS,4765.97
2026-09-06 19:19:46.413,360287970300002788,360287970300002771,C,BUY,0.03,4486.68,4486.57,4490.02,4486.57,0.0,-0.33,0.21,-0.54,STOP_LOSS,4765.43
2026-09-06 19:19:46.429,360287970300002796,360287970300002786,C,SELL,0.03,4486.60,4486.81,4483.36,4486.81,0.0,-0.63,0.21,-0.84,STOP_LOSS,4764.59
2026-09-06 19:19:47.031,360287970300002811,360287970300002806,A,BUY,0.1,4484.86,4486.16,4486.16,4485.36,0.4,13.00,0.70,12.30,WIN_TP,4776.89
2026-09-06 19:19:47.436,360287970300002828,360287970300002821,A,BUY,0.1,4488.09,4486.46,4488.58,4486.46,0.1,-16.30,0.70,-17.00,STOP_LOSS,4759.89
2026-09-06 19:19:47.646,360287970300002867,360287970300002865,C,SELL,0.03,4484.11,4484.00,4480.55,4484.00,0.0,0.33,0.21,0.12,STOP_LOSS,4760.01
2026-09-06 19:19:47.650,360287970300002874,360287970300002839,B,BUY,0.03,4484.19,4483.76,4487.21,4483.76,0.0,-1.29,0.21,-1.50,STOP_LOSS,4758.51
2026-09-06 19:19:47.655,360287970300002878,360287970300002852,C,BUY,0.03,4484.19,4483.76,4487.21,4483.76,0.0,-1.29,0.21,-1.50,STOP_LOSS,4757.01
2026-09-06 19:19:48.060,360287970300002910,360287970300002907,C,SELL,0.03,4477.56,4476.31,4472.86,4476.31,0.0,3.75,0.21,3.54,STOP_LOSS,4760.55
2026-09-06 19:19:48.267,360287970300002912,360287970300002886,B,BUY,0.03,4477.64,4479.52,4479.52,4478.47,0.2,5.64,0.21,5.43,WIN_TP,4765.98
2026-09-06 19:19:48.272,360287970300002914,360287970300002898,C,BUY,0.03,4477.64,4479.52,4479.52,4478.47,0.2,5.64,0.21,5.43,WIN_TP,4771.41
2026-09-06 19:19:48.291,360287970300002949,360287970300002942,C,SELL,0.03,4480.32,4479.44,4475.99,4479.44,0.0,2.64,0.21,2.43,STOP_LOSS,4773.84
2026-09-06 19:19:48.444,360287970300002956,360287970300002923,B,BUY,0.03,4480.40,4482.65,4482.65,4481.23,0.2,6.75,0.21,6.54,WIN_TP,4780.38
2026-09-06 19:19:48.446,360287970300002957,360287970300002930,C,BUY,0.03,4480.40,4482.65,4482.65,4481.23,0.2,6.75,0.21,6.54,WIN_TP,4786.92
2026-09-06 19:19:48.651,360287970300002971,360287970300002963,A,BUY,0.1,4482.83,4482.51,4484.63,4482.51,0.0,-3.20,0.70,-3.90,STOP_LOSS,4783.02
2026-09-06 19:19:48.988,360287970300002980,360287970300002976,A,BUY,0.1,4482.19,4481.50,4483.62,4481.50,0.1,-6.90,0.70,-7.60,STOP_LOSS,4775.42
2026-09-06 19:19:49.322,360287970300002992,360287970300002991,A,BUY,0.1,4478.71,4478.51,4480.63,4478.51,0.0,-2.00,0.70,-2.70,STOP_LOSS,4772.72
2026-09-06 19:19:49.605,360287970300003022,360287970300003017,C,SELL,0.03,4475.35,4475.29,4471.84,4475.29,0.0,0.18,0.21,-0.03,STOP_LOSS,4772.69
2026-09-06 19:19:49.704,360287970300003023,360287970300002999,B,BUY,0.03,4475.43,4475.05,4478.50,4475.05,0.1,-1.14,0.21,-1.35,STOP_LOSS,4771.34
2026-09-06 19:19:49.707,360287970300003027,360287970300003008,C,BUY,0.03,4475.43,4475.05,4478.50,4475.05,0.1,-1.14,0.21,-1.35,STOP_LOSS,4769.99
2026-09-07 09:10:42.697,360287970300000018,360287970300000012,A,BUY,0.1,4412.92,4412.72,4414.84,4412.72,22.1,-2.00,0.70,-2.70,STOP_LOSS,4772.96
2026-09-07 09:31:26.462,360287970300000030,360287970300000027,A,SELL,0.1,4405.64,4404.64,4403.64,4404.64,55.8,10.00,0.70,9.30,RATCHET_WIN,4782.26
2026-09-07 09:35:33.966,360287970300000046,360287970300000044,A,SELL,0.1,4405.69,4405.19,4403.69,4405.19,11.0,5.00,0.70,4.30,RATCHET_WIN,4786.56
2026-09-07 09:43:00.708,360287970300000057,360287970300000049,A,SELL,0.1,4409.74,4409.24,4407.74,4409.24,64.2,5.00,0.70,4.30,RATCHET_WIN,4790.86
2026-09-07 09:46:44.038,360287970300000074,360287970300000065,A,SELL,0.1,4409.43,4409.55,4407.43,4409.55,57.7,-1.20,0.70,-1.90,STOP_LOSS,4788.96
2026-09-07 09:47:21.513,360287970300000106,360287970300000095,C,BUY,0.03,4409.56,4409.36,4412.81,4409.36,0.4,-0.60,0.21,-0.81,STOP_LOSS,4788.15
2026-09-07 09:47:38.036,360287970300000112,360287970300000085,B,SELL,0.03,4409.48,4409.60,4406.15,4409.60,16.9,-0.36,0.21,-0.57,STOP_LOSS,4787.58
2026-09-07 09:47:38.039,360287970300000118,360287970300000102,C,SELL,0.03,4409.48,4409.60,4406.15,4409.60,16.9,-0.36,0.21,-0.57,STOP_LOSS,4787.01
2026-09-07 09:51:24.474,360287970300000127,360287970300000122,A,BUY,0.1,4410.07,4409.87,4411.99,4409.87,4.0,-2.00,0.70,-2.70,STOP_LOSS,4784.31
2026-09-07 09:52:32.222,360287970300000160,360287970300000139,B,BUY,0.03,4410.12,4409.92,4413.37,4409.92,1.8,-0.60,0.21,-0.81,STOP_LOSS,4783.50
2026-09-07 09:52:32.223,360287970300000162,360287970300000144,C,BUY,0.03,4410.12,4409.92,4413.37,4409.92,1.8,-0.60,0.21,-0.81,STOP_LOSS,4782.69
2026-09-07 09:54:34.187,360287970300000167,360287970300000158,C,SELL,0.03,4410.04,4408.38,4406.71,4408.38,123.8,4.98,0.21,4.77,RATCHET_WIN,4787.46
2026-09-07 09:56:11.030,360287970300000179,360287970300000172,A,SELL,0.1,4408.29,4408.41,4406.29,4408.41,50.7,-1.20,0.70,-1.90,STOP_LOSS,4785.56
2026-09-07 10:02:28.234,360287970300000198,360287970300000190,A,SELL,0.1,4405.36,4405.48,4403.36,4405.48,8.0,-1.20,0.70,-1.90,STOP_LOSS,4783.66
2026-09-07 10:07:41.588,360287970300000217,360287970300000212,A,SELL,0.1,4404.98,4402.98,4402.98,4403.98,80.3,20.00,0.70,19.30,WIN_TP,4802.96
2026-09-07 10:14:13.357,360287970300000231,360287970300000224,A,SELL,0.1,4404.76,4402.76,4402.76,4403.76,226.6,20.00,0.70,19.30,WIN_TP,4822.26
2026-09-07 10:15:35.354,360287970300000244,360287970300000243,A,SELL,0.1,4402.85,4402.97,4400.85,4402.97,15.1,-1.20,0.70,-1.90,STOP_LOSS,4820.36
2026-09-07 10:20:46.814,360287970300000253,360287970300000249,A,SELL,0.1,4404.12,4404.24,4402.12,4404.24,10.0,-1.20,0.70,-1.90,STOP_LOSS,4818.46
2026-09-07 10:23:20.610,360287970300000292,360287970300000276,C,BUY,0.03,4400.16,4399.96,4403.41,4399.96,0.5,-0.60,0.21,-0.81,STOP_LOSS,4817.65
2026-09-07 10:26:31.823,360287970300000296,360287970300000264,B,SELL,0.03,4400.08,4398.41,4396.75,4398.41,191.7,5.01,0.21,4.80,RATCHET_WIN,4822.45
2026-09-07 10:26:31.830,360287970300000302,360287970300000287,C,SELL,0.03,4400.08,4398.41,4396.75,4398.41,191.7,5.01,0.21,4.80,RATCHET_WIN,4827.25
2026-09-07 10:28:03.160,360287970300000319,360287970300000311,A,SELL,0.1,4398.58,4396.58,4396.58,4397.58,38.1,20.00,0.70,19.30,WIN_TP,4846.55
2026-09-07 10:32:03.111,360287970300000331,360287970300000329,A,SELL,0.1,4395.72,4395.84,4393.72,4395.84,10.5,-1.20,0.70,-1.90,STOP_LOSS,4844.65
2026-09-07 10:37:24.882,360287970300000343,360287970300000339,A,SELL,0.1,4394.36,4392.36,4392.36,4393.36,124.5,20.00,0.70,19.30,WIN_TP,4863.95
2026-09-07 10:44:21.492,360287970300000356,360287970300000351,A,SELL,0.1,4398.59,4398.71,4396.59,4398.71,1.0,-1.20,0.70,-1.90,STOP_LOSS,4862.05
2026-09-07 10:45:31.880,360287970300000388,360287970300000378,C,BUY,0.03,4398.52,4398.32,4401.77,4398.32,3.5,-0.60,0.21,-0.81,STOP_LOSS,4861.24
2026-09-07 10:45:41.413,360287970300000394,360287970300000367,B,SELL,0.03,4398.44,4398.56,4395.11,4398.56,13.0,-0.36,0.21,-0.57,STOP_LOSS,4860.67
2026-09-07 10:45:41.416,360287970300000402,360287970300000386,C,SELL,0.03,4398.44,4398.56,4395.11,4398.56,13.0,-0.36,0.21,-0.57,STOP_LOSS,4860.10
2026-09-07 10:46:55.187,360287970300000415,360287970300000411,A,SELL,0.1,4398.52,4396.52,4396.52,4397.52,32.6,20.00,0.70,19.30,WIN_TP,4879.40
2026-09-07 10:51:15.150,360287970300000430,360287970300000425,A,SELL,0.1,4394.45,4393.95,4392.45,4393.95,54.7,5.00,0.70,4.30,RATCHET_WIN,4883.70
2026-09-07 10:55:30.364,360287970300000437,360287970300000436,A,SELL,0.1,4391.76,4390.76,4389.76,4390.76,10.0,10.00,0.70,9.30,RATCHET_WIN,4893.00
2026-09-07 11:00:36.571,360287970300000453,360287970300000450,A,SELL,0.1,4391.78,4391.73,4389.78,4391.73,2.5,0.50,0.70,-0.20,BE_PROTECTED,4892.80
2026-09-07 11:06:39.545,360287970300000467,360287970300000459,A,SELL,0.1,4393.09,4393.21,4391.09,4393.21,18.6,-1.20,0.70,-1.90,STOP_LOSS,4890.90
2026-09-07 11:11:46.871,360287970300000475,360287970300000472,A,SELL,0.1,4392.46,4392.41,4390.46,4392.41,21.1,0.50,0.70,-0.20,BE_PROTECTED,4890.70
2026-09-07 11:16:00.731,360287970300000490,360287970300000487,A,SELL,0.1,4393.48,4393.60,4391.48,4393.60,40.4,-1.20,0.70,-1.90,STOP_LOSS,4888.80
2026-09-07 11:22:27.973,360287970300000499,360287970300000495,A,SELL,0.1,4394.44,4392.44,4392.44,4393.44,34.1,20.00,0.70,19.30,WIN_TP,4908.10
2026-09-07 11:25:23.645,360287970300000508,360287970300000506,A,SELL,0.1,4389.71,4387.71,4387.71,4388.71,3.5,20.00,0.70,19.30,WIN_TP,4927.40
2026-09-07 11:30:45.883,360287970300000523,360287970300000514,A,SELL,0.1,4389.22,4389.17,4387.22,4389.17,25.7,0.50,0.70,-0.20,BE_PROTECTED,4927.20
2026-09-07 11:37:21.272,360287970300000537,360287970300000534,A,SELL,0.1,4385.41,4385.53,4383.41,4385.53,1.0,-1.20,0.70,-1.90,STOP_LOSS,4925.30
2026-09-07 11:41:42.490,360287970300000556,360287970300000552,A,SELL,0.1,4388.43,4387.43,4386.43,4387.43,77.9,10.00,0.70,9.30,RATCHET_WIN,4934.60
2026-09-07 11:44:34.686,360287970300000595,360287970300000576,C,BUY,0.03,4387.73,4387.53,4390.98,4387.53,0.5,-0.60,0.21,-0.81,STOP_LOSS,4933.79
2026-09-07 11:45:34.449,360287970300000603,360287970300000570,B,SELL,0.03,4387.65,4387.60,4384.32,4387.60,60.3,0.15,0.21,-0.06,BE_PROTECTED,4933.73
2026-09-07 11:45:34.450,360287970300000608,360287970300000594,C,SELL,0.03,4387.65,4387.60,4384.32,4387.60,60.3,0.15,0.21,-0.06,BE_PROTECTED,4933.67
2026-09-07 11:53:38.490,360287970300000619,360287970300000617,A,SELL,0.1,4389.62,4389.74,4387.62,4389.74,1.5,-1.20,0.70,-1.90,STOP_LOSS,4931.77
2026-09-07 11:56:19.623,360287970300000635,360287970300000628,A,SELL,0.1,4387.15,4387.10,4385.15,4387.10,27.1,0.50,0.70,-0.20,BE_PROTECTED,4931.57
2026-09-07 11:59:36.672,360287970300000657,360287970300000651,C,BUY,0.03,4385.95,4385.75,4389.20,4385.75,0.5,-0.60,0.21,-0.81,STOP_LOSS,4930.76
2026-09-07 12:00:01.267,360287970300000659,360287970300000641,B,SELL,0.03,4385.87,4385.99,4382.54,4385.99,25.1,-0.36,0.21,-0.57,STOP_LOSS,4930.19
2026-09-07 12:00:01.269,360287970300000666,360287970300000654,C,SELL,0.03,4385.87,4385.99,4382.54,4385.99,25.1,-0.36,0.21,-0.57,STOP_LOSS,4929.62
2026-09-07 12:01:37.109,360287970300000682,360287970300000674,A,SELL,0.1,4388.36,4388.48,4386.36,4388.48,3.5,-1.20,0.70,-1.90,STOP_LOSS,4927.72
2026-09-07 13:13:27.861,360287970300000024,360287970300000017,A,BUY,0.1,4401.93,4402.93,4403.85,4402.93,67.4,10.00,0.70,9.30,RATCHET_WIN,4784.96
2026-09-07 13:17:33.580,360287970300000032,360287970300000028,A,BUY,0.1,4402.10,4403.10,4404.02,4403.10,13.5,10.00,0.70,9.30,RATCHET_WIN,4794.26
2026-09-07 13:21:36.550,360287970300000050,360287970300000044,A,BUY,0.1,4402.43,4403.43,4404.35,4403.43,64.9,10.00,0.70,9.30,RATCHET_WIN,4803.56
2026-09-07 13:26:30.014,360287970300000062,360287970300000061,A,BUY,0.1,4403.85,4404.35,4405.77,4404.35,69.1,5.00,0.70,4.30,RATCHET_WIN,4807.86
2026-09-07 13:30:35.886,360287970300000076,360287970300000074,A,BUY,0.1,4403.87,4403.67,4405.79,4403.67,15.6,-2.00,0.70,-2.70,STOP_LOSS,4805.16
2026-09-07 14:31:20.048,360287970300000016,360287970300000007,A,BUY,0.1,4406.40,4406.28,4408.40,4406.28,47.6,-1.20,0.70,-1.90,STOP_LOSS,4773.76
2026-09-07 14:36:46.003,360287970300000031,360287970300000025,A,BUY,0.1,4406.61,4406.49,4408.61,4406.49,4.9,-1.20,0.70,-1.90,STOP_LOSS,4771.86
2026-09-07 14:40:25.068,360287970300000047,360287970300000040,A,BUY,0.1,4407.00,4406.88,4409.00,4406.88,4.8,-1.20,0.70,-1.90,STOP_LOSS,4769.96
2026-09-07 14:46:01.747,360287970300000061,360287970300000056,A,BUY,0.1,4412.29,4412.79,4414.29,4412.79,18.6,5.00,0.70,4.30,RATCHET_WIN,4774.26
